Date,City,PM2.5,PM10,NO2,SO2,O3,CO,Temperature_Mean,Relative_Humidity_Mean,Precipitation,Wind_Speed_Max,Surface_Pressure_Mean
2020-01-01,Bengaluru,26.703125,66.21961805555556,31.506189086009435,6.228032962328767,30.56634920634921,247.75458732498157,21.6,80,1.9,18.5,915.0
2020-01-02,Bengaluru,24.315661375661378,62.57142857142857,28.996194862480536,5.07990253411306,21.913703703703703,864.5690789473684,22.4,77,1.0,15.1,916.0
2020-01-03,Bengaluru,29.66527149321267,72.83823529411765,29.614459352175295,5.535566425120773,30.127462686567164,668.7272727272727,23.0,73,0.0,14.0,915.0
2020-01-04,Bengaluru,55.235785953177256,114.01086956521739,35.47277777777778,6.7022941176470585,38.66386363636364,1069.5501893939395,23.4,70,0.0,13.2,913.6
2020-01-05,Bengaluru,51.29415556426332,101.5632183908046,30.34057451770193,8.320714285714287,43.41904761904762,688.4675781778801,23.3,73,0.2,16.6,913.4
2020-01-06,Bengaluru,22.6425702811245,62.55421686746988,25.85625,5.966067415730337,22.645113636363636,666.9592696629213,22.4,78,0.0,19.0,915.0
2020-01-07,Bengaluru,24.838682170542636,61.01162790697674,28.70949953660797,6.703653846153846,29.8256338028169,649.0308988764045,22.0,73,0.0,19.7,914.9
2020-01-08,Bengaluru,31.50108307453416,79.28260869565217,33.99633680555556,4.558494623655914,46.32179775280899,800.2079846999761,22.5,67,0.0,16.4,914.1
2020-01-09,Bengaluru,41.30619047619048,91.72093023255815,38.94493275427291,6.294482758620689,32.65,692.8048780487804,22.8,67,0.0,17.9,913.9
2020-01-10,Bengaluru,38.60565476190476,89.86904761904762,38.53658983451537,7.940109890109889,33.272222222222226,785.4187885285446,21.7,67,0.0,18.4,913.8
2020-01-11,Bengaluru,31.71167506134573,73.58426966292134,31.567161508704064,5.93010752688172,34.49488095238095,667.7243916242219,20.9,64,0.0,18.0,914.7
2020-01-12,Bengaluru,40.04787234042553,80.2127659574468,33.413952781673686,6.87494623655914,30.259555555555558,727.6677577741407,20.6,70,0.0,18.4,914.0
2020-01-13,Bengaluru,56.96103896103896,112.9030864197531,42.230326086956524,6.892553827751197,37.30636578947369,672.5641025641025,22.2,65,0.0,14.8,913.0
2020-01-14,Bengaluru,60.65625,121.00568181818181,43.63072463768116,6.65533033033033,50.41082863729508,563.6538461538462,22.0,61,0.0,17.3,912.7
2020-01-15,Bengaluru,49.36619718309859,91.3607142857143,32.39391304347826,8.291285001917913,49.79476748807631,481.0126582278481,20.7,60,0.0,18.4,912.8
2020-01-16,Bengaluru,40.23804012345679,90.45569620253164,43.23334477124183,6.49485294117647,50.859102564102564,646.7843137254902,21.0,65,0.0,17.8,913.1
2020-01-17,Bengaluru,35.655046103321965,90.29885057471265,40.195332656473965,5.764347826086957,37.12227272727273,844.5917285259809,21.7,63,0.0,17.3,913.4
2020-01-18,Bengaluru,28.325000000000003,64.5952380952381,26.281697368421053,5.371585365853659,21.926951219512194,570.583904109589,22.1,77,0.1,18.2,913.5
2020-01-19,Bengaluru,23.957894736842107,54.60571808510638,22.55404255319149,4.926187943262412,27.883949084668192,598.6813186813187,22.7,70,0.2,17.8,914.2
2020-01-20,Bengaluru,34.36363636363637,87.75707070707071,34.34063829787234,4.615962594371997,34.32449777337952,626.1538461538462,23.3,62,0.0,21.3,914.9
2020-01-21,Bengaluru,36.31298285283587,84.0,33.648875,6.597647058823529,31.98369047619048,801.7105263157895,22.1,60,0.0,21.3,915.6
2020-01-22,Bengaluru,29.21590909090909,80.85029366700715,32.056976744186045,4.524738095238095,30.38830749354005,1083.4831460674156,21.8,69,0.0,20.2,915.9
2020-01-23,Bengaluru,36.57471264367816,85.62643678160919,30.541999999999998,5.871971929824562,29.194865914786966,738.5365853658536,22.3,66,0.0,19.6,915.3
2020-01-24,Bengaluru,42.11940298507463,99.79185736079329,39.36140350877193,5.8491333333333335,30.079325842696626,785.6470588235294,22.3,56,0.0,16.3,914.7
2020-01-25,Bengaluru,45.33608695652174,111.55465489566612,42.71387096774193,6.370263888888888,29.255691844919788,869.4186046511628,22.1,45,0.0,17.0,914.5
2020-01-26,Bengaluru,43.53846153846154,101.28987240829346,44.09342105263158,6.808511904761904,35.07879047619048,583.452380952381,22.5,51,0.0,14.8,913.6
2020-01-27,Bengaluru,44.851851851851855,101.98974392474523,41.69879518072289,5.778451127819548,43.75529653401797,883.4146341463414,23.1,54,0.0,15.0,913.3
2020-01-28,Bengaluru,49.949367088607595,96.3,38.55291321388578,7.928888888888888,42.60916666666667,770.7404815229563,23.1,58,0.0,12.0,913.7
2020-01-29,Bengaluru,41.28651685393258,97.66292134831461,40.04624663978495,7.3082558139534886,47.089651162790695,607.2419035029742,23.9,58,0.0,13.7,914.6
2020-01-30,Bengaluru,44.0,111.25333333333333,54.34244566210046,9.045205479452054,43.3836,844.5333333333333,23.9,54,0.0,12.7,913.8
2020-01-31,Bengaluru,46.62647763467664,107.57471264367815,37.48666149068323,9.512048192771084,45.45139534883721,673.625,24.3,54,0.0,20.5,912.9
2020-02-01,Bengaluru,55.33469572180279,108.56521739130434,31.175231005553584,10.1,40.60802197802198,668.1345029239766,23.0,62,0.0,16.8,913.4
2020-02-02,Bengaluru,34.82159810126582,72.55,23.000542728876063,6.533493975903614,38.857236842105266,356.5876664552949,22.9,61,0.0,17.4,915.2
2020-02-03,Bengaluru,31.526940158952783,84.6774193548387,33.178091016548464,8.275777777777778,30.778539325842697,636.710160686239,22.5,53,0.0,16.6,915.2
2020-02-04,Bengaluru,25.59110893991207,72.36263736263736,30.77383732291158,7.519222222222222,31.00659574468085,618.8890232108317,22.0,59,0.0,18.8,913.9
2020-02-05,Bengaluru,26.488932474082375,71.75581395348837,30.649952322986408,6.978,34.19828125,631.1765704584041,22.9,62,0.0,15.8,914.1
2020-02-06,Bengaluru,40.72194117647059,87.60975609756098,31.98172813990461,6.259047619047619,39.959074074074074,851.690290574061,23.0,60,0.0,16.1,914.0
2020-02-07,Bengaluru,53.84660535117057,102.44565217391305,31.750333333333334,7.069565217391304,37.12386363636364,618.6342917251052,23.1,63,0.0,17.6,914.4
2020-02-08,Bengaluru,42.75824175824176,91.11538461538461,32.80674564796905,7.152127659574467,34.82827586206896,478.10837765957444,23.8,60,0.0,14.0,914.7
2020-02-09,Bengaluru,40.416440217391305,82.35555555555555,24.245479574773057,7.160752688172043,33.591818181818184,487.50768049155147,22.8,65,0.7,21.2,914.7
2020-02-10,Bengaluru,32.85271317829458,71.61797752808988,21.86638888888889,6.847333333333333,34.80809523809524,675.932123655914,22.7,64,0.0,23.8,914.7
2020-02-11,Bengaluru,31.870192307692307,77.07692307692308,30.655502392344495,8.172,34.7804,584.2857142857142,21.9,63,0.0,21.3,914.9
2020-02-12,Bengaluru,30.63506012950971,72.19148936170212,30.698503575076607,7.009523809523809,31.750493827160494,783.1442901234568,22.7,64,0.0,19.8,916.1
2020-02-13,Bengaluru,37.812631578947375,86.52941176470588,39.61314343551186,6.6625000000000005,36.01719101123595,600.7065217391305,23.5,57,0.0,21.1,915.9
2020-02-14,Bengaluru,47.4684472934473,116.26923076923077,51.8597080653142,3.866714285714286,43.6775,659.0735815602836,23.7,55,0.0,12.0,914.2
2020-02-15,Bengaluru,51.798573766658876,123.71739130434783,61.89802197802198,8.36279069767442,48.49430107526882,796.2637362637363,23.9,47,0.0,16.6,913.7
2020-02-16,Bengaluru,38.51745666008339,91.1219512195122,42.71625,6.990326086956522,50.804545454545455,828.1521739130435,23.8,38,0.0,17.7,914.8
2020-02-17,Bengaluru,36.701149425287355,93.92682926829268,45.98660256410256,7.288913043478261,41.16857142857143,739.689608636977,22.8,46,0.0,17.3,915.3
2020-02-18,Bengaluru,39.12941176470588,95.16129032258064,45.190468253968255,6.783333333333334,44.68846153846154,733.1111111111111,23.0,47,0.0,18.0,915.0
2020-02-19,Bengaluru,43.10349593495935,95.54945652173913,31.941328165374674,5.924249011857707,50.001625000000004,830.6589310829818,23.1,54,0.0,19.2,914.7
2020-02-20,Bengaluru,46.59090909090909,99.10227272727273,29.55473684210526,3.601622023809524,37.54770588235294,729.1666666666666,22.8,54,0.0,19.6,914.3
2020-02-21,Bengaluru,25.408450704225352,68.525,24.460425531914897,3.6044994944388273,40.00547348484848,784.8936170212766,22.8,56,0.0,19.8,915.5
2020-02-22,Bengaluru,32.4264367816092,79.26666666666667,21.270565684899488,3.5044943820224717,39.01617021276596,637.6053472827666,23.3,62,0.0,21.2,916.6
2020-02-23,Bengaluru,36.57608695652174,81.77346938775511,17.283978494623657,4.147158039509878,47.49444581280788,778.9655172413793,23.5,60,0.0,21.6,916.0
2020-02-24,Bengaluru,31.932496075353217,79.93877551020408,22.396329710144926,4.813111111111112,44.07577777777778,684.2172284644196,23.5,58,0.0,19.5,913.9
2020-02-25,Bengaluru,39.855555555555554,94.70652173913044,31.24831569664903,5.13493670886076,51.837857142857146,896.9318181818182,24.5,54,0.0,14.4,912.8
2020-02-26,Bengaluru,32.111612903225804,88.17934782608695,22.535368421052635,4.187534238822863,35.59038293969273,542.1052631578947,24.6,59,0.0,16.1,913.2
2020-02-27,Bengaluru,35.8823051948052,93.0,31.579080459770115,6.44,40.59301069518716,698.6587301587301,24.5,58,0.0,22.7,913.5
2020-02-28,Bengaluru,39.75,92.21687734082397,25.108695652173914,6.2459513108614235,46.86180268199233,719.1111111111111,24.1,60,0.0,22.9,912.7
2020-02-29,Bengaluru,42.95652173913044,89.03357487922705,22.541304347826088,6.21846277665996,44.60764672036824,585.1162790697674,24.5,57,0.0,20.6,912.6
2020-03-01,Bengaluru,43.02431914893617,96.91489361702128,16.791894736842107,6.841607553366174,49.41477635396518,793.9560439560439,24.5,59,0.0,19.6,912.8
2020-03-02,Bengaluru,62.09441489361703,123.07340425531913,28.72449848024316,6.111170212765958,59.309555555555555,1000.8593380614657,24.1,62,0.0,16.3,913.4
2020-03-03,Bengaluru,73.81818181818181,159.31905594405595,38.82325581395349,5.370928748670684,58.76609247311828,1099.247311827957,25.3,55,0.5,9.9,913.3
2020-03-04,Bengaluru,58.2412676056338,121.99803921568628,43.68409090909091,5.9161617647058815,50.16803921568627,1091.842105263158,25.4,58,1.1,14.5,913.1
2020-03-05,Bengaluru,52.15135869565218,100.28,24.367628205128206,6.05125,55.35734939759036,860.3559782608695,25.1,62,1.8,16.7,912.1
2020-03-06,Bengaluru,40.39507422402159,73.86842105263158,24.381791101055807,7.286538461538461,55.862380952380946,608.4890109890109,24.3,68,2.7,16.5,912.6
2020-03-07,Bengaluru,45.674284950547985,86.50574712643679,24.99875,7.297159090909091,32.33536585365854,632.4284160927872,24.2,72,2.2,14.0,913.7
2020-03-08,Bengaluru,35.63586956521739,80.21621621621621,17.84297752808989,6.987234042553191,33.85340425531915,620.1275314022046,24.7,68,1.0,17.2,913.3
2020-03-09,Bengaluru,39.043076923076924,79.90666666666667,23.647738095238097,8.702702702702704,40.58558139534884,771.0958372165269,24.7,67,0.9,15.7,912.3
2020-03-10,Bengaluru,40.355715287517526,82.82222222222222,20.192458333333335,7.730869565217391,43.61454545454546,693.3213238886175,25.3,58,0.5,17.8,912.7
2020-03-11,Bengaluru,36.10170807453416,79.13095238095238,24.180790043290045,8.227558139534885,43.6685,659.8555320648344,25.7,57,0.0,18.4,913.1
2020-03-12,Bengaluru,30.80263157894737,76.5,28.96265015015015,6.042564102564103,44.884358974358975,871.0555555555557,25.8,51,0.0,17.4,914.1
2020-03-13,Bengaluru,31.086472791363736,74.73809523809524,23.79183673469388,7.568522727272727,38.83494505494505,639.925,25.4,52,0.0,18.7,914.2
2020-03-14,Bengaluru,30.25311653116531,74.17543859649123,22.03393939393939,7.645806451612904,31.484545454545458,728.3852428624398,25.3,52,0.0,17.6,913.2
2020-03-15,Bengaluru,32.84294211850835,78.23404255319149,19.20528637770898,7.251612903225806,43.394888888888886,642.3655913978495,25.6,56,0.0,19.6,913.0
2020-03-16,Bengaluru,22.206593567251463,63.88505747126437,17.71527777777778,7.332530120481928,30.570526315789476,644.1566358024692,25.5,59,0.0,19.0,914.2
2020-03-17,Bengaluru,23.515606242497,62.65384615384615,17.095440729483283,7.567333333333333,30.1112,579.8573573573574,25.6,54,0.0,20.5,915.3
2020-03-18,Bengaluru,28.886124437781106,65.51648351648352,20.92030919661734,7.843764705882354,39.23236842105263,614.8214285714286,26.2,46,0.0,18.7,914.7
2020-03-19,Bengaluru,38.41501976284585,82.64044943820225,22.376955782312926,9.02875,54.680217391304346,619.659090909091,26.8,44,0.0,15.1,914.0
2020-03-20,Bengaluru,39.500348432055745,77.6,23.31423611111111,6.593655913978495,51.10441176470588,680.475023819246,25.3,56,0.4,17.3,913.9
2020-03-21,Bengaluru,38.7968253968254,79.77777777777777,35.01115550239234,7.3355263157894735,60.19409090909091,753.5657894736842,26.9,51,0.1,15.9,913.3
2020-03-22,Bengaluru,27.12874243733794,49.13793103448276,11.482665805340224,6.939534883720929,51.759166666666665,626.6627906976744,26.3,54,0.1,15.0,913.4
2020-03-23,Bengaluru,42.897408963585434,72.20833333333333,14.01155303030303,6.555319148936171,32.6488,483.031914893617,25.1,63,0.7,19.0,913.2
2020-03-24,Bengaluru,50.08433734939759,79.28485370051635,11.608888888888888,8.31011463844797,37.604923389618506,865.7142857142857,26.7,55,0.0,16.4,912.0
2020-03-25,Bengaluru,22.636363636363637,45.37857142857143,6.4252747252747255,6.143184865900383,34.04509099616858,717.0114942528736,26.1,51,0.0,19.6,912.0
2020-03-26,Bengaluru,24.266666666666666,49.45490196078431,5.693723404255319,4.270014298787463,35.74337301587302,555.8064516129032,26.2,51,0.0,19.9,912.6
2020-03-27,Bengaluru,21.843974358974357,44.188259109311744,8.687837837837838,7.025501754385965,33.92549523809524,773.8947368421053,25.7,49,0.0,17.0,914.1
2020-03-28,Bengaluru,21.08823529411765,43.85110294117647,7.402941176470588,4.17777485380117,35.14875986842105,766.0,25.9,42,0.0,17.7,913.3
2020-03-29,Bengaluru,22.333333333333332,44.93849206349206,8.788235294117648,6.929356441430909,35.761809269162214,824.8351648351648,26.5,37,0.0,17.0,912.5
2020-03-30,Bengaluru,24.855547126436782,47.62068965517241,5.82420878601795,7.107160730593607,43.43320000000001,783.9926940639269,26.9,42,0.0,18.6,913.1
2020-03-31,Bengaluru,21.97826086956522,46.05851619644723,6.403076923076923,4.35467032967033,36.16990632318501,750.4347826086956,26.8,39,0.0,18.1,913.7
2020-04-01,Bengaluru,23.615934065934066,49.28747072599532,6.777586206896552,5.717629784009095,39.02038942695722,789.4565217391304,27.6,36,0.0,19.1,913.2
2020-04-02,Bengaluru,32.66197183098591,59.480626223091974,6.0281521739130435,4.186590909090909,39.8179730458221,702.3611111111111,28.0,38,0.0,17.7,912.5
2020-04-03,Bengaluru,34.53947368421053,61.355651105651106,5.884631578947368,8.195418889689979,46.20927517730496,484.3835616438356,27.9,42,0.0,18.9,912.9
2020-04-04,Bengaluru,34.20634920634921,58.542070217917676,5.945978260869565,8.698268888096935,39.65355895915678,416.3333333333333,27.5,43,0.0,17.1,913.5
2020-04-05,Bengaluru,28.652173913043477,55.557897071872226,6.468297872340425,7.2034782608695656,37.92423835125448,654.3333333333334,27.8,51,0.1,16.5,914.4
2020-04-06,Bengaluru,22.983606557377048,44.40983606557377,7.729310344827587,3.7973563218390805,35.21983793103449,578.0459770114943,27.4,59,0.3,13.7,914.5
2020-04-07,Bengaluru,15.444632768361583,22.08108108108108,9.19478021978022,4.907482004429679,41.0497619047619,530.9590792838875,25.3,70,6.1,11.3,913.5
2020-04-08,Bengaluru,19.21875,30.700344279661017,10.055737704918032,5.134351916783544,46.60599206349207,649.0625,26.2,61,0.6,15.2,913.7
2020-04-09,Bengaluru,22.044827067669175,36.25771939328277,8.587082670906199,5.886947368421053,50.275217391304345,715.8158822309765,25.4,67,3.1,19.5,913.5
2020-04-10,Bengaluru,15.302342342342342,26.068493150684933,6.70929186228482,6.029861111111111,44.38301075268817,630.8552631578948,25.8,61,0.0,16.0,913.7
2020-04-11,Bengaluru,27.032294117647062,42.247191011235955,7.548780487804878,6.356900352733686,41.03988235294118,643.0870870870871,26.3,58,0.0,15.0,914.9
2020-04-12,Bengaluru,22.696525653174497,43.97701149425287,7.394107142857143,4.984139373655271,42.58935064935065,643.0341008452347,26.5,48,0.0,16.5,914.2
2020-04-13,Bengaluru,27.817073170731707,59.072493224932245,14.136708860759493,7.349777093149692,55.468690476190474,646.4179104477612,27.1,37,0.0,16.9,912.8
2020-04-14,Bengaluru,34.025,63.84572784810126,14.377922077922078,7.927994994438265,43.00368987341773,608.8888888888889,27.1,34,0.0,19.8,912.8
2020-04-15,Bengaluru,37.015625,60.5390625,10.891803278688524,7.754318181818182,45.865517241379315,563.2075471698113,27.0,40,0.0,16.1,913.8
2020-04-16,Bengaluru,26.19298245614035,51.575524475524475,10.096610169491527,8.176542553191489,41.662106498640966,664.5744680851064,27.5,46,0.0,16.9,913.0
2020-04-17,Bengaluru,32.47761194029851,59.829912424740016,8.594117647058823,6.544979321753516,42.82027173913043,603.1372549019608,28.2,44,0.0,16.2,912.6
2020-04-18,Bengaluru,28.216666666666665,53.34166666666667,7.130645161290323,5.931213622291022,35.47779661016949,574.4,28.1,51,0.0,15.6,912.8
2020-04-19,Bengaluru,22.940189873417722,50.063291139240505,8.507714370195151,7.096136363636364,37.69611775864585,683.143349039507,27.9,51,0.0,17.3,912.5
2020-04-20,Bengaluru,17.323076923076922,34.354312354312356,6.751666666666667,8.072761146899078,31.509193548387096,602.1978021978022,27.4,51,0.0,17.8,912.6
2020-04-21,Bengaluru,12.481481481481481,29.482919254658384,7.626666666666667,5.250454545454545,31.336799999999997,650.0,27.4,47,0.0,14.2,912.5
2020-04-22,Bengaluru,19.12504285714286,37.528985507246375,5.904545454545455,7.548231292517007,31.996530612244896,518.9473684210526,28.0,48,0.0,17.7,912.4
2020-04-23,Bengaluru,17.263809523809524,34.81583333333333,6.913636363636363,6.646130952380952,39.42214285714285,525.7692307692307,28.7,50,0.0,15.1,912.3
2020-04-24,Bengaluru,17.25314814814815,27.354166666666664,6.705882352941177,6.883173076923077,39.242999999999995,459.18918918918916,27.5,57,0.0,13.4,912.3
2020-04-25,Bengaluru,17.331682433207202,33.0498106060606,8.232941176470588,1.2,39.709755813953485,0.31,26.4,68,6.3,16.8,912.2
2020-04-26,Bengaluru,17.410216718266255,38.74545454545455,9.76,5.346,40.176511627906976,758.4810874704492,26.5,64,2.5,11.3,912.7
2020-04-27,Bengaluru,18.15833333333333,40.78461538461538,11.828571428571427,5.577970779220779,33.123333333333335,685.0,26.6,65,0.2,18.7,913.4
2020-04-28,Bengaluru,18.625106382978725,47.5,7.37625,6.13014880952381,39.328096590909084,476.35416666666663,26.6,64,0.5,15.3,912.6
2020-04-29,Bengaluru,9.580645161290322,16.294117647058822,11.328290640394089,4.485571428571428,32.006360887096776,504.0297619047619,23.6,77,8.1,10.6,912.8
2020-04-30,Bengaluru,19.765037593984964,51.95979532163743,19.593333333333334,4.803571428571429,35.544210526315794,753.6363636363636,26.3,57,0.2,12.2,912.8
2020-05-01,Bengaluru,21.2625,49.849038461538456,9.290000000000001,5.5434921568627455,48.00288563829787,483.2258064516129,27.2,54,0.0,13.2,912.9
2020-05-02,Bengaluru,18.235294117647058,39.64705882352941,12.501797385620915,5.797986425339367,38.83225,649.7426470588235,27.8,52,0.1,12.8,911.8
2020-05-03,Bengaluru,22.584602272727274,47.54545454545455,16.005142857142857,5.414583333333333,39.919,576.6666666666667,28.0,52,0.0,12.2,911.6
2020-05-04,Bengaluru,28.125,76.14285714285714,19.722619047619048,8.899871794871794,44.4915,566.8181818181818,28.1,50,0.0,12.7,912.6
2020-05-05,Bengaluru,31.9375,84.25,17.298717948717947,7.86702034883721,47.575364341085276,610.8333333333334,28.2,48,0.0,11.2,912.2
2020-05-06,Bengaluru,24.679444444444442,64.86666666666666,17.102666666666664,8.044814814814815,41.17255797101449,638.3333333333334,28.4,48,0.2,12.4,911.8
2020-05-07,Bengaluru,28.67857142857143,63.22222222222222,17.79888888888889,5.233333333333333,31.999455128205128,678.5714285714286,28.0,55,0.1,14.0,912.0
2020-05-08,Bengaluru,21.5,43.833333333333336,17.85,8.740582010582012,22.194772727272728,345.0,27.7,59,0.1,11.6,912.1
2020-05-09,Bengaluru,21.12,51.763333333333335,15.928571428571429,8.23913043478261,32.483636363636364,418.75,28.5,54,0.0,15.1,912.1
2020-05-10,Bengaluru,20.55410628019324,49.8235294117647,15.486358695652173,7.1970843989769815,32.11184210526316,240.51473214285713,28.3,51,0.0,15.5,911.9
2020-05-11,Bengaluru,21.917582417582416,52.833333333333336,16.138995726495725,7.419705882352941,35.46076923076923,492.2222222222222,27.9,49,0.0,14.7,912.1
2020-05-12,Bengaluru,12.833333333333334,33.25,11.5,4.224318181818182,18.529848484848486,392.5,27.6,55,0.0,18.2,911.6
2020-05-13,Bengaluru,42.5,80.0,8.25,6.0600000000000005,33.44,455.0,27.4,58,0.0,14.3,911.0
2020-05-14,Bengaluru,23.557692307692307,55.84615384615385,18.330123626373627,3.85,35.28775384615385,483.98809523809524,28.7,49,0.0,15.0,910.4
2020-05-15,Bengaluru,15.204545454545453,49.25,19.03181818181818,7.907058823529413,29.3175,524.8484848484849,28.8,51,0.0,15.4,909.5
2020-05-16,Bengaluru,26.352790697674415,56.90909090909091,18.805,6.83093023255814,31.508000000000003,735.4444444444445,28.4,53,0.5,16.5,909.7
2020-05-17,Bengaluru,21.81818181818182,51.0,12.434935897435896,7.32,36.11846153846154,519.9417249417249,27.5,63,5.7,15.6,908.8
2020-05-18,Bengaluru,16.3219696969697,42.0,11.088034188034188,5.577894736842105,33.59466666666667,555.7142857142858,26.3,72,5.1,25.5,907.6
2020-05-19,Bengaluru,21.1,63.0,10.685,6.021206896551724,24.89,513.0,26.3,67,0.3,24.6,907.6
2020-05-20,Bengaluru,19.5,58.5,12.525,8.1,27.735,650.0,26.7,61,0.0,19.2,908.4
2020-05-21,Bengaluru,18.0,55.8125,12.52,4.999810606060606,27.936904761904763,612.5,27.3,59,0.0,15.8,909.7
2020-05-22,Bengaluru,22.0,67.5,14.2,4.788846153846154,42.91,640.0,28.0,58,0.0,17.7,910.3
2020-05-23,Bengaluru,22.904473684210526,70.62857142857143,11.64,6.117162162162162,42.49690789473685,650.0,29.1,53,0.0,19.4,910.5
2020-05-24,Bengaluru,17.416666666666668,44.016666666666666,9.961538461538462,4.725416666666666,25.512705128205127,472.4390243902439,27.9,61,0.0,17.4,911.3
2020-05-25,Bengaluru,22.486190476190476,44.24423076923077,12.023076923076925,4.608563909774436,30.325769230769232,725.8974358974359,28.2,59,0.0,13.8,912.0
2020-05-26,Bengaluru,16.571428571428573,39.8125,10.383333333333335,6.6,32.375,750.2564102564103,27.5,63,0.8,13.8,911.9
2020-05-27,Bengaluru,18.666666666666668,33.25,15.299999999999999,5.8652173913043475,22.58,890.0,26.3,77,11.0,12.2,911.3
2020-05-28,Bengaluru,23.177,53.0,12.744,6.9795,13.15,749.1363636363636,26.6,73,0.9,16.2,910.5
2020-05-29,Bengaluru,18.666666666666668,33.625,11.75,7.034736842105263,23.44388888888889,566.6666666666666,25.7,78,8.5,14.8,910.6
2020-05-30,Bengaluru,13.0,26.0,13.9,6.97,14.17,670.0,25.0,81,1.7,13.4,910.8
2020-05-31,Bengaluru,18.921829545454543,48.84848484848485,9.385431488801053,6.917054347826087,29.167575757575758,567.0535714285714,25.4,78,0.2,14.3,911.3
2020-06-01,Bengaluru,7.923076923076923,16.45,8.34863157894737,6.960066067653278,19.21315789473684,511.1038961038961,24.6,80,4.3,14.0,911.9
2020-06-02,Bengaluru,5.410714285714286,16.678571428571427,8.269522144522146,7.181111111111111,15.7828,473.57142857142856,23.7,80,1.6,22.7,911.2
2020-06-03,Bengaluru,6.800000000000001,18.428571428571427,8.265476190476189,6.5737171052631584,20.247142857142855,534.4285714285714,24.0,76,0.3,25.5,910.6
2020-06-04,Bengaluru,10.486363636363636,28.2,10.564756493506493,6.078376623376624,16.200909090909093,622.9137931034483,24.2,77,3.4,25.1,910.9
2020-06-05,Bengaluru,12.952380952380953,31.555555555555557,10.1328125,7.110882352941177,18.641111111111112,547.6190476190476,23.9,81,9.4,18.6,911.0
2020-06-06,Bengaluru,14.833333333333332,32.8,9.178583333333332,6.2654736842105265,13.530000000000001,489.5,23.8,80,14.5,17.7,910.6
2020-06-07,Bengaluru,16.0,32.5,9.306249999999999,6.874722222222222,12.774,324.0,23.5,79,8.3,22.7,910.4
2020-06-08,Bengaluru,18.181946022727274,45.0,10.300680566483084,6.717738001573564,13.74,435.2325581395349,24.8,67,0.2,18.4,910.1
2020-06-09,Bengaluru,19.80087517934003,49.05882352941177,10.23823886639676,6.7686153846153845,15.274375000000001,484.49392712550605,24.9,71,0.0,19.8,909.8
2020-06-10,Bengaluru,19.5,48.29166666666667,10.298204633204634,6.373843843843844,11.891666666666666,602.822299651568,23.7,78,1.2,19.6,908.8
2020-06-11,Bengaluru,15.166666666666668,29.333333333333332,11.0,7.733333333333334,10.545,632.1276595744681,22.7,84,7.3,21.2,907.4
2020-06-12,Bengaluru,17.75,34.0,10.038947368421052,7.117470288624788,12.35,541.0135135135135,22.6,80,5.1,27.1,906.9
2020-06-13,Bengaluru,14.24592105263158,37.25,9.940000000000001,6.297632432432432,14.972,613.5135135135135,23.6,78,1.3,25.4,907.4
2020-06-14,Bengaluru,14.875,32.333333333333336,9.55,5.866516129032258,13.590000000000002,456.6666666666667,24.0,78,3.4,27.7,908.9
2020-06-15,Bengaluru,14.712121212121211,32.5,9.852272727272727,7.60670045045045,14.248333333333333,610.952380952381,24.8,72,0.6,28.9,909.0
2020-06-16,Bengaluru,18.0,42.0,10.37782608695652,6.999090909090909,9.34,629.1304347826087,24.3,76,0.7,27.1,908.3
2020-06-17,Bengaluru,14.25,47.875,9.866666666666667,7.576428571428571,12.310416666666669,688.3720930232558,23.4,80,0.4,28.9,908.8
2020-06-18,Bengaluru,21.024725274725277,67.0,12.81868131868132,7.39866341991342,12.724285714285713,768.2142857142858,23.9,75,0.1,27.6,910.1
2020-06-19,Bengaluru,20.933333333333334,52.375,12.82295321637427,6.396690476190477,10.94125,711.0,24.3,76,6.2,26.3,910.6
2020-06-20,Bengaluru,18.124616724738676,49.0,12.596681922196797,6.300287679799876,15.644782608695651,579.5940170940171,24.5,75,2.4,21.2,910.5
2020-06-21,Bengaluru,17.621428571428574,42.78947368421053,10.09469814241486,7.6881818181818184,15.991428571428571,529.8333333333334,23.7,79,1.8,22.4,909.6
2020-06-22,Bengaluru,15.348901098901099,34.642857142857146,10.862307692307692,7.068,13.881538461538462,410.8333333333333,23.3,80,8.4,22.6,908.3
2020-06-23,Bengaluru,23.529411764705884,59.86974789915966,14.072222222222223,6.688977272727273,19.0834593837535,648.25,24.7,70,0.2,15.5,909.4
2020-06-24,Bengaluru,20.035714285714285,53.5,11.410504201680673,7.055563685636857,20.465,569.7777777777777,24.0,78,14.9,11.8,909.4
2020-06-25,Bengaluru,18.854166666666664,34.9375,19.919583333333335,6.6541,15.553749999999999,457.8205128205128,23.7,83,27.7,9.7,908.2
2020-06-26,Bengaluru,16.047619047619047,27.642857142857142,13.383169705469847,7.028181818181818,19.92758620689655,501.1363636363636,23.5,85,14.9,14.2,907.8
2020-06-27,Bengaluru,15.818181818181818,25.682263814616753,10.95483870967742,7.003611111111111,15.373333333333333,345.625,23.6,83,2.5,14.3,908.3
2020-06-28,Bengaluru,15.2,26.704761904761902,9.882142857142856,7.0425641025641035,16.268789868667916,310.0,23.5,85,14.4,11.5,908.5
2020-06-29,Bengaluru,17.641711229946523,33.6,10.451583229036295,6.9505,20.474,505.0,23.4,85,13.8,14.5,907.7
2020-06-30,Bengaluru,13.924242424242424,27.09090909090909,11.165833333333333,7.035925925925926,17.400000000000002,458.8333333333333,23.3,84,7.8,20.2,907.6
2020-07-01,Bengaluru,18.5625,33.666666666666664,11.726875,6.9818181818181815,14.776666666666667,377.46753246753246,23.3,82,3.3,18.7,908.5
2020-07-02,Bengaluru,13.255263157894738,23.105263157894736,12.84695652173913,6.968684210526316,11.151333333333334,345.5882352941176,22.1,88,6.1,19.6,908.2
2020-07-03,Bengaluru,11.857142857142858,16.660714285714285,8.5,7.024375,9.216999999999999,194.28571428571428,22.6,86,42.8,26.6,908.0
2020-07-04,Bengaluru,13.446428571428571,26.928571428571427,9.346047619047619,6.9957142857142856,15.8725,361.7857142857143,22.5,86,6.2,24.2,907.7
2020-07-05,Bengaluru,17.291666666666668,34.53846153846154,6.797115384615385,6.977142857142858,16.64090909090909,285.58333333333337,22.7,85,2.7,21.9,907.5
2020-07-06,Bengaluru,17.166666666666668,40.333333333333336,10.333333333333334,8.754393939393939,21.49333333333333,300.0,22.6,86,5.3,20.8,907.9
2020-07-07,Bengaluru,16.0,36.0,13.3,6.997826086956521,18.75,350.0,23.0,83,2.2,22.6,909.3
2020-07-08,Bengaluru,15.0,30.5,9.875,6.971666666666667,16.805,511.61764705882354,22.7,84,10.3,18.7,910.2
2020-07-09,Bengaluru,11.333333333333332,20.4,8.645,9.5,12.528918918918919,224.72972972972974,22.0,87,13.4,13.7,909.4
2020-07-10,Bengaluru,13.848026315789475,24.0,11.35,8.755526315789472,9.135,165.39473684210526,21.4,90,10.2,19.2,909.6
2020-07-11,Bengaluru,19.322083333333335,46.5,10.576666666666666,7.81268115942029,13.545625000000001,684.5833333333334,22.9,83,1.3,16.0,909.3
2020-07-12,Bengaluru,16.524827586206897,21.0,9.2,5.122903225806452,17.193225806451615,507.9310344827586,23.1,86,3.4,18.7,909.0
2020-07-13,Bengaluru,20.209375,41.5,11.59390625,7.93625,24.58,465.0,22.7,84,11.5,16.5,908.4
2020-07-14,Bengaluru,20.11575,37.0,14.83,8.287307692307692,12.856,497.88461538461536,22.2,89,6.8,19.2,908.2
2020-07-15,Bengaluru,14.283333333333333,26.2,8.436666666666667,7.0103125,15.87,489.25,21.9,91,9.1,20.4,907.6
2020-07-16,Bengaluru,13.0,20.0,7.5,6.446336996336996,13.303076923076922,482.5,21.6,91,10.2,21.6,907.0
2020-07-17,Bengaluru,14.6,24.6,8.32,6.505741758241758,14.38669172932331,520.0,21.4,91,4.2,23.8,907.5
2020-07-18,Bengaluru,13.58592132505176,34.41304347826087,7.714448051948052,6.9762637362637365,12.6075,371.59090909090907,22.4,88,12.4,16.4,908.6
2020-07-19,Bengaluru,11.108695652173912,26.280921052631577,9.746153846153847,6.502958801498128,12.895720720720721,499.7826086956522,22.8,88,10.0,13.5,909.2
2020-07-20,Bengaluru,15.6,23.055555555555557,4.91,8.619814814814815,19.756642857142857,318.8888888888889,23.0,86,12.6,15.9,908.4
2020-07-21,Bengaluru,10.854545454545455,24.20408163265306,9.484905660377358,7.423014279339581,21.225573122529646,324.90909090909093,23.9,80,0.2,12.2,909.0
2020-07-22,Bengaluru,28.125,50.729166666666664,13.334000000000001,8.03335035460993,29.578366666666668,345.4,24.7,77,0.4,12.4,909.4
2020-07-23,Bengaluru,24.07894736842105,44.48571428571429,13.6,8.061162280701755,29.714362934362935,498.20512820512823,23.4,84,64.9,9.7,909.0
2020-07-24,Bengaluru,14.709090909090909,28.040816326530614,11.545454545454545,7.470765449438202,18.51568917668825,163.72093023255815,22.7,85,50.2,16.3,909.5
2020-07-25,Bengaluru,12.88888888888889,23.906976744186046,9.4,7.576610088453263,21.683146258503402,199.54545454545453,22.8,85,10.2,15.5,910.6
2020-07-26,Bengaluru,18.068988764044946,48.0,13.0,4.716382449153747,16.6001875,550.2247191011236,22.4,83,2.2,17.7,911.6
2020-07-27,Bengaluru,9.0,23.0,7.3,6.99,3.3817333333333335,646.4666666666667,22.7,82,1.3,19.1,911.0
2020-07-28,Bengaluru,18.49688888888889,39.666666666666664,16.144444444444442,7.4,11.032222222222222,333.2857142857143,22.7,85,6.9,17.3,909.3
2020-07-29,Bengaluru,20.636363636363637,47.8,13.19,7.005,10.442,393.125,22.1,90,13.1,12.3,908.0
2020-07-30,Bengaluru,13.797619047619047,30.0,10.448733660130719,7.018028169014084,11.67921052631579,370.0,22.9,87,4.4,15.1,908.1
2020-07-31,Bengaluru,15.954545454545453,23.65714285714286,9.14047379032258,6.428571428571429,11.058,223.93939393939394,22.7,87,5.2,17.3,908.1
2020-08-01,Bengaluru,24.636363636363633,40.1047619047619,9.72698252688172,6.785714285714286,12.218666666666666,149.5729292929293,22.1,87,2.7,22.5,908.4
2020-08-02,Bengaluru,33.31818181818181,56.55238095238095,10.313491263440861,7.142857142857143,13.379333333333333,75.20646464646464,21.4,91,20.7,26.8,908.7
2020-08-03,Bengaluru,42.0,73.0,10.9,7.5,14.54,0.84,22.2,85,3.0,28.8,907.6
2020-08-04,Bengaluru,16.2,27.916666666666664,8.566666666666666,6.41611111111111,14.192083333333333,286.6666666666667,22.1,82,3.1,36.0,905.9
2020-08-05,Bengaluru,14.909999999999998,22.0,8.146666666666667,7.976666666666667,17.54,275.0,22.4,81,4.9,42.6,904.5
2020-08-06,Bengaluru,17.660040040040037,38.55405405405405,9.17423076923077,6.908447293447294,13.911666666666667,108.21017647058824,23.0,81,3.4,29.7,906.1
2020-08-07,Bengaluru,16.3,29.95,8.515789473684212,7.478020050125314,11.558118421052633,181.33333333333334,22.4,85,4.6,22.5,908.8
2020-08-08,Bengaluru,18.2,31.8,9.9,6.779999999999999,11.979750000000001,207.14285714285714,22.4,85,2.3,24.8,909.6
2020-08-09,Bengaluru,16.11111111111111,31.526785714285715,7.866666666666667,5.871428571428572,20.54625,0.39,21.6,89,13.6,22.2,908.7
2020-08-10,Bengaluru,18.11111111111111,40.666666666666664,11.465,8.84,23.104285714285712,226.30666666666667,21.5,90,6.5,23.8,909.0
2020-08-11,Bengaluru,20.2915,46.125,13.299107142857142,8.783333333333333,20.17,179.42928571428573,22.4,85,3.5,23.0,910.2
2020-08-12,Bengaluru,21.125,44.55555555555556,9.213194444444444,8.377777777777778,12.901111111111112,105.94491071428571,22.5,82,0.4,25.9,911.0
2020-08-13,Bengaluru,24.288333333333334,69.25,11.475000000000001,7.525,16.8975,247.5,23.0,78,0.0,24.7,909.6
2020-08-14,Bengaluru,23.93,57.1,11.32361111111111,7.32,17.427777777777777,314.76190476190476,22.3,81,0.4,24.0,908.3
2020-08-15,Bengaluru,21.931666666666665,50.166666666666664,9.32,7.15,14.225,313.0,22.0,81,0.2,27.1,908.6
2020-08-16,Bengaluru,24.0,57.333333333333336,12.133333333333335,6.928333333333333,14.358333333333333,250.0,21.8,83,1.7,26.8,909.2
2020-08-17,Bengaluru,20.54357142857143,41.888888888888886,13.377222222222223,8.23,12.288888888888888,246.0,22.3,84,7.2,25.1,908.8
2020-08-18,Bengaluru,19.51,41.5,9.375,9.3625,16.855000000000004,227.5,22.0,85,7.9,22.7,909.2
2020-08-19,Bengaluru,20.083333333333336,40.0,10.468333333333334,7.07,8.26,235.0,22.5,83,3.3,22.3,908.6
2020-08-20,Bengaluru,29.3475,41.666666666666664,4.4,2.765,9.434999999999999,792.5,22.2,83,1.0,21.1,908.5
2020-08-21,Bengaluru,23.1645,43.333333333333336,10.555499999999999,4.865,10.61,665.5,22.6,82,0.8,21.2,910.1
2020-08-22,Bengaluru,22.75,45.0,12.725,6.45,12.82,82.98,23.0,83,3.9,15.1,911.0
2020-08-23,Bengaluru,15.0,29.0,7.35,8.9,22.3,0.56,23.1,84,2.1,14.8,910.8
2020-08-24,Bengaluru,22.4,49.2,14.280000000000001,6.949999999999999,16.551000000000002,404.5,22.5,86,3.4,13.0,911.0
2020-08-25,Bengaluru,27.0,64.33333333333333,16.475,7.29125,21.775,585.0,23.7,74,0.0,9.7,911.8
2020-08-26,Bengaluru,26.666666666666668,66.0,16.53333333333333,8.606666666666666,9.228333333333333,565.0,23.6,78,0.0,10.7,911.6
2020-08-27,Bengaluru,26.25,55.0,12.35,8.1775,18.568333333333335,531.25,23.1,76,0.1,14.0,910.5
2020-08-28,Bengaluru,22.240333333333332,56.7,8.9,7.0625,14.299999999999999,148.47,23.4,72,0.0,13.9,909.8
2020-08-29,Bengaluru,26.166666666666668,67.0,9.575,7.135,18.325,248.58166666666668,23.5,75,0.3,15.7,910.0
2020-08-30,Bengaluru,19.9,54.166666666666664,14.6,6.96,12.200000000000001,393.33333333333337,23.6,79,5.1,12.5,910.4
2020-08-31,Bengaluru,20.875,42.2,12.540000000000001,7.369545454545454,22.832250000000002,291.25,23.2,81,4.7,12.0,911.0
2020-09-01,Bengaluru,20.0,49.5,9.086666666666666,7.882083333333333,20.146,220.0,22.6,87,6.6,16.4,910.8
2020-09-02,Bengaluru,20.0,21.0,7.8,6.15,13.375,325.0,22.0,90,19.9,17.4,909.7
2020-09-03,Bengaluru,22.521250000000002,35.3,15.280000000000001,7.075,15.058000000000002,564.5,22.8,86,16.8,8.5,909.4
2020-09-04,Bengaluru,24.736964285714286,58.15384615384615,11.115384615384615,7.683,18.705555555555556,420.3409090909091,23.4,83,3.1,13.0,909.3
2020-09-05,Bengaluru,33.800384615384615,57.5,6.0,7.016666666666667,20.43,438.33333333333337,23.4,85,5.4,12.6,908.9
2020-09-06,Bengaluru,41.3,76.5,10.25,7.160625,18.244999999999997,398.75,23.6,85,11.1,13.8,908.8
2020-09-07,Bengaluru,12.834285714285715,29.0,8.8,8.516428571428573,29.54,306.6666666666667,22.9,86,6.1,21.9,909.6
2020-09-08,Bengaluru,13.526666666666666,26.0,10.683333333333332,5.61,18.926,404.44444444444446,23.2,85,12.5,12.0,910.0
2020-09-09,Bengaluru,16.791666666666664,20.666666666666668,9.745833333333334,6.895,13.435,453.030303030303,22.6,88,18.1,16.0,909.2
2020-09-10,Bengaluru,11.5,15.0,8.45,6.85,13.86,411.5,22.0,89,21.8,19.4,907.8
2020-09-11,Bengaluru,16.13357142857143,30.0,9.5,6.65,16.27,360.0,21.7,88,3.5,24.7,908.3
2020-09-12,Bengaluru,17.07142857142857,39.0,10.266874999999999,6.774166666666667,14.077142857142858,488.22222222222223,21.2,93,13.2,22.6,910.1
2020-09-13,Bengaluru,15.45,32.8,10.3625,7.489166666666667,14.137142857142857,509.4230769230769,20.7,93,22.1,18.9,910.3
2020-09-14,Bengaluru,16.272905982905982,45.7032967032967,9.983571428571429,6.938035714285714,15.043333333333335,657.9761904761905,21.0,89,6.0,21.0,909.3
2020-09-15,Bengaluru,20.740238095238094,48.0,10.334038461538462,5.138076923076923,12.365,573.6538461538462,21.7,88,14.4,21.9,909.1
2020-09-16,Bengaluru,17.25,46.0,10.333333333333334,6.788571428571429,16.616666666666667,480.0,22.1,86,11.6,21.5,909.4
2020-09-17,Bengaluru,16.379166666666666,51.333333333333336,9.508333333333333,4.1625000000000005,17.240833333333335,546.25,22.5,83,5.6,20.8,909.9
2020-09-18,Bengaluru,15.121666666666666,25.0,9.675,6.592499999999999,13.12,357.5,22.2,88,10.2,24.1,908.7
2020-09-19,Bengaluru,19.894666666666666,33.666666666666664,10.026,5.75,16.133333333333333,410.66666666666663,21.3,90,11.7,23.4,906.8
2020-09-20,Bengaluru,12.883846153846154,17.23076923076923,9.961483516483517,6.432163461538462,14.126923076923077,487.6420454545455,20.6,94,21.9,28.0,906.2
2020-09-21,Bengaluru,15.807500000000001,32.625,10.069777777777778,6.48325,15.091,422.3863636363636,20.9,91,9.4,32.1,906.6
2020-09-22,Bengaluru,18.355,38.4,10.601666666666667,6.491666666666666,15.093333333333334,432.5,22.3,79,0.4,34.6,907.7
2020-09-23,Bengaluru,19.333333333333332,52.75,9.456666666666665,6.563333333333333,16.66875,496.6666666666667,22.2,78,0.0,26.7,909.6
2020-09-24,Bengaluru,21.38875,50.5,10.658124999999998,6.851875,14.7975,490.625,22.4,84,0.2,16.3,911.4
2020-09-25,Bengaluru,21.530833333333334,50.375,10.673333333333334,5.560833333333333,12.47375,530.8333333333334,22.6,85,8.8,13.3,911.1
2020-09-26,Bengaluru,22.729916666666668,51.77777777777778,11.702272727272728,5.627916666666666,9.983636363636363,515.2727272727273,21.7,88,2.4,18.4,910.9
2020-09-27,Bengaluru,19.125,46.25,10.216477272727271,6.389886363636364,14.7,498.4415584415584,21.9,84,1.9,15.8,911.0
2020-09-28,Bengaluru,21.752608695652174,44.2,13.438461538461537,6.975652173913043,15.56076923076923,629.0,22.3,84,3.8,14.3,910.6
2020-09-29,Bengaluru,23.0,45.5,13.065000000000001,7.404166666666667,16.246666666666666,779.2307692307693,22.0,88,10.7,18.5,910.0
2020-09-30,Bengaluru,19.876666666666665,33.0,10.2675,5.350714285714286,8.82,441.42857142857144,21.0,91,7.2,15.7,909.3
2020-10-01,Bengaluru,26.835050505050503,72.66666666666667,10.892063492063492,6.831114718614717,15.07,514.6825396825396,22.1,81,0.6,21.1,909.7
2020-10-02,Bengaluru,27.1875,82.0,10.52657894736842,6.652105263157894,22.204285714285714,511.0526315789474,22.6,82,1.8,12.7,909.8
2020-10-03,Bengaluru,20.939523809523813,44.0,12.734285714285715,7.154246411483254,15.06,426.5,22.5,84,5.0,16.1,910.6
2020-10-04,Bengaluru,15.277666666666667,28.6,11.859666666666667,6.627862745098039,16.228,420.0,22.1,84,2.3,17.7,911.5
2020-10-05,Bengaluru,21.866666666666667,50.5,12.44,6.489409722222222,15.482,506.5,22.2,81,1.4,18.1,910.7
2020-10-06,Bengaluru,33.833333333333336,78.75,17.55,6.918750000000001,14.703333333333333,590.9375,23.1,81,0.8,12.2,910.2
2020-10-07,Bengaluru,24.0,52.333333333333336,10.083636363636364,6.966818181818183,20.506666666666668,473.3333333333333,23.2,80,0.3,13.7,910.7
2020-10-08,Bengaluru,25.594375,49.69444444444444,10.229375,6.9688888888888885,4.8065625,1005.0,23.4,79,0.7,9.8,910.3
2020-10-09,Bengaluru,36.83190476190477,47.05555555555556,9.386666666666667,7.047499999999999,7.862821428571429,917.0,23.2,83,4.8,8.8,910.5
2020-10-10,Bengaluru,19.464,44.41666666666667,10.45,6.67,15.200624999999999,957.0,22.2,88,4.6,13.4,909.8
2020-10-11,Bengaluru,19.465333333333334,,10.435583333333334,4.70625,11.551333333333332,832.5833333333333,21.3,90,17.1,19.6,908.2
2020-10-12,Bengaluru,18.669166666666666,,10.47,2.1333333333333333,7.028636363636363,684.5454545454545,21.1,92,9.6,18.4,906.3
2020-10-13,Bengaluru,20.200526315789475,36.5,11.68921052631579,5.659210526315789,19.895,465.0,21.7,85,1.5,27.0,905.7
2020-10-14,Bengaluru,17.41,35.44444444444444,10.079444444444444,5.856388888888889,22.099999999999998,431.1111111111111,21.4,79,0.5,31.1,906.9
2020-10-15,Bengaluru,17.70916666666667,37.166666666666664,9.772833333333335,7.067571428571429,15.948571428571428,420.2380952380953,22.1,79,0.0,27.4,907.6
2020-10-16,Bengaluru,24.69782608695652,52.136752136752136,9.629130434782608,5.561304347826087,7.434080267558529,890.7692307692307,22.3,82,1.0,17.8,908.0
2020-10-17,Bengaluru,26.196818181818184,67.10683760683762,8.792941176470588,6.9670588235294115,5.09610962566845,975.2941176470588,22.6,76,0.0,10.0,908.9
2020-10-18,Bengaluru,33.40064102564102,82.07692307692308,11.252666666666666,7.435185185185185,15.360000000000001,509.35185185185185,22.5,81,0.5,9.1,909.7
2020-10-19,Bengaluru,39.26315789473684,99.83333333333333,21.557894736842105,7.0744444444444445,16.816145833333334,1178.0,22.0,90,11.4,13.4,909.5
2020-10-20,Bengaluru,28.663095238095238,56.57142857142857,13.222857142857144,5.583333333333334,24.6255,837.8291316526611,21.8,91,8.4,15.3,908.9
2020-10-21,Bengaluru,23.907992202729048,48.44444444444444,13.1578125,6.189663461538461,24.19125,791.2121212121212,21.7,90,19.5,15.3,909.5
2020-10-22,Bengaluru,18.776060606060604,34.92857142857143,14.173047619047619,8.823,19.41,587.5416666666666,21.5,92,15.3,15.3,909.4
2020-10-23,Bengaluru,19.656565656565654,32.72727272727273,14.372727272727273,6.453977272727273,26.55,655.4059829059829,21.8,87,5.6,14.7,909.8
2020-10-24,Bengaluru,24.63743448275862,55.04347826086956,16.589655172413792,7.428251748251748,25.161363636363635,735.1851851851852,20.9,83,12.2,12.4,910.9
2020-10-25,Bengaluru,33.449175824175825,61.17857142857143,14.982222222222223,7.480411140583554,27.4004,652.3872679045093,22.4,83,2.6,12.3,912.0
2020-10-26,Bengaluru,46.923273657289,96.71428571428571,21.23937070938215,8.961475972540045,21.774,830.3260869565217,22.6,77,0.6,13.6,912.4
2020-10-27,Bengaluru,61.80681818181818,124.04545454545455,32.53913043478261,7.363999999999999,22.56809523809524,721.375,22.1,74,0.0,16.1,911.9
2020-10-28,Bengaluru,55.86309523809524,108.70833333333333,26.135185185185186,6.953576388888889,27.44,538.0238095238095,21.8,71,0.0,17.3,912.3
2020-10-29,Bengaluru,49.54502688172043,108.70370370370371,22.944202898550724,7.332209677419355,30.16375,516.7830882352941,21.2,72,0.4,17.4,912.6
2020-10-30,Bengaluru,44.217555555555556,112.66111111111111,31.169999999999998,6.94,32.345777777777776,877.0,21.6,65,0.0,14.0,912.1
2020-10-31,Bengaluru,67.125,125.83066502463053,23.3,8.643703703703704,35.05804347826087,987.6923076923077,22.3,74,1.6,8.5,912.3
2020-11-01,Bengaluru,60.7171052631579,126.35,13.563750000000002,7.014561403508772,66.86736842105263,510.5592105263158,22.8,73,0.1,13.0,913.1
2020-11-02,Bengaluru,89.29367816091954,145.23333333333332,16.311076280041796,8.327507836990597,54.52068965517241,597.6060606060606,23.5,72,0.4,12.3,913.8
2020-11-03,Bengaluru,61.44456521739131,119.8076923076923,16.402,7.936285714285714,33.53269230769231,539.5882352941177,23.1,75,0.4,14.4,913.8
2020-11-04,Bengaluru,49.64782608695653,103.45,16.405833333333334,6.54,28.7,498.5033444816054,23.0,79,0.7,15.6,913.4
2020-11-05,Bengaluru,36.55,67.13636363636364,16.69654761904762,6.633195488721805,30.37952380952381,341.875,22.7,82,4.8,17.0,913.7
2020-11-06,Bengaluru,23.145833333333336,47.285714285714285,15.5,6.097307692307693,21.0575,491.51041666666663,22.9,80,0.0,17.0,914.8
2020-11-07,Bengaluru,17.607424242424244,49.0,12.540000000000001,6.100073891625616,23.164285714285715,332.51488095238096,22.8,80,0.8,16.6,915.4
2020-11-08,Bengaluru,41.45,89.88888888888889,13.969999999999999,6.17936507936508,39.436,625.1851851851852,22.6,78,0.2,22.4,915.4
2020-11-09,Bengaluru,39.8136,101.5,13.7556,5.14,29.6224,594.8,21.6,74,0.0,16.4,914.3
2020-11-10,Bengaluru,27.861860465116276,82.25,12.205116279069768,5.437446808510638,50.34728104898565,864.1860465116279,19.7,63,0.0,14.8,911.9
2020-11-11,Bengaluru,26.61121212121212,63.0,23.375,6.5266,33.905,452.34375,20.8,71,0.0,15.1,912.2
2020-11-12,Bengaluru,25.535714285714285,57.42857142857143,21.529945054945056,5.720833333333333,28.687857142857144,513.25,22.2,80,1.8,18.3,913.0
2020-11-13,Bengaluru,18.164242424242424,31.0,16.366666666666667,5.550000000000001,21.429999999999996,537.9166666666666,22.2,85,2.7,21.7,913.2
2020-11-14,Bengaluru,20.862256944444447,42.0,19.265,4.698333333333333,31.3525,429.16666666666663,22.5,78,0.2,20.7,912.3
2020-11-15,Bengaluru,24.940784313725487,43.166666666666664,17.352833333333333,5.855,28.53333333333333,476.5,21.4,88,8.2,23.7,911.6
2020-11-16,Bengaluru,17.740448916408667,29.75,16.85815789473684,6.61220588235294,20.035,461.38157894736844,21.5,91,39.5,18.0,912.5
2020-11-17,Bengaluru,16.153555555555556,45.333333333333336,18.120625,6.045999999999999,22.95375,473.30357142857144,21.9,85,0.6,27.4,912.1
2020-11-18,Bengaluru,18.41125,48.27083333333333,15.795,5.8,23.304280303030303,433.3333333333333,21.8,82,1.0,20.9,912.4
2020-11-19,Bengaluru,25.36904761904762,47.0,13.226111111111111,6.285333333333334,24.63,562.6339285714286,21.8,80,0.2,20.4,912.9
2020-11-20,Bengaluru,27.5,69.0,24.42578947368421,4.8,21.649473684210523,605.3947368421052,21.7,74,0.0,16.2,913.5
2020-11-21,Bengaluru,20.359737762237764,40.0,16.885811688311687,7.046153846153846,36.16,640.7142857142858,20.1,63,0.0,14.5,913.3
2020-11-22,Bengaluru,23.55818181818182,65.0,15.68375,5.351875,50.94105113636364,690.0,19.8,64,0.0,19.8,913.5
2020-11-23,Bengaluru,41.0,90.0,28.198749999999997,8.0115,23.72,935.6666666666667,21.0,74,0.0,21.8,913.6
2020-11-24,Bengaluru,47.43333333333334,99.33333333333333,17.03047619047619,7.191666666666666,32.54,785.9126984126983,21.5,78,0.1,22.1,912.8
2020-11-25,Bengaluru,22.16,62.291666666666664,11.581999999999999,4.495,35.4705,1065.0,20.6,81,1.7,28.3,910.9
2020-11-26,Bengaluru,16.881999999999998,25.25,12.214,5.405,24.990000000000002,380.0,19.1,95,24.2,28.5,909.4
2020-11-27,Bengaluru,18.304000000000002,34.5,12.858333333333334,2.5575,12.461166666666665,701.4285714285714,19.2,85,0.0,23.7,911.8
2020-11-28,Bengaluru,19.162857142857142,43.75,12.4244,4.1207692307692305,17.077671428571428,876.4285714285714,20.5,82,1.1,15.3,913.5
2020-11-29,Bengaluru,17.94673076923077,53.0,19.299999999999997,6.4822500000000005,17.9635,338.46153846153845,21.4,82,0.6,17.8,914.3
2020-11-30,Bengaluru,20.94375,58.5,19.102777777777778,5.471,24.82,331.75,21.4,80,0.1,18.5,914.5
2020-12-01,Bengaluru,31.05777777777778,72.25,25.255138888888887,5.790555555555555,21.526785714285715,526.0526315789473,20.0,72,0.0,19.0,914.2
2020-12-02,Bengaluru,27.75,54.5,13.876562499999999,5.632666666666667,25.822499999999998,290.0,20.3,79,0.0,18.6,912.9
2020-12-03,Bengaluru,24.216190476190476,54.0,18.879545454545454,6.1,30.86,676.4285714285714,19.6,89,17.0,23.1,911.6
2020-12-04,Bengaluru,23.666666666666668,52.0,32.34461538461539,6.985625,21.17,573.3333333333334,20.5,90,5.7,27.0,911.0
2020-12-05,Bengaluru,14.581304347826087,52.166666666666664,10.119333333333334,4.12,21.37818181818182,1113.3333333333333,21.0,88,3.7,25.4,911.6
2020-12-06,Bengaluru,21.72005115089514,52.333333333333336,29.36187979539642,5.066675191815857,30.709754901960785,1161.4833759590792,20.9,87,4.1,24.8,912.7
2020-12-07,Bengaluru,18.355263157894736,52.5,15.05,7.028947368421053,21.36,255.3846153846154,21.2,87,5.8,23.9,913.9
2020-12-08,Bengaluru,20.16722222222222,61.333333333333336,9.529444444444444,1.8503846153846153,24.410833333333333,805.0,21.1,89,9.2,23.1,914.6
2020-12-09,Bengaluru,19.054285714285715,70.16666666666667,8.915833333333333,2.678095238095238,30.478333333333335,1005.8333333333334,20.9,87,3.0,19.6,914.1
2020-12-10,Bengaluru,24.0,79.0,19.0,6.981923076923077,25.09,325.0,20.0,75,0.0,12.5,913.8
2020-12-11,Bengaluru,26.409999999999997,87.3125,9.491818181818182,2.442941176470588,50.73272727272727,688.3333333333334,19.7,74,0.0,13.5,913.7
2020-12-12,Bengaluru,35.05111111111111,95.625,16.34590909090909,3.370294117647059,45.48209595959596,684.4117647058823,19.1,75,0.0,14.0,913.2
2020-12-13,Bengaluru,43.69222222222223,103.9375,23.2,4.29764705882353,40.231464646464644,680.4901960784314,19.2,80,0.0,12.1,912.4
2020-12-14,Bengaluru,52.333333333333336,112.25,28.956410256410255,5.2250000000000005,34.98083333333334,676.5686274509803,19.4,77,0.0,16.0,912.5
2020-12-15,Bengaluru,45.0,66.5,19.816666666666666,5.976538461538461,50.8,530.0,19.3,77,0.0,19.9,913.6
2020-12-16,Bengaluru,41.223166666666664,76.0,12.868333333333334,5.040869565217391,43.09,451.4516129032258,20.4,83,0.5,21.3,914.4
2020-12-17,Bengaluru,38.09287878787879,66.5,21.132091886608016,5.274,36.92575,553.1060606060606,21.1,82,1.1,20.7,914.6
2020-12-18,Bengaluru,29.886764705882353,53.0,25.012857142857143,4.970948051948052,47.44,356.7647058823529,20.7,75,0.0,19.0,914.3
2020-12-19,Bengaluru,39.63913043478261,66.16666666666667,19.713333333333335,5.898260869565218,51.453478260869566,799.5652173913044,20.5,77,0.0,21.1,914.8
2020-12-20,Bengaluru,36.75685714285714,79.33333333333333,18.446285714285715,7.064736842105263,71.48942857142858,717.4285714285714,19.9,75,0.0,20.5,914.8
2020-12-21,Bengaluru,51.0,92.5,19.342857142857145,2.9438095238095237,71.67714285714285,566.1904761904761,18.7,75,0.0,17.3,913.7
2020-12-22,Bengaluru,32.190909090909095,98.1875,20.349090909090908,1.9172727272727272,86.93363636363637,646.0,18.9,71,0.0,14.0,913.0
2020-12-23,Bengaluru,37.62611111111111,103.875,17.601428571428574,4.936111111111111,94.28166666666667,937.1428571428571,20.2,75,0.0,14.1,912.4
2020-12-24,Bengaluru,45.67,109.5625,25.803333333333335,6.975714285714286,80.16552631578948,739.047619047619,20.4,75,0.0,14.6,911.6
2020-12-25,Bengaluru,40.253611111111105,,28.053809523809523,3.614722222222222,68.59615384615384,705.2380952380952,19.9,71,0.0,14.8,912.5
2020-12-26,Bengaluru,49.904222222222224,,27.13533333333333,6.970740740740741,72.406,744.8148148148148,19.4,72,0.0,15.6,913.3
2020-12-27,Bengaluru,38.7559375,,26.261470588235294,6.978333333333333,65.72764705882352,829.4117647058823,19.9,70,0.0,13.7,912.8
2020-12-28,Bengaluru,44.63666666666667,,35.29615384615385,6.98,62.47615384615385,880.0,19.8,61,0.0,13.4,912.5
2020-12-29,Bengaluru,81.08741379310345,138.0,25.799999999999997,6.1425,35.5725,229.91379310344826,20.6,74,0.0,17.0,912.3
2020-12-30,Bengaluru,39.0,83.75,24.552941176470586,4.1,58.625,630.0,21.6,73,0.4,20.1,912.6
2020-12-31,Bengaluru,28.511470588235294,86.875,23.82588235294118,2.6513636363636364,48.636,898.5714285714286,20.3,79,2.0,19.9,913.2
2021-01-01,Bengaluru,56.888052083333335,90.0,23.963489583333335,4.963333333333333,56.51359375,586.3333333333333,19.9,72,0.0,19.1,913.6
2021-01-02,Bengaluru,55.90428571428571,92.66666666666667,19.175,5.831666666666667,42.425,366.6666666666667,19.8,78,0.0,19.8,913.1
2021-01-03,Bengaluru,30.77359649122807,58.0,21.15547619047619,4.301152882205514,34.53404761904762,264.2105263157895,21.3,80,1.3,19.8,912.2
2021-01-04,Bengaluru,28.276016483516486,70.78571428571429,25.826098901098902,4.724843304843304,31.043846153846154,278.4259259259259,20.9,79,0.2,23.0,912.3
2021-01-05,Bengaluru,25.363095238095237,66.34782608695652,25.5,5.487807017543859,30.945559440559443,228.2453416149068,20.9,82,0.5,18.9,912.9
2021-01-06,Bengaluru,15.5974025974026,28.15,23.43625,4.789285714285715,21.635738636363634,241.1904761904762,21.0,88,12.1,16.0,912.2
2021-01-07,Bengaluru,17.305656108597287,43.35,22.694499999999998,6.216218487394958,20.89928571428571,300.3809523809524,21.3,86,3.2,19.2,911.1
2021-01-08,Bengaluru,19.382291666666667,57.8421052631579,23.505344827586207,4.0041935483870965,25.07766129032258,294.38709677419354,21.6,85,8.3,15.2,910.7
2021-01-09,Bengaluru,21.705294117647057,65.86486486486487,25.718710801393726,5.546753246753247,18.216418750000003,318.16666666666663,21.2,84,0.8,15.8,911.3
2021-01-10,Bengaluru,27.222110389610393,54.92307692307692,22.945625,5.55409090909091,21.503124999999997,203.95604395604397,21.4,78,0.0,17.5,912.1
2021-01-11,Bengaluru,30.9297947454844,78.16216216216216,25.9121568627451,5.357142857142858,24.181714285714285,218.39285714285717,21.3,80,0.0,14.1,912.9
2021-01-12,Bengaluru,33.31935483870968,81.63333333333334,28.874940476190474,5.490761217948718,23.49965053763441,258.2772435897436,21.0,70,0.1,22.2,912.7
2021-01-13,Bengaluru,41.61503411306043,79.96666666666667,27.68919230769231,6.583157894736843,24.000089399744574,202.98684210526318,20.8,70,0.0,21.6,912.5
2021-01-14,Bengaluru,41.25639784946237,78.64285714285714,21.691155462184874,5.913961397058824,25.011714285714284,211.82258064516128,20.4,78,0.6,19.6,912.2
2021-01-15,Bengaluru,42.65217391304348,83.669375,18.793928571428573,3.9121428571428574,23.81,135.66666666666666,21.3,74,0.0,17.9,912.1
2021-01-16,Bengaluru,47.75925925925926,84.75,19.134729344729344,4.446441798941799,31.973399999999998,162.69179894179894,21.3,75,0.0,15.5,911.4
2021-01-17,Bengaluru,43.460602006688966,78.0,25.22291666666667,4.79147342995169,23.76628959276018,271.9230769230769,20.9,71,0.0,16.0,912.2
2021-01-18,Bengaluru,40.0716,63.2375,21.043095238095237,3.5785714285714287,29.56714285714286,307.5,19.6,68,0.0,20.3,912.9
2021-01-19,Bengaluru,43.4928947368421,88.96889952153111,29.62833333333333,3.478765182186235,29.459533492822963,457.2469635627531,19.8,73,0.0,11.2,912.8
2021-01-20,Bengaluru,16.876666666666665,84.91259968102074,17.166666666666668,7.093333333333334,99.17,743.3333333333334,21.1,69,0.0,12.9,913.3
2021-01-21,Bengaluru,26.5025,80.85629984051037,32.36125,6.984285714285714,51.48125,948.75,22.2,71,0.0,11.5,913.3
2021-01-22,Bengaluru,38.98723076923076,76.8,25.308333333333337,6.662,23.992857142857144,367.56410256410254,23.0,67,0.0,14.9,913.3
2021-01-23,Bengaluru,54.333333333333336,103.93589743589743,29.2,5.683333333333334,32.535000000000004,507.3333333333333,22.0,65,0.0,16.7,913.3
2021-01-24,Bengaluru,46.875,90.94886363636363,33.30848484848485,3.8851515151515152,44.69,681.25,21.1,62,0.0,15.6,913.6
2021-01-25,Bengaluru,46.0,82.35,28.190196078431374,9.511333333333333,43.625,460.0,20.4,69,0.0,13.8,913.9
2021-01-26,Bengaluru,25.184047619047618,82.36969696969696,38.54309523809523,3.021785714285714,32.18666666666667,895.4761904761905,20.5,61,0.0,15.1,913.2
2021-01-27,Bengaluru,24.695,82.38939393939394,21.08,2.997207792207792,41.445,495.0,20.4,62,0.0,14.3,913.5
2021-01-28,Bengaluru,26.472214285714287,82.4090909090909,22.198571428571427,2.97262987012987,42.5275,531.3571428571429,20.2,65,0.0,16.2,913.8
2021-01-29,Bengaluru,28.24942857142857,,23.317142857142855,2.948051948051948,43.61,567.7142857142857,21.1,69,0.0,16.5,914.4
2021-01-30,Bengaluru,30.026642857142857,,24.435714285714283,,44.692499999999995,604.0714285714286,22.1,68,0.0,14.9,913.8
2021-01-31,Bengaluru,,,,,,,22.1,63,0.0,18.7,914.1
2021-02-01,Bengaluru,,,,,,,21.5,56,0.0,17.3,915.6
2021-02-02,Bengaluru,,,,,,,21.2,64,0.0,18.2,915.8
2021-02-03,Bengaluru,,,,,,,21.2,68,0.0,16.9,915.2
2021-02-04,Bengaluru,,,,,,,20.7,60,0.0,16.2,914.8
2021-02-05,Bengaluru,,,,,,,20.7,59,0.0,20.0,914.1
2021-02-06,Bengaluru,42.46714285714285,,32.26571428571429,2.7514285714285713,52.269999999999996,858.5714285714286,20.8,57,0.0,20.0,913.2
2021-02-07,Bengaluru,36.20857142857143,,48.85142857142858,3.0385714285714287,50.24285714285714,1067.142857142857,20.6,48,0.0,20.6,913.7
2021-02-08,Bengaluru,37.08777777777778,,55.812,3.8044444444444445,54.70333333333334,1560.0,20.7,50,0.0,21.1,914.4
2021-02-09,Bengaluru,38.10285714285715,,33.815,3.525714285714286,47.65857142857143,1431.4285714285713,20.1,64,0.0,16.2,913.9
2021-02-10,Bengaluru,34.33190476190477,,42.910833333333336,3.4654761904761906,48.013214285714284,1139.2857142857142,20.1,55,0.0,13.1,912.7
2021-02-11,Bengaluru,30.560952380952383,,52.006666666666675,3.405238095238095,48.36785714285715,847.1428571428571,20.5,59,0.0,15.6,912.3
2021-02-12,Bengaluru,26.790000000000003,,61.102500000000006,3.3449999999999998,48.722500000000004,555.0,20.7,48,0.0,16.2,912.7
2021-02-13,Bengaluru,71.94,,42.30125,4.307499999999999,36.67875,432.5,20.7,53,0.0,15.5,913.8
2021-02-14,Bengaluru,117.09,,23.5,5.27,24.635,310.0,21.3,56,0.0,14.8,913.8
2021-02-15,Bengaluru,32.88,,22.41,4.300000000000001,45.707499999999996,3585.0,22.7,53,0.0,16.2,913.1
2021-02-16,Bengaluru,32.343333333333334,,22.77,4.470416666666667,52.86333333333333,2722.5,22.6,54,0.0,19.1,912.8
2021-02-17,Bengaluru,31.80666666666667,,23.130000000000003,4.640833333333334,60.01916666666666,1860.0,22.9,53,0.0,19.4,912.4
2021-02-18,Bengaluru,31.27,,23.490000000000002,4.81125,67.175,997.5,22.0,63,0.3,20.3,913.3
2021-02-19,Bengaluru,36.462500000000006,,20.7575,3.9325,45.8825,1247.5,21.5,64,2.2,15.5,914.0
2021-02-20,Bengaluru,29.281250000000004,,22.059519230769233,2.900096153846154,39.738557692307694,1227.9807692307693,20.0,81,10.3,18.3,913.4
2021-02-21,Bengaluru,22.1,,23.361538461538462,1.8676923076923078,33.59461538461539,1208.4615384615386,19.6,86,3.9,19.8,914.0
2021-02-22,Bengaluru,16.76,,23.45128205128205,9.26,28.77,1660.0,21.2,75,0.5,16.2,914.9
2021-02-23,Bengaluru,23.008000000000003,,23.54102564102564,8.728,30.816,1328.0439999999999,22.5,62,0.0,14.8,913.8
2021-02-24,Bengaluru,29.256,,23.630769230769232,8.196,32.862,996.088,22.8,58,0.0,16.6,913.2
2021-02-25,Bengaluru,35.504000000000005,,,7.664,34.908,664.132,23.6,51,0.0,13.0,913.0
2021-02-26,Bengaluru,,,,,,,24.0,46,0.0,13.8,912.1
2021-02-27,Bengaluru,48.0,83.0,23.9,6.6,39.0,0.22,24.6,45,0.0,13.7,911.4
2021-02-28,Bengaluru,49.0,94.0,61.9,4.6,26.26,100.0,24.8,40,0.0,17.7,911.9
2021-03-01,Bengaluru,40.7,94.0,34.101,7.807222222222222,44.316,449.02777777777777,24.0,41,0.0,16.3,914.3
2021-03-02,Bengaluru,34.706,94.37179487179488,39.72263157894737,4.175,52.6715,626.5,24.4,41,0.0,23.9,914.6
2021-03-03,Bengaluru,32.29866666666667,94.74358974358974,51.938815789473686,4.1432142857142855,44.54975,824.9166666666667,24.3,39,0.0,22.0,913.5
2021-03-04,Bengaluru,29.891333333333332,95.11538461538461,64.155,4.111428571428571,36.428,1023.3333333333334,23.1,39,0.0,21.3,913.4
2021-03-05,Bengaluru,31.76088888888889,,57.376666666666665,4.2526190476190475,41.16533333333333,1365.5555555555557,23.3,48,0.0,15.3,914.2
2021-03-06,Bengaluru,33.63044444444444,,50.598333333333336,4.393809523809524,45.90266666666667,1707.7777777777778,24.5,46,0.0,13.0,914.5
2021-03-07,Bengaluru,35.5,,43.82,4.535,50.64,2050.0,24.9,44,0.0,16.1,913.7
2021-03-08,Bengaluru,15.0,,39.189166666666665,7.76,51.23,100.0,24.4,44,0.0,16.9,914.0
2021-03-09,Bengaluru,24.305000000000003,,34.55833333333334,3.5966666666666662,26.436666666666667,623.3333333333334,24.3,49,0.0,21.6,914.3
2021-03-10,Bengaluru,24.333333333333336,,36.07555555555556,3.204444444444444,34.19444444444444,458.8888888888889,24.7,55,0.0,21.3,914.5
2021-03-11,Bengaluru,24.361666666666668,,37.592777777777776,2.812222222222222,41.952222222222225,294.44444444444446,24.9,55,0.0,16.5,914.5
2021-03-12,Bengaluru,24.39,,39.11,2.42,49.71,130.0,24.3,40,0.0,17.2,915.1
2021-03-13,Bengaluru,21.09,,38.18,0.94,68.66,200.0,23.9,44,0.0,16.7,914.7
2021-03-14,Bengaluru,25.35,,58.17,1.1949999999999998,46.989999999999995,1160.0,24.3,44,0.0,20.3,913.5
2021-03-15,Bengaluru,29.61,,78.16,1.45,25.32,2120.0,24.9,37,0.0,17.7,913.0
2021-03-16,Bengaluru,29.66892857142857,,72.40946428571428,2.0244642857142856,29.256071428571428,1937.6785714285713,25.5,40,0.0,17.3,913.0
2021-03-17,Bengaluru,29.727857142857143,,66.65892857142858,2.598928571428571,33.192142857142855,1755.357142857143,25.3,41,0.0,17.1,912.4
2021-03-18,Bengaluru,29.786785714285713,,60.90839285714286,3.173392857142857,37.128214285714286,1573.0357142857142,25.3,44,0.0,18.3,912.6
2021-03-19,Bengaluru,,,,,,,25.0,41,0.0,16.9,912.0
2021-03-20,Bengaluru,,,,,,,24.9,44,0.0,15.1,911.2
2021-03-21,Bengaluru,,,,,,,25.8,40,0.0,16.8,911.3
2021-03-22,Bengaluru,30.0225,,37.90625,5.4712499999999995,52.8725,843.75,26.1,35,0.0,18.4,912.5
2021-03-23,Bengaluru,32.142222222222216,,41.73833333333333,4.4061111111111115,32.50111111111111,1389.4444444444443,26.2,45,0.0,16.8,913.2
2021-03-24,Bengaluru,33.25142857142857,,39.51142857142857,6.445714285714287,29.392857142857142,1547.142857142857,26.4,48,0.0,18.8,913.4
2021-03-25,Bengaluru,27.59,,35.295,5.745,15.68,1350.0,26.9,44,0.0,23.4,912.6
2021-03-26,Bengaluru,38.535,,45.614999999999995,6.25,55.58,1690.0,27.0,40,0.0,19.8,912.2
2021-03-27,Bengaluru,37.84652777777777,,45.18847222222222,6.020833333333333,55.858333333333334,1682.5,27.0,44,0.0,18.1,911.9
2021-03-28,Bengaluru,37.15805555555555,,44.76194444444444,5.791666666666667,56.13666666666666,1675.0,27.2,43,0.0,19.1,911.6
2021-03-29,Bengaluru,36.46958333333333,,44.33541666666666,5.5625,56.415,1667.5,27.4,39,0.0,17.6,911.3
2021-03-30,Bengaluru,,,,,,,27.4,46,0.0,15.0,910.8
2021-03-31,Bengaluru,,,,,,,28.9,35,0.0,13.3,909.5
2021-04-01,Bengaluru,,,,,,,27.9,46,0.0,14.8,909.5
2021-04-02,Bengaluru,,,,,,,27.4,46,0.0,15.5,909.9
2021-04-03,Bengaluru,,,,,,,27.4,51,0.0,21.2,910.4
2021-04-04,Bengaluru,,,,,,,27.6,48,0.0,13.4,911.7
2021-04-05,Bengaluru,,,,,,,27.5,48,0.0,21.5,912.2
2021-04-06,Bengaluru,,,,,,,27.4,48,0.0,19.4,912.8
2021-04-07,Bengaluru,30.27333333333333,,40.49666666666667,3.5,58.919999999999995,1600.0,27.3,39,0.0,22.7,913.4
2021-04-08,Bengaluru,39.01166666666666,,33.32666666666667,4.1866666666666665,48.829166666666666,1117.9166666666665,27.3,37,0.0,17.6,912.0
2021-04-09,Bengaluru,47.75,108.5,26.156666666666666,4.873333333333333,38.73833333333334,635.8333333333333,27.0,39,0.0,17.7,911.4
2021-04-10,Bengaluru,44.875,99.5,24.145416666666666,4.955,35.990625,536.25,26.5,45,0.0,17.0,912.5
2021-04-11,Bengaluru,42.0,90.5,22.134166666666665,5.036666666666667,33.24291666666667,436.66666666666663,26.5,53,0.0,17.3,913.7
2021-04-12,Bengaluru,39.125,81.5,20.122916666666665,5.118333333333333,30.495208333333338,337.0833333333333,26.5,58,0.0,19.3,914.1
2021-04-13,Bengaluru,36.25,72.5,18.111666666666665,5.2,27.747500000000002,237.5,26.7,57,0.0,16.9,913.8
2021-04-14,Bengaluru,28.47,71.53806451612903,19.91583333333333,4.215,17.26375,1838.75,24.7,72,4.6,16.1,913.2
2021-04-15,Bengaluru,20.69,70.57612903225807,21.72,3.23,6.78,3440.0,23.0,83,22.6,11.5,912.6
2021-04-16,Bengaluru,20.379310344827587,69.61419354838709,22.61862068965517,3.3013793103448275,7.06448275862069,3326.551724137931,24.5,68,0.9,12.0,912.2
2021-04-17,Bengaluru,20.068620689655173,,23.517241379310345,3.3727586206896554,7.348965517241379,3213.103448275862,26.5,57,0.0,12.3,913.0
2021-04-18,Bengaluru,19.75793103448276,,24.415862068965517,3.444137931034483,7.633448275862069,3099.655172413793,26.5,56,0.2,13.8,914.0
2021-04-19,Bengaluru,,,,,,,26.8,59,0.0,12.3,912.6
2021-04-20,Bengaluru,,,,,,,25.2,71,7.9,11.8,911.9
2021-04-21,Bengaluru,,,,,,,24.9,71,8.8,10.5,912.7
2021-04-22,Bengaluru,,,,,,,25.9,66,1.1,16.1,913.0
2021-04-23,Bengaluru,,,,,,,24.4,76,12.2,12.0,912.8
2021-04-24,Bengaluru,,,,,,,24.0,80,17.6,11.1,912.1
2021-04-25,Bengaluru,,,,,,,25.7,65,0.1,11.5,911.7
2021-04-26,Bengaluru,,,,,,,26.3,55,0.0,9.6,911.3
2021-04-27,Bengaluru,,,,,,,26.1,56,0.0,13.7,912.0
2021-04-28,Bengaluru,,,,,,,26.9,49,0.0,11.0,912.7
2021-04-29,Bengaluru,,,,,,,26.3,58,0.5,12.3,912.3
2021-04-30,Bengaluru,,,,,,,26.5,57,0.0,18.9,911.4
2021-05-01,Bengaluru,,,,,,,26.8,56,0.0,14.3,911.4
2021-05-02,Bengaluru,,,,,,,26.7,61,0.0,14.3,911.7
2021-05-03,Bengaluru,,,,,,,26.4,61,0.8,15.4,911.2
2021-05-04,Bengaluru,,,,,,,25.2,70,3.3,14.5,911.2
2021-05-05,Bengaluru,,,,,,,26.8,61,0.0,19.3,911.0
2021-05-06,Bengaluru,,,,,,,27.1,59,0.0,16.1,912.0
2021-05-07,Bengaluru,,,,,,,26.3,67,0.7,16.6,912.6
2021-05-08,Bengaluru,,,,,,,26.8,61,0.9,20.1,911.8
2021-05-09,Bengaluru,,,,,,,27.3,60,0.1,16.0,910.8
2021-05-10,Bengaluru,,,,,,,26.3,70,4.9,11.8,910.7
2021-05-11,Bengaluru,,,,,,,25.9,75,14.2,9.6,910.7
2021-05-12,Bengaluru,,,,,,,25.1,78,10.0,14.0,909.6
2021-05-13,Bengaluru,,,,,,,25.1,79,2.1,12.2,909.0
2021-05-14,Bengaluru,11.68,42.68,47.78,5.3,15.03,150.0,25.7,71,2.3,22.3,907.8
2021-05-15,Bengaluru,10.62,31.453333333333333,35.87,4.8999999999999995,25.435,100.13166666666666,22.9,82,3.9,22.8,906.2
2021-05-16,Bengaluru,9.56,20.226666666666667,23.959999999999997,4.5,35.839999999999996,50.263333333333335,22.6,86,8.2,20.8,907.8
2021-05-17,Bengaluru,8.5,9.0,12.049999999999999,4.1,46.245,0.395,24.3,77,4.7,16.3,909.8
2021-05-18,Bengaluru,8.355555555555556,9.644444444444444,11.977777777777776,4.26,44.651555555555554,14.813111111111109,24.8,76,0.1,19.1,910.3
2021-05-19,Bengaluru,8.21111111111111,10.28888888888889,11.905555555555555,4.42,43.05811111111111,29.231222222222218,24.7,77,4.5,14.5,909.8
2021-05-20,Bengaluru,8.066666666666666,10.933333333333334,11.833333333333332,4.58,41.464666666666666,43.64933333333333,23.8,84,22.0,16.0,910.3
2021-05-21,Bengaluru,,,,,,,23.1,86,13.9,15.8,910.5
2021-05-22,Bengaluru,,,,,,,23.2,82,2.4,14.5,910.0
2021-05-23,Bengaluru,,,,,,,24.8,73,0.1,15.8,910.4
2021-05-24,Bengaluru,,,,,,,24.9,71,0.0,20.5,910.7
2021-05-25,Bengaluru,,,,,,,23.7,80,8.6,17.9,909.2
2021-05-26,Bengaluru,,,,,,,24.0,76,0.1,22.0,908.8
2021-05-27,Bengaluru,,,,,,,24.3,70,0.0,24.2,909.6
2021-05-28,Bengaluru,,,,,,,24.3,68,0.0,19.4,910.4
2021-05-29,Bengaluru,,,,,,,24.6,73,0.5,15.5,911.0
2021-05-30,Bengaluru,,,,,,,25.0,71,0.2,16.6,911.0
2021-05-31,Bengaluru,,,,,,,25.3,70,0.5,15.6,909.7
2021-06-01,Bengaluru,6.333333333333333,18.666666666666668,10.966666666666667,6.5,22.343333333333334,216.66666666666666,25.5,73,4.8,17.3,910.0
2021-06-02,Bengaluru,7.836666666666666,30.178333333333335,12.203333333333333,3.795,29.671666666666667,485.83333333333337,24.8,78,18.0,11.9,910.3
2021-06-03,Bengaluru,9.34,41.69,13.44,1.09,37.0,755.0,23.7,85,20.1,9.3,910.8
2021-06-04,Bengaluru,8.2875,29.377499999999998,12.7625,2.7824999999999998,33.2,190.0,22.9,90,18.3,10.1,911.3
2021-06-05,Bengaluru,7.234999999999999,17.064999999999998,12.085,4.475,29.400000000000002,395.0,23.0,88,7.3,13.9,910.7
2021-06-06,Bengaluru,7.0,12.0,11.7,6.3,32.655,0.375,23.4,80,2.3,14.0,910.8
2021-06-07,Bengaluru,15.598214285714286,41.4275,14.022222222222222,5.7,29.97048611111111,527.5,24.3,72,0.0,14.7,911.1
2021-06-08,Bengaluru,17.0,52.12,12.15,3.5,38.57,207.7275,24.4,70,0.0,18.3,910.8
2021-06-09,Bengaluru,18.905,44.425,14.855,4.345000000000001,49.475,343.86375,23.4,75,1.7,23.0,910.0
2021-06-10,Bengaluru,20.81,36.73,17.56,5.19,60.38,480.0,23.6,75,0.7,23.4,909.1
2021-06-11,Bengaluru,14.405,33.402499999999996,19.1925,3.63,50.957499999999996,507.5,23.6,71,0.0,27.5,909.2
2021-06-12,Bengaluru,8.0,30.075,20.825,2.07,41.535,535.0,23.1,79,3.2,32.1,909.3
2021-06-13,Bengaluru,6.81,34.87,19.69,2.9050000000000002,40.510000000000005,790.0,22.6,80,2.0,29.6,908.8
2021-06-14,Bengaluru,3.35,27.490000000000002,22.23,3.88,28.244999999999997,670.0,21.5,87,4.7,28.4,908.4
2021-06-15,Bengaluru,7.47,40.07,22.24,2.94,26.25,410.0,22.5,80,2.9,29.8,908.0
2021-06-16,Bengaluru,0.0,64.01,27.22,2.28,37.97,1180.0,22.7,80,3.2,29.5,909.2
2021-06-17,Bengaluru,10.298333333333334,73.175,27.188333333333333,2.61,33.336666666666666,926.6666666666666,23.3,75,0.8,32.7,910.0
2021-06-18,Bengaluru,20.596666666666668,82.34,27.156666666666666,2.94,28.703333333333333,673.3333333333333,23.3,75,1.1,30.0,911.0
2021-06-19,Bengaluru,30.895,91.505,27.125,3.27,24.07,420.0,22.7,76,0.0,27.2,912.3
2021-06-20,Bengaluru,35.74,105.24,26.47,1.81,40.25,420.0,23.6,73,0.3,26.4,912.6
2021-06-21,Bengaluru,28.875,62.95,20.655,3.4025000000000003,29.745,550.0,23.6,75,0.2,21.3,911.8
2021-06-22,Bengaluru,30.42,95.45,14.33,4.14,22.13,450.0,24.2,70,0.0,20.0,910.9
2021-06-23,Bengaluru,26.44,93.37,26.74,5.07,24.82,470.0,24.7,66,0.3,14.5,910.6
2021-06-24,Bengaluru,28.0,95.0,14.9,7.6,42.92,0.49,24.4,69,0.6,19.4,911.3
2021-06-25,Bengaluru,19.0,64.5,12.9,6.725,30.47,150.245,24.6,63,0.0,20.8,910.3
2021-06-26,Bengaluru,10.0,34.0,10.9,5.85,18.02,300.0,23.0,79,17.2,20.2,909.8
2021-06-27,Bengaluru,4.0,10.5,5.4,6.765,15.25,290.0,22.1,81,2.6,23.2,910.5
2021-06-28,Bengaluru,26.795,58.61,26.83,8.61,31.480000000000004,570.0,23.8,71,0.1,13.8,910.1
2021-06-29,Bengaluru,18.0,58.0,15.2,4.266666666666667,31.13,470.0,25.1,69,0.6,11.5,910.2
2021-06-30,Bengaluru,16.0,38.0,17.415,4.199999999999999,28.785,130.325,25.7,68,0.8,10.8,910.2
2021-07-01,Bengaluru,18.5,38.32875,16.48125,5.933333333333334,23.6675,305.0,24.6,77,10.9,14.8,909.2
2021-07-02,Bengaluru,17.25,41.164375,15.515625,6.041666666666667,26.596249999999998,152.815,23.8,81,4.3,17.2,909.8
2021-07-03,Bengaluru,16.0,44.0,14.55,6.15,29.525,0.63,23.8,79,7.8,12.7,910.3
2021-07-04,Bengaluru,6.0,18.0,6.2,6.1,35.48,45.135,23.3,83,6.9,14.4,910.2
2021-07-05,Bengaluru,20.0,43.370000000000005,22.025,6.1,23.13,385.0,23.5,79,1.6,15.3,909.3
2021-07-06,Bengaluru,10.0,25.0,30.7,4.7,18.21,0.25,23.9,81,3.8,10.5,908.6
2021-07-07,Bengaluru,15.166666666666666,32.665,28.15,5.133333333333333,22.641666666666666,203.45833333333334,23.4,85,10.0,13.8,908.7
2021-07-08,Bengaluru,20.333333333333332,40.33,25.599999999999998,5.566666666666666,27.07333333333333,406.6666666666667,23.6,81,2.3,15.7,909.1
2021-07-09,Bengaluru,13.625,41.70833333333333,21.0,5.800000000000001,28.19833333333333,193.98,22.6,88,10.9,15.8,907.5
2021-07-10,Bengaluru,11.666666666666666,22.375,15.108333333333334,6.65,24.965,106.42,22.0,85,3.4,24.0,906.9
2021-07-11,Bengaluru,9.444444444444445,22.916666666666668,16.93888888888889,6.833333333333334,12.8725,134.28,22.2,81,3.0,30.6,906.7
2021-07-12,Bengaluru,7.222222222222222,23.458333333333332,18.769444444444446,7.016666666666667,0.78,162.14,22.6,80,0.7,29.5,906.8
2021-07-13,Bengaluru,5.0,24.0,20.6,7.2,20.775,190.0,22.1,84,4.5,30.9,907.5
2021-07-14,Bengaluru,10.915,21.333333333333336,22.6,5.465,16.27,368.33333333333337,21.2,91,10.5,20.7,907.9
2021-07-15,Bengaluru,10.0,22.0,13.9,6.6,18.275,0.94,20.5,92,17.3,25.1,907.6
2021-07-16,Bengaluru,10.5,21.0,18.3,6.425,20.6025,0.69,21.2,93,22.3,23.0,909.3
2021-07-17,Bengaluru,11.0,20.0,22.7,6.25,22.93,0.44,22.0,87,14.4,18.8,909.8
2021-07-18,Bengaluru,8.2,16.2,18.119999999999997,6.959999999999999,17.15,373.3333333333333,20.8,94,10.9,23.9,908.8
2021-07-19,Bengaluru,11.333333333333334,29.0,16.45,6.1,15.160000000000002,490.0,22.6,81,1.7,28.5,909.2
2021-07-20,Bengaluru,18.3,44.2,16.747500000000002,6.56,21.637999999999998,304.231,22.4,80,2.2,28.0,910.9
2021-07-21,Bengaluru,9.0,32.0,19.6,7.3,21.56,0.29,22.0,83,3.4,29.2,910.1
2021-07-22,Bengaluru,14.0,32.822500000000005,21.517142857142858,5.033333333333333,22.827589285714286,461.42857142857144,21.1,87,11.2,33.8,907.3
2021-07-23,Bengaluru,13.0,33.5,19.9,6.75,17.04,185.3,21.8,86,8.1,28.6,907.1
2021-07-24,Bengaluru,17.0,29.0,23.95,7.300000000000001,10.39,0.89,22.7,83,2.6,24.1,908.6
2021-07-25,Bengaluru,15.0,42.17,10.25,7.175,20.97,370.0,23.1,81,1.9,24.3,909.8
2021-07-26,Bengaluru,15.451612903225806,43.51903225806452,10.746774193548386,7.159677419354838,20.876290322580644,363.7096774193548,22.8,79,0.0,26.3,910.1
2021-07-27,Bengaluru,15.903225806451612,44.86806451612903,11.243548387096775,7.144354838709678,20.78258064516129,357.4193548387097,22.8,77,0.5,26.5,909.6
2021-07-28,Bengaluru,16.35483870967742,46.21709677419355,11.740322580645161,7.129032258064516,20.688870967741934,351.1290322580645,23.1,75,0.9,27.1,910.2
2021-07-29,Bengaluru,,,,,,,22.7,77,1.2,26.8,910.9
2021-07-30,Bengaluru,,,,,,,23.0,75,0.6,27.1,911.5
2021-07-31,Bengaluru,,,,,,,23.1,75,1.0,28.2,911.9
2021-08-01,Bengaluru,,,,,,,23.1,74,0.5,27.8,911.0
2021-08-02,Bengaluru,,,,,,,22.8,75,1.0,27.7,910.9
2021-08-03,Bengaluru,,,,,,,23.0,76,0.9,25.5,912.2
2021-08-04,Bengaluru,,,,,,,23.1,77,2.1,27.3,912.6
2021-08-05,Bengaluru,,,,,,,22.8,80,4.9,25.0,910.7
2021-08-06,Bengaluru,,,,,,,23.3,78,2.3,26.4,909.8
2021-08-07,Bengaluru,,,,,,,23.0,83,5.9,20.7,910.4
2021-08-08,Bengaluru,,,,,,,23.5,82,4.0,15.1,910.9
2021-08-09,Bengaluru,,,,,,,23.5,82,1.3,14.0,911.4
2021-08-10,Bengaluru,,,,,,,23.0,82,3.8,18.0,911.2
2021-08-11,Bengaluru,,,,,,,23.1,83,7.9,20.4,911.1
2021-08-12,Bengaluru,,,,,,,22.5,84,8.8,21.7,911.8
2021-08-13,Bengaluru,,,,,,,22.6,83,7.2,21.6,910.6
2021-08-14,Bengaluru,,,,,,,22.4,81,1.4,21.5,909.3
2021-08-15,Bengaluru,,,,,,,22.5,78,0.9,22.6,909.7
2021-08-16,Bengaluru,,,,,,,22.5,80,1.5,19.2,910.4
2021-08-17,Bengaluru,,,,,,,22.0,84,1.3,16.3,910.7
2021-08-18,Bengaluru,,,,,,,22.6,82,3.3,20.0,909.6
2021-08-19,Bengaluru,,,,,,,22.8,78,0.2,23.0,909.3
2021-08-20,Bengaluru,,,,,,,23.0,77,0.4,13.4,909.7
2021-08-21,Bengaluru,,,,,,,22.5,83,1.3,8.8,910.9
2021-08-22,Bengaluru,,,,,,,22.3,86,20.7,6.5,910.7
2021-08-23,Bengaluru,,,,,,,22.3,86,11.8,12.6,910.6
2021-08-24,Bengaluru,,,,,,,23.0,82,2.8,10.0,910.5
2021-08-25,Bengaluru,29.0,83.99000000000001,25.65,6.7,18.065,175.0,23.0,83,9.7,13.3,909.9
2021-08-26,Bengaluru,28.106142857142856,79.79142857142858,24.488095238095237,6.650714285714286,18.43702380952381,192.14285714285714,23.1,83,8.0,15.2,908.6
2021-08-27,Bengaluru,27.212285714285716,75.59285714285714,23.326190476190476,6.601428571428571,18.80904761904762,209.28571428571428,22.6,88,30.8,13.4,908.1
2021-08-28,Bengaluru,26.318428571428573,71.39428571428572,22.164285714285715,6.552142857142857,19.181071428571432,226.42857142857144,21.7,88,7.4,19.5,907.1
2021-08-29,Bengaluru,,,,,,,21.5,90,32.8,22.5,906.5
2021-08-30,Bengaluru,,,,,,,22.3,82,0.7,23.1,907.8
2021-08-31,Bengaluru,,,,,,,22.9,78,0.0,17.9,908.8
2021-09-01,Bengaluru,22.743000000000002,54.599999999999994,17.516666666666666,6.3549999999999995,20.66916666666667,295.0,23.1,80,1.4,13.7,910.1
2021-09-02,Bengaluru,19.304747899159665,50.6673,14.76264705882353,6.119999999999999,19.265249999999998,357.7,22.3,85,14.6,13.3,909.7
2021-09-03,Bengaluru,20.1875,44.97602664576803,13.180000000000001,6.36590909090909,19.387863636363637,254.54545454545456,21.5,90,12.7,14.8,909.0
2021-09-04,Bengaluru,18.128653846153846,44.706346153846155,14.842857142857143,6.057142857142857,22.916666666666664,423.46153846153845,21.3,90,16.3,23.3,909.1
2021-09-05,Bengaluru,15.23777777777778,37.45029411764706,12.2,5.95,19.8275,422.79411764705884,21.5,90,13.7,22.5,909.0
2021-09-06,Bengaluru,14.738888888888889,37.162277183600715,12.766666666666667,5.271527777777777,22.465666666666667,362.54545454545456,21.6,86,2.6,23.0,908.8
2021-09-07,Bengaluru,15.823238636363637,37.2547628458498,12.115384615384615,7.223214285714286,20.19715909090909,395.4968944099379,22.0,83,2.1,28.1,908.9
2021-09-08,Bengaluru,15.0,34.52181818181818,7.3,5.800000000000001,14.75,292.27272727272725,22.6,80,2.0,24.5,910.3
2021-09-09,Bengaluru,18.466,46.678592592592594,9.0,6.0,15.965,183.33333333333334,22.9,80,1.0,24.1,911.4
2021-09-10,Bengaluru,23.33666666666667,50.336666666666666,6.43921875,5.082,6.5969999999999995,743.75,22.8,79,0.3,23.7,911.0
2021-09-11,Bengaluru,21.187272727272727,47.942288961038955,9.5,6.7,25.380000000000003,181.78571428571428,22.3,84,1.0,23.8,909.9
2021-09-12,Bengaluru,18.70683908045977,42.123333333333335,5.706617647058824,1.8086206896551724,7.023793103448276,708.8235294117648,22.2,86,4.8,25.5,908.7
2021-09-13,Bengaluru,18.5687962962963,43.083333333333336,5.8237499999999995,1.5437037037037038,7.326296296296296,745.0,23.0,79,1.7,30.0,908.2
2021-09-14,Bengaluru,20.41,52.51689655172414,6.480625,4.982413793103449,6.451034482758621,837.5,23.3,78,1.0,23.3,908.8
2021-09-15,Bengaluru,21.186,59.23072727272727,18.35,5.797435897435897,15.198974358974358,212.66666666666669,22.9,81,1.6,18.7,909.7
2021-09-16,Bengaluru,22.618870967741934,61.72668202764977,12.920588235294119,5.617869875222817,17.13265625,344.68202764976957,23.2,78,0.6,18.0,909.8
2021-09-17,Bengaluru,25.098370927318292,74.1687837837838,14.89613798008535,5.577258687258688,20.66769401330377,332.0632827949901,23.6,74,0.1,14.0,909.6
2021-09-18,Bengaluru,24.118348416289592,70.05541103603603,15.965176715176714,5.3810714285714285,21.049459459459463,316.0323886639676,23.7,73,0.0,9.9,910.7
2021-09-19,Bengaluru,25.01010101010101,67.05694444444444,16.851944444444445,6.050311942959002,21.503353174603177,283.89561975768873,24.2,75,4.1,16.3,912.1
2021-09-20,Bengaluru,22.928571428571427,53.137352941176474,23.7,6.16764705882353,20.118346153846154,402.1078431372549,23.8,79,1.4,9.8,911.3
2021-09-21,Bengaluru,19.602096774193548,47.10526315789474,15.574341991341992,5.578947368421052,17.069187969924812,380.48387096774195,23.7,75,1.0,15.8,910.6
2021-09-22,Bengaluru,19.465940170940172,40.69834224598931,12.81939393939394,5.122941176470588,19.369634888438135,294.88235294117646,23.3,77,1.7,17.9,909.2
2021-09-23,Bengaluru,17.716022727272726,46.84660714285714,13.381761904761905,5.997727272727273,21.786076923076923,329.7435897435897,23.5,77,1.9,18.4,909.3
2021-09-24,Bengaluru,24.667714285714286,55.894340659340656,17.600571428571428,6.535714285714286,22.428571428571427,577.3333333333334,23.3,81,5.7,17.1,910.0
2021-09-25,Bengaluru,15.26923076923077,41.45465916197624,13.961777777777778,4.633333333333333,21.355055555555555,256.65197623514695,22.9,83,7.5,14.5,909.7
2021-09-26,Bengaluru,13.912431941923774,30.65,12.36928746928747,5.651724137931035,24.691363636363636,185.3571212121212,23.0,77,3.7,17.8,907.9
2021-09-27,Bengaluru,12.68,33.138888888888886,12.072000000000001,5.466666666666667,21.348000000000003,214.66666666666666,22.2,83,5.9,24.3,906.8
2021-09-28,Bengaluru,15.619047619047619,44.288333333333334,12.236585365853658,5.441463414634146,21.44275,208.33333333333334,22.5,78,0.5,24.4,908.6
2021-09-29,Bengaluru,17.195121951219512,48.79076923076923,12.5825,4.994736842105263,21.387142857142855,207.17948717948718,22.7,80,0.4,20.6,910.3
2021-09-30,Bengaluru,16.457142857142856,50.19620689655173,14.66764705882353,5.171875,22.20942857142857,205.17241379310346,22.6,84,5.7,10.0,911.0
2021-10-01,Bengaluru,16.721208791208788,48.27342175066313,15.72398190045249,5.234134615384615,21.280021978021978,204.5822281167109,23.0,85,12.3,13.2,910.6
2021-10-02,Bengaluru,16.985274725274724,46.35063660477454,16.780316742081446,5.296394230769231,20.350615384615384,203.9920424403183,23.0,85,12.4,13.8,910.3
2021-10-03,Bengaluru,17.249340659340657,44.42785145888595,17.836651583710406,5.358653846153846,19.42120879120879,203.40185676392574,23.4,84,2.0,13.3,910.1
2021-10-04,Bengaluru,,,,,,,23.7,80,1.8,15.5,909.6
2021-10-05,Bengaluru,,,,,,,22.9,86,5.3,12.3,909.3
2021-10-06,Bengaluru,,,,,,,21.8,92,55.6,13.6,908.0
2021-10-07,Bengaluru,,,,,,,23.1,83,5.5,11.4,908.9
2021-10-08,Bengaluru,,,,,,,22.6,89,9.7,14.2,909.9
2021-10-09,Bengaluru,,,,,,,21.9,91,9.9,15.5,911.1
2021-10-10,Bengaluru,,,,,,,22.2,88,7.4,15.2,910.7
2021-10-11,Bengaluru,,,,,,,22.1,89,17.7,13.0,909.4
2021-10-12,Bengaluru,,,,,,,21.2,93,30.1,11.8,908.9
2021-10-13,Bengaluru,19.89,25.2,28.4,5.98125,10.127142857142857,197.5,21.6,89,10.9,17.4,908.7
2021-10-14,Bengaluru,16.523809523809526,31.28205128205128,24.75,5.2023809523809526,19.566170212765957,210.66666666666666,22.2,88,18.6,11.0,908.1
2021-10-15,Bengaluru,28.123333333333335,53.30232558139535,22.044444444444444,5.882019704433498,22.260988372093024,388.23754789272033,22.2,89,13.9,6.8,906.0
2021-10-16,Bengaluru,39.327504273504275,67.59545454545454,25.847186147186147,5.126930894308943,30.130696022727275,284.4664285714286,22.6,88,11.2,10.0,905.4
2021-10-17,Bengaluru,26.033479349186486,49.821969696969695,15.39782608695652,4.426666666666667,22.81673913043478,441.27659574468083,22.7,87,5.5,13.1,907.4
2021-10-18,Bengaluru,27.805555555555557,65.02380952380952,14.653658536585365,5.213636363636363,22.891341463414633,314.0595238095238,22.4,87,5.8,17.6,910.1
2021-10-19,Bengaluru,34.575,78.29545454545455,23.484615384615385,5.384615384615385,22.729032258064517,200.8695652173913,22.8,81,0.7,11.5,912.2
2021-10-20,Bengaluru,43.55263157894737,103.79545454545455,32.46850951374207,5.3244444444444445,19.369200581395347,381.25,23.2,81,11.9,11.1,913.6
2021-10-21,Bengaluru,38.73888888888889,80.45285285285286,27.43813424947146,4.893181818181818,19.10452892069171,386.25,22.6,85,7.0,12.0,913.7
2021-10-22,Bengaluru,35.05555555555556,67.18604651162791,35.44285714285714,4.728571428571429,21.525357142857143,193.90243902439025,22.7,82,3.0,11.8,913.8
2021-10-23,Bengaluru,26.794117647058826,59.294117647058826,27.58178571428571,5.192443064182195,25.600428907168038,289.3280788530466,22.0,86,9.5,9.7,914.3
2021-10-24,Bengaluru,14.339460784313726,25.0,25.077777777777776,5.071463414634146,31.02470588235294,382.8888888888889,21.4,86,13.1,14.6,914.1
2021-10-25,Bengaluru,34.86181818181819,65.53846153846153,29.194736842105264,5.033333333333333,29.23409090909091,464.25,22.1,81,0.9,14.8,912.7
2021-10-26,Bengaluru,51.792678018575856,88.23042273042273,32.978957219251335,5.331844919786096,22.796579545454545,715.6372549019609,22.0,78,0.5,14.2,911.9
2021-10-27,Bengaluru,61.801178294573646,116.70988446726574,33.27668455575432,5.2475000000000005,22.43011111111111,634.6428571428571,22.1,75,0.0,17.6,912.1
2021-10-28,Bengaluru,63.84957264957265,118.23499999999999,27.99397233201581,5.214878048780488,24.29266304347826,806.2850241545893,21.6,74,0.0,16.1,912.0
2021-10-29,Bengaluru,48.63133933442444,70.59309309309309,29.22,5.506388888888889,19.92624873609707,262.31235493230173,21.5,84,7.1,22.3,912.6
2021-10-30,Bengaluru,16.794871794871796,36.59119047619048,24.992682926829268,5.607317073170732,13.90609756097561,583.3333333333334,22.3,86,2.6,17.4,913.6
2021-10-31,Bengaluru,18.66046511627907,33.19159090909091,20.97906976744186,6.1646511627906975,14.286666666666665,510.90909090909093,21.8,87,4.6,18.5,913.3
2021-11-01,Bengaluru,11.970588235294118,28.727272727272727,19.56206896551724,5.907317073170732,13.65304347826087,523.3333333333334,21.1,91,4.9,20.7,912.2
2021-11-02,Bengaluru,18.069974424552427,33.93778772378516,25.035852272727272,5.893359173126615,15.343581196581196,548.8303693570451,21.8,86,0.5,23.9,911.9
2021-11-03,Bengaluru,25.62789502164502,43.55714285714286,21.439221175166296,5.127790697674419,14.476022727272728,534.5658263305322,21.5,88,7.8,18.5,912.1
2021-11-04,Bengaluru,30.441010638297872,51.055652173913046,19.15691489361702,5.233924611973393,18.28416531165312,542.7424749163879,21.9,86,2.8,13.6,911.9
2021-11-05,Bengaluru,31.59949604743083,53.112878787878785,19.404920634920636,5.976904761904763,19.060477272727272,591.6051136363636,21.1,89,11.0,10.1,911.8
2021-11-06,Bengaluru,26.88993243243243,49.823907867494825,23.147134387351777,5.677992831541219,20.752676767676768,559.1666666666666,22.0,82,0.5,13.6,910.8
2021-11-07,Bengaluru,39.7436974789916,60.74605451936873,18.459649122807015,5.8230179028133,23.233026315789473,710.2380952380952,21.2,86,1.0,20.0,910.9
2021-11-08,Bengaluru,58.33333333333333,86.93952380952382,23.15534709193246,6.101585695006747,16.31717636022514,723.6280487804878,20.7,88,3.6,17.1,911.6
2021-11-09,Bengaluru,59.9375,100.75,22.426190476190477,6.305555555555555,12.306666666666667,689.0625,20.4,79,0.0,15.3,911.7
2021-11-10,Bengaluru,47.93277777777778,102.23772609819122,21.97211287577992,5.896428571428571,18.96811403508772,814.2584047462096,19.6,83,1.9,15.3,910.9
2021-11-11,Bengaluru,44.022083333333335,66.26666666666667,16.9025,5.7631578947368425,20.741333333333333,738.0,18.0,92,20.4,23.2,907.8
2021-11-12,Bengaluru,19.523931623931624,33.87076023391813,27.913966275659824,5.72064935064935,22.133983870967743,339.7698717008798,19.8,93,5.7,18.4,907.9
2021-11-13,Bengaluru,29.53191489361702,50.87,29.726190476190474,5.8388888888888895,16.319285714285712,587.3913043478261,21.4,90,18.9,8.3,909.3
2021-11-14,Bengaluru,19.725,37.567567567567565,18.71860465116279,4.871794871794871,22.843888888888888,678.974358974359,21.2,92,11.9,8.4,909.7
2021-11-15,Bengaluru,21.35258695652174,44.476613965744406,22.738977272727276,5.443122009569378,25.03212121212121,755.8005050505051,21.7,89,17.8,10.9,908.7
2021-11-16,Bengaluru,25.46272727272727,49.21983695652174,28.049473975636765,5.4525,19.871218161683277,789.7700258397933,21.6,90,25.4,14.8,909.0
2021-11-17,Bengaluru,19.1194385026738,35.425,22.842613636363637,5.422916666666667,21.971876321353065,654.7512919896641,21.6,89,13.3,13.7,910.7
2021-11-18,Bengaluru,12.508680555555555,26.234848484848484,24.20119896640827,5.446421370967742,12.054375,714.0625,20.0,96,69.6,20.1,909.2
2021-11-19,Bengaluru,16.590284552845528,30.095087719298245,20.351357466063348,5.791560283687943,18.651399345335516,663.2692307692307,20.5,94,31.4,18.5,906.0
2021-11-20,Bengaluru,18.204545454545453,31.75,17.68725,5.79,21.864545454545453,664.25,21.2,93,7.5,15.0,907.6
2021-11-21,Bengaluru,31.558139534883722,55.0,16.8,5.841176470588235,22.27,653.4782608695652,21.9,85,17.9,11.8,910.8
2021-11-22,Bengaluru,19.725833333333334,46.97560975609756,24.174418604651162,5.6971428571428575,18.396410256410256,766.046511627907,21.4,88,8.8,17.3,912.2
2021-11-23,Bengaluru,20.264976958525345,46.46633986928104,27.12548319327731,5.727738095238095,17.738926640926643,587.5178571428571,22.3,85,1.0,13.2,912.0
2021-11-24,Bengaluru,22.461701902748416,47.17054263565892,29.516828282828282,5.913571428571428,17.309333333333335,614.8611111111111,21.7,84,0.4,21.3,912.1
2021-11-25,Bengaluru,28.025882352941174,56.618421052631575,28.96679487179487,5.650725115359261,18.80665991902834,537.5320512820513,21.8,80,0.0,21.7,912.0
2021-11-26,Bengaluru,37.18482947232947,72.22058823529412,26.41814671814672,5.9756320836966,22.05676470588235,632.7222222222222,21.4,79,0.0,22.9,912.4
2021-11-27,Bengaluru,42.97719512195122,77.14137214137214,24.649686882003955,5.560972222222222,22.367849999999997,555.3777777777777,19.9,88,5.1,22.2,912.2
2021-11-28,Bengaluru,29.314553571428572,51.3803125,21.20532608695652,5.17343685300207,21.597452380952383,373.34334886128363,20.9,91,4.4,17.8,912.3
2021-11-29,Bengaluru,16.848484848484848,37.09090909090909,23.710465116279067,5.493548387096775,16.269722222222224,552.3809523809524,21.1,89,1.4,26.0,912.9
2021-11-30,Bengaluru,22.82234432234432,51.09964743589744,25.9092766075388,5.870443520443521,17.720336970474968,512.940379403794,21.3,85,1.4,22.2,913.1
2021-12-01,Bengaluru,35.212435897435896,57.924145299145295,26.67095238095238,5.884507722007722,17.626685810810812,471.22586872586874,21.4,85,1.0,19.1,912.7
2021-12-02,Bengaluru,42.90255813953488,93.47368421052632,27.473684210526315,5.802702702702702,19.324871794871797,564.8717948717949,21.6,86,3.9,11.6,912.8
2021-12-03,Bengaluru,48.78260869565217,93.37142857142857,17.94,5.8625,21.784848484848485,586.0869565217391,21.6,85,1.8,13.4,913.0
2021-12-04,Bengaluru,51.828590785907856,96.10868673050615,21.226704545454545,5.841389961389961,22.884444444444444,788.760162601626,21.3,88,4.2,5.6,913.1
2021-12-05,Bengaluru,36.0175,63.04183135704875,17.428486622073578,5.803333333333334,22.883379446640316,658.2806324110672,21.6,83,1.2,7.9,913.2
2021-12-06,Bengaluru,61.90134615384615,116.42213675213675,18.418,6.327777777777778,26.994431009957324,816.8713450292398,21.7,81,0.7,12.1,912.9
2021-12-07,Bengaluru,64.12555555555555,107.87878787878788,27.55560344827586,5.968,24.553333333333335,843.0434782608696,21.6,76,0.1,13.1,913.3
2021-12-08,Bengaluru,32.94642857142857,72.8607142857143,27.38214285714286,6.5354,20.38236607142857,328.2142857142857,21.3,76,0.0,15.3,913.4
2021-12-09,Bengaluru,27.440416666666664,54.348484848484844,30.151515151515152,6.110501567398119,20.726637596899224,301.06060606060606,21.9,80,0.5,14.1,914.7
2021-12-10,Bengaluru,26.58823529411765,55.0,21.195238095238096,6.223076923076922,18.92269230769231,552.6923076923077,21.2,79,0.0,17.1,915.3
2021-12-11,Bengaluru,25.743589743589745,55.0,18.807317073170733,5.663157894736842,18.992105263157896,553.1578947368421,21.1,83,2.3,19.8,914.8
2021-12-12,Bengaluru,19.33090909090909,34.519090909090906,17.573170731707318,5.875862068965517,18.918518518518518,479.5652173913044,21.0,80,0.4,22.5,915.0
2021-12-13,Bengaluru,25.537058823529414,43.90450980392157,19.431275060144348,6.611525974025974,18.278939393939396,326.1666666666667,20.7,84,1.2,18.1,914.1
2021-12-14,Bengaluru,28.09090909090909,55.0,24.697560975609758,5.836363636363636,20.752352941176472,337.0,20.8,82,0.8,19.6,913.6
2021-12-15,Bengaluru,40.911764705882355,87.05714285714286,23.419354838709676,6.076470588235294,22.697499999999998,286.4516129032258,20.5,78,0.0,16.1,914.0
2021-12-16,Bengaluru,50.44444444444444,101.39473684210526,26.148717948717948,5.8125,23.896,253.75,20.7,76,0.0,14.0,914.8
2021-12-17,Bengaluru,59.67741935483871,114.025,28.33030303030303,5.525925925925925,24.283846153846152,295.8333333333333,20.5,75,0.0,13.0,915.1
2021-12-18,Bengaluru,71.17391304347827,131.52631578947367,22.1027027027027,5.836666666666667,24.401621621621622,296.1111111111111,19.7,73,0.0,13.7,914.4
2021-12-19,Bengaluru,53.371428571428574,101.0625,21.49705882352941,5.754838709677419,24.16941176470588,275.5882352941176,18.5,67,0.0,16.0,914.9
2021-12-20,Bengaluru,47.91363636363637,92.11538461538461,17.830000000000002,5.74375,23.76681818181818,272.85714285714283,18.3,76,0.0,13.8,914.9
2021-12-21,Bengaluru,77.5,140.0,17.15,6.7,70.635,0.41,18.9,78,0.0,10.9,914.9
2021-12-22,Bengaluru,66.5,130.595,22.799999999999997,5.475,21.2025,177.5,19.2,73,0.0,11.0,913.7
2021-12-23,Bengaluru,83.84615384615384,140.375,30.276666666666667,5.415333333333333,25.84916666666667,340.5,19.5,70,0.0,11.5,913.3
2021-12-24,Bengaluru,51.06785714285714,105.51666666666667,25.285,5.4825,21.08833333333333,383.0,19.6,64,0.0,11.8,913.2
2021-12-25,Bengaluru,52.85714285714286,101.96253968253967,28.775000000000006,5.2785714285714285,25.25,187.5,19.8,64,0.0,11.9,913.8
2021-12-26,Bengaluru,49.416666666666664,79.43333333333334,23.5775,5.406666666666666,19.759,258.33333333333337,20.4,67,0.0,13.4,914.9
2021-12-27,Bengaluru,49.32666666666667,88.71428571428571,19.0,5.35,35.67107142857143,100.0,19.8,74,0.0,13.5,915.5
2021-12-28,Bengaluru,38.5625,76.71428571428571,17.943392857142854,5.800000000000001,22.19,241.0,20.1,73,0.0,17.0,914.8
2021-12-29,Bengaluru,27.15,59.8,17.39,5.8425,23.21,207.0,20.7,73,0.0,17.1,914.2
2021-12-30,Bengaluru,27.666666666666668,63.0,20.919999999999998,5.335000000000001,20.067999999999998,289.44444444444446,20.1,78,0.6,19.8,915.1
2021-12-31,Bengaluru,15.708000000000002,31.613999999999997,13.693333333333333,6.45,23.13,570.8333333333333,20.8,79,2.4,25.0,916.2
2020-01-01,Chennai,20.262948717948717,32.93179487179487,5.728717948717949,9.355641025641026,19.205641025641025,426.4788732394366,25.0,88,6.6,13.7,1013.0
2020-01-02,Chennai,18.0375,23.03857142857143,5.851470588235294,5.876315789473685,25.61119659442724,428.0,25.5,88,2.3,11.6,1013.9
2020-01-03,Chennai,26.04,32.714285714285715,5.5042857142857144,7.537719298245614,19.250824175824174,426.5934065934066,26.1,85,1.6,11.8,1012.3
2020-01-04,Chennai,21.94287234042553,36.238076923076925,6.6207692307692305,4.9465957446808515,18.998076923076923,460.7692307692308,26.4,85,0.4,12.8,1010.6
2020-01-05,Chennai,13.734690476190476,28.908857142857144,4.894,4.304065934065934,26.81401098901099,458.7912087912088,26.1,84,5.3,11.6,1011.0
2020-01-06,Chennai,15.925365111561867,25.705882352941178,4.605686274509804,8.45289156626506,19.253242055442865,461.0344827586207,25.6,85,4.0,17.9,1013.0
2020-01-07,Chennai,29.29596014492754,41.81101449275362,4.578985507246377,21.224230769230772,33.109963768115946,460.32608695652175,26.0,79,2.2,22.0,1012.7
2020-01-08,Chennai,37.81890710382513,61.83459016393442,6.3589473684210525,27.412777777777777,33.906345987920616,547.8947368421053,25.4,75,0.1,14.7,1012.2
2020-01-09,Chennai,32.77051369863014,71.79388888888889,8.948333333333332,11.381764705882354,19.067083333333333,933.013698630137,24.6,74,0.0,10.5,1011.8
2020-01-10,Chennai,34.29780701754386,71.50684210526316,7.633157894736842,7.806140350877193,31.59966610073571,893.1182795698925,25.1,70,0.0,14.6,1012.3
2020-01-11,Chennai,39.07415384615385,73.21953846153846,7.936000000000001,11.035846153846155,29.594351882160392,915.7446808510638,25.2,70,0.0,16.1,1013.1
2020-01-12,Chennai,57.105147679324894,72.11822784810127,5.5196202531645575,3.868936170212766,19.143227848101265,943.4042553191489,25.0,78,2.0,18.1,1012.0
2020-01-13,Chennai,75.08719298245614,127.99368421052633,6.15945054945055,4.762637362637363,19.097631578947368,960.6593406593406,24.3,79,0.1,13.4,1010.9
2020-01-14,Chennai,97.46535087719298,107.96913793103448,7.798448275862069,16.92948275862069,18.876120689655174,880.0,23.9,71,0.0,12.7,1011.1
2020-01-15,Chennai,42.86346129032258,69.40983870967742,6.095806451612903,18.226612903225806,31.906320430107527,674.1095890410959,25.2,62,0.0,14.8,1011.5
2020-01-16,Chennai,26.376527777777778,43.46861111111111,5.967638888888889,18.34402777777778,18.648230013550133,810.1724137931035,25.4,68,0.0,15.6,1011.5
2020-01-17,Chennai,32.52591365461848,55.10421686746987,5.969397590361446,17.94831325301205,18.427710843373493,892.5,25.3,82,2.2,15.8,1011.6
2020-01-18,Chennai,20.005357142857143,26.22085714285714,5.4799999999999995,18.224285714285713,29.291035714285716,908.875,25.9,81,10.7,16.2,1011.5
2020-01-19,Chennai,20.451166666666666,29.57133333333333,4.721,15.903666666666668,18.214333333333332,885.8510638297872,26.2,75,0.0,13.0,1012.0
2020-01-20,Chennai,27.623933333333333,53.89093333333334,7.33027027027027,16.100933333333334,16.5096,930.2173913043479,25.7,77,0.0,13.5,1012.7
2020-01-21,Chennai,31.2601875,60.33575,7.828749999999999,15.751499999999998,18.972,919.6739130434783,25.7,71,0.0,16.3,1014.2
2020-01-22,Chennai,41.65169642857143,65.34946428571429,8.53,15.67607142857143,35.55607954545455,1001.3636363636364,26.1,70,0.0,19.7,1014.5
2020-01-23,Chennai,49.812052845528456,87.95243902439024,8.694634146341464,15.734268292682927,19.292681525091112,997.0114942528736,25.9,72,0.1,16.8,1013.4
2020-01-24,Chennai,55.833307180851065,112.878375,12.325750000000001,17.54975,33.89196471855642,1017.4468085106383,24.1,79,0.0,12.8,1012.9
2020-01-25,Chennai,45.40469512195122,96.91658536585366,9.649024390243902,17.00146341463415,18.9815243902439,1054.5263157894738,23.3,82,0.0,12.9,1012.7
2020-01-26,Chennai,36.20796052631579,93.23609375000001,10.276052631578947,12.978809523809524,19.122763157894735,1074.342105263158,23.5,83,0.0,11.6,1011.5
2020-01-27,Chennai,42.38426917057903,75.5543661971831,9.267,7.222065217391304,18.938521126760563,1116.7777777777778,24.5,80,0.0,17.6,1011.1
2020-01-28,Chennai,45.74897849462366,68.81155844155843,9.709462365591397,6.142553191489362,35.1939840804357,1081.720430107527,25.7,77,0.0,18.7,1011.3
2020-01-29,Chennai,44.70855749746707,65.4342857142857,7.639404761904762,5.824239130434783,15.509512195121951,1058.2978723404256,25.8,78,0.0,17.9,1012.1
2020-01-30,Chennai,36.53987614329269,61.5103125,7.874634146341464,5.9228048780487805,9.85688679245283,1055.6097560975609,25.3,80,0.0,17.1,1011.2
2020-01-31,Chennai,26.79585144927536,48.0141935483871,6.851847826086956,10.533406593406593,12.895550490883592,1025.7608695652175,25.7,77,0.0,14.8,1010.5
2020-02-01,Chennai,29.436317204301076,51.019999999999996,6.398191489361702,14.33764705882353,25.881357368753953,1035.483870967742,26.6,71,0.0,15.6,1011.2
2020-02-02,Chennai,27.387964135021097,37.485,4.543924050632911,14.727432432432431,23.329346561751624,958.1012658227849,26.4,72,0.0,16.9,1013.2
2020-02-03,Chennai,24.666646341463416,57.86524390243902,4.803586956521739,14.640853658536585,12.73652306468717,930.1086956521739,26.0,73,0.0,14.7,1013.5
2020-02-04,Chennai,26.663924731182796,64.76051282051282,4.886989247311828,14.810512820512821,24.39960800326664,1014.1935483870968,26.0,75,1.0,13.7,1012.0
2020-02-05,Chennai,27.05530141843972,60.44157303370787,5.111011235955056,14.92370786516854,12.668100047812574,1052.4468085106382,25.9,71,0.0,12.0,1012.0
2020-02-06,Chennai,25.949186046511628,51.79942028985507,7.096162790697674,8.184823529411766,12.65485507246377,1041.7441860465117,25.6,75,0.0,16.1,1012.0
2020-02-07,Chennai,29.362454954954956,57.19180555555556,8.852027027027026,9.238260869565217,28.19652027027027,769.4565217391304,26.5,67,0.0,22.2,1012.4
2020-02-08,Chennai,25.513634751773047,49.066117647058825,6.455,9.123297872340427,34.57889756592292,903.5106382978723,26.5,69,0.0,20.5,1012.6
2020-02-09,Chennai,26.44450354609929,43.598888888888894,4.9157142857142855,14.920987654320987,32.919803408480945,980.3260869565217,26.7,68,0.8,17.1,1013.0
2020-02-10,Chennai,29.788832891246685,61.27846153846154,4.808589743589743,14.754102564102563,35.64158709106985,863.4408602150538,26.8,62,0.0,16.9,1013.1
2020-02-11,Chennai,24.94838461538462,68.47589743589744,5.01076923076923,14.654871794871793,12.49474358974359,916.5555555555555,26.4,72,0.2,19.1,1013.4
2020-02-12,Chennai,32.12529451010293,82.6088524590164,8.325573770491804,14.168876404494382,30.74986084635913,985.0,26.7,72,0.5,18.7,1014.3
2020-02-13,Chennai,42.912385844748854,95.2686956521739,10.714130434782609,15.245434782608696,12.805198034544372,999.8630136986301,26.3,74,0.0,17.3,1013.5
2020-02-14,Chennai,56.197903225806456,104.49296296296296,10.195483870967742,15.055061728395062,39.43745121465552,1095.6989247311828,25.5,74,0.0,15.5,1011.3
2020-02-15,Chennai,45.351069182389935,49.339130434782604,10.496071428571428,5.840595238095238,5.343999999999999,1107.6190476190477,24.9,71,0.0,11.9,1011.3
2020-02-16,Chennai,32.4643115942029,52.833636363636366,6.634239130434783,7.520243902439024,17.726347826086958,990.8695652173913,25.1,71,0.0,12.4,1012.9
2020-02-17,Chennai,25.847941960623462,69.23566037735849,6.931868131868131,7.682075471698113,19.08412325676784,988.4782608695652,25.3,68,0.0,12.1,1013.7
2020-02-18,Chennai,35.23555555555556,84.14872727272727,12.16309090909091,7.786181818181818,8.366454545454545,1034.0,25.2,68,0.0,13.8,1013.2
2020-02-19,Chennai,38.54495035460993,95.70382978723404,7.312444444444444,8.951333333333334,19.458772727272724,1003.4444444444445,25.7,65,0.0,14.2,1013.0
2020-02-20,Chennai,27.926423085363176,70.18367346938776,6.2780645161290325,7.983673469387755,20.636563748079876,954.1935483870968,25.9,62,0.0,14.8,1012.7
2020-02-21,Chennai,28.52741573033708,121.08863636363635,21.78227272727273,7.804772727272728,11.779265650080257,963.5955056179776,26.4,67,0.0,18.8,1013.9
2020-02-22,Chennai,26.09793560606061,52.089999999999996,5.1265217391304345,7.610652173913043,5.366356225296443,980.0,27.0,73,0.3,21.1,1014.7
2020-02-23,Chennai,26.05284090909091,53.62540540540541,4.462272727272727,7.3890540540540535,24.99679207616708,984.6590909090909,26.8,74,0.8,18.0,1014.0
2020-02-24,Chennai,25.4443085106383,76.63574468085106,4.264086021505376,7.368297872340426,9.152872340425532,927.2043010752689,26.5,76,0.0,14.1,1011.4
2020-02-25,Chennai,33.151304347826084,61.682,7.135370370370371,7.301230769230769,29.053277591973245,431.38461538461536,27.1,75,0.1,17.1,1010.0
2020-02-26,Chennai,31.70836879432624,63.560634920634925,7.431587301587301,7.913809523809523,22.84285714285714,517.7777777777778,27.2,75,0.4,15.8,1010.4
2020-02-27,Chennai,34.74239361702128,70.59987654320987,4.316913580246914,7.747037037037037,21.299444444444447,415.8024691358025,27.2,74,0.2,16.6,1010.8
2020-02-28,Chennai,26.245431034482756,50.12686567164179,5.079402985074627,7.914925373134328,22.77409090909091,382.8358208955224,27.0,72,0.3,17.4,1010.2
2020-02-29,Chennai,35.367518315018316,91.2434375,6.6853125,7.603626373626373,44.18379979395604,494.0625,26.8,73,0.5,16.3,1010.1
2020-03-01,Chennai,29.389329710144928,44.68354838709678,5.903548387096774,7.4561290322580644,22.774305750350628,329.03225806451616,26.8,71,0.2,15.1,1010.3
2020-03-02,Chennai,45.27060283687943,64.45285714285714,11.487142857142857,8.455714285714285,21.37357142857143,359.2857142857143,26.4,71,0.0,15.6,1010.6
2020-03-03,Chennai,42.3491341991342,98.52613636363635,15.100454545454545,7.940681818181818,25.204584980237158,550.6818181818181,27.0,70,0.0,15.7,1009.9
2020-03-04,Chennai,28.22489130434783,61.28,12.816153846153847,7.202307692307692,21.39246348588121,383.0769230769231,26.8,76,0.0,20.2,1009.3
2020-03-05,Chennai,18.350555555555555,36.61571428571428,9.621724137931034,6.901481481481481,25.12948275862069,641.2345679012345,27.2,75,0.0,24.7,1008.7
2020-03-06,Chennai,16.27262002042901,22.6215,9.35530303030303,7.27123595505618,24.886748261102195,653.5955056179776,27.5,74,0.6,22.5,1009.4
2020-03-07,Chennai,18.381117216117214,23.968055555555555,10.942682926829267,5.545714285714285,12.996093540605738,408.5365853658537,27.6,74,0.7,23.8,1010.7
2020-03-08,Chennai,12.973622729774352,26.38721518987342,3.952911392405064,6.715696202531645,24.59307649972482,339.7826086956522,27.3,74,0.2,19.4,1010.5
2020-03-09,Chennai,15.260714285714286,30.730000000000004,4.1681395348837205,6.462987012987012,13.247558139534883,364.8809523809524,26.9,73,0.0,17.1,1009.4
2020-03-10,Chennai,16.30845422308188,43.413209876543206,7.758765432098766,5.176595744680851,15.206543209876543,376.17021276595744,27.3,71,0.0,17.9,1009.6
2020-03-11,Chennai,15.956319764229141,39.19641791044776,12.825074626865671,7.336417910447762,30.171194029850746,356.85393258426967,26.9,73,0.0,22.6,1010.1
2020-03-12,Chennai,22.138586285915743,44.782380952380954,11.805396825396825,5.664111111111111,36.8760599078341,769.3548387096774,27.4,73,0.0,20.0,1011.1
2020-03-13,Chennai,31.566444444444446,45.897901002506266,11.826833333333333,5.686444444444445,0.009777777777777778,1078.0555555555557,27.5,73,0.0,16.9,1011.2
2020-03-14,Chennai,33.168404255319146,47.01342105263158,10.588157894736844,8.121052631578948,20.62184210526316,428.51063829787233,27.5,73,0.0,16.4,1010.2
2020-03-15,Chennai,25.918040293040292,47.4,5.606756756756757,7.648243243243243,25.379594594594593,571.505376344086,27.7,71,0.0,15.2,1010.0
2020-03-16,Chennai,23.70179775280899,12.219736842105263,8.249736842105264,7.814473684210526,24.53407894736842,988.6516853932584,28.2,71,0.0,16.0,1011.0
2020-03-17,Chennai,24.53028985507246,23.935,8.488,6.3382022471910116,27.995,1014.5652173913044,27.8,75,0.0,15.3,1012.4
2020-03-18,Chennai,30.671186274509807,4.724098360655738,6.979344262295082,6.844235294117647,44.98795081967213,1064.3529411764705,27.7,78,0.0,16.3,1011.5
2020-03-19,Chennai,22.67648148148148,6.39,8.735087719298246,6.300123456790123,60.71061403508772,1033.20987654321,28.1,77,0.0,21.6,1010.2
2020-03-20,Chennai,21.954016064257026,3.8324528301886795,5.3019277108433736,6.68566037735849,113.2504716981132,1041.9277108433735,27.8,77,0.0,23.2,1010.0
2020-03-21,Chennai,19.597371794871798,1.4235897435897438,8.822564102564103,6.800512820512822,63.99570512820513,988.5897435897435,28.1,75,0.0,25.4,1009.8
2020-03-22,Chennai,27.723333333333336,0.31,6.512043010752688,7.087999999999999,49.666,970.0,28.2,74,0.0,21.0,1009.7
2020-03-23,Chennai,32.601712765957444,5.6115,2.6385,6.6255,39.035000000000004,1025.7446808510638,28.0,70,0.0,20.0,1009.8
2020-03-24,Chennai,14.167146118721462,1.3654285714285714,2.9385714285714286,6.905428571428572,42.095530332681015,523.6470588235294,27.9,72,0.0,16.5,1008.5
2020-03-25,Chennai,18.703323529411765,2.2891666666666666,2.6963291139240506,6.988333333333333,44.69958333333333,849.7647058823529,27.8,72,0.0,16.8,1008.5
2020-03-26,Chennai,20.347967032967034,1.2906666666666666,3.0453333333333332,6.844666666666667,28.582,702.4175824175824,28.1,72,0.0,15.7,1009.2
2020-03-27,Chennai,21.569166666666668,1.252,1.6289010989010988,6.951666666666667,61.05274637681159,661.195652173913,27.8,71,0.0,16.5,1010.8
2020-03-28,Chennai,31.319666666666667,3.965861111111111,2.274121722846442,4.534274656679151,0.0,660.3401997503122,27.3,73,0.0,16.5,1009.7
2020-03-29,Chennai,21.572837078651688,6.679722222222222,4.150833333333334,6.413888888888889,23.56597222222222,649.0909090909091,27.6,74,0.0,18.9,1008.7
2020-03-30,Chennai,28.061857142857143,81.21157894736842,7.713947368421053,6.815263157894737,37.54801879699248,531.3157894736842,27.1,76,0.0,17.3,1009.4
2020-03-31,Chennai,29.71805413687436,44.111384615384615,3.909775280898877,6.828769230769231,32.033076923076926,538.3870967741935,27.5,76,0.0,15.8,1009.9
2020-04-01,Chennai,31.422183908045977,2.111923076923077,7.301923076923076,6.8494230769230775,42.96457559681697,721.7241379310345,28.0,76,0.0,18.2,1009.2
2020-04-02,Chennai,22.324237288135595,50.968474576271184,7.850677966101695,7.012542372881356,48.27046097969827,744.5054945054945,28.5,77,0.0,21.0,1008.1
2020-04-03,Chennai,22.618936170212763,51.48,6.332553191489362,6.8885106382978725,50.518191489361705,731.9148936170212,28.8,75,0.0,22.0,1008.8
2020-04-04,Chennai,19.64968253968254,122.16507936507936,4.6401587301587295,5.557222222222222,49.58627777777778,745.1612903225806,28.6,74,0.0,18.6,1009.8
2020-04-05,Chennai,16.82831168831169,30.841818181818184,5.897662337662338,5.1040217391304346,45.605706605222736,574.5652173913044,29.3,76,1.0,19.7,1010.2
2020-04-06,Chennai,10.372222222222222,27.811016949152545,8.06,2.6811111111111114,41.44289171374765,752.8888888888889,29.4,78,1.3,22.5,1009.9
2020-04-07,Chennai,8.064146141215108,59.183142857142855,9.79,3.2074647887323944,44.92285385878489,736.6666666666666,29.3,77,0.6,24.6,1008.6
2020-04-08,Chennai,11.060264681555005,1.6592307692307693,6.493076923076923,2.548191489361702,32.615,722.5531914893617,29.6,77,0.8,24.9,1008.8
2020-04-09,Chennai,7.995989583333333,0.0,13.454166666666667,2.5921590909090906,26.07229166666667,667.5,29.3,78,1.5,20.0,1009.2
2020-04-10,Chennai,19.19598567193676,0.0,7.068405797101449,6.565652173913044,44.06792557111275,595.5681818181819,29.0,74,0.1,20.2,1010.0
2020-04-11,Chennai,11.59594298245614,0.0,3.5360526315789476,6.678421052631579,38.56103216374269,623.9325842696629,29.0,73,0.3,15.7,1011.1
2020-04-12,Chennai,13.303896396396397,0.0,5.3448648648648645,6.533918918918919,39.120067567567574,750.4444444444445,28.3,76,0.0,17.8,1010.2
2020-04-13,Chennai,18.461622807017545,0.0,5.41,6.608157894736842,41.038407054871215,734.6808510638298,28.2,77,0.0,19.3,1008.6
2020-04-14,Chennai,17.7227,0.0,4.1498,6.766,47.78406170212766,739.7872340425532,28.2,75,0.0,17.2,1009.0
2020-04-15,Chennai,15.835806451612903,0.0,3.0650617283950616,6.829516129032259,48.52805535190616,601.9753086419753,28.7,73,0.0,19.3,1010.0
2020-04-16,Chennai,11.12411971830986,0.0,7.025070422535211,4.553548387096774,39.54629335150689,659.3617021276596,28.9,77,0.0,23.6,1008.7
2020-04-17,Chennai,8.084801075268818,0.0,7.369230769230769,4.676129032258064,37.415,647.0,29.6,75,0.0,25.3,1008.0
2020-04-18,Chennai,7.071331679073615,0.0,6.931538461538461,6.803076923076923,28.88653846153846,751.7204301075269,29.5,75,0.2,23.2,1008.4
2020-04-19,Chennai,6.912380059970015,0.0,4.955517241379311,4.326483516483517,39.17818965517242,731.123595505618,29.7,75,0.2,20.5,1008.3
2020-04-20,Chennai,8.549765258215963,0.0,5.975352112676056,4.48876404494382,42.06316901408451,541.6279069767442,29.6,75,0.2,19.9,1008.3
2020-04-21,Chennai,7.268851674641148,0.0,6.209736842105263,4.256481481481481,59.80756822612086,742.4074074074074,29.5,74,0.0,19.0,1008.2
2020-04-22,Chennai,8.055944444444444,0.0,7.17,5.503111111111111,45.06444444444445,626.1904761904761,29.6,76,0.2,27.1,1007.7
2020-04-23,Chennai,5.782090909090909,0.0,7.930000000000001,4.546,35.949333333333335,588.6666666666666,29.8,76,0.0,24.5,1007.3
2020-04-24,Chennai,5.033815789473684,0.0,9.48,2.794166666666667,39.10625,753.1578947368421,30.1,75,0.2,26.9,1006.8
2020-04-25,Chennai,2.0,0.0,10.61,4.632083333333333,39.041425000000004,774.978947368421,30.6,76,0.0,26.3,1006.4
2020-04-26,Chennai,4.6967,0.0,11.74,6.47,38.976600000000005,796.8,30.0,76,0.5,25.7,1007.6
2020-04-27,Chennai,5.407571428571428,0.0,4.521428571428571,4.3915,39.81714285714286,761.75,30.1,76,2.9,19.4,1008.4
2020-04-28,Chennai,5.866474747474747,0.0,5.722727272727273,2.2206976744186044,44.71931818181818,760.2222222222222,30.0,75,0.9,19.2,1008.0
2020-04-29,Chennai,8.989989583333333,0.0,6.682666666666666,3.1106451612903228,46.90466666666667,757.8125,29.8,74,0.0,14.8,1007.8
2020-04-30,Chennai,15.507375000000001,0.0,9.466,5.9085,53.455,770.75,29.9,78,0.3,21.4,1008.1
2020-05-01,Chennai,15.048059440559442,0.0,4.192727272727272,4.150232558139535,52.530313059033986,809.0697674418604,30.3,76,0.0,21.0,1007.4
2020-05-02,Chennai,13.371813725490195,0.0,2.4314285714285715,2.9575,59.831365546218485,777.5,30.4,78,0.0,20.9,1006.2
2020-05-03,Chennai,13.064924242424244,0.0,2.071212121212121,3.093529411764706,71.89563725490197,746.7647058823529,30.3,78,0.0,23.2,1006.1
2020-05-04,Chennai,9.134087837837837,0.0,1.520232558139535,3.0291891891891893,30.53875,759.0697674418604,29.9,76,0.0,23.7,1007.2
2020-05-05,Chennai,6.115211810012837,0.0,4.391578947368421,3.064878048780488,65.12666666666667,752.1951219512196,30.1,77,0.0,23.5,1006.9
2020-05-06,Chennai,9.040096153846154,0.0,7.664999999999999,7.0616666666666665,40.36320512820513,753.3333333333334,30.2,74,0.0,23.7,1006.6
2020-05-07,Chennai,9.685020380434782,0.0,8.12375,3.2725,20.45,830.0,30.3,77,0.2,25.0,1006.8
2020-05-08,Chennai,10.763793103448275,0.0,7.482758620689655,6.819310344827586,56.387327586206894,802.7586206896551,30.4,76,0.2,21.2,1006.8
2020-05-09,Chennai,8.633665413533834,0.0,5.93,2.775357142857143,56.108477443609026,800.5263157894736,30.5,76,0.0,20.5,1006.9
2020-05-10,Chennai,7.955416666666667,0.0,6.161666666666667,4.801666666666666,107.76291666666667,872.5,30.2,76,0.0,17.3,1006.8
2020-05-11,Chennai,6.948508158508158,0.0,5.098461538461539,5.36060606060606,53.198455710955706,833.4615384615385,30.3,75,0.3,14.8,1007.2
2020-05-12,Chennai,8.360435897435897,0.0,5.6826923076923075,2.8956666666666666,49.489038461538456,831.0,29.3,80,1.0,16.5,1006.9
2020-05-13,Chennai,8.285,0.0,4.69,2.9,56.45,590.0,30.0,76,0.0,15.8,1005.9
2020-05-14,Chennai,7.882272727272728,0.0,4.9395454545454545,3.322,43.38090909090909,821.6666666666666,30.2,75,0.2,16.7,1005.2
2020-05-15,Chennai,12.827897435897436,0.0,7.391538461538461,3.228666666666667,30.342692307692307,906.6666666666666,30.4,75,0.7,20.0,1003.7
2020-05-16,Chennai,12.306641876430206,0.0,3.161578947368421,3.0845000000000002,50.732512531328325,925.7142857142857,30.9,72,0.1,21.9,1002.9
2020-05-17,Chennai,8.269675925925926,0.0,2.9840740740740745,3.1358333333333333,41.83351851851852,861.8518518518518,30.7,74,0.0,20.1,1001.4
2020-05-18,Chennai,25.02313725490196,0.0,8.259642857142858,4.0215625,39.565892857142856,981.1764705882352,32.1,65,0.4,18.5,999.0
2020-05-19,Chennai,27.88636904761905,0.0,12.8225,3.0379310344827584,56.876702586206896,1013.75,34.1,54,0.1,25.1,997.5
2020-05-20,Chennai,25.18445945945946,0.0,15.495000000000001,2.258055555555556,19.9675,1022.7027027027027,34.1,54,0.0,23.8,999.0
2020-05-21,Chennai,22.374353701527614,0.0,17.148000000000003,7.184,29.314999999999998,992.0,32.9,58,0.0,29.7,1001.4
2020-05-22,Chennai,13.590913043478261,0.0,14.280000000000001,7.2780000000000005,77.65093103448277,1039.3103448275863,32.3,66,0.0,21.2,1002.6
2020-05-23,Chennai,23.01473684210526,0.0,17.626216216216214,7.33,74.81,961.6216216216217,31.3,75,0.0,24.4,1003.4
2020-05-24,Chennai,15.3585,0.0,12.239302325581395,7.220000000000001,46.714,1012.5581395348837,30.9,78,0.2,23.4,1004.6
2020-05-25,Chennai,19.044378019323673,0.0,12.02,7.325,62.58541666666666,1085.0,30.7,77,0.1,21.7,1005.9
2020-05-26,Chennai,17.95961038961039,290.4714285714286,12.962857142857143,7.164285714285714,49.20549450549451,1004.1025641025641,30.7,77,1.1,25.3,1005.7
2020-05-27,Chennai,14.434090909090909,0.0,8.32,7.63,28.175,1085.0,31.2,77,0.2,26.4,1004.9
2020-05-28,Chennai,20.49416666666667,0.0,14.87,7.65,67.11916666666667,972.2222222222222,31.7,75,0.0,26.9,1003.3
2020-05-29,Chennai,23.754048913043476,0.0,16.915,7.17,66.88979166666667,1136.6666666666667,31.7,68,0.0,24.2,1003.5
2020-05-30,Chennai,19.29,0.0,16.12,2.68,59.155,1040.0,31.0,75,0.0,21.6,1004.8
2020-05-31,Chennai,11.101798418972333,35.86409090909091,10.663636363636364,5.327727272727272,28.14636363636364,1014.2857142857143,30.8,74,0.0,25.7,1005.8
2020-06-01,Chennai,12.089677419354839,137.20032258064515,14.684883720930234,7.232903225806451,50.0508870967742,1035.0,31.1,73,0.0,23.0,1006.3
2020-06-02,Chennai,10.051634920634921,12.651904761904762,12.902380952380952,7.664761904761905,74.25933333333333,1170.952380952381,30.9,71,0.7,22.8,1005.7
2020-06-03,Chennai,10.443284371327849,2.2205263157894737,15.68578947368421,4.1016216216216215,84.63357041251778,1256.842105263158,31.3,64,0.0,26.1,1004.7
2020-06-04,Chennai,11.934393939393939,18.34090909090909,13.990000000000002,5.054230769230769,56.706608391608384,1363.6363636363637,31.6,66,0.0,25.1,1004.7
2020-06-05,Chennai,13.094699488491049,30.002499999999998,15.013333333333334,6.917083333333333,37.00155637254902,1227.5,31.9,64,0.7,21.9,1004.7
2020-06-06,Chennai,16.363402173913045,49.639230769230764,12.765384615384615,7.132307692307692,76.73026923076922,1296.1538461538462,31.3,65,2.2,21.7,1004.1
2020-06-07,Chennai,13.7375,185.07857142857142,12.792857142857143,7.7155555555555555,66.65285714285714,1400.909090909091,31.9,59,0.0,25.2,1003.3
2020-06-08,Chennai,18.61182926829268,42.43884615384616,16.857692307692307,7.986923076923077,37.402115384615385,1258.4615384615386,32.0,58,0.1,18.0,1002.9
2020-06-09,Chennai,15.832261904761905,26.979999999999997,11.589565217391305,5.135652173913043,61.18299689440994,1011.9047619047619,31.4,65,0.0,19.1,1002.2
2020-06-10,Chennai,27.65833333333333,0.0,3.25,1.903823529411765,0.0,920.0,30.8,64,0.8,17.7,1001.6
2020-06-11,Chennai,16.040681818181817,8.58,4.65,3.8354761904761907,26.229204545454543,997.0454545454545,30.0,65,1.2,24.5,1000.9
2020-06-12,Chennai,13.947368421052632,39.763333333333335,13.490569852941176,4.942472426470589,37.2864705882353,1554.8161764705883,31.4,56,0.0,27.8,1000.3
2020-06-13,Chennai,17.75,70.94666666666667,12.442307692307692,5.0120512820512815,0.0,996.025641025641,31.2,59,0.7,26.8,1001.0
2020-06-14,Chennai,13.406319648093842,102.13,14.11,4.600322580645161,46.8675,1095.0,31.6,64,0.7,22.1,1002.0
2020-06-15,Chennai,15.608695652173912,82.483375,7.362904761904762,2.36343253968254,37.88777777777778,1478.2103174603176,32.4,57,1.9,22.0,1002.0
2020-06-16,Chennai,23.428571428571427,62.836749999999995,17.234318181818182,2.628409090909091,0.0,1707.7272727272727,31.9,65,0.0,24.0,1001.3
2020-06-17,Chennai,26.26086956521739,43.190124999999995,20.233523076923078,5.9324102564102565,48.3964,1374.246153846154,31.7,64,0.5,23.8,1002.0
2020-06-18,Chennai,25.07901913875598,23.5435,14.296000000000001,7.005,60.79422222222222,1230.0,32.0,61,0.3,17.2,1003.5
2020-06-19,Chennai,25.821055555555553,47.907777777777774,13.375555555555556,7.202564102564102,45.54222222222222,1042.0,31.9,60,0.3,20.7,1003.8
2020-06-20,Chennai,20.608464912280702,49.91789473684211,13.454736842105264,5.5056756756756755,50.61811877667141,995.5263157894736,31.5,63,0.4,22.1,1003.6
2020-06-21,Chennai,21.796039952996473,43.589459459459455,11.767027027027027,6.917142857142857,39.431216216216214,1028.5294117647059,31.0,65,0.4,14.6,1002.9
2020-06-22,Chennai,24.4725,31.986666666666665,12.006666666666668,6.466799999999999,72.10375,1035.8333333333333,30.4,69,7.1,18.2,1001.6
2020-06-23,Chennai,13.011636713735559,24.701951219512196,12.901707317073171,6.792439024390244,40.09548780487805,1013.75,29.2,77,8.1,16.5,1003.6
2020-06-24,Chennai,18.657708333333332,31.15027027027027,13.653783783783783,6.938648648648649,69.77458896396396,1015.9459459459459,28.9,79,2.5,13.2,1004.0
2020-06-25,Chennai,15.830728900255755,34.50608695652174,10.14391304347826,6.90391304347826,50.63130434782609,1062.608695652174,28.4,80,1.3,15.8,1003.3
2020-06-26,Chennai,20.404555555555554,39.414848484848484,10.793939393939393,6.582222222222222,69.39441414141415,1070.909090909091,28.6,80,3.3,20.6,1002.9
2020-06-27,Chennai,19.583473193473196,34.55533333333334,11.366999999999999,6.449666666666667,74.29787179487178,985.3846153846154,29.8,79,2.1,15.3,1002.7
2020-06-28,Chennai,28.09664935064935,41.86027777777778,12.47888888888889,6.449714285714285,42.77305555555555,869.4285714285714,29.5,80,2.8,15.6,1002.6
2020-06-29,Chennai,14.276375291375292,22.884,10.89525,6.603333333333334,61.528625,1034.1025641025642,29.0,81,5.7,13.7,1002.1
2020-06-30,Chennai,15.142129629629629,11.588235294117647,12.146470588235294,6.775882352941176,58.751623093681914,956.6666666666666,28.4,83,10.3,15.9,1002.1
2020-07-01,Chennai,14.837045454545455,27.937,13.850999999999999,6.733,44.452,990.0,29.0,83,7.1,13.6,1002.7
2020-07-02,Chennai,15.761904761904763,13.972071428571429,20.110142857142858,4.929403361344538,27.726857142857146,1691.8571428571427,28.8,79,4.9,18.5,1002.3
2020-07-03,Chennai,11.292604166666667,0.0071428571428571435,12.907142857142857,6.937142857142858,42.99316964285715,944.375,28.8,76,1.8,17.1,1001.8
2020-07-04,Chennai,10.251309523809525,17.457,12.720666666666666,4.491785714285714,31.078988095238095,935.3571428571429,28.5,76,1.7,19.9,1002.0
2020-07-05,Chennai,13.704274193548388,36.185806451612905,11.077096774193548,4.29609756097561,34.11803379416283,944.047619047619,29.0,77,0.0,17.7,1001.7
2020-07-06,Chennai,21.51869047619048,56.97714285714285,15.825714285714286,5.37,21.23914746543779,983.8709677419355,29.4,76,1.4,18.2,1001.8
2020-07-07,Chennai,16.12538043478261,88.5325,17.564999999999998,3.2950000000000004,33.335,1013.1818181818181,29.7,75,2.6,17.4,1003.5
2020-07-08,Chennai,14.573333333333334,0.0,19.096060606060604,3.2984848484848484,36.39208333333333,940.0,28.6,83,5.8,15.9,1004.8
2020-07-09,Chennai,12.0775,25.03333333333333,14.57,3.95,52.07984848484848,979.0909090909091,28.1,82,17.0,13.8,1004.4
2020-07-10,Chennai,9.918685897435896,19.71,13.73,3.555263157894737,28.49125,990.5128205128206,28.2,80,22.2,15.8,1004.8
2020-07-11,Chennai,10.2925,27.922222222222224,15.68,4.085555555555555,36.29333333333333,1056.0,27.8,82,5.4,15.5,1004.4
2020-07-12,Chennai,13.753833333333333,25.701999999999998,21.204,3.8536,41.653,818.0,29.2,80,5.7,14.1,1003.3
2020-07-13,Chennai,17.52948717948718,25.1175,15.252500000000001,4.345,31.37375,1016.5384615384615,28.4,82,5.8,13.7,1002.8
2020-07-14,Chennai,21.42906862745098,0.0,9.41,4.139117647058823,51.01328431372549,964.4117647058823,28.9,78,0.8,12.1,1002.5
2020-07-15,Chennai,26.0375,43.27333333333333,17.63,3.969375,46.569635416666664,1034.375,28.8,79,4.0,15.6,1002.2
2020-07-16,Chennai,27.1825,37.625,16.38,3.15875,43.45333333333333,991.6666666666666,28.3,79,0.8,17.0,1001.9
2020-07-17,Chennai,26.578720238095237,34.017857142857146,19.18285714285714,4.916666666666667,49.263958333333335,906.25,29.0,77,1.1,15.4,1002.0
2020-07-18,Chennai,28.48453778982234,51.940975609756094,15.082073170731707,5.579066666666667,37.31896341463415,986.7901234567901,28.8,77,0.0,15.3,1003.4
2020-07-19,Chennai,21.67603009259259,42.907375,13.103,4.288875,53.17177700617284,980.2469135802469,28.3,83,3.9,15.8,1004.2
2020-07-20,Chennai,21.469,26.630625,16.174583333333334,4.681875,45.5825,1000.0,28.4,83,6.6,22.9,1003.7
2020-07-21,Chennai,21.94660028449502,33.8840350877193,8.253684210526316,3.8919298245614034,41.490312944523474,985.8108108108108,28.9,81,0.5,18.9,1004.5
2020-07-22,Chennai,22.383876055638353,29.565757575757573,8.565762711864407,2.817457627118644,36.09280303030303,949.8360655737705,28.8,80,0.7,21.2,1004.9
2020-07-23,Chennai,24.96690635451505,37.28269230769231,8.646984126984126,2.14768115942029,38.371730769230766,926.5217391304348,28.7,79,11.9,18.8,1004.3
2020-07-24,Chennai,23.12948275862069,36.80264367816092,8.880714285714285,4.078620689655172,85.06970114942528,921.0,28.2,83,9.7,19.6,1004.8
2020-07-25,Chennai,22.510486111111113,35.4475,10.71720588235294,5.125625,113.29034722222222,912.7777777777778,28.4,83,2.3,13.8,1005.8
2020-07-26,Chennai,26.74967741935484,34.44541666666667,7.364847507331378,9.23780938416422,19.591290322580647,1205.6554252199414,28.3,78,0.3,13.6,1006.6
2020-07-27,Chennai,26.938494623655913,33.443333333333335,8.573333333333332,2.608709677419355,63.00666666666666,1020.1612903225806,29.0,79,5.5,8.6,1005.3
2020-07-28,Chennai,42.342092760181,66.99625,9.40523076923077,5.32375,36.259375,1026.764705882353,28.7,78,13.2,13.3,1003.4
2020-07-29,Chennai,44.407902097902095,146.64272727272726,13.04076923076923,3.725454545454545,42.849999999999994,1090.0,27.3,87,25.1,13.2,1002.8
2020-07-30,Chennai,26.46039835164835,140.1388,10.0975,3.395178571428571,53.819115625,1022.4615384615385,28.5,82,8.9,13.6,1003.0
2020-07-31,Chennai,16.489685714285713,30.027600000000003,7.7644,2.7600000000000002,40.306799999999996,991.7142857142857,28.6,83,5.2,17.3,1002.7
2020-08-01,Chennai,15.02342683982684,27.090342857142858,8.127188888888888,2.968055555555556,38.555635714285714,989.063492063492,28.7,80,0.6,17.7,1002.9
2020-08-02,Chennai,13.557167965367965,24.153085714285716,8.489977777777778,3.176111111111111,36.80447142857143,986.4126984126983,29.0,77,8.2,15.8,1002.8
2020-08-03,Chennai,12.090909090909092,21.215828571428574,8.852766666666668,3.3841666666666663,35.05330714285714,983.7619047619047,28.0,78,1.5,18.9,1001.6
2020-08-04,Chennai,20.210277777777776,18.27857142857143,9.215555555555556,3.592222222222222,33.30214285714286,981.1111111111111,28.7,70,0.7,15.8,999.8
2020-08-05,Chennai,23.755833333333335,38.175,12.780000000000001,4.29,26.3975,986.6666666666666,27.6,74,3.5,23.7,998.6
2020-08-06,Chennai,22.686666666666667,34.2052,10.5928,3.660877192982456,22.872600000000002,947.0175438596491,29.3,72,0.0,21.3,1000.2
2020-08-07,Chennai,19.05548245614035,39.2235294117647,10.43,3.328095238095238,36.36911764705882,888.421052631579,29.9,71,1.3,18.9,1003.0
2020-08-08,Chennai,20.25190476190476,59.22714285714285,9.459999999999999,3.5300000000000002,50.845952380952376,781.4285714285714,30.0,71,0.8,22.1,1003.4
2020-08-09,Chennai,17.19666666666667,15.071428571428571,9.200000000000001,3.3525,35.3252380952381,543.5714285714286,28.0,78,5.4,20.6,1002.9
2020-08-10,Chennai,18.598,41.92363636363637,8.884545454545455,2.7199999999999998,24.41181818181818,704.5454545454545,28.0,82,9.9,17.8,1003.5
2020-08-11,Chennai,30.472500000000004,45.122,9.176666666666668,4.233333333333333,37.16533333333333,866.6666666666666,29.1,76,4.7,20.0,1004.5
2020-08-12,Chennai,21.0275,26.652,10.098666666666666,4.206,57.894,888.0,28.4,79,0.5,16.6,1005.4
2020-08-13,Chennai,37.67444444444445,68.54666666666667,11.884444444444444,4.633333333333334,47.26222222222222,1056.6666666666667,29.1,74,0.1,17.0,1003.6
2020-08-14,Chennai,30.947222222222223,65.26,8.096,4.062222222222222,38.592555555555556,875.5555555555555,28.6,77,0.3,15.1,1002.6
2020-08-15,Chennai,26.708333333333332,58.61818181818182,8.143181818181818,2.3395454545454544,41.15681818181818,616.3636363636364,28.7,74,0.0,16.3,1003.2
2020-08-16,Chennai,29.75264705882353,67.2575,8.0925,3.5700000000000003,39.59,735.0,28.3,72,1.4,13.0,1003.9
2020-08-17,Chennai,41.72916666666667,86.36846153846153,11.488461538461538,4.176153846153846,51.01865384615385,897.6923076923077,28.1,78,2.8,14.9,1003.5
2020-08-18,Chennai,21.733333333333334,17.251666666666665,9.245000000000001,4.165,33.160833333333336,775.0,28.9,75,3.3,13.9,1003.6
2020-08-19,Chennai,21.480833333333337,28.233333333333334,12.115,2.46,34.12583333333333,871.6666666666666,29.3,72,0.0,15.8,1002.6
2020-08-20,Chennai,27.030833333333334,84.96000000000001,10.42,4.54,90.475,1190.0,29.0,76,0.0,14.5,1002.7
2020-08-21,Chennai,24.480833333333337,76.19,10.26,4.98,100.46,990.0,29.2,80,0.9,16.9,1004.9
2020-08-22,Chennai,22.059166666666666,71.7,5.095,4.52,48.9375,575.0,28.9,82,6.3,16.8,1006.0
2020-08-23,Chennai,17.29,33.09,8.74,4.3100000000000005,62.58,1360.0,28.5,83,7.1,19.9,1005.9
2020-08-24,Chennai,9.958333333333334,45.194,9.001999999999999,4.89,73.726,1215.5,27.7,83,9.7,14.3,1006.4
2020-08-25,Chennai,51.85458333333333,76.38333333333334,12.25,4.233333333333333,41.23708333333333,940.0,28.2,83,3.3,10.9,1006.9
2020-08-26,Chennai,34.6,34.663333333333334,8.565,3.856666666666667,36.63333333333333,385.0,28.5,85,3.7,12.7,1006.5
2020-08-27,Chennai,29.771363636363635,51.07555555555555,13.879999999999999,5.22,53.212500000000006,1100.0,28.7,82,1.5,13.7,1005.4
2020-08-28,Chennai,28.659999999999997,38.71,6.330909090909091,6.47,61.20560606060606,973.6363636363636,28.7,80,2.3,14.6,1004.5
2020-08-29,Chennai,29.929166666666667,55.833333333333336,9.3,6.75,39.4175,505.0,28.7,82,2.0,13.6,1004.7
2020-08-30,Chennai,37.75,67.99666666666667,7.258333333333334,5.58,56.63333333333333,610.0,28.6,83,6.8,12.8,1005.3
2020-08-31,Chennai,28.454444444444444,36.75,4.692727272727273,4.693636363636364,48.63848484848485,815.4545454545455,28.5,81,7.2,16.3,1005.7
2020-09-01,Chennai,23.04083333333333,40.0875,2.38,3.315,33.548750000000005,790.0,27.9,85,12.4,13.7,1005.5
2020-09-02,Chennai,21.74440476190476,43.25428571428571,1.9614285714285715,5.647142857142858,79.91642857142857,849.2857142857143,27.7,85,17.0,13.2,1005.1
2020-09-03,Chennai,27.75,40.218666666666664,2.7743333333333333,9.062666666666667,45.998666666666665,747.3333333333333,27.8,83,0.3,13.2,1005.5
2020-09-04,Chennai,20.970714285714287,31.387857142857143,3.1399999999999997,4.650714285714286,51.15607142857142,835.7142857142857,27.7,84,3.2,15.1,1005.5
2020-09-05,Chennai,2.6458333333333335,35.82,3.42,5.025,84.66499999999999,965.0,28.1,84,0.9,15.3,1004.8
2020-09-06,Chennai,11.583333333333334,40.265,2.7725,2.1237500000000002,70.56125,656.25,28.3,82,4.3,23.4,1004.5
2020-09-07,Chennai,14.634166666666665,28.43166666666667,4.74,4.2683333333333335,49.34583333333334,889.1666666666666,28.0,83,1.9,11.8,1004.9
2020-09-08,Chennai,12.28753787878788,33.94833333333333,2.97,4.333333333333333,74.85833333333333,898.3333333333334,28.8,80,5.3,10.5,1005.2
2020-09-09,Chennai,17.806304347826085,26.044,6.34,4.085,42.8135,835.0,28.1,84,5.3,14.6,1004.4
2020-09-10,Chennai,15.119166666666668,27.099999999999998,5.536666666666666,4.233333333333333,59.64666666666666,770.0,28.0,83,2.2,17.2,1002.7
2020-09-11,Chennai,18.931666666666665,40.760000000000005,7.5649999999999995,3.47,39.805,750.0,28.5,76,1.1,15.5,1003.2
2020-09-12,Chennai,21.212125,23.555,7.97375,6.332,33.056875,1101.25,26.8,86,7.0,14.1,1005.5
2020-09-13,Chennai,19.203166666666668,18.641428571428573,7.431666666666666,9.183333333333334,44.3952380952381,909.0,26.1,89,24.6,18.1,1005.4
2020-09-14,Chennai,19.878333333333334,17.5925,11.55,5.12,42.205625,815.0,26.9,81,4.4,16.6,1004.0
2020-09-15,Chennai,23.454166666666666,39.46083333333333,8.3675,18.1675,40.33291666666666,1032.5,28.1,75,3.8,16.7,1003.9
2020-09-16,Chennai,22.743690476190476,53.85285714285715,7.326666666666667,4.213571428571429,44.00642857142857,948.5714285714286,28.2,82,4.6,15.7,1004.1
2020-09-17,Chennai,25.5245,39.274,8.3975,4.337999999999999,57.01025,904.0,28.7,80,1.5,13.2,1004.2
2020-09-18,Chennai,28.603571428571428,47.879999999999995,7.6000000000000005,4.064285714285714,37.287142857142854,1035.7142857142858,28.4,80,11.3,15.3,1002.7
2020-09-19,Chennai,27.885909090909095,20.21,6.764,5.495,42.222500000000004,970.0,26.3,88,13.9,16.4,1001.2
2020-09-20,Chennai,21.347166666666666,21.256086956521738,6.782000000000001,4.557,31.481304347826086,899.5652173913044,27.3,78,0.9,24.7,1000.5
2020-09-21,Chennai,24.674500000000002,54.95125,8.175625,4.313125,28.990625,792.5,27.6,75,0.0,17.9,1001.3
2020-09-22,Chennai,20.210833333333333,61.24142857142857,7.64,4.351428571428571,36.6075,680.0,28.8,74,0.1,22.9,1002.5
2020-09-23,Chennai,24.3975,54.362,12.04,4.328,38.805,785.0,28.6,72,0.2,18.0,1004.5
2020-09-24,Chennai,26.136875,57.26,8.08,3.20125,28.405,885.0,29.2,77,0.0,13.8,1006.3
2020-09-25,Chennai,24.71125,74.5,7.596666666666667,4.3999999999999995,50.98083333333333,750.8333333333334,28.6,82,5.3,20.9,1006.2
2020-09-26,Chennai,21.125999999999998,46.48,24.031875,4.3025,53.203916666666665,861.25,28.1,80,2.4,12.2,1006.2
2020-09-27,Chennai,25.973257575757575,59.357142857142854,11.132857142857144,4.171428571428572,48.03311688311688,1102.857142857143,27.9,84,2.4,10.9,1006.3
2020-09-28,Chennai,22.491666666666667,38.922,12.913999999999998,4.05,35.178999999999995,966.0,28.3,79,1.6,12.6,1005.6
2020-09-29,Chennai,24.45217948717949,38.20666666666667,6.246666666666666,2.7523076923076926,36.830000000000005,460.0,27.6,82,24.1,15.3,1004.6
2020-09-30,Chennai,30.6475,43.663333333333334,8.346666666666666,4.398333333333333,18.151666666666667,520.0,27.1,83,3.6,13.7,1003.7
2020-10-01,Chennai,33.50909090909091,65.65333333333334,10.256666666666668,4.963181818181818,29.403030303030306,676.6666666666666,28.0,74,11.3,17.0,1003.9
2020-10-02,Chennai,27.639444444444443,40.67,6.0761111111111115,4.905555555555555,11.824444444444445,508.3333333333333,29.1,72,0.5,13.4,1003.9
2020-10-03,Chennai,28.323999999999998,114.985,11.705,4.393,17.6975,603.0,29.6,70,0.1,16.6,1004.1
2020-10-04,Chennai,25.145333333333333,101.00708333333333,28.701,17.352666666666668,0.0,857.0,29.4,67,0.3,17.1,1005.1
2020-10-05,Chennai,26.938666666666666,87.02916666666667,19.089666666666666,18.990333333333336,0.0,481.0,29.4,69,0.0,17.4,1004.5
2020-10-06,Chennai,35.916666666666664,73.05125,19.32373626373626,19.72815934065934,3.828461538461539,787.3076923076924,29.2,73,0.4,15.8,1004.4
2020-10-07,Chennai,31.611521739130435,59.07333333333333,9.473333333333333,3.513333333333333,56.201521739130435,594.3478260869565,29.4,77,0.5,14.3,1005.3
2020-10-08,Chennai,23.125,60.32333333333333,16.474242424242423,6.2825378787878785,0.0,785.2651515151515,28.8,81,2.6,16.0,1005.5
2020-10-09,Chennai,28.053666666666665,61.57333333333333,10.709999999999999,3.728666666666667,35.25666666666667,565.3333333333334,28.4,84,5.4,15.1,1005.7
2020-10-10,Chennai,34.815000000000005,44.593333333333334,12.806309523809524,7.666666666666667,31.96,884.8809523809523,27.0,88,28.5,10.5,1005.0
2020-10-11,Chennai,23.45179487179487,27.613333333333333,7.618461538461539,5.509333333333333,12.028333333333334,595.3333333333334,26.7,85,21.6,13.7,1002.9
2020-10-12,Chennai,21.398666666666667,21.59,5.7681818181818185,4.571818181818181,31.23,544.5454545454545,27.5,81,1.5,13.6,1001.0
2020-10-13,Chennai,24.9375,54.528333333333336,14.256,5.725333333333333,30.106,628.0,28.4,75,1.7,21.9,999.3
2020-10-14,Chennai,26.77916666666667,42.293,16.878,3.8939999999999997,17.598000000000003,600.0,29.2,64,0.2,18.2,1001.0
2020-10-15,Chennai,24.838541666666664,30.964999999999996,9.335,4.1825,29.1935,695.0,28.8,68,0.0,14.9,1002.6
2020-10-16,Chennai,31.612000000000002,49.332499999999996,6.702,3.7375,42.28125,542.5,28.7,83,3.8,11.3,1002.9
2020-10-17,Chennai,33.12941176470588,52.69666666666666,5.331764705882353,3.1766666666666663,31.818627450980394,560.5882352941177,27.4,87,24.8,12.4,1004.4
2020-10-18,Chennai,34.218529411764706,67.66857142857143,6.554117647058824,3.1685714285714286,26.6038025210084,698.2352941176471,26.8,88,12.1,11.5,1005.1
2020-10-19,Chennai,36.583333333333336,81.00533333333333,4.387666666666667,4.232833333333334,11.848,659.1666666666666,27.5,86,6.1,12.7,1004.5
2020-10-20,Chennai,35.77020833333333,66.7751851851852,6.186000000000001,7.5024999999999995,18.433407407407408,906.25,26.4,90,26.2,12.6,1003.9
2020-10-21,Chennai,27.90535714285714,32.21214285714286,7.861428571428571,4.1,11.98875,682.8571428571429,26.6,88,10.4,10.8,1004.5
2020-10-22,Chennai,32.400416666666665,69.29894736842105,10.56,6.525833333333334,8.549473684210525,700.5263157894736,27.7,84,18.6,10.6,1004.2
2020-10-23,Chennai,38.64983193277311,22.995,7.641764705882353,7.378823529411765,12.600714285714286,607.6470588235294,27.4,81,22.5,15.3,1004.7
2020-10-24,Chennai,44.99211538461538,44.57730769230769,9.171304347826087,7.646521739130435,28.140459866220738,850.0,28.0,79,2.1,13.7,1006.1
2020-10-25,Chennai,58.51392857142857,9.6,5.604642857142857,4.091428571428572,22.946964285714284,981.7857142857143,27.8,82,0.0,13.7,1007.7
2020-10-26,Chennai,66.26569169960474,0.8727272727272727,4.849523809523809,6.390952380952381,40.94641774891775,707.7272727272727,27.4,84,0.0,16.1,1008.6
2020-10-27,Chennai,64.863125,48.17545454545454,6.9913043478260875,4.836956521739131,24.043379446640316,679.5454545454545,26.7,85,1.9,15.6,1008.1
2020-10-28,Chennai,35.73768817204301,62.37193548387096,8.877777777777778,7.824838709677419,32.161476426799005,631.5384615384615,26.2,82,9.4,21.8,1008.8
2020-10-29,Chennai,33.54390804597701,70.4451724137931,7.7057142857142855,10.140344827586206,17.746724137931032,624.4827586206897,25.0,87,16.0,16.6,1009.1
2020-10-30,Chennai,68.47385714285714,86.85714285714286,12.570000000000002,9.965714285714286,10.955714285714285,927.1428571428571,26.9,77,0.3,17.8,1008.5
2020-10-31,Chennai,64.48897727272728,63.266818181818174,15.25,10.164090909090909,13.389545454545454,790.0,26.9,80,0.0,14.8,1008.5
2020-11-01,Chennai,60.73986111111111,25.34,8.286111111111111,9.987777777777778,43.26027777777778,729.4444444444445,27.0,82,0.0,12.7,1009.3
2020-11-02,Chennai,61.809999999999995,38.74962962962963,10.341481481481482,10.641851851851852,39.803530092592595,705.1851851851852,27.4,84,0.2,12.4,1009.9
2020-11-03,Chennai,72.66421875,32.46333333333333,8.55142857142857,10.911428571428571,26.76142857142857,807.6190476190476,27.5,84,0.5,16.4,1009.9
2020-11-04,Chennai,42.91110119047619,52.221428571428575,5.800952380952381,10.55,27.114047619047618,650.0,26.9,87,9.2,16.6,1009.7
2020-11-05,Chennai,26.047083333333333,37.0952,5.324,10.6616,24.877599999999997,527.5,27.3,84,7.5,14.4,1010.2
2020-11-06,Chennai,19.81432051282051,43.035999999999994,4.461428571428572,10.511,24.964142857142857,541.4285714285714,27.0,86,5.0,14.6,1011.7
2020-11-07,Chennai,21.72074370709382,26.406363636363636,4.183939393939394,9.753939393939394,23.361363636363635,540.0,26.8,88,5.7,17.7,1012.3
2020-11-08,Chennai,51.10416666666667,85.66666666666667,6.966666666666666,4.7955,43.33416666666667,478.5,27.8,73,1.0,25.0,1012.3
2020-11-09,Chennai,60.052173913043475,95.84,13.369565217391305,8.06,51.589749999999995,642.1739130434783,27.1,68,0.0,23.3,1011.3
2020-11-10,Chennai,56.38510101010101,109.11111111111111,14.5625,9.606666666666667,50.86205555555556,648.4444444444445,26.5,68,0.1,20.6,1009.4
2020-11-11,Chennai,55.58363636363637,82.54212121212122,11.481675579322637,6.481818181818182,35.50038461538462,681.7647058823529,25.6,87,6.4,20.6,1009.1
2020-11-12,Chennai,29.259819078947366,25.8,13.155000000000001,6.4,24.991911764705883,650.0,25.8,89,19.5,18.4,1010.3
2020-11-13,Chennai,26.416666666666664,46.15690476190476,9.799999999999999,6.365,19.044999999999998,441.9047619047619,26.8,86,8.4,17.9,1010.1
2020-11-14,Chennai,33.49470588235294,51.37361111111111,11.065333333333333,10.327777777777778,30.482230769230775,373.84615384615387,27.5,81,2.0,23.5,1008.9
2020-11-15,Chennai,13.307692307692308,18.8406432748538,10.825877192982457,7.338888888888889,38.665000000000006,416.6666666666667,26.0,90,25.4,19.3,1008.4
2020-11-16,Chennai,17.05263157894737,21.430263157894736,12.587857142857143,6.58,33.11176470588235,655.0,25.2,93,53.5,16.4,1009.9
2020-11-17,Chennai,19.066666666666666,25.184404761904762,10.66797619047619,5.6466666666666665,20.342,487.14285714285717,26.3,88,10.2,22.2,1009.4
2020-11-18,Chennai,21.567692307692308,37.25214285714286,8.375,3.875,15.779047619047619,513.5714285714286,26.5,86,3.5,17.2,1009.8
2020-11-19,Chennai,11.958333333333334,23.489583333333336,6.206250000000001,5.3125,13.56234126984127,412.5,27.2,80,1.1,15.9,1009.9
2020-11-20,Chennai,29.87722222222222,53.087028985507246,11.530579710144927,7.173913043478261,21.301190476190477,460.4761904761905,26.3,81,0.1,15.7,1010.6
2020-11-21,Chennai,32.03615384615385,64.32608695652173,13.951250000000002,9.130434782608695,43.20381410256411,495.8333333333333,25.1,82,0.0,14.3,1011.0
2020-11-22,Chennai,38.0,67.42941176470589,8.646999999999998,9.3675,12.691923076923077,507.14285714285717,24.7,82,0.0,16.3,1011.3
2020-11-23,Chennai,46.87714285714286,66.5,8.272142857142857,7.484120879120879,35.46194444444444,480.0,26.5,78,1.7,24.5,1010.6
2020-11-24,Chennai,35.9025,51.230827067669175,9.454943609022557,6.978609022556391,35.01285714285714,563.75,25.0,90,20.0,26.4,1009.1
2020-11-25,Chennai,17.1,28.025,7.54,5.2875,23.029666666666667,318.0,25.1,91,97.3,46.1,1004.8
2020-11-26,Chennai,5.4,6.0,4.793749999999999,1.8425,34.81,480.0,26.1,83,11.4,50.2,1000.8
2020-11-27,Chennai,20.27865612648221,63.0,9.123333333333333,4.8566666666666665,0.0,863.3333333333334,25.0,77,2.1,25.6,1008.2
2020-11-28,Chennai,15.515730769230771,38.61538461538461,11.76923076923077,7.172,14.444545454545455,613.5,25.3,85,3.0,11.8,1011.4
2020-11-29,Chennai,25.32185064935065,46.55142857142857,9.384615384615385,8.074,38.329253246753254,595.7142857142857,25.6,89,4.1,16.8,1011.8
2020-11-30,Chennai,21.584444444444443,47.183982683982684,14.576746031746032,8.448333333333334,24.578027777777777,467.22222222222223,26.3,80,2.0,22.2,1011.7
2020-12-01,Chennai,25.047619047619047,66.99498746867168,15.192105263157895,7.576526315789474,24.489455882352942,514.2857142857143,26.4,70,0.0,24.4,1011.7
2020-12-02,Chennai,41.74074074074074,74.41,11.747692307692308,9.491153846153846,24.121808333333334,615.4166666666666,25.6,83,10.1,26.4,1009.8
2020-12-03,Chennai,11.263157894736842,19.62406015037594,6.323809523809524,7.658714285714286,24.418063725490196,468.0,24.8,92,57.0,26.1,1008.2
2020-12-04,Chennai,9.890714285714285,20.384615384615383,8.007407407407406,8.620000000000001,23.51952380952381,492.77777777777777,24.8,92,46.5,26.2,1007.9
2020-12-05,Chennai,11.17157894736842,14.8,9.164,8.666923076923077,18.02,494.375,25.1,91,18.9,26.0,1008.4
2020-12-06,Chennai,7.65,11.571428571428571,5.980366300366301,6.941007326007326,7.698,395.0,25.4,90,21.5,19.9,1010.2
2020-12-07,Chennai,10.376249999999999,17.208333333333332,8.1175,8.090909090909092,10.448333333333332,629.8958333333333,25.2,91,29.7,19.1,1012.0
2020-12-08,Chennai,18.398333333333333,27.727272727272727,22.47,7.470000000000001,8.334999999999999,918.5,25.9,88,13.6,20.0,1012.3
2020-12-09,Chennai,31.565217391304348,50.13333333333333,16.787,5.676666666666667,14.176363636363636,507.3076923076923,25.7,82,5.9,16.7,1012.0
2020-12-10,Chennai,40.1875,81.81684210526316,13.82263157894737,8.19657894736842,19.889980392156865,697.5,25.1,77,0.0,12.2,1012.0
2020-12-11,Chennai,64.90656565656566,117.0,24.145454545454548,9.327272727272726,12.768571428571429,788.0,24.7,78,0.1,16.6,1011.9
2020-12-12,Chennai,64.17550505050505,108.0,20.772727272727273,4.863636363636363,16.440742694805195,746.4117647058823,24.9,74,0.0,14.1,1011.5
2020-12-13,Chennai,63.44444444444444,99.0,17.4,0.4,20.112913961038963,704.8235294117648,24.4,80,0.0,13.3,1010.7
2020-12-14,Chennai,40.68863636363636,88.41379310344827,12.594117647058823,9.566666666666668,23.78508522727273,663.2352941176471,25.3,72,0.0,12.2,1010.7
2020-12-15,Chennai,39.32560606060606,91.09055555555557,11.154166666666667,8.262500000000001,22.92879166666667,551.6666666666666,25.8,74,1.2,22.3,1011.6
2020-12-16,Chennai,29.75230769230769,60.15384615384615,8.257692307692308,7.188571428571429,25.39515652173913,487.77777777777777,26.2,77,4.4,20.1,1012.1
2020-12-17,Chennai,30.947291666666665,54.93333333333333,9.403571428571428,6.1933333333333325,25.615000000000002,444.0,26.3,76,1.1,20.9,1012.0
2020-12-18,Chennai,39.91,67.4986274509804,14.665457516339869,8.541666666666668,31.73095238095238,528.8888888888889,26.1,76,1.0,23.2,1011.9
2020-12-19,Chennai,62.399,100.44464285714285,8.609345238095237,8.02875,47.94,764.9404761904761,26.2,74,0.2,19.7,1012.7
2020-12-20,Chennai,51.0775,90.39393939393939,10.590909090909092,5.114999999999999,9.311428571428573,506.42857142857144,25.9,66,0.0,24.4,1013.1
2020-12-21,Chennai,49.088,103.19545454545454,12.456,9.552,34.260000000000005,557.7272727272727,25.4,61,0.0,24.1,1012.4
2020-12-22,Chennai,55.0,114.66,12.366666666666667,8.754999999999999,32.22561111111111,655.0,24.8,65,0.0,17.6,1011.7
2020-12-23,Chennai,62.68421052631579,140.0109649122807,20.080000000000002,8.906666666666666,20.43861111111111,733.3333333333334,24.5,67,0.0,19.4,1010.9
2020-12-24,Chennai,65.60526315789474,135.8,25.30987132352941,7.848529411764705,24.085135135135136,622.4324324324324,24.0,69,0.0,19.5,1010.0
2020-12-25,Chennai,62.034615384615385,114.42857142857143,15.12375,9.590769230769231,20.569375,702.3557692307693,24.6,67,0.0,17.7,1010.9
2020-12-26,Chennai,55.99692307692308,98.45506912442397,20.908166666666666,7.347207977207978,15.139814814814814,622.0,25.2,65,0.0,19.8,1011.6
2020-12-27,Chennai,56.989999999999995,112.41805555555555,10.898647058823528,9.001999999999999,27.036666666666665,835.6060606060605,25.3,70,0.0,20.6,1010.9
2020-12-28,Chennai,63.11800000000001,115.93799999999999,11.8015,8.8475,25.50808333333333,655.5172413793103,25.1,69,0.0,21.1,1010.6
2020-12-29,Chennai,63.190000000000005,128.01166666666666,13.19078804347826,9.538695652173914,25.339,637.8260869565217,25.9,72,0.3,20.4,1010.3
2020-12-30,Chennai,39.14944444444444,76.72222222222223,13.27,9.52111111111111,29.374444444444446,509.55882352941177,24.8,84,43.3,23.6,1010.5
2020-12-31,Chennai,42.26470588235294,77.87605042016807,10.01647186147186,6.087235294117647,27.626363636363635,476.1764705882353,25.9,73,0.9,25.7,1011.1
2021-01-01,Chennai,44.225806451612904,89.91346423562413,9.172905138339921,8.034435483870968,30.844120234604105,482.72727272727275,25.5,68,0.1,22.0,1011.9
2021-01-02,Chennai,41.10333333333333,73.13888888888889,9.897063492063491,8.516388888888889,23.694375,498.3333333333333,24.5,82,15.7,21.1,1011.4
2021-01-03,Chennai,33.11666666666667,57.70625,8.5025,8.1595,18.634523809523813,526.6666666666666,25.2,83,3.5,19.5,1009.9
2021-01-04,Chennai,30.267777777777777,58.75583333333333,10.61,8.048333333333334,15.91136645962733,780.0,25.1,82,4.5,19.5,1010.3
2021-01-05,Chennai,18.555555555555557,26.96547619047619,11.55404761904762,7.73,12.510961538461538,585.0,24.7,91,17.6,16.6,1010.7
2021-01-06,Chennai,13.533333333333333,24.372549019607842,10.639919786096256,8.781749999999999,11.544272727272729,901.0714285714286,25.0,91,16.1,15.5,1009.8
2021-01-07,Chennai,20.20689655172414,35.4719953416149,11.814285714285713,6.795172413793103,18.388007246376812,647.8571428571429,25.1,89,3.4,17.2,1008.6
2021-01-08,Chennai,25.08108108108108,43.61162790697675,12.616805555555555,7.089646464646465,11.610640423031729,610.0,25.4,88,4.2,13.5,1008.1
2021-01-09,Chennai,28.536444444444445,48.948388888888886,10.407499999999999,7.342499999999999,17.689991039426523,583.3333333333334,25.6,85,2.0,18.2,1008.9
2021-01-10,Chennai,32.8,58.448076923076925,11.365312500000002,7.522333333333334,20.048626373626373,523.0,25.8,84,0.9,19.1,1009.1
2021-01-11,Chennai,43.375,72.78125,12.451676829268294,7.8628296703296705,13.164764808362369,515.0,25.7,85,3.0,22.1,1010.0
2021-01-12,Chennai,36.36702702702703,76.8125,12.241273913043479,7.046216216216216,13.607794871794873,512.0,25.9,81,0.9,22.7,1010.3
2021-01-13,Chennai,72.2375,141.67532467532467,11.792533333333331,8.512651222651222,13.876607142857143,846.4,25.6,80,0.7,21.7,1010.4
2021-01-14,Chennai,45.25866666666666,87.80591176470588,7.6355871212121205,7.169712121212121,28.616451612903226,638.0909090909091,25.4,84,1.6,21.9,1010.0
2021-01-15,Chennai,53.94470588235294,79.33333333333333,8.716666666666667,6.516666666666667,17.784333333333333,669.7794117647059,25.2,81,0.0,14.3,1009.9
2021-01-16,Chennai,49.07666666666667,91.97,8.675714285714287,7.6066666666666665,17.08037037037037,645.5,24.6,80,0.0,12.7,1009.3
2021-01-17,Chennai,33.968333333333334,57.52711956521739,9.802619047619046,7.093511904761904,14.358421052631579,548.9015151515151,24.4,75,0.0,14.0,1010.5
2021-01-18,Chennai,38.4375,68.79573529411765,11.23081447963801,7.285794117647059,11.581666666666665,568.2222222222222,25.3,70,0.0,18.9,1011.3
2021-01-19,Chennai,49.94916666666666,100.25,13.455327380952381,7.008055555555556,27.028750000000002,670.0,25.3,73,0.0,17.6,1010.7
2021-01-20,Chennai,57.81818181818182,104.5909090909091,13.69439393939394,11.225681818181819,20.497644736842105,640.9486166007905,25.4,78,0.0,14.6,1011.0
2021-01-21,Chennai,45.54545454545455,110.27071428571428,11.71142857142857,8.713571428571429,20.215285714285713,573.9285714285714,25.6,87,0.2,9.7,1010.4
2021-01-22,Chennai,25.486060606060608,144.9925,7.180909090909091,7.9975000000000005,32.30284090909091,950.0,25.6,85,1.1,11.6,1010.5
2021-01-23,Chennai,26.395833333333336,47.213125000000005,9.2825,6.424147727272727,12.484318181818182,475.0,25.0,83,0.4,10.8,1011.0
2021-01-24,Chennai,30.739411764705885,53.0,9.313529411764707,13.023,10.66,508.8235294117647,24.8,82,0.3,12.6,1011.6
2021-01-25,Chennai,34.09630952380952,57.714285714285715,10.557142857142859,9.791904761904762,16.125,556.0784313725491,24.8,79,0.8,12.8,1012.1
2021-01-26,Chennai,41.0,68.02799999999999,10.252564102564103,8.33,9.145,500.8974358974359,24.2,75,0.0,13.4,1011.6
2021-01-27,Chennai,51.098333333333336,69.59519999999999,6.64,23.09,0.0,480.0,24.7,74,0.0,12.2,1011.9
2021-01-28,Chennai,82.70833333333333,71.16239999999999,7.326296296296296,21.273055555555555,4.877222222222223,482.5925925925926,25.7,73,0.8,18.4,1012.0
2021-01-29,Chennai,71.70833333333333,72.72959999999999,8.012592592592593,19.456111111111113,9.754444444444445,485.18518518518516,26.1,71,0.7,17.9,1012.3
2021-01-30,Chennai,64.75,,8.69888888888889,17.639166666666668,14.631666666666668,487.77777777777777,25.9,75,0.0,15.3,1011.7
2021-01-31,Chennai,44.125,,,,,,25.8,77,0.0,16.1,1012.1
2021-02-01,Chennai,36.583333333333336,,,,,,26.0,73,0.0,20.2,1013.9
2021-02-02,Chennai,68.08333333333333,,,,,,25.5,76,0.5,19.5,1014.1
2021-02-03,Chennai,44.0,,,,,,25.3,72,0.0,18.6,1013.8
2021-02-04,Chennai,35.0,,,,,,25.0,67,0.0,18.5,1013.6
2021-02-05,Chennai,46.05,83.7,12.816666666666668,6.737500000000001,43.895,503.3333333333333,24.5,67,0.0,16.1,1012.7
2021-02-06,Chennai,54.04347826086956,134.70967741935485,17.05,10.341785714285715,24.899378078817733,594.8275862068965,24.5,71,0.0,18.4,1011.5
2021-02-07,Chennai,46.3448275862069,126.25925925925925,14.757211538461537,9.3212,18.71475274725275,685.0,24.3,75,0.0,19.1,1012.0
2021-02-08,Chennai,41.333333333333336,88.71666666666667,14.130530303030305,9.638181818181819,24.651666666666664,581.7780938833571,25.1,71,0.0,20.4,1012.9
2021-02-09,Chennai,46.81818181818182,87.2471875,10.831818181818182,10.5040625,35.97078125,574.9760765550238,25.6,61,0.0,17.9,1012.3
2021-02-10,Chennai,42.89,69.9625,13.596250000000001,12.565,39.7375,513.2638888888889,24.2,68,0.0,13.1,1011.3
2021-02-11,Chennai,54.2,105.5,14.263124999999999,10.04375,24.556666666666665,611.1666666666667,24.1,65,0.0,12.6,1010.9
2021-02-12,Chennai,31.083333333333332,78.42105263157895,13.913698830409356,6.966666666666667,18.769166666666667,595.8333333333334,24.4,62,0.0,13.8,1011.5
2021-02-13,Chennai,37.58333333333333,82.66666666666667,13.41777777777778,11.263015873015874,11.064615384615385,605.0,24.6,69,0.0,15.5,1012.3
2021-02-14,Chennai,26.9375,69.71428571428571,13.53,9.463839285714286,13.49,584.0,24.3,73,0.0,17.2,1012.3
2021-02-15,Chennai,27.583333333333332,76.386,12.667454545454547,7.888,11.085909090909091,577.6666666666667,24.5,75,0.0,15.6,1011.1
2021-02-16,Chennai,23.666666666666664,63.611111111111114,23.31111111111111,6.1,22.579444444444444,601.6666666666666,24.6,76,0.0,14.1,1010.8
2021-02-17,Chennai,30.0,68.17999999999999,11.598333333333333,4.733333333333333,26.595,615.0,25.1,71,0.0,14.4,1010.7
2021-02-18,Chennai,44.0,72.63,11.858125000000001,8.1975,22.046666666666667,554.1666666666667,26.1,63,0.0,16.9,1011.8
2021-02-19,Chennai,49.0,75.75333333333333,12.52,4.9525,32.42,465.0,25.3,77,4.8,20.2,1012.2
2021-02-20,Chennai,15.058823529411764,58.876666666666665,10.935192307692308,5.349711538461538,28.717807692307694,521.6025641025641,24.6,82,4.6,18.3,1011.8
2021-02-21,Chennai,15.0,42.0,9.350384615384616,5.746923076923077,25.015615384615383,578.2051282051282,24.1,85,11.3,17.4,1012.6
2021-02-22,Chennai,20.428571428571427,54.705555555555556,11.466538461538462,4.3,27.712692307692308,411.1538461538462,25.8,80,0.6,16.8,1012.5
2021-02-23,Chennai,40.17261904761905,92.866,13.083333333333334,5.077428571428571,18.064285714285713,878.0,25.3,82,0.0,15.6,1011.4
2021-02-24,Chennai,28.5,66.25,14.323333333333334,5.18,16.37166666666667,475.0,24.9,80,0.0,11.6,1010.6
2021-02-25,Chennai,56.708749999999995,126.03375,14.959999999999999,12.050625,14.6975,957.9166666666667,24.5,82,0.0,13.4,1010.3
2021-02-26,Chennai,45.666666666666664,75.94333333333334,13.580833333333334,6.534166666666666,11.411666666666669,877.5,25.1,82,0.0,12.5,1008.6
2021-02-27,Chennai,42.4,76.97166666666666,15.340416666666668,11.417083333333334,11.736944444444445,761.7559523809524,25.4,83,0.0,16.7,1007.8
2021-02-28,Chennai,28.0,78.0,17.1,16.3,12.062222222222223,646.0119047619047,24.8,83,0.0,15.2,1008.7
2021-03-01,Chennai,28.93857142857143,87.0,13.228571428571428,5.129821428571429,12.3875,530.2678571428571,25.5,82,0.0,17.6,1011.4
2021-03-02,Chennai,35.530833333333334,66.43535714285714,16.281,8.694444444444445,46.272777777777776,943.0,25.8,80,0.0,14.8,1011.7
2021-03-03,Chennai,49.77777777777778,93.33333333333333,12.328632478632478,8.79923076923077,10.747136752136752,1057.7777777777778,25.0,82,0.0,12.7,1010.8
2021-03-04,Chennai,39.8,86.33333333333333,11.844166666666666,8.753571428571428,10.830267857142857,635.0,24.7,80,0.0,12.7,1011.3
2021-03-05,Chennai,38.5625,97.595,12.263214285714286,8.732,12.357589285714287,792.5,25.3,77,0.0,12.7,1012.0
2021-03-06,Chennai,29.6425,56.259819004524886,13.916153846153845,10.382307692307693,6.695384615384616,607.8571428571429,25.8,80,0.0,15.1,1011.6
2021-03-07,Chennai,22.066666666666666,45.465555555555554,11.403333333333332,8.81,10.281324786324786,405.0,26.4,80,0.0,13.0,1010.7
2021-03-08,Chennai,14.833333333333334,38.74,11.062857142857144,8.684999999999999,9.25392857142857,711.4285714285714,26.6,78,0.0,14.1,1011.4
2021-03-09,Chennai,9.87962962962963,31.379310344827587,9.77764705882353,44.248823529411766,15.63107142857143,641.4950980392157,26.8,78,0.1,15.3,1011.9
2021-03-10,Chennai,6.6850000000000005,15.065000000000001,8.955,10.16,14.21,637.5,27.4,78,0.5,14.8,1011.6
2021-03-11,Chennai,11.094126984126984,21.22222222222222,11.52,9.829285714285714,14.30777777777778,805.625,27.1,75,0.0,15.1,1011.7
2021-03-12,Chennai,14.108888888888888,33.82666666666667,6.800000000000001,7.208472222222222,17.878888888888888,579.4444444444445,25.8,79,0.0,13.2,1012.9
2021-03-13,Chennai,20.20024886877828,46.388888888888886,14.957692307692307,8.733205128205128,17.351764705882353,921.1057692307693,26.0,76,0.0,14.0,1012.2
2021-03-14,Chennai,15.61111111111111,41.294117647058826,11.711052631578948,8.125263157894736,30.915294117647058,528.1818181818181,26.5,76,0.0,13.2,1010.6
2021-03-15,Chennai,19.006944444444443,38.77777777777778,14.151818181818184,6.753131313131313,17.63,624.5454545454545,26.7,78,0.0,16.4,1009.8
2021-03-16,Chennai,32.77272727272727,79.36363636363636,11.940000000000001,6.3741666666666665,17.463,897.3484848484849,26.7,80,0.0,15.7,1009.7
2021-03-17,Chennai,23.074285714285715,46.666666666666664,17.38888888888889,5.514206349206349,19.5275,695.7142857142857,26.3,80,0.0,14.8,1008.9
2021-03-18,Chennai,37.5,70.0,11.123496732026144,3.5375,20.610444444444447,372.0,26.6,76,0.0,13.7,1009.2
2021-03-19,Chennai,39.70666666666667,65.27178571428571,17.186785714285715,4.6775,27.632083333333334,671.0,26.4,75,0.0,16.6,1009.0
2021-03-20,Chennai,58.272000000000006,99.75,15.239285714285714,2.51875,18.00353846153846,845.8205128205127,26.1,79,0.0,16.6,1007.8
2021-03-21,Chennai,37.24810606060606,58.63636363636363,13.48,6.276999999999999,24.18125,1055.0,26.5,79,0.0,13.1,1007.5
2021-03-22,Chennai,36.154444444444444,58.80444444444444,10.338888888888889,3.9816666666666665,25.11548701298701,765.4166666666667,26.7,78,0.0,13.6,1009.0
2021-03-23,Chennai,51.92857142857143,126.28571428571429,12.523653846153845,3.9381250000000003,31.382994652406417,886.1160714285714,27.0,78,0.0,14.3,1010.0
2021-03-24,Chennai,51.0,138.34333333333333,10.809166666666666,5.033333333333333,50.28208333333333,859.6428571428571,27.2,78,0.0,14.8,1009.6
2021-03-25,Chennai,51.07692307692308,122.87100000000001,13.649269230769232,6.310499999999999,15.608881118881119,940.1538461538462,27.4,79,0.0,13.9,1008.6
2021-03-26,Chennai,47.166666666666664,103.0,13.762738095238095,4.493928571428571,17.19159090909091,863.9285714285714,27.9,80,0.0,14.5,1008.0
2021-03-27,Chennai,44.0,122.33333333333333,10.82,6.98,62.5375,1175.0,28.0,79,0.0,16.5,1007.6
2021-03-28,Chennai,21.17391304347826,31.0,10.7,8.145,58.61,910.0,28.0,80,0.0,19.7,1007.0
2021-03-29,Chennai,16.333333333333332,35.39,12.37,3.945,24.869999999999997,880.0,28.7,79,0.0,22.3,1006.6
2021-03-30,Chennai,22.479166666666664,39.57,17.5,5.195,44.9025,990.0,29.3,75,0.0,21.0,1004.8
2021-03-31,Chennai,30.9325,47.49,22.69,5.29,67.05,1010.0,29.6,76,0.0,25.0,1002.8
2021-04-01,Chennai,28.57894736842105,66.17666666666666,21.345,5.5616666666666665,64.26958333333333,1025.0,30.2,73,0.0,24.8,1002.5
2021-04-02,Chennai,44.6875,84.86333333333333,20.0,5.833333333333333,61.48916666666666,1040.0,31.2,64,0.0,19.3,1002.9
2021-04-03,Chennai,27.0,63.5,16.25,7.3999999999999995,27.05,945.0,30.0,74,0.0,25.0,1004.0
2021-04-04,Chennai,27.285714285714285,60.0,14.375,6.824999999999999,26.655,1032.5,29.6,81,0.0,15.6,1006.0
2021-04-05,Chennai,19.0,56.5,12.5,6.25,26.26,1120.0,29.3,78,0.0,15.8,1007.5
2021-04-06,Chennai,25.208333333333336,50.0,15.37,10.274999999999999,43.405,910.0,28.6,79,0.1,18.9,1008.7
2021-04-07,Chennai,20.207857142857144,64.86,0.0,3.896666666666667,14.403333333333334,383.3333333333333,28.3,77,0.0,20.6,1009.3
2021-04-08,Chennai,32.0,79.72,10.35,3.5600000000000005,78.87,805.0,28.3,75,0.0,22.7,1007.7
2021-04-09,Chennai,29.3,58.99,13.530000000000001,4.73,82.60833333333332,870.0,28.2,72,0.0,20.2,1007.5
2021-04-10,Chennai,20.0,58.035,8.96,5.615,43.04,955.0,28.5,76,0.8,19.1,1008.9
2021-04-11,Chennai,24.916666666666668,53.45333333333333,9.536666666666667,5.183333333333334,45.33277777777778,970.0,28.5,78,0.6,16.6,1010.1
2021-04-12,Chennai,11.791666666666666,48.87166666666666,10.113333333333333,4.751666666666667,47.62555555555555,985.0,29.1,75,0.2,18.6,1010.3
2021-04-13,Chennai,17.827280701754386,44.29,10.69,4.32,49.91833333333333,1000.0,28.8,77,0.0,19.1,1009.8
2021-04-14,Chennai,15.5,34.0,1.6,3.5,33.901666666666664,930.0,28.6,79,2.1,19.1,1009.1
2021-04-15,Chennai,9.25,19.37,8.911666666666665,5.318333333333333,17.884999999999998,804.1666666666667,27.5,81,3.7,12.6,1008.8
2021-04-16,Chennai,21.104166666666668,38.666666666666664,14.27,4.300000000000001,51.575833333333335,985.0,28.5,78,0.6,18.1,1007.9
2021-04-17,Chennai,31.810000000000002,52.0,13.315,7.7,36.71,1010.0,29.2,79,0.0,18.9,1008.4
2021-04-18,Chennai,9.145833333333332,29.0,6.4,5.15,53.064166666666665,950.0,29.6,79,0.0,22.5,1009.2
2021-04-19,Chennai,38.0,75.0,17.685000000000002,11.3,54.41,1020.0,30.0,79,0.0,21.3,1007.0
2021-04-20,Chennai,16.083333333333332,46.614999999999995,10.966666666666667,4.3175,55.39000000000001,936.6666666666666,29.8,78,0.0,24.8,1006.3
2021-04-21,Chennai,17.050833333333333,57.0,14.91,3.94,100.93,490.0,29.8,79,0.0,26.1,1007.6
2021-04-22,Chennai,13.620833333333334,34.75,4.88,8.563333333333334,33.516000000000005,385.0,29.5,78,0.2,23.0,1008.1
2021-04-23,Chennai,16.958333333333336,35.6425,7.625,9.02,42.86,397.5,29.8,77,0.6,22.3,1007.8
2021-04-24,Chennai,18.642857142857142,53.66,10.774999999999999,8.33,60.275,255.0,29.8,77,0.1,20.0,1007.3
2021-04-25,Chennai,20.42313664596273,53.745,9.713392857142857,9.261785714285715,52.16410714285714,298.75,29.6,77,0.2,21.7,1007.2
2021-04-26,Chennai,22.203416149068325,53.83,8.651785714285714,10.19357142857143,44.05321428571429,342.5,29.4,76,0.4,24.6,1007.0
2021-04-27,Chennai,23.983695652173914,53.915,7.590178571428572,11.125357142857144,35.94232142857143,386.25,29.3,78,0.2,21.3,1007.6
2021-04-28,Chennai,25.763975155279503,54.0,6.528571428571429,12.057142857142859,27.831428571428575,430.0,29.8,78,0.0,21.3,1007.8
2021-04-29,Chennai,21.714285714285715,44.65714285714286,11.534999999999998,7.98,29.59714285714286,325.7142857142857,30.1,77,0.0,20.9,1007.2
2021-04-30,Chennai,17.25,57.125,10.25,7.2625,23.57,595.0,29.7,78,0.3,18.6,1006.9
2021-05-01,Chennai,11.0,24.0,3.9,8.65,29.99,585.0,29.8,75,0.2,17.8,1007.2
2021-05-02,Chennai,5.388888888888889,56.2,3.6,4.34,11.975,360.0,29.6,76,0.2,18.0,1007.3
2021-05-03,Chennai,2.0,29.975,8.23,4.279999999999999,51.5375,465.0,29.6,74,0.5,16.8,1006.8
2021-05-04,Chennai,9.846250000000001,3.75,12.86,4.22,91.1,570.0,29.6,75,0.9,19.1,1006.6
2021-05-05,Chennai,6.25,31.412499999999998,6.13,4.4625,27.543333333333333,545.0,29.7,75,0.7,19.9,1006.5
2021-05-06,Chennai,3.6956521739130435,19.805,5.433333333333334,4.7275,18.753333333333334,705.0,30.1,74,0.1,20.2,1007.5
2021-05-07,Chennai,8.65625,31.11,13.14,4.2,92.88,640.0,29.6,75,1.3,19.3,1008.3
2021-05-08,Chennai,5.21,16.25,13.2,4.17,15.68,675.0,29.5,76,0.4,17.6,1007.5
2021-05-09,Chennai,3.875,13.5,10.149999999999999,4.6,10.78,680.0,29.8,76,0.7,17.7,1006.0
2021-05-10,Chennai,4.8925,47.0,3.755,4.195,38.345,945.0,30.2,75,0.0,20.5,1005.5
2021-05-11,Chennai,7.4,52.755833333333335,7.047499999999999,4.640000000000001,47.9525,895.8333333333334,30.7,72,0.0,25.5,1004.9
2021-05-12,Chennai,5.083333333333333,58.51166666666667,10.34,5.085,57.56,846.6666666666667,30.6,75,1.2,25.0,1003.8
2021-05-13,Chennai,5.133333333333334,43.94,2.65,3.605,15.120000000000001,840.0,30.7,75,0.1,25.1,1003.4
2021-05-14,Chennai,8.487272727272726,72.27,3.71,5.0,25.56,760.0,30.5,75,0.5,25.0,1002.8
2021-05-15,Chennai,4.933333333333334,85.86500000000001,16.775,2.91,79.945,775.0,31.0,68,0.0,29.7,1001.8
2021-05-16,Chennai,6.07,27.0,2.49,5.48,22.54,920.0,30.9,71,0.3,29.0,1003.2
2021-05-17,Chennai,19.6,42.025000000000006,3.88,9.5,22.147499999999997,932.5,30.9,73,0.1,23.4,1004.5
2021-05-18,Chennai,9.210526315789473,51.0,16.37,13.9,24.5,750.0,30.6,75,0.0,24.5,1004.9
2021-05-19,Chennai,9.521739130434781,28.02,17.14,3.56,89.86,830.0,30.6,76,0.8,26.6,1004.3
2021-05-20,Chennai,9.520833333333332,20.5,4.1,3.31,51.675,820.0,29.4,77,30.0,20.1,1004.8
2021-05-21,Chennai,11.6,24.533437499999998,4.016666666666667,5.025,47.99583333333333,725.0,29.8,76,7.7,18.7,1004.8
2021-05-22,Chennai,13.928571428571429,28.566875,3.933333333333333,6.74,44.31666666666666,630.0,28.9,77,2.6,20.4,1004.1
2021-05-23,Chennai,19.964285714285715,32.6003125,3.8499999999999996,8.455,40.6375,535.0,30.4,69,0.0,20.3,1003.4
2021-05-24,Chennai,26.0,,,,,,32.0,64,0.0,19.5,1002.7
2021-05-25,Chennai,25.041666666666668,,,,,,32.3,54,0.7,19.6,1001.2
2021-05-26,Chennai,13.25,,3.6,13.6,29.6,250.0,33.0,51,0.0,22.7,1000.3
2021-05-27,Chennai,22.428571428571427,,3.91,9.805,27.2485,598.75,32.1,57,0.0,23.0,1001.4
2021-05-28,Chennai,13.77,52.7675,4.22,6.01,24.897,947.5,31.1,62,0.0,20.9,1003.2
2021-05-29,Chennai,25.708333333333332,52.90895833333333,7.35,12.45,23.619999999999997,295.0,31.0,65,0.0,18.5,1004.1
2021-05-30,Chennai,21.347826086956523,53.05041666666666,7.533333333333333,12.61111111111111,24.717777777777776,424.44444444444446,31.7,63,0.1,18.9,1003.7
2021-05-31,Chennai,20.0625,53.191875,7.716666666666667,12.77222222222222,25.81555555555555,553.8888888888889,31.3,66,0.1,17.1,1002.6
2021-06-01,Chennai,29.333333333333332,53.333333333333336,7.9,12.933333333333332,26.91333333333333,683.3333333333333,31.3,68,0.0,16.1,1003.2
2021-06-02,Chennai,14.0,28.64,3.525,4.65,19.4,845.0,30.7,72,0.1,15.5,1004.0
2021-06-03,Chennai,11.0,21.0,1.5,13.1,19.6375,555.0,30.3,73,0.1,20.4,1005.5
2021-06-04,Chennai,8.729166666666668,19.0,2.6,8.43,19.875,780.0,29.4,79,1.6,18.6,1006.6
2021-06-05,Chennai,9.916666666666668,19.333333333333332,7.5,8.025,13.07,936.6666666666666,28.9,80,3.9,19.4,1006.1
2021-06-06,Chennai,18.458333333333332,44.29,8.85,6.58,24.8,760.0,29.2,76,0.4,16.5,1005.7
2021-06-07,Chennai,21.11111111111111,45.666666666666664,8.575,7.075555555555556,23.929999999999996,950.0,30.8,70,4.7,17.4,1005.1
2021-06-08,Chennai,17.655,25.405,5.029999999999999,10.2,29.2,492.5,30.7,73,1.0,20.9,1004.4
2021-06-09,Chennai,20.0,29.9525,5.8149999999999995,11.93,33.3675,648.75,31.6,60,0.2,20.3,1003.1
2021-06-10,Chennai,13.652173913043478,34.5,6.6,13.66,37.535,805.0,31.5,56,0.9,22.7,1002.1
2021-06-11,Chennai,18.0,32.5,2.6,12.6,17.84,515.0,31.4,58,0.0,23.0,1002.2
2021-06-12,Chennai,16.0,26.0,18.85,12.6,19.8,1010.0,32.0,52,0.9,20.5,1002.0
2021-06-13,Chennai,8.894736842105264,31.0,9.0,9.26,35.67,957.5,32.6,48,0.1,30.5,1001.5
2021-06-14,Chennai,10.5,31.0,16.27,8.258333333333333,35.24166666666667,876.6666666666666,31.9,50,0.0,29.7,1001.7
2021-06-15,Chennai,11.0,25.0,13.5,9.366666666666667,40.69666666666667,890.0,30.6,62,0.1,22.9,1001.4
2021-06-16,Chennai,14.0,40.0,9.9,13.5,19.4,595.0,32.8,48,0.1,27.1,1002.5
2021-06-17,Chennai,28.0,52.666666666666664,8.433333333333334,11.766666666666667,20.216666666666665,686.6666666666666,31.9,56,0.6,24.8,1003.4
2021-06-18,Chennai,27.208333333333332,65.33333333333333,6.966666666666667,10.033333333333333,21.033333333333335,778.3333333333334,31.7,56,0.0,21.8,1004.7
2021-06-19,Chennai,24.0,78.0,5.5,8.3,21.85,870.0,31.7,53,0.0,24.3,1006.2
2021-06-20,Chennai,32.25,81.5,7.925000000000001,9.28888888888889,27.061666666666667,810.0,31.4,57,0.6,21.9,1006.3
2021-06-21,Chennai,30.875,85.0,10.350000000000001,10.277777777777777,32.27333333333333,750.0,31.1,61,0.3,21.3,1005.3
2021-06-22,Chennai,29.25,88.5,12.775,11.266666666666666,37.485,690.0,30.1,66,2.8,20.2,1004.7
2021-06-23,Chennai,32.578947368421055,82.25,14.4375,9.873333333333333,32.9775,917.5,30.5,67,4.0,23.9,1004.6
2021-06-24,Chennai,25.32142857142857,76.0,16.1,8.48,28.47,1145.0,28.9,72,1.1,16.3,1005.1
2021-06-25,Chennai,23.0,81.05,12.932500000000001,7.42375,30.68,1080.0,29.7,70,0.0,16.9,1003.8
2021-06-26,Chennai,29.95,86.1,9.765,6.3675,32.89,1015.0,30.0,66,0.8,17.4,1003.3
2021-06-27,Chennai,19.68,56.845,8.47,10.9625,31.645,785.0,28.8,73,2.6,15.0,1004.8
2021-06-28,Chennai,21.77,51.885000000000005,9.285,11.155000000000001,42.55,905.0,28.5,78,5.4,17.8,1005.1
2021-06-29,Chennai,20.5775,51.105000000000004,14.120000000000001,5.86,23.46,920.0,29.4,79,0.8,23.2,1005.1
2021-06-30,Chennai,17.280263157894737,16.06,22.8,5.69,65.34,800.0,29.7,79,1.4,18.9,1004.3
2021-07-01,Chennai,9.666666666666666,34.66666666666667,6.216666666666667,6.4795,21.9725,775.0,29.3,81,3.6,24.3,1003.4
2021-07-02,Chennai,19.958333333333332,41.833333333333336,9.973333333333333,8.122250000000001,31.24125,672.5,28.5,81,18.3,15.9,1004.4
2021-07-03,Chennai,19.21,49.0,13.73,9.765,40.51,570.0,28.7,81,1.7,14.7,1004.9
2021-07-04,Chennai,19.6,38.51,5.3,5.6,10.66,645.0,29.2,80,10.7,19.1,1004.6
2021-07-05,Chennai,9.0,37.5,10.725,10.115,19.0,890.0,29.2,78,2.6,15.5,1003.6
2021-07-06,Chennai,9.0,23.0,9.14,6.795,33.32,930.0,29.3,79,8.2,17.2,1003.1
2021-07-07,Chennai,19.352941176470587,41.935,8.018333333333334,7.463333333333334,32.48625,837.5,29.6,78,7.6,19.2,1003.0
2021-07-08,Chennai,24.363636363636363,60.870000000000005,6.8966666666666665,8.131666666666668,31.6525,745.0,29.6,77,3.9,13.6,1003.3
2021-07-09,Chennai,16.0375,38.434250000000006,12.78875,9.873750000000001,16.412499999999998,774.0,29.1,78,4.9,16.4,1001.7
2021-07-10,Chennai,5.5,9.75,13.02,8.29,20.5775,1023.75,28.9,75,6.3,16.3,1000.7
2021-07-11,Chennai,11.38888888888889,27.375,11.01,9.795,27.82875,831.875,29.2,66,1.4,20.3,1000.6
2021-07-12,Chennai,17.27777777777778,45.0,9.0,11.3,35.08,640.0,29.1,68,0.4,19.7,1001.0
2021-07-13,Chennai,28.833333333333336,65.25,18.3,11.533333333333333,59.66285714285714,1575.0,29.5,66,4.1,16.2,1001.8
2021-07-14,Chennai,13.9,39.632666666666665,13.118000000000002,8.738333333333333,40.86866666666667,932.6666666666666,28.7,71,5.3,18.4,1002.7
2021-07-15,Chennai,11.027777777777779,28.5,12.89,9.96,18.03,915.0,28.5,74,5.2,18.8,1002.7
2021-07-16,Chennai,19.80952380952381,21.25,12.350000000000001,9.850000000000001,19.695,697.5,28.4,80,20.1,15.5,1004.7
2021-07-17,Chennai,8.17,14.0,11.81,9.74,21.36,480.0,27.9,84,26.8,14.2,1004.5
2021-07-18,Chennai,11.666666666666666,20.669333333333334,8.87,9.752666666666666,24.07166666666667,778.0,27.9,81,13.1,19.2,1003.4
2021-07-19,Chennai,11.0,34.01416666666667,9.483333333333334,8.35125,12.0775,638.3333333333333,29.3,69,0.9,21.3,1003.0
2021-07-20,Chennai,20.545,51.07,15.342857142857143,8.926666666666668,20.104285714285716,962.3333333333333,30.0,62,0.0,23.0,1004.3
2021-07-21,Chennai,14.691666666666666,16.0,7.2,8.93,20.78,773.3333333333334,29.4,63,0.6,19.3,1004.0
2021-07-22,Chennai,14.586363636363636,45.27272727272727,8.25,8.13,15.574285714285713,843.5714285714286,28.6,68,1.7,29.7,1001.2
2021-07-23,Chennai,22.475,74.06,10.775,11.39,23.715,963.3333333333334,28.9,69,3.9,20.2,1000.9
2021-07-24,Chennai,14.19,33.765,1.875,5.825,1.705,395.0,30.0,67,0.0,21.7,1002.2
2021-07-25,Chennai,16.42857142857143,52.666666666666664,4.25,8.3975,27.573333333333334,567.5,30.4,67,0.4,20.7,1003.3
2021-07-26,Chennai,16.832804232804236,52.596774193548384,4.403225806451613,8.490967741935485,27.20209677419355,579.8387096774194,30.1,68,1.3,16.5,1003.9
2021-07-27,Chennai,17.237037037037037,52.526881720430104,4.556451612903226,8.584435483870969,26.830860215053765,592.1774193548387,30.4,65,0.2,18.8,1003.1
2021-07-28,Chennai,17.641269841269843,52.456989247311824,4.709677419354839,8.677903225806453,26.45962365591398,604.516129032258,30.6,61,0.0,18.9,1003.7
2021-07-29,Chennai,,,,,,,30.8,58,0.1,19.8,1004.3
2021-07-30,Chennai,,,,,,,31.4,52,0.0,20.5,1005.2
2021-07-31,Chennai,,,,,,,30.8,59,0.6,21.9,1005.7
2021-08-01,Chennai,,,,,,,30.4,64,0.5,21.5,1004.8
2021-08-02,Chennai,,,,,,,30.4,60,1.1,18.5,1004.8
2021-08-03,Chennai,20.066666666666666,,,,,,30.4,63,0.6,19.5,1006.1
2021-08-04,Chennai,17.333333333333332,,,,,,31.2,60,0.9,18.4,1006.0
2021-08-05,Chennai,22.583333333333332,,,,,,30.7,61,1.5,21.2,1004.5
2021-08-06,Chennai,19.583333333333332,,,,,,30.3,65,1.7,19.6,1003.6
2021-08-07,Chennai,21.041666666666668,,,,,,30.1,69,2.0,15.8,1004.5
2021-08-08,Chennai,22.0,,,,,,29.6,76,3.7,17.7,1005.3
2021-08-09,Chennai,18.458333333333332,,,,,,30.1,75,3.6,14.8,1005.5
2021-08-10,Chennai,12.166666666666666,,,,,,29.7,76,6.5,20.7,1005.1
2021-08-11,Chennai,27.5,,,,,,30.2,71,4.0,15.2,1004.9
2021-08-12,Chennai,23.041666666666668,,,,,,29.3,75,5.6,13.8,1005.8
2021-08-13,Chennai,23.75,,,,,,28.3,81,10.2,10.9,1004.7
2021-08-14,Chennai,24.5,,,,,,29.3,71,1.5,15.1,1003.0
2021-08-15,Chennai,22.708333333333332,,,,,,29.0,67,1.4,15.0,1003.8
2021-08-16,Chennai,31.875,,,,,,28.6,73,0.9,13.1,1004.9
2021-08-17,Chennai,25.5,,,,,,29.0,75,0.8,15.5,1005.5
2021-08-18,Chennai,22.75,,,,,,29.4,74,2.3,23.1,1003.8
2021-08-19,Chennai,16.625,,,,,,29.7,69,5.2,15.2,1003.4
2021-08-20,Chennai,18.958333333333332,,,,,,28.4,80,4.7,18.1,1004.6
2021-08-21,Chennai,21.583333333333332,,,,,,27.8,81,3.4,17.8,1006.7
2021-08-22,Chennai,17.75,,,,,,27.8,80,0.2,20.4,1006.6
2021-08-23,Chennai,24.708333333333332,,,,,,28.0,80,0.0,22.6,1006.3
2021-08-24,Chennai,28.666666666666668,,,,,,28.7,79,0.6,19.6,1005.5
2021-08-25,Chennai,15.0,50.5,9.0,11.295,16.064999999999998,950.0,29.0,75,6.6,17.3,1004.4
2021-08-26,Chennai,23.875,52.0,9.432142857142857,11.107619047619048,17.262142857142855,935.0238095238095,28.6,80,10.7,12.1,1003.2
2021-08-27,Chennai,19.25,53.5,9.864285714285714,10.920238095238094,18.459285714285713,920.047619047619,28.2,85,11.8,13.7,1002.6
2021-08-28,Chennai,13.083333333333334,55.0,10.29642857142857,10.732857142857142,19.65642857142857,905.0714285714286,27.1,88,27.4,14.8,1001.7
2021-08-29,Chennai,13.727272727272727,,,,,,26.8,87,35.1,16.0,1001.1
2021-08-30,Chennai,16.791666666666668,,,,,,28.3,77,0.6,14.0,1002.1
2021-08-31,Chennai,19.708333333333332,,,,,,28.5,78,1.8,11.5,1003.8
2021-09-01,Chennai,32.833333333333336,61.0,12.025,9.983333333333333,24.445000000000004,845.1666666666667,28.2,84,0.4,10.7,1005.2
2021-09-02,Chennai,28.44947735191638,69.97417073170732,13.278125,8.994,19.228,981.5625,27.6,85,26.7,13.3,1004.8
2021-09-03,Chennai,20.776960784313722,52.1919191919192,12.585,12.625,5.15,1125.0,27.4,85,19.8,18.8,1003.7
2021-09-04,Chennai,21.704545454545453,46.46285434995112,11.736666666666668,9.866666666666667,15.09,1180.78125,26.6,88,12.5,13.8,1003.9
2021-09-05,Chennai,15.320833333333333,42.0,8.789473684210526,5.103333333333333,18.336842105263155,864.2424242424242,27.6,83,10.4,14.8,1003.3
2021-09-06,Chennai,13.611255411255412,43.78030303030303,11.651428571428571,5.0,17.66857142857143,895.0,27.7,77,1.9,18.3,1003.0
2021-09-07,Chennai,13.893649193548388,46.43426724137931,12.374193548387098,5.673333333333333,15.0713082437276,925.0,29.0,70,0.0,19.5,1003.4
2021-09-08,Chennai,11.5,48.56,12.2,6.053333333333334,16.986666666666668,576.6666666666667,28.8,77,0.2,18.2,1005.1
2021-09-09,Chennai,11.416666666666668,47.0,9.700000000000001,6.353333333333334,3.483333333333333,720.4166666666667,29.5,72,0.3,16.2,1005.7
2021-09-10,Chennai,19.675,48.25,10.6,10.34,15.39,590.0,29.2,75,0.1,14.3,1005.0
2021-09-11,Chennai,20.0,63.3825,7.4275,10.205,18.9175,615.0,29.2,75,1.5,14.7,1003.9
2021-09-12,Chennai,18.25,45.55083333333333,9.929166666666667,7.4125,5.990833333333334,674.1666666666667,29.3,72,0.8,18.9,1002.6
2021-09-13,Chennai,16.729166666666664,84.0,10.9,6.470000000000001,9.443333333333335,465.0,29.9,68,0.0,23.9,1001.8
2021-09-14,Chennai,18.666666666666668,47.36666666666667,11.14,11.6,8.688333333333333,546.6666666666666,29.9,70,0.0,22.1,1002.9
2021-09-15,Chennai,20.38095238095238,59.142857142857146,11.242857142857144,10.263482142857143,22.657857142857143,628.7916666666667,29.5,76,0.7,17.7,1004.1
2021-09-16,Chennai,21.22701149425287,49.793103448275865,12.348387096774195,10.793030303030303,25.4269696969697,641.3961038961039,29.2,79,1.3,17.7,1004.2
2021-09-17,Chennai,32.74549549549549,67.28891891891892,11.419444444444444,9.860668563300141,27.001351351351353,638.5135135135135,29.1,82,3.3,14.8,1004.2
2021-09-18,Chennai,28.93530701754386,56.68885714285714,12.607999999999999,10.806959921798631,29.6453125,680.6770833333333,28.9,82,2.5,15.5,1005.7
2021-09-19,Chennai,23.516666666666666,50.55555555555556,10.552941176470588,8.807344322344322,26.49897435897436,600.9935897435897,28.9,84,1.4,14.1,1007.1
2021-09-20,Chennai,21.132675438596493,45.689655172413794,10.709545454545456,6.8971875,20.875,728.0357142857142,28.6,81,3.7,16.5,1006.3
2021-09-21,Chennai,20.75,55.983333333333334,10.469988876529477,9.900104166666667,23.84010775862069,721.5625,28.9,80,7.5,15.3,1004.9
2021-09-22,Chennai,15.284347826086957,28.565217391304348,8.777333333333333,7.8919999999999995,12.463703703703702,838.1018518518518,28.5,79,2.9,13.6,1003.7
2021-09-23,Chennai,28.55232558139535,59.74418604651163,7.855,7.800000000000001,16.9775,997.797619047619,28.4,81,5.4,15.9,1003.9
2021-09-24,Chennai,20.973684210526315,59.05706043956044,12.725158730158729,9.89107142857143,24.096111111111114,848.0714285714286,28.4,81,4.9,13.4,1004.9
2021-09-25,Chennai,27.629800853485065,67.84974358974358,7.96,8.073076923076924,21.868484848484847,705.5849358974359,28.9,81,9.4,13.2,1004.1
2021-09-26,Chennai,14.916849816849815,29.102564102564102,9.62142857142857,9.855,12.073,860.8333333333333,28.2,81,4.6,19.5,1002.1
2021-09-27,Chennai,18.12,51.380487804878044,8.569408536585367,6.285870288248336,13.419474671669793,1102.6666666666667,29.0,74,1.4,21.3,1000.4
2021-09-28,Chennai,19.04054054054054,68.07023255813954,11.294,6.776777944486122,17.115348837209304,829.4707297514034,29.0,71,1.0,19.3,1003.2
2021-09-29,Chennai,32.26864035087719,77.26666666666667,11.513684210526316,11.308947368421054,27.71681818181818,821.9677033492823,28.6,77,0.0,12.0,1005.3
2021-09-30,Chennai,28.626254826254826,58.77421052631579,10.999473684210527,13.157575757575756,18.006944444444443,956.6374269005847,28.0,85,11.4,10.2,1006.5
2021-10-01,Chennai,20.041666666666668,57.12811740890688,10.485219298245614,12.915839160839159,18.51073717948718,933.3864709851551,28.0,85,10.1,17.1,1006.1
2021-10-02,Chennai,6.166666666666667,55.48202429149798,9.970964912280703,12.674102564102563,19.014529914529913,910.1355150697256,27.6,85,11.0,15.1,1006.3
2021-10-03,Chennai,5.958333333333333,53.83593117408907,9.45671052631579,12.432365967365966,19.51832264957265,886.884559154296,27.7,86,3.6,15.3,1005.8
2021-10-04,Chennai,9.875,,,,,,27.8,87,0.9,14.1,1005.2
2021-10-05,Chennai,16.041666666666668,,,,,,26.4,91,30.7,20.4,1004.7
2021-10-06,Chennai,23.333333333333332,,,,,,27.8,83,6.8,19.7,1003.5
2021-10-07,Chennai,16.875,,,,,,28.3,83,2.8,15.0,1004.4
2021-10-08,Chennai,18.666666666666668,,,,,,28.2,84,9.2,13.6,1004.7
2021-10-09,Chennai,21.375,,,,,,28.1,82,13.5,16.9,1005.4
2021-10-10,Chennai,23.416666666666668,,,,,,28.3,81,3.2,10.8,1005.1
2021-10-11,Chennai,34.208333333333336,,,,,,27.6,86,14.7,14.5,1004.0
2021-10-12,Chennai,27.791666666666668,,,,,,27.6,85,13.1,13.4,1003.9
2021-10-13,Chennai,23.558958333333337,37.375,4.314166666666667,10.015,24.55625,654.375,27.7,82,0.0,13.9,1003.5
2021-10-14,Chennai,22.392210144927535,48.1063829787234,4.059659090909091,9.558181818181819,20.897954545454546,629.3383838383838,28.3,81,4.7,13.3,1002.9
2021-10-15,Chennai,35.38207070707071,66.31111111111112,7.669347826086957,10.314782608695653,19.910434782608696,767.7070393374742,28.2,82,5.8,11.0,1000.7
2021-10-16,Chennai,28.906976744186046,59.77272727272727,7.739565217391304,10.059503105590062,15.478142062689585,745.8695652173913,28.4,83,2.5,18.0,1000.5
2021-10-17,Chennai,18.563953488372093,39.729166666666664,5.649869976359338,5.394255319148936,16.66936170212766,631.7553191489362,28.4,84,2.1,14.7,1001.7
2021-10-18,Chennai,36.408361018826135,70.35714285714286,7.336281838316722,7.161666666666667,12.472857142857142,802.6306620209059,29.1,78,1.8,14.1,1004.3
2021-10-19,Chennai,40.58854166666667,71.5,9.685434782608697,11.674888888888889,26.817021276595746,778.9314420803782,29.0,81,2.4,12.5,1007.1
2021-10-20,Chennai,44.04166666666667,71.44177777777779,9.303777777777778,9.246818181818183,28.19413043478261,954.8282828282828,28.4,86,9.1,10.2,1009.3
2021-10-21,Chennai,39.19410569105691,78.72727272727273,9.372555555555556,7.958444444444444,21.25190476190476,789.2222222222222,28.2,84,2.5,11.5,1009.8
2021-10-22,Chennai,18.633152173913043,35.58695652173913,9.085777777777778,8.652666666666667,17.435238095238095,800.1111111111111,27.7,82,10.0,16.4,1010.3
2021-10-23,Chennai,16.99157955865273,40.693111111111115,10.9644496124031,11.792222222222222,17.078837209302325,766.7635933806147,27.4,84,6.1,11.2,1010.7
2021-10-24,Chennai,20.92391304347826,46.80434782608695,10.504651162790697,6.29872340425532,18.474418604651163,803.4521276595744,26.6,84,4.6,14.3,1010.7
2021-10-25,Chennai,31.397240384615387,61.464772727272724,10.5685,7.875,17.81219512195122,825.784090909091,27.2,80,2.1,20.0,1009.2
2021-10-26,Chennai,52.7437015503876,106.09534883720931,11.205813953488372,5.564736842105264,23.566315789473684,837.6499388004895,27.5,76,0.6,17.4,1008.3
2021-10-27,Chennai,61.913131313131316,104.62690476190475,11.016904761904762,7.821702127659575,23.12914893617021,832.5734549138805,27.7,74,0.7,21.2,1008.5
2021-10-28,Chennai,69.01063829787233,91.72340425531915,10.5425,10.1765,30.21275,926.8977272727273,26.3,85,16.6,21.7,1008.6
2021-10-29,Chennai,41.041666666666664,54.09693244739756,9.45508658008658,8.668977272727272,22.952992424242424,871.3636363636364,25.9,89,16.1,15.7,1009.5
2021-10-30,Chennai,15.35190476190476,33.24567099567099,10.274277408637873,5.428309523809524,12.990830409356725,1062.857142857143,26.4,87,5.6,17.6,1010.5
2021-10-31,Chennai,14.208333333333334,23.822384057971014,8.696671497584541,4.839444444444444,15.707677624602333,1082.888888888889,26.7,86,20.6,21.0,1010.0
2021-11-01,Chennai,11.06547619047619,21.244802431610943,8.907212138400453,8.322554347826088,20.747257394914374,1020.25,25.7,89,23.6,13.0,1009.4
2021-11-02,Chennai,18.583333333333332,32.34075,9.002836538461539,9.911758373205743,19.960924269528924,813.0,26.2,86,9.4,17.4,1009.3
2021-11-03,Chennai,46.810810810810814,53.866250866250866,9.608634085213033,10.40448912326961,13.900025062656642,876.4285714285714,25.3,90,14.2,11.2,1009.2
2021-11-04,Chennai,82.31818181818181,109.62067669172933,9.681661585365852,19.879791666666666,12.614623306233064,939.5833333333334,24.7,93,28.4,12.6,1008.8
2021-11-05,Chennai,49.74977272727272,61.65704413472706,10.84219512195122,14.092272727272727,12.876685144124169,869.5348837209302,25.0,90,26.0,12.9,1008.3
2021-11-06,Chennai,17.3,18.793493427704753,10.833689024390244,15.906704545454545,11.096985683987274,857.0454545454545,25.4,89,17.9,15.5,1006.8
2021-11-07,Chennai,20.05263157894737,24.759124999999997,11.698654485049834,16.053571428571427,13.273881932021466,836.9767441860465,24.5,93,58.3,21.9,1006.9
2021-11-08,Chennai,65.6036730506156,88.14705882352942,14.611958874458875,11.029285714285713,22.59759090909091,1200.4545454545455,25.8,83,12.8,22.4,1008.2
2021-11-09,Chennai,71.72727272727273,82.92764957264956,11.61331313131313,7.940221445221446,32.865219696969696,910.4444444444445,25.2,87,12.6,25.3,1008.2
2021-11-10,Chennai,67.28571428571429,77.42354437229437,12.089805764411027,10.389394963144964,42.44706937799043,542.3684210526316,23.8,93,76.4,27.9,1006.9
2021-11-11,Chennai,24.25,33.32788461538462,8.914402173913043,11.986818181818183,43.50144480519481,485.0,24.1,89,186.3,38.6,1000.2
2021-11-12,Chennai,17.411764705882355,22.441176470588236,10.759090909090908,12.629654731457801,18.644782608695653,1080.108695652174,26.3,80,1.6,14.5,1004.6
2021-11-13,Chennai,32.309782608695656,41.47826086956522,16.721136363636365,9.797727272727274,22.203958333333333,907.1653368794326,26.6,83,0.8,13.1,1006.0
2021-11-14,Chennai,20.14627906976744,30.286534316505957,14.979302325581394,7.283604651162792,12.736279069767441,1009.0697674418604,26.3,88,11.6,11.5,1006.3
2021-11-15,Chennai,26.73375,38.0,16.623478260869565,12.237391304347826,15.898,978.2954545454545,25.6,90,7.0,10.1,1005.3
2021-11-16,Chennai,25.682926829268293,55.74418604651163,12.54660101010101,4.573666666666666,14.661863636363636,980.8888888888889,26.4,86,10.4,15.2,1005.8
2021-11-17,Chennai,13.96875,24.2326581027668,13.755671936758894,4.749183403805497,13.38705866807611,788.2608695652174,25.8,89,13.9,19.1,1007.1
2021-11-18,Chennai,9.916666666666666,17.598550724637683,10.04416996047431,6.360115384615385,15.032159090909092,879.0,25.4,91,62.2,30.5,1003.4
2021-11-19,Chennai,19.282,25.325004535147393,14.167632653061224,7.660651515151515,18.697118055555556,1011.4285714285714,26.6,83,8.0,28.9,1001.8
2021-11-20,Chennai,18.51533333333333,24.03589855072464,14.324079365079363,8.084261904761906,17.912888888888887,967.6190476190476,26.2,87,12.6,17.5,1004.6
2021-11-21,Chennai,18.13953488372093,31.656280193236718,14.761626984126984,9.024000000000001,18.777494588744588,960.4444444444445,26.3,87,5.8,13.1,1007.4
2021-11-22,Chennai,17.9421875,31.36474358974359,14.849308300395258,8.112286931818183,11.886238636363636,842.1739130434783,26.3,86,11.8,15.3,1009.1
2021-11-23,Chennai,20.054054054054053,37.71651515151515,13.627074721780604,7.777241532976827,15.496363636363636,829.7058823529412,26.9,84,1.3,18.6,1008.4
2021-11-24,Chennai,29.113000000000003,48.009199134199136,11.820503875968992,7.990061132561133,12.755714285714285,845.0,27.1,82,0.6,18.3,1008.7
2021-11-25,Chennai,29.435897435897434,47.796309523809526,11.37236842105263,6.714781746031746,17.868648648648648,834.2105263157895,25.5,88,34.3,22.3,1008.9
2021-11-26,Chennai,20.785714285714285,31.435406976744183,14.06328641370869,6.477285714285713,17.636052631578945,736.2857142857143,25.3,89,40.3,23.0,1009.1
2021-11-27,Chennai,21.21951219512195,29.4130081300813,7.329239631336406,6.139176079734218,17.836451612903225,635.7142857142857,24.8,91,29.7,17.6,1009.3
2021-11-28,Chennai,11.354166666666668,16.409090909090907,11.484117647058824,8.454528657616894,9.526666666666667,597.4358974358975,24.7,91,30.2,18.8,1010.0
2021-11-29,Chennai,25.18421052631579,33.88741192411924,14.32981684981685,11.3987617260788,8.311714285714286,505.45454545454544,24.9,90,27.5,14.8,1010.9
2021-11-30,Chennai,23.945833333333333,29.00277777777778,10.981111111111112,11.506982416335791,8.886136363636364,307.6666666666667,25.0,89,6.6,17.6,1010.9
2021-12-01,Chennai,50.916666666666664,51.93857142857143,9.024820788530466,9.662601532567049,13.285428571428572,794.0,26.1,82,3.9,19.8,1010.1
2021-12-02,Chennai,40.45454545454545,66.13159820282414,10.5015625,10.343685064935066,30.979545454545452,813.1818181818181,26.6,70,0.3,18.2,1009.9
2021-12-03,Chennai,48.43589743589744,77.91105263157894,13.196531531531532,10.396960188933873,30.555348837209298,849.2307692307693,25.7,79,0.0,16.1,1009.7
2021-12-04,Chennai,63.285714285714285,91.33039473684211,16.553658536585367,11.18712918660287,36.76744186046512,819.5454545454545,25.6,80,0.0,9.4,1009.7
2021-12-05,Chennai,72.06666666666666,108.03746770025839,17.63667497231451,11.64536038961039,31.25048780487805,808.8636363636364,26.2,85,0.7,12.2,1009.5
2021-12-06,Chennai,59.175,85.02631578947368,14.951597744360903,11.162476190476191,27.920499999999997,740.2857142857143,26.5,87,0.6,10.6,1009.7
2021-12-07,Chennai,57.33735294117647,95.25714285714287,15.582575187969926,9.190519005847953,19.87972222222222,675.8823529411765,26.2,85,0.2,15.5,1010.4
2021-12-08,Chennai,22.205652173913045,43.29798408488064,13.098076923076924,7.912144396551724,13.04125,617.2413793103449,26.7,82,1.2,16.9,1010.6
2021-12-09,Chennai,11.317380952380953,25.21166666666667,10.425877192982457,7.682023809523809,17.98642857142857,661.1904761904761,26.4,81,1.4,14.1,1012.1
2021-12-10,Chennai,17.791666666666668,47.201409529211574,12.13205602536998,7.724860970677452,15.793488372093023,694.1304347826087,26.3,80,3.1,22.1,1012.8
2021-12-11,Chennai,14.681818181818182,27.21659090909091,9.29911067193676,9.168881313131312,17.303636363636365,615.2272727272727,25.9,82,7.2,21.2,1012.4
2021-12-12,Chennai,12.533333333333333,30.41111111111111,7.437638580931264,8.40169623059867,16.775853658536583,755.1219512195122,25.5,84,10.1,23.2,1012.6
2021-12-13,Chennai,24.232558139534884,41.07665697674419,8.914444444444444,8.887370507399577,22.296363636363637,599.0909090909091,25.4,83,4.5,21.0,1011.6
2021-12-14,Chennai,28.93177777777778,54.27071794871795,7.025661450924609,9.999431524547804,38.73432432432433,464.6666666666667,26.2,77,6.1,24.5,1011.1
2021-12-15,Chennai,52.78787878787879,70.17378787878788,11.505513513513513,9.247233483483484,38.40133333333333,807.5675675675676,26.3,72,0.0,24.2,1011.7
2021-12-16,Chennai,72.73529411764706,92.65745011086474,14.191926406926406,9.728664343786296,39.09583333333333,773.170731707317,25.9,69,0.0,23.5,1012.6
2021-12-17,Chennai,70.86842105263158,109.34012836970476,14.65580357142857,10.155238095238095,31.768260869565214,646.829268292683,25.5,70,0.0,21.9,1013.0
2021-12-18,Chennai,68.88350713012477,102.78514705882353,14.833245778611632,10.245168579626974,25.28,760.2564102564103,25.2,71,0.0,21.4,1012.6
2021-12-19,Chennai,54.89054263565892,85.97140692640693,14.7217104276069,10.764308445532436,34.350967741935484,678.0,24.9,63,0.0,21.1,1013.5
2021-12-20,Chennai,80.25416666666666,124.2488768115942,14.679285714285715,11.55912037037037,20.78782608695652,829.6428571428571,25.2,64,0.0,22.1,1013.5
2021-12-21,Chennai,69.0,108.0,11.35,13.89,31.560000000000002,885.0,24.3,73,0.0,13.8,1013.5
2021-12-22,Chennai,95.61458333333334,186.28875,14.745,10.79125,26.85,992.5,23.4,72,0.0,14.3,1012.3
2021-12-23,Chennai,76.09311688311688,130.5083116883117,14.113452380952381,10.721590909090908,30.145833333333332,815.7142857142857,23.0,70,0.0,11.8,1011.9
2021-12-24,Chennai,45.18333333333334,98.05583333333334,15.026,10.742833333333333,26.52333333333333,883.3333333333334,23.5,75,0.0,9.8,1011.9
2021-12-25,Chennai,55.75,110.375,19.04,9.48857142857143,22.460857142857144,876.4285714285714,23.6,79,0.0,11.9,1012.5
2021-12-26,Chennai,57.041666666666664,108.375,17.48,9.445,16.042250000000003,862.0833333333333,24.0,77,0.0,11.4,1013.6
2021-12-27,Chennai,40.9975,70.3,17.47,10.724761904761905,19.84142857142857,880.0,25.1,74,0.0,13.0,1014.0
2021-12-28,Chennai,33.48916666666666,56.78066666666667,13.845476190476191,10.632857142857144,16.854285714285712,741.6666666666666,24.9,80,1.0,17.7,1013.0
2021-12-29,Chennai,40.625,76.55199999999999,10.357142857142858,9.4925,22.855892857142855,845.5,25.2,79,0.8,16.6,1012.2
2021-12-30,Chennai,30.09875,59.1875,14.21,10.271249999999998,17.855,723.75,24.3,84,11.7,19.3,1013.6
2021-12-31,Chennai,38.58916666666667,51.60333333333333,3.9324999999999997,11.225,14.805,790.0,23.9,88,17.3,22.0,1014.6
2020-01-01,Delhi,349.875,496.41175230566535,53.17205882352941,14.379411764705882,24.747413793103448,2812.651515151515,10.0,79,0.0,12.0,995.3
2020-01-02,Delhi,318.07035619664407,457.27906976744185,55.39324298889516,17.43026315789474,14.723578947368422,2859.840998043053,12.9,79,0.0,12.4,995.2
2020-01-03,Delhi,220.1051282051282,334.95,52.03725657254138,14.01860465116279,14.409433962264151,2752.7369090523634,14.0,78,0.1,9.8,993.3
2020-01-04,Delhi,208.73171958964338,335.5168539325843,53.42916666666667,12.11076923076923,18.06413043478261,1766.128514056225,13.4,82,0.5,9.7,992.1
2020-01-05,Delhi,173.38655462184875,266.6904761904762,44.985777777777784,11.052325581395348,19.498591549295774,1161.258434547908,13.3,74,0.0,12.9,992.6
2020-01-06,Delhi,155.41950436798004,250.39240506329114,47.56593808630394,11.78593306863301,10.687837837837838,1258.1004772004242,13.5,76,0.0,11.6,993.5
2020-01-07,Delhi,126.44615384615385,182.52325581395348,41.74155844155844,12.049180327868852,13.106250000000001,1102.058083078583,14.0,83,2.1,13.0,991.0
2020-01-08,Delhi,122.18309499489274,148.13636363636363,34.848894395730085,9.403614457831326,11.15952380952381,1120.6740430622008,12.8,92,17.5,14.5,988.9
2020-01-09,Delhi,97.89627416405433,137.20224719101122,29.09802807486631,8.463492063492064,15.604477611940299,887.6060606060606,10.5,78,0.0,16.1,993.7
2020-01-10,Delhi,143.33333333333331,221.68333333333334,44.6360886571056,10.509615384615385,18.660759493670888,1289.1379310344828,10.1,77,0.0,16.1,994.1
2020-01-11,Delhi,155.70833333333331,253.7093023255814,49.76726190476191,11.71223474801061,25.757894736842108,1586.5130568356376,10.3,77,0.0,11.3,993.7
2020-01-12,Delhi,220.40415276232852,355.00203203442504,52.762259371833835,11.844870335230866,24.131111111111114,2154.8275862068967,11.8,78,0.0,10.9,990.9
2020-01-13,Delhi,222.87666666666667,339.6363636363636,51.341883116883125,9.249959677419355,17.170217391304348,1894.967741935484,14.6,83,16.6,19.3,986.4
2020-01-14,Delhi,126.2573583662714,187.46575342465752,33.621780303030306,9.287194596148318,14.267391304347825,1142.6026348039215,14.0,86,0.3,11.7,989.8
2020-01-15,Delhi,113.5949741315595,178.05,38.71327379495963,10.785416666666668,14.313295454545454,1106.9018769303873,12.4,83,0.0,12.2,990.9
2020-01-16,Delhi,140.03517045454547,197.65822784810126,38.20120320855615,10.627777777777778,8.113636363636363,1165.0917288557214,12.4,90,11.1,10.0,989.8
2020-01-17,Delhi,100.76121951219513,147.26582278481013,29.70730289279637,9.733333333333334,11.432467532467532,1188.4335197266232,13.0,88,0.6,11.0,990.8
2020-01-18,Delhi,126.41822591822591,195.69230769230768,38.026997716894975,9.3675,11.456338028169014,1360.9375,12.5,89,0.2,10.9,992.7
2020-01-19,Delhi,129.09235280508966,190.36559139784947,29.357446808510637,7.885057471264368,18.164835164835164,917.5356339084772,11.7,82,0.0,12.7,993.3
2020-01-20,Delhi,150.632183908046,241.6454887218045,34.6578313253012,8.721680338374775,15.0296875,1281.6923076923076,12.1,84,0.0,12.5,992.3
2020-01-21,Delhi,228.13582417582418,350.7420634920635,44.517307692307696,10.408288409703504,15.5768115942029,1845.0,12.9,86,0.0,9.5,993.0
2020-01-22,Delhi,202.10930735930737,302.8932234432234,42.232512820512824,8.785,13.803225806451612,1806.4949006977993,12.5,82,0.0,15.1,994.8
2020-01-23,Delhi,72.3417593528817,139.03962844159315,33.21352232459249,8.647252747252747,25.511911764705882,660.090811965812,12.5,66,0.0,23.2,993.5
2020-01-24,Delhi,81.94917463542913,170.34285714285716,44.27306722689076,10.61311475409836,27.40919540229885,1081.579721776351,12.8,60,0.0,22.6,990.9
2020-01-25,Delhi,140.94971072931276,258.6808510638298,55.127472527472534,12.717948717948717,23.81248606465998,1567.2282608695652,11.8,74,0.0,9.8,991.1
2020-01-26,Delhi,204.872327612165,324.6363636363636,48.179940476190474,10.533347649186256,23.225357142857142,2116.988230348886,13.6,79,0.0,10.5,989.4
2020-01-27,Delhi,219.2165256875973,353.7093023255814,71.8569851806113,14.134408602150538,13.722666666666667,2161.636513157895,14.0,77,0.4,16.7,986.9
2020-01-28,Delhi,111.28787878787878,152.91228070175438,41.87162162162162,11.190243902439025,18.959156545209176,1087.6712328767123,14.2,83,16.0,20.7,985.3
2020-01-29,Delhi,81.82782608695652,140.73809523809524,42.068998060762766,9.754255319148935,20.696202531645568,1063.1845238095239,13.3,82,0.5,10.2,991.1
2020-01-30,Delhi,90.97591692443658,168.75641025641025,45.59266781083143,9.457575757575759,18.636363636363637,999.9472990777338,12.6,77,0.0,17.8,992.3
2020-01-31,Delhi,91.66666666666666,169.24175824175825,45.02040930754135,9.198780487804877,21.474776119402986,1158.0487804878048,12.1,74,0.0,12.7,990.2
2020-02-01,Delhi,114.29628517501716,216.4367816091954,42.78386431784108,9.89255319148936,23.48967032967033,1353.1945917285261,12.3,74,0.0,12.5,992.7
2020-02-02,Delhi,125.99144232483508,211.6184210526316,45.017866917550464,9.27609756097561,22.199107142857144,1241.5631222620468,11.7,76,0.0,14.4,994.2
2020-02-03,Delhi,143.61309523809524,262.0,52.60993131483039,10.39787234042553,23.52409638554217,1633.7951807228915,12.0,74,0.0,11.8,993.1
2020-02-04,Delhi,192.3314393939394,350.0,62.95763721552878,14.07865168539326,30.251764705882355,1933.8866487455198,13.0,74,0.0,10.4,991.3
2020-02-05,Delhi,130.41381723643318,232.9375,52.81659574468085,12.162765957446808,25.141379310344828,1120.6219409282699,12.9,74,0.0,16.0,991.7
2020-02-06,Delhi,116.06944444444446,204.2948717948718,49.92335164835165,11.02676056338028,25.898611111111112,1188.996794871795,11.7,75,0.0,11.2,991.1
2020-02-07,Delhi,154.6411956521739,259.4526774595268,53.95595238095238,13.16810293861937,29.438849909584086,1363.0063715627095,12.7,71,0.1,12.0,993.4
2020-02-08,Delhi,149.53250364093736,235.62921348314606,47.22249953951004,13.645454545454545,29.22087912087912,1137.2839229735782,12.4,75,0.0,10.7,995.3
2020-02-09,Delhi,152.26406593406594,251.27173913043478,50.18239913176711,13.624826007326007,28.143555555555558,1317.373188405797,12.8,75,0.0,10.2,995.7
2020-02-10,Delhi,177.91544943820224,311.72151898734177,57.875478363261706,14.6775,26.456179775280898,1589.659090909091,13.2,73,0.0,11.1,993.8
2020-02-11,Delhi,173.88230072463767,312.6585365853659,60.9030950752394,12.9175,27.369397590361444,1703.95692358475,13.5,73,0.0,11.2,993.9
2020-02-12,Delhi,175.6578282828283,303.0,52.943703703703704,17.323880597014927,30.21098591549296,1209.6334388185653,15.9,68,0.0,19.5,993.3
2020-02-13,Delhi,90.88049095607235,180.82954545454547,41.24152661064426,17.08939393939394,29.93977272727273,877.0465337132003,19.2,57,0.0,20.6,990.6
2020-02-14,Delhi,70.8223276407337,168.35632183908046,34.400704022988506,13.094999999999999,34.29233333333333,774.2417582417581,18.5,51,0.0,29.0,987.9
2020-02-15,Delhi,81.3405172413793,184.3939393939394,45.86965002868617,17.04567901234568,36.71142857142858,930.6345381526105,17.5,47,0.0,21.3,988.0
2020-02-16,Delhi,132.05479362591433,243.47191011235955,54.424077380952376,17.972857142857144,35.61477272727273,1428.3167613636365,17.1,60,0.0,12.2,990.9
2020-02-17,Delhi,160.21376811594203,292.655737704918,60.19465909090909,18.328735632183907,28.21322222222222,1502.8246753246754,17.5,56,0.0,17.7,992.1
2020-02-18,Delhi,131.59656862745098,257.2063492063492,59.28684210526316,23.11948051948052,31.289555555555555,1447.5014343086632,17.0,48,0.0,20.2,989.3
2020-02-19,Delhi,138.7709919052797,304.7659574468085,57.47921195652174,17.082558139534882,36.23361111111112,1841.705758962624,18.2,54,0.0,21.5,988.1
2020-02-20,Delhi,104.8010155316607,234.9591836734694,39.11204013377926,12.795454545454545,49.15079365079365,972.7525252525253,20.0,62,2.1,25.4,987.7
2020-02-21,Delhi,51.56584113560858,79.34883720930233,28.01424768842813,9.727058823529411,36.65537634408602,722.8789682539682,16.2,84,13.4,25.2,991.5
2020-02-22,Delhi,67.92948717948718,139.5142857142857,40.02977009832273,11.597752808988764,27.67808219178082,1305.7233704292528,17.8,79,0.7,11.9,995.1
2020-02-23,Delhi,106.48465753424658,178.9229411764706,40.6752808988764,14.179727272727273,29.28617741935484,1069.2424242424242,17.5,82,2.6,17.8,993.1
2020-02-24,Delhi,68.98249385749386,156.25882352941176,46.517980557593546,15.27037037037037,32.004705882352944,976.2248096730855,17.6,78,0.1,11.8,989.7
2020-02-25,Delhi,135.91210025929126,237.03030303030303,49.1213715614103,15.552542372881357,24.97054347826087,1235.1063829787236,18.0,74,0.0,16.3,988.6
2020-02-26,Delhi,141.8610855639442,268.04761904761904,51.10906537282942,15.97246376811594,31.536956521739132,1469.1806722689075,18.6,74,0.0,11.2,989.2
2020-02-27,Delhi,104.30288461538461,203.0681818181818,46.109653718374645,13.01341463414634,27.199285714285715,1075.3839037927846,19.1,76,0.0,12.1,989.7
2020-02-28,Delhi,85.96834279986635,158.76470588235293,32.07394094993582,11.606756756756756,32.66875,821.7437316834908,20.3,74,0.0,19.3,988.3
2020-02-29,Delhi,59.74898785425101,115.14285714285714,33.618320024570025,10.907142857142857,32.10878787878788,728.0280172413793,18.7,82,9.1,22.3,987.7
2020-03-01,Delhi,47.17307692307692,104.51100569259961,43.86666666666667,12.043829787234042,39.599443053817275,1134.1379310344828,19.1,80,0.0,14.8,988.4
2020-03-02,Delhi,98.61306834742058,204.30379746835442,52.81024350649351,14.19,29.57827956989247,1716.4313725490197,19.7,78,0.2,9.4,987.9
2020-03-03,Delhi,80.18038821954485,186.4047619047619,45.477318799005545,13.639473684210525,28.46660314369175,1098.2969766551855,19.6,70,0.0,10.5,986.4
2020-03-04,Delhi,81.60524984187224,191.1976673180264,40.96417112299466,14.863076923076923,33.93888888888889,1014.760348583878,19.2,72,1.0,17.2,985.5
2020-03-05,Delhi,31.799850746268657,67.25581395348837,30.27380087209302,10.733,32.424,623.5227272727273,18.2,79,13.0,27.8,985.2
2020-03-06,Delhi,19.653805496828753,38.523809523809526,32.48088972431078,9.723333333333333,28.101298701298703,602.2735409953455,16.4,86,23.3,30.4,984.4
2020-03-07,Delhi,43.6625,94.55555555555556,33.45201800232288,10.997744360902255,29.55862068965517,846.3595068137573,15.9,85,1.7,18.9,988.7
2020-03-08,Delhi,70.39375000000001,138.07012750455374,37.44597701149426,11.046153846153846,28.629220985691575,1010.126582278481,16.5,79,0.0,16.4,990.7
2020-03-09,Delhi,59.660380715175236,143.64864864864865,34.61494728800611,11.735714285714286,30.48409090909091,796.590909090909,17.0,67,0.0,20.3,988.1
2020-03-10,Delhi,84.65544871794873,158.0595238095238,27.61340778474399,14.994252873563218,45.49569892473119,780.6321175111405,17.1,68,0.0,11.0,986.7
2020-03-11,Delhi,54.74052287581699,113.5111111111111,26.775310813980763,12.241772151898735,43.19277108433735,678.8636363636364,18.7,74,2.6,20.9,984.6
2020-03-12,Delhi,59.89490161001789,165.2674418604651,37.963689869835875,12.075555555555555,27.966119402985075,963.716049382716,19.6,67,0.0,21.1,986.7
2020-03-13,Delhi,57.73095238095238,187.61333333333334,38.51815355805243,13.82977602108037,33.00606060606061,653.9252479023646,18.7,65,10.0,23.2,988.4
2020-03-14,Delhi,40.718560606060606,80.13698630136986,32.431074438202245,11.075757575757576,24.765714285714285,705.8421052631579,16.4,82,4.2,20.4,990.1
2020-03-15,Delhi,59.333333333333336,118.22104166666666,40.33552631578947,11.192957746478873,36.46164417791105,795.8904109589041,16.3,78,0.1,10.7,991.7
2020-03-16,Delhi,59.72,148.09962406015038,42.98318681318681,13.767678812415655,32.933539054966246,919.8626444159179,18.0,75,0.0,12.0,991.2
2020-03-17,Delhi,63.30434782608695,149.83720930232556,47.46774193548387,14.330735294117646,36.445650962512666,952.1338446313706,18.9,71,0.0,14.1,991.2
2020-03-18,Delhi,63.02435933539848,160.7865168539326,47.7176007751938,14.22121212121212,38.26451612903226,1072.357142857143,20.4,67,0.0,14.8,989.5
2020-03-19,Delhi,92.24545454545455,195.10638297872342,44.326393728222996,17.071136310498012,37.64823529411765,1014.6666666666666,20.8,71,0.2,12.5,986.6
2020-03-20,Delhi,89.93699036918137,206.01388888888889,48.007999999999996,19.831784511784512,38.05555555555556,1165.873015873016,21.2,69,0.4,16.7,985.4
2020-03-21,Delhi,83.91114551083592,175.10242105263157,45.16346153846153,17.75968875502008,37.61411764705882,1032.0007107320541,21.7,70,1.6,9.2,985.7
2020-03-22,Delhi,71.89368421052632,129.28439638318673,26.159701492537312,14.201875,51.47064492216457,741.1578947368421,22.0,68,0.0,13.8,987.5
2020-03-23,Delhi,67.31497705465165,123.53191489361703,28.74826530612245,16.193478260869565,23.37333333333333,718.9767441860465,22.5,61,0.0,9.4,987.3
2020-03-24,Delhi,56.34177215189873,109.18609756097561,22.887999999999998,15.916813380281692,35.768151574164236,649.7530864197531,23.6,64,0.7,10.8,985.8
2020-03-25,Delhi,38.59090909090909,71.66363022941971,17.17544303797468,10.888,27.19144939271255,566.4590285502411,23.8,62,0.0,21.8,986.6
2020-03-26,Delhi,44.394742421030315,77.15094339622641,14.467943548387098,12.692812356979406,24.028070175438597,530.7347447073474,23.5,61,0.0,19.6,987.4
2020-03-27,Delhi,22.479440592875925,42.357142857142854,12.772291666666668,10.325490196078432,25.856179775280896,447.93313069908817,21.4,74,6.0,16.2,989.1
2020-03-28,Delhi,19.905882352941177,35.45882352941177,14.394736842105264,10.020689655172415,25.223068475452195,452.8235294117647,21.3,69,0.1,17.3,989.5
2020-03-29,Delhi,23.189655172413794,54.38172043010752,11.66326530612245,10.213050911854102,40.10008040500298,460.6547619047619,21.9,59,0.0,22.5,987.7
2020-03-30,Delhi,32.08775068546808,61.467952643396615,13.669333333333334,9.911184210526315,47.233333333333334,454.4186046511628,21.9,55,0.0,19.2,987.7
2020-03-31,Delhi,31.55128205128205,65.6442207566817,12.735294117647058,12.157377049180328,45.58961180124224,486.1470840480274,22.7,56,0.1,20.1,986.3
2020-04-01,Delhi,30.94576388888889,68.12087912087912,13.923328754578755,13.68082191780822,39.359113060428854,477.7325581395349,23.9,56,0.0,13.0,985.5
2020-04-02,Delhi,26.49206349206349,60.84093309859155,12.057831325301205,11.097777777777777,46.638333333333335,524.2307692307693,23.3,53,0.0,20.9,985.9
2020-04-03,Delhi,29.632183908045977,63.30337078651685,14.450425712347354,12.81783764106298,61.15352112676056,493.05555555555554,22.4,44,0.0,19.1,987.3
2020-04-04,Delhi,36.33396488568903,72.6046511627907,18.699734432234433,12.61905237904838,52.80684782608695,532.439024390244,23.2,48,0.0,17.2,987.2
2020-04-05,Delhi,52.340599250936336,103.82998021838898,18.824466463414637,16.33372093023256,55.38917647058823,650.9638554216867,24.0,53,0.0,15.5,987.8
2020-04-06,Delhi,61.40604395604395,119.4356179775281,17.82935846321131,15.866551724137933,52.45168604651163,627.2583559168925,26.2,46,0.0,18.0,986.6
2020-04-07,Delhi,29.354924841772153,92.78060892217519,13.235268817204302,14.783333333333335,46.149617977528095,441.3856960408684,25.0,46,0.4,19.6,984.8
2020-04-08,Delhi,26.027027027027028,78.41025641025641,13.36060606060606,13.147843035343035,60.357355112587676,393.0769230769231,24.9,46,0.0,16.7,985.3
2020-04-09,Delhi,32.643926661573715,76.64152941176471,16.899285714285714,12.240425531914893,58.61948483589531,557.0260747004933,24.4,46,0.0,15.8,985.9
2020-04-10,Delhi,59.28200371057514,116.08163265306122,21.47849887556222,16.311195652173915,51.60751617440225,692.8879310344828,25.7,47,0.0,17.2,986.7
2020-04-11,Delhi,52.65448529411765,112.6029411764706,18.8275,19.0,59.08113972234662,664.3333333333333,27.7,42,0.0,13.8,987.8
2020-04-12,Delhi,37.04797762478485,87.24096385542168,15.286611433305717,15.034065934065934,59.92183098591549,556.0792192881745,28.0,42,0.0,15.0,985.6
2020-04-13,Delhi,61.36403846153846,130.64615384615385,21.527023564401738,18.556130559783526,45.32266666666666,703.1150793650793,29.3,41,0.0,20.6,983.6
2020-04-14,Delhi,53.41958779617008,136.33758865248228,22.650060054907343,16.470588235294116,43.172560975609755,787.9120879120879,30.1,41,0.0,22.0,984.0
2020-04-15,Delhi,61.550561797752806,192.55357142857142,26.249148936170215,14.185686769089658,34.20445990806946,815.1190476190476,30.4,38,0.0,20.6,983.6
2020-04-16,Delhi,71.30917721518988,187.24288645690837,22.79036144578313,19.380246913580248,46.67142857142857,687.7345629510826,30.3,36,0.0,16.9,982.3
2020-04-17,Delhi,25.6231963562753,87.23684210526316,13.714281674208145,13.9,61.269767441860466,439.0,29.6,34,0.0,20.4,982.1
2020-04-18,Delhi,26.167115384615386,98.91128205128206,13.18505376344086,10.955330851943755,55.347142857142856,467.5,29.0,38,0.0,25.1,983.3
2020-04-19,Delhi,37.12,84.41071428571429,19.643928571428575,11.900205058099795,40.35,602.9411764705883,27.9,43,0.0,14.4,983.3
2020-04-20,Delhi,50.16403983656792,107.75848214285715,23.523404255319146,12.679057071960298,33.40953846153846,725.7115384615385,26.8,45,0.4,14.5,984.1
2020-04-21,Delhi,35.189655172413794,81.53879310344828,16.43846153846154,12.885714285714286,49.863157894736844,676.3414634146342,26.1,51,0.0,14.8,984.4
2020-04-22,Delhi,60.58461538461538,136.56666666666666,24.932250000000003,16.516875,45.146153846153844,747.4261083743843,27.5,41,0.0,13.8,983.0
2020-04-23,Delhi,53.671521739130434,122.8695652173913,22.082608695652173,15.563333333333333,49.590695652173906,775.925925925926,28.9,38,0.0,20.2,982.4
2020-04-24,Delhi,73.88784584980237,131.91666666666669,22.060185185185183,14.992857142857144,39.486666666666665,850.0,28.9,41,0.0,11.4,980.8
2020-04-25,Delhi,59.777256258234516,124.72222222222223,17.205092592592592,12.825279581529582,45.309423076923075,721.824942791762,28.5,43,0.5,17.1,981.5
2020-04-26,Delhi,45.666666666666664,117.52777777777777,12.35,10.65770202020202,51.132179487179485,593.6498855835241,26.9,58,1.0,29.5,984.0
2020-04-27,Delhi,27.0,50.78896103896104,11.668981481481481,10.155555555555555,58.87041666666667,575.1428571428571,25.4,69,2.8,21.1,986.8
2020-04-28,Delhi,37.151315789473685,71.6470588235294,13.773008534850641,11.18421052631579,67.56589743589744,644.5454545454545,26.4,64,0.2,14.8,986.8
2020-04-29,Delhi,57.61628571428571,105.43142857142857,16.45111111111111,12.422,53.32586206896552,690.3225806451613,28.6,55,0.0,12.6,984.3
2020-04-30,Delhi,50.583333333333336,120.23928571428571,16.44324324324324,12.805714285714286,60.38486802413273,680.7384823848238,29.4,51,0.2,23.2,984.0
2020-05-01,Delhi,58.42146636432351,127.4090909090909,15.74826923076923,12.602941176470589,57.527983870967745,672.0833333333334,30.5,54,0.0,17.3,982.2
2020-05-02,Delhi,32.494897959183675,97.3170731707317,11.329946524064171,11.478378378378379,64.38037990196078,619.2385444743935,29.3,57,0.9,29.5,981.6
2020-05-03,Delhi,34.330769230769235,74.44516129032257,12.45657142857143,10.225000000000001,49.800000000000004,603.5714285714286,27.7,64,21.8,25.5,982.5
2020-05-04,Delhi,27.067105263157895,57.93044189852701,14.5217673992674,10.895744680851065,63.7007196969697,536.3636363636364,27.2,66,0.0,14.6,983.9
2020-05-05,Delhi,51.943953488372095,100.66428571428571,19.360975609756096,14.881003752345215,53.62214285714286,671.4285714285713,28.8,50,0.0,25.6,983.1
2020-05-06,Delhi,52.43636363636364,153.44444444444446,18.72127659574468,14.255555555555556,66.68441674975075,714.2857142857143,28.6,45,0.0,18.8,982.1
2020-05-07,Delhi,32.942460317460316,78.20588235294117,17.246428571428574,13.242316017316018,65.41,569.8076923076924,28.6,44,0.0,17.7,982.8
2020-05-08,Delhi,47.333333333333336,124.58333333333334,16.07741935483871,12.957142857142857,80.195,716.5898617511521,30.7,40,0.0,13.7,981.2
2020-05-09,Delhi,52.117261904761904,122.62519201228879,14.790000000000001,12.857142857142858,80.49166666666667,709.0909090909091,31.6,41,0.0,14.7,981.8
2020-05-10,Delhi,44.5625,93.48888888888888,16.08375,11.980555555555556,59.25067401960784,626.6666666666666,29.6,54,0.8,17.7,982.8
2020-05-11,Delhi,45.02666666666667,97.23076923076923,20.40909090909091,11.8,62.14735294117648,747.8285714285714,29.1,57,0.3,15.3,984.1
2020-05-12,Delhi,40.81818181818182,84.41176470588235,17.874193548387098,12.879411764705882,61.473333333333336,674.375,29.4,55,0.0,17.0,983.4
2020-05-13,Delhi,54.44,106.0,24.555,10.225000000000001,23.11,880.0,29.7,55,0.3,14.9,982.2
2020-05-14,Delhi,52.53333333333333,126.42532467532467,21.866666666666667,12.893636363636363,54.77208534621578,693.3333333333334,30.5,53,0.0,13.2,981.6
2020-05-15,Delhi,58.5,131.07142857142858,23.782608695652176,11.025,74.66214285714285,915.0,31.4,41,0.0,20.4,980.9
2020-05-16,Delhi,78.35197368421052,144.21951219512195,24.018809523809523,15.937782805429865,62.28333333333333,879.1547518923466,31.5,33,0.0,18.4,980.2
2020-05-17,Delhi,92.0,183.87878787878788,30.40666666666667,22.5258064516129,57.4,1034.5535714285716,31.8,32,0.0,16.0,978.9
2020-05-18,Delhi,103.02060606060606,200.94259259259258,36.759762443438916,24.58298319327731,41.04790322580645,986.969696969697,31.4,30,0.0,17.2,978.0
2020-05-19,Delhi,91.47826086956522,198.6727272727273,41.641666666666666,18.725,46.822553763440865,1087.5,32.1,22,0.0,14.3,977.5
2020-05-20,Delhi,60.166666666666664,144.24705882352941,28.54191176470588,16.506060606060608,64.28373366013072,780.0,30.8,26,0.0,21.2,977.1
2020-05-21,Delhi,48.27333333333333,156.61875,30.291228070175436,14.3475,52.64220189701897,896.6666666666666,32.2,26,0.0,22.7,976.2
2020-05-22,Delhi,96.94681818181817,221.47267441860464,43.595238095238095,21.96,54.392932692307696,1128.642857142857,34.0,26,0.0,11.8,976.2
2020-05-23,Delhi,60.05379310344827,204.673014354067,35.432352941176475,15.275609756097559,50.425000000000004,864.4090056285178,34.6,28,0.0,18.1,977.6
2020-05-24,Delhi,60.927727272727275,192.6538888888889,26.95,19.073780487804875,53.945201863354036,754.0,35.6,25,0.0,23.7,977.9
2020-05-25,Delhi,65.85,173.20833333333331,28.624307692307692,24.59736842105263,59.3974358974359,827.9411764705883,35.7,22,0.0,23.1,977.6
2020-05-26,Delhi,50.44712070874861,173.29761904761904,36.836363636363636,11.985384615384614,27.105172413793106,830.0,36.9,19,0.0,19.7,976.0
2020-05-27,Delhi,37.06779202279202,156.8625,23.248114285714287,13.116666666666665,75.66296296296296,610.7142857142858,36.5,21,0.0,17.1,974.4
2020-05-28,Delhi,31.064999999999998,222.7,13.413157894736841,10.7,42.79875,600.0,33.0,41,0.1,29.8,975.8
2020-05-29,Delhi,19.0,49.54761904761905,16.217435064935067,9.6,44.98857142857143,500.0,30.1,58,4.2,27.5,978.7
2020-05-30,Delhi,19.46,52.58,18.075000000000003,9.3,31.65,600.0,28.2,61,5.4,20.0,981.0
2020-05-31,Delhi,20.9375,37.5,15.51086956521739,9.360000000000001,41.79866359447004,564.6875,26.8,69,0.2,16.2,982.6
2020-06-01,Delhi,38.0084541062802,72.34444444444443,22.775,13.255263157894737,35.40333333333333,766.8803418803418,27.8,67,0.0,9.6,983.2
2020-06-02,Delhi,52.817499999999995,108.53772727272727,23.453333333333333,11.995,38.959545454545456,747.5961538461538,29.0,62,0.0,14.1,981.4
2020-06-03,Delhi,55.333333333333336,120.0,27.189999999999998,16.12434210526316,48.039210526315784,830.0,29.9,58,0.0,11.3,979.4
2020-06-04,Delhi,64.88937931034482,129.95732142857145,34.22443181818182,14.457142857142857,37.5584,894.4444444444445,29.6,57,0.0,11.8,978.6
2020-06-05,Delhi,42.82142857142857,86.97999999999999,21.97142857142857,12.038697318007664,46.832499999999996,716.6666666666666,29.0,60,0.0,12.2,978.5
2020-06-06,Delhi,32.241190476190475,81.32523809523809,21.36746031746032,9.930769230769231,31.8,740.8333333333333,29.5,58,0.0,13.1,978.1
2020-06-07,Delhi,45.44444444444444,100.25753246753246,25.762727272727272,12.956031746031748,23.708928571428572,750.0,30.6,59,1.2,15.0,977.9
2020-06-08,Delhi,51.60548850574713,110.88461538461539,27.52842105263158,14.563461538461539,51.746428571428574,817.5057208237986,30.8,60,0.1,13.2,977.5
2020-06-09,Delhi,65.94068796068797,137.34615384615384,31.224285714285713,14.961111111111112,47.134878048780486,828.0021141649049,33.0,51,0.0,12.3,977.4
2020-06-10,Delhi,57.372454212454215,162.71428571428572,30.297222222222224,13.816315789473684,42.05291666666667,776.9736842105262,33.7,52,0.0,19.4,976.8
2020-06-11,Delhi,57.83333333333333,147.0909090909091,30.8375,12.110869565217392,36.95,967.8491436100132,33.5,53,0.0,11.6,975.7
2020-06-12,Delhi,62.94285714285714,139.64285714285714,24.02388888888889,11.044251336898396,36.77,885.8901098901099,33.8,52,0.0,16.6,974.7
2020-06-13,Delhi,51.1219512195122,124.08585858585859,22.62348837209302,9.50322966507177,31.359999999999996,752.5,33.6,55,0.0,15.3,975.1
2020-06-14,Delhi,66.4359375,139.88557692307694,21.87777777777778,12.929202586206896,40.76769230769231,852.2222222222222,33.6,56,0.0,12.1,976.6
2020-06-15,Delhi,47.44097222222222,107.78386217948719,23.225772727272727,9.633333333333333,35.66428571428572,819.4444444444445,34.3,47,0.0,18.2,974.7
2020-06-16,Delhi,37.36,93.54764705882353,23.57,10.1,38.08205741626794,813.9130434782609,33.8,48,0.1,14.3,972.5
2020-06-17,Delhi,28.371794871794872,74.50171052631579,14.420000000000002,8.866666666666667,45.126363636363635,671.3931623931624,33.9,52,0.0,17.6,972.1
2020-06-18,Delhi,36.86363636363637,100.625,17.666666666666668,11.545454545454545,48.76444444444445,745.4545454545455,34.6,50,0.0,18.4,972.6
2020-06-19,Delhi,53.4,196.38404255319148,16.5,11.22857142857143,38.278107769423556,817.5,34.9,53,0.0,19.3,974.4
2020-06-20,Delhi,33.59090909090909,118.53571428571428,22.96666666666667,10.20625,37.550703564727954,730.0,33.7,54,1.2,19.9,976.0
2020-06-21,Delhi,42.830075757575756,97.78659946236559,20.37222222222222,9.99,38.08333333333333,797.5675675675676,33.4,54,0.0,13.8,975.7
2020-06-22,Delhi,48.666666666666664,97.02083333333334,22.608333333333334,10.196153846153846,38.28227586206897,907.9310344827586,31.9,61,1.0,10.9,975.7
2020-06-23,Delhi,26.36602870813397,58.468979591836735,14.0375,9.478260869565217,26.773488372093027,702.5,31.5,64,2.0,21.0,977.9
2020-06-24,Delhi,31.893617021276597,61.45481395348837,16.824137931034482,9.418005952380952,20.613829787234042,767.6144422952934,30.3,72,3.1,15.1,978.7
2020-06-25,Delhi,45.72291666666667,80.9,22.750166666666665,8.076,16.30892857142857,854.8076923076924,31.9,66,0.0,10.2,976.2
2020-06-26,Delhi,47.66909090909091,109.96486397748593,21.25483870967742,10.694010889292196,21.162028368794324,776.6666666666666,32.4,65,1.4,18.8,975.3
2020-06-27,Delhi,36.15384615384615,139.07735294117646,22.01025641025641,9.83030303030303,13.201878787878787,675.0,33.7,57,0.1,29.5,974.5
2020-06-28,Delhi,53.20689655172414,280.9259259259259,22.774074074074072,10.87951219512195,16.236036036036037,751.2723214285714,35.0,51,0.2,26.2,973.8
2020-06-29,Delhi,38.714285714285715,158.13636363636363,19.814285714285717,11.319148936170214,26.373333333333335,694.72049689441,34.4,54,0.5,24.6,975.6
2020-06-30,Delhi,39.83875,101.7840909090909,16.134375,9.842857142857143,32.78,813.939393939394,32.2,63,0.0,17.1,977.0
2020-07-01,Delhi,51.266666666666666,116.4047619047619,18.7413768115942,9.546153846153846,32.806666666666665,841.7857142857143,33.4,59,0.0,14.2,975.9
2020-07-02,Delhi,61.02670731707317,133.66666666666666,19.665,9.535829959514171,36.61571428571428,820.4448621553885,35.1,53,0.1,15.7,973.5
2020-07-03,Delhi,57.714285714285715,120.11714285714285,19.764705882352942,9.792156862745099,24.865357142857142,833.3333333333334,35.0,56,0.0,22.9,973.0
2020-07-04,Delhi,44.77777777777778,93.05875,14.341379310344829,8.49922619047619,33.93333333333333,723.0238095238095,33.1,64,0.0,21.4,973.4
2020-07-05,Delhi,30.125,55.206896551724135,16.075,9.183636363636364,43.1249591503268,684.0909090909091,29.9,70,4.1,18.1,973.7
2020-07-06,Delhi,43.333333333333336,80.0,17.9,8.58222222222222,26.5375,811.6216216216217,30.6,70,0.3,16.3,973.8
2020-07-07,Delhi,17.0,40.88,13.36,7.128333333333334,18.95,583.3333333333334,29.3,74,1.5,23.8,976.5
2020-07-08,Delhi,27.025,44.010384615384616,14.375,8.357142857142858,17.9875,675.9615384615385,28.8,82,5.4,19.0,977.6
2020-07-09,Delhi,34.58333333333333,62.723,21.926052631578944,8.5,21.555555555555557,822.3111111111111,30.2,78,2.2,12.8,974.4
2020-07-10,Delhi,24.853,69.73944805194805,17.713749999999997,7.4,25.176923076923078,665.340909090909,32.7,63,1.6,17.0,972.2
2020-07-11,Delhi,18.79861111111111,48.16172348484848,16.27857142857143,8.480869565217391,39.05,641.0,31.9,64,0.9,19.2,972.8
2020-07-12,Delhi,21.78985507246377,50.52777777777778,16.6375,8.157142857142857,27.907142857142855,623.8333333333334,31.7,66,0.5,14.7,974.2
2020-07-13,Delhi,29.75,83.0,20.60757575757576,9.326363636363638,32.935,571.4285714285714,31.9,65,0.1,15.3,974.6
2020-07-14,Delhi,41.714285714285715,157.9521096345515,18.9625,8.459651162790697,49.7,770.0,33.2,60,0.0,13.6,975.3
2020-07-15,Delhi,36.333333333333336,90.56088235294118,16.008333333333333,7.76986111111111,38.084973262032086,745.0,31.9,68,0.1,18.3,976.2
2020-07-16,Delhi,28.0,63.72392857142857,20.235,8.99109195402299,23.57,743.75,30.7,73,4.6,21.1,975.3
2020-07-17,Delhi,48.65656565656566,92.90681697612732,22.741315789473685,8.205882352941178,15.873684210526314,855.5,31.1,74,10.8,17.7,976.0
2020-07-18,Delhi,37.25714285714286,77.5925925925926,18.595348837209304,9.627153110047846,18.39098275862069,764.0,31.6,74,2.5,15.1,976.8
2020-07-19,Delhi,25.785964912280704,49.1875,19.228571428571428,8.001785714285713,19.094147727272727,900.0,30.5,80,14.1,17.2,975.4
2020-07-20,Delhi,27.22222222222222,64.36,29.636,7.326086956521739,21.709,784.2105263157895,29.3,79,15.3,17.4,973.9
2020-07-21,Delhi,21.864406779661017,38.28182926829268,21.663636363636364,7.230136986301369,24.986585365853657,777.4358974358975,28.2,82,13.5,11.9,976.6
2020-07-22,Delhi,24.568627450980394,38.45454545454545,22.74186046511628,7.25279860069965,15.021041666666667,868.530701754386,27.2,86,14.4,15.6,977.9
2020-07-23,Delhi,33.246887379739675,68.14217443249701,22.42442396313364,8.214285714285714,28.741176470588236,905.9102674719586,28.5,79,0.2,8.4,977.0
2020-07-24,Delhi,43.396011396011396,86.15450464396285,22.711648351648353,8.75937675070028,24.903439878234398,792.8409090909091,28.8,78,1.6,13.1,979.8
2020-07-25,Delhi,30.87676056338028,58.50529277408638,16.8,8.3,18.835475230414747,696.551724137931,28.8,82,1.9,14.2,981.2
2020-07-26,Delhi,40.55148148148148,78.36065573770492,23.21808510638298,8.600000000000001,24.87263736263736,920.0,29.9,80,2.6,11.3,981.0
2020-07-27,Delhi,36.34125,89.5,23.908333333333335,7.4451736111111115,19.33886075949367,707.1589882565493,31.0,75,2.7,16.3,978.5
2020-07-28,Delhi,26.55,89.72654008438818,27.193749999999998,7.583333333333333,18.279238095238096,883.75,31.8,67,0.4,19.6,976.3
2020-07-29,Delhi,21.166666666666668,57.5,39.425000000000004,9.432708333333334,11.020000000000001,1066.6666666666667,30.5,72,0.1,18.4,976.8
2020-07-30,Delhi,18.6625,51.888888888888886,23.153846153846153,8.621243386243385,18.320875,808.3333333333334,28.9,79,3.9,12.8,978.4
2020-07-31,Delhi,36.95946886446886,74.57738095238095,23.483333333333334,8.283039215686275,8.7,851.7647058823529,29.2,84,8.5,9.5,977.7
2020-08-01,Delhi,29.0,66.0,1.4,5.7,80.8,1170.0,29.4,84,5.6,8.4,977.1
2020-08-02,Delhi,22.92857142857143,62.55555555555556,7.296296296296296,9.66,46.7,967.5,31.1,75,0.2,15.3,975.2
2020-08-03,Delhi,16.857142857142858,59.11111111111111,13.192592592592593,13.62,8.82,765.0,31.7,72,1.3,15.5,971.4
2020-08-04,Delhi,18.0,55.666666666666664,19.08888888888889,7.358730158730159,20.550763888888888,657.1428571428571,31.7,73,0.9,11.7,969.6
2020-08-05,Delhi,36.666666666666664,77.66666666666667,25.6,10.5,13.75,800.0,30.5,79,2.1,19.3,971.0
2020-08-06,Delhi,15.835658238884045,53.68,16.944942611190818,9.851851851851851,16.735962732919255,611.2280701754386,30.9,71,0.1,34.1,973.7
2020-08-07,Delhi,19.08114035087719,43.06284722222222,17.376391304347827,10.168181818181818,20.388449074074074,633.3333333333334,29.9,76,0.9,26.4,976.6
2020-08-08,Delhi,42.4,82.0,26.433928571428574,10.441785714285714,19.691833333333335,816.6666666666667,30.8,78,3.3,8.9,974.9
2020-08-09,Delhi,27.75,45.53846153846154,19.726666666666667,8.654166666666665,19.95,807.1428571428571,29.8,83,22.8,12.9,974.1
2020-08-10,Delhi,29.25,54.30041666666667,17.857142857142858,9.520000000000001,14.913142857142857,743.6363636363636,28.8,87,2.4,13.8,975.3
2020-08-11,Delhi,43.55142857142857,74.25,24.020000000000003,8.74,20.42,900.0,28.9,87,15.8,11.7,975.1
2020-08-12,Delhi,14.4125,35.333333333333336,15.97232142857143,7.144736842105263,9.0,584.7767857142858,29.8,83,3.4,15.5,974.2
2020-08-13,Delhi,18.0,32.3,25.489342105263155,8.618437499999999,13.4,966.6666666666666,26.6,95,84.6,12.8,973.5
2020-08-14,Delhi,19.75,38.060208333333335,15.700000000000001,8.244444444444445,16.602708333333332,687.5,27.6,89,5.0,19.4,972.9
2020-08-15,Delhi,33.0,57.91666666666667,16.38,6.8264772727272724,14.734204545454546,647.5,28.9,86,2.6,14.6,972.9
2020-08-16,Delhi,20.75,45.46333333333333,18.566666666666666,8.366666666666667,17.85,745.8333333333333,28.7,87,6.2,14.2,974.1
2020-08-17,Delhi,27.403333333333336,54.941,22.02857142857143,8.181333333333333,16.483666666666668,846.6666666666667,29.1,86,2.1,14.2,974.4
2020-08-18,Delhi,33.0,67.5,23.14,7.612142857142857,16.944285714285712,900.0,29.8,84,9.7,10.6,975.0
2020-08-19,Delhi,17.93375,33.0,22.49320512820513,7.716785714285715,8.9,751.3333333333334,27.1,92,16.7,9.4,974.9
2020-08-20,Delhi,20.18125,41.5,20.188333333333333,8.51,15.648333333333333,919.8333333333333,26.5,93,8.8,14.3,977.1
2020-08-21,Delhi,18.5,46.42454545454545,21.790681818181817,8.541363636363636,18.347307692307695,900.4545454545455,28.6,79,0.2,18.9,978.4
2020-08-22,Delhi,14.07,46.0,18.565714285714286,7.3,16.0,686.25,28.6,75,0.1,26.6,977.8
2020-08-23,Delhi,16.375,37.5,11.6,8.2,29.280625,600.0,28.1,81,2.0,25.0,976.5
2020-08-24,Delhi,15.0,33.39,18.875,8.959999999999999,16.675,618.4615384615385,27.7,82,0.8,23.8,976.7
2020-08-25,Delhi,14.083333333333334,50.278666666666666,18.87333333333333,7.87,17.486,710.625,28.5,80,0.9,16.5,978.7
2020-08-26,Delhi,15.945,50.41666666666667,22.333333333333332,6.25,14.81,710.0,29.0,79,0.9,12.2,979.9
2020-08-27,Delhi,19.666666666666668,54.6,24.72222222222222,7.291428571428573,11.442857142857141,850.0,28.7,80,1.1,12.5,979.4
2020-08-28,Delhi,30.236944444444443,75.08263157894737,24.223333333333336,7.609999999999999,15.34375,925.0,28.5,84,2.8,13.2,977.6
2020-08-29,Delhi,33.5,77.90222222222222,23.081818181818182,7.975,29.864545454545457,718.3333333333333,28.5,83,1.8,14.2,977.3
2020-08-30,Delhi,15.0,42.5,13.05,7.325,19.735416666666666,550.0,27.9,79,2.4,29.3,976.9
2020-08-31,Delhi,11.66060606060606,35.54222222222222,16.39,8.3,16.65111111111111,506.0,27.9,77,1.5,21.3,979.1
2020-09-01,Delhi,14.041666666666668,44.473,17.596111111111114,9.223307692307692,21.21777777777778,500.0,28.5,75,1.3,11.5,980.7
2020-09-02,Delhi,20.444444444444443,67.4,23.03,9.573333333333332,26.141333333333332,743.6363636363636,28.8,76,0.8,11.2,982.5
2020-09-03,Delhi,36.416,77.75,23.959090909090907,7.881578947368421,20.8,800.4347826086956,28.5,83,5.4,17.4,983.1
2020-09-04,Delhi,36.94444444444444,71.35722222222222,22.283522727272725,9.9375,24.855555555555554,736.4285714285714,28.9,81,2.5,15.5,982.1
2020-09-05,Delhi,30.523529411764706,81.90705882352941,29.1,9.043235294117647,20.00632575757576,783.3333333333334,28.3,85,9.6,9.0,980.4
2020-09-06,Delhi,31.0,53.30428571428572,20.367857142857144,7.7,25.4,570.0,28.2,86,5.3,9.2,979.3
2020-09-07,Delhi,36.0,72.75,33.6,7.736363636363635,22.948333333333334,900.0,28.7,83,4.5,7.9,979.9
2020-09-08,Delhi,28.45,68.0,20.678,6.771428571428571,23.254583333333336,700.0,29.3,79,0.4,8.2,980.5
2020-09-09,Delhi,49.909375,118.63636363636364,28.606250000000003,8.35423076923077,13.604444444444443,998.125,29.8,74,0.0,14.2,980.2
2020-09-10,Delhi,45.75,100.7290909090909,23.48,6.950303030303029,17.4,781.25,29.8,72,0.0,15.0,977.9
2020-09-11,Delhi,56.0,136.75,28.5,7.5,25.918571428571425,879.0,30.2,69,0.0,12.4,978.2
2020-09-12,Delhi,65.0,156.191,30.385714285714283,9.808333333333334,30.065000000000005,1102.5,30.2,70,0.0,10.1,980.8
2020-09-13,Delhi,67.25,145.54545454545453,25.379261363636363,7.969999999999999,35.69375,986.3636363636364,30.0,73,0.0,10.1,980.9
2020-09-14,Delhi,71.7202380952381,155.0,23.2578021978022,8.430555555555554,37.719375,830.7692307692307,29.8,77,0.6,10.7,979.8
2020-09-15,Delhi,69.25,153.16666666666666,30.325000000000003,8.74,27.79764705882353,921.6666666666667,30.8,69,0.0,15.0,979.2
2020-09-16,Delhi,64.38461538461539,162.89166666666665,32.833333333333336,8.181666666666667,24.333333333333332,1013.0,31.4,65,0.0,13.3,978.9
2020-09-17,Delhi,46.4375,119.475,23.177777777777777,8.042857142857143,29.407063492063493,684.7902097902097,31.7,61,0.0,18.5,978.5
2020-09-18,Delhi,42.41666666666667,113.5730303030303,25.3,7.974615384615385,19.386442307692306,772.1666666666667,32.1,58,0.0,15.6,977.6
2020-09-19,Delhi,58.78666666666667,146.0,25.433333333333337,8.8,45.5,842.2916666666667,31.4,63,0.0,12.8,977.8
2020-09-20,Delhi,66.69027777777778,148.6969696969697,23.613636363636363,8.409090909090908,39.065,866.4772727272727,30.7,67,0.0,16.7,977.4
2020-09-21,Delhi,62.5,142.8,19.39,10.440178571428572,48.769999999999996,832.6666666666666,30.8,62,0.0,10.5,976.3
2020-09-22,Delhi,38.67857142857143,95.52941176470588,24.924999999999997,11.545,16.3,813.5294117647059,30.2,73,5.7,16.2,976.8
2020-09-23,Delhi,24.34,71.0,22.47,10.379999999999999,20.15,720.0,29.5,73,2.3,13.5,977.1
2020-09-24,Delhi,31.571428571428573,82.75,18.162142857142857,8.683333333333334,28.3,713.3333333333333,29.6,70,0.0,16.9,978.7
2020-09-25,Delhi,61.85,164.29166666666669,38.445454545454545,11.988888888888889,31.96897435897436,1150.1666666666665,30.6,59,0.0,19.6,978.3
2020-09-26,Delhi,57.23076923076923,170.70000000000002,41.162499999999994,9.115833333333335,14.897142857142857,986.0,29.2,56,0.0,18.1,978.4
2020-09-27,Delhi,34.6775,117.562,33.266666666666666,9.024090909090908,19.825,887.0,28.9,58,0.0,12.9,981.0
2020-09-28,Delhi,60.50326797385621,200.04166666666669,37.94444444444444,10.854545454545455,25.465873015873015,961.4583333333333,28.5,57,0.0,19.3,982.2
2020-09-29,Delhi,65.53846153846153,202.72846153846152,34.07,9.955555555555556,26.58230769230769,866.6666666666666,28.0,55,0.0,20.7,981.9
2020-09-30,Delhi,59.25,168.56833333333333,32.45,8.774999999999999,18.8785,866.6666666666666,27.9,51,0.0,20.7,980.6
2020-10-01,Delhi,67.63636363636364,206.61904761904762,41.09285714285714,10.809848484848484,23.43619047619048,1158.5714285714284,28.3,52,0.0,18.6,980.3
2020-10-02,Delhi,73.25,202.28511363636363,38.989999999999995,11.711111111111112,41.40416666666667,997.5,27.9,59,0.0,13.3,980.8
2020-10-03,Delhi,79.28125,203.91,48.75,13.083181818181817,24.500705741626792,1165.5519480519479,27.3,56,0.0,14.0,981.9
2020-10-04,Delhi,64.48319327731093,189.85714285714286,38.41928571428572,14.719642857142858,51.885714285714286,966.6666666666666,26.4,52,0.0,14.5,982.7
2020-10-05,Delhi,78.73394607843137,217.96753246753246,39.628571428571426,12.3,36.34472222222222,1015.0,26.7,50,0.0,19.2,982.3
2020-10-06,Delhi,82.65392857142857,223.0725,49.696666666666665,15.525,28.857792207792208,1253.6213235294117,26.7,52,0.0,18.0,982.7
2020-10-07,Delhi,95.66666666666667,237.7391304347826,53.010000000000005,12.962499999999999,21.07087912087912,1233.3333333333333,26.8,57,0.0,14.0,984.4
2020-10-08,Delhi,79.0,218.75,49.3875,12.0,34.81711397058824,982.3161764705883,26.9,56,0.0,13.5,985.0
2020-10-09,Delhi,80.11045454545456,207.76623376623377,51.253896103896096,12.05,41.34036713286713,989.5454545454545,27.0,56,0.0,10.3,985.2
2020-10-10,Delhi,86.125,213.047,53.51666666666667,14.158000000000001,34.425,1176.0,27.3,55,0.0,13.2,984.0
2020-10-11,Delhi,96.42857142857143,206.41210526315788,58.41428571428571,12.875,25.070323886639677,1166.1904761904761,27.5,53,0.0,14.5,982.1
2020-10-12,Delhi,125.58333333333333,254.01090909090908,62.21333333333334,9.651856060606061,7.572972027972028,1753.3333333333335,27.3,60,0.0,10.6,980.6
2020-10-13,Delhi,118.375,263.0,51.31238095238095,13.4,24.66111111111111,1518.5714285714287,27.4,62,0.0,11.0,981.5
2020-10-14,Delhi,126.75,257.5,56.9,12.642857142857142,22.798857142857145,1413.3333333333333,27.6,66,0.0,12.7,982.9
2020-10-15,Delhi,208.1875,353.48809523809524,60.25416666666666,15.019444444444446,10.533333333333333,1703.3333333333335,27.3,56,0.0,13.0,983.4
2020-10-16,Delhi,104.936,274.57142857142856,81.49386666666666,17.227380952380955,42.63272727272727,1583.9583333333335,25.6,47,0.0,10.5,983.2
2020-10-17,Delhi,120.5566253869969,279.33263157894737,85.7221052631579,12.177272727272726,28.813666666666666,1777.5,27.0,43,0.0,9.3,984.0
2020-10-18,Delhi,94.4,216.33333333333334,51.419924812030075,12.626785714285713,33.573214285714286,961.5384615384615,26.1,39,0.0,12.7,984.0
2020-10-19,Delhi,91.33846153846153,229.565,54.32222222222222,14.403333333333332,24.76690476190476,1201.450980392157,25.3,36,0.0,13.7,983.7
2020-10-20,Delhi,111.20623824451411,266.15862847222223,68.11125000000001,17.871590909090912,38.6,1279.3333333333333,24.9,36,0.0,14.7,983.3
2020-10-21,Delhi,111.2595281306715,259.3076923076923,62.97391304347826,15.011764705882353,28.298418803418805,2011.764705882353,25.4,42,0.0,11.2,984.5
2020-10-22,Delhi,164.6086956521739,367.3090384615384,71.4423076923077,20.048207070707072,40.128,2108.3333333333335,26.2,42,0.0,10.9,983.2
2020-10-23,Delhi,161.77777777777777,333.4141363636364,73.84025974025974,19.32480730223124,42.88178571428571,1878.4615384615386,25.4,44,0.0,11.7,983.0
2020-10-24,Delhi,185.0448275862069,380.4802492877493,81.41201298701299,16.040683229813666,24.42076388888889,2565.6,24.9,43,0.0,12.2,983.9
2020-10-25,Delhi,195.03517241379308,367.32605820105823,76.24107142857144,16.177333333333333,39.27457559681697,2327.6923076923076,25.6,42,0.0,10.9,986.2
2020-10-26,Delhi,194.87185185185186,382.23692810457516,80.65181818181819,14.944765217391303,15.5084,2500.0,25.1,42,0.0,11.3,987.6
2020-10-27,Delhi,154.83333333333334,327.2361660079051,78.50797101449275,14.103322368421054,22.113200000000003,1740.909090909091,23.1,35,0.0,15.6,987.3
2020-10-28,Delhi,193.33333333333334,385.7305194805195,87.07380952380953,18.497,34.2229356060606,2094.7368421052633,23.1,39,0.0,10.4,988.0
2020-10-29,Delhi,247.9422857142857,465.8636363636364,84.01818181818182,17.664516129032258,32.80810160427808,2379.3052738336714,23.9,45,0.0,10.6,988.9
2020-10-30,Delhi,208.29166666666666,413.0326923076923,93.13384615384615,13.476785714285715,9.266666666666667,2342.8571428571427,22.4,46,0.0,14.2,988.7
2020-10-31,Delhi,289.03846153846155,443.3718637992832,62.129248768472905,12.88113354037267,30.29047619047619,1608.3035714285716,21.9,40,0.0,16.5,988.4
2020-11-01,Delhi,121.69565217391305,285.24699999999996,57.40966386554622,15.456666666666667,40.167391304347824,1199.8538011695905,21.4,30,0.0,16.3,989.0
2020-11-02,Delhi,155.3245590062112,312.9047619047619,56.98235294117647,16.659259259259258,26.907621212121214,1521.3939393939395,21.9,29,0.0,17.7,989.8
2020-11-03,Delhi,154.66666666666666,346.84743761140817,77.1570707070707,16.304029304029307,18.04,2019.047619047619,21.9,32,0.0,12.0,989.1
2020-11-04,Delhi,271.5625,492.71655172413796,82.17554945054945,16.130978260869565,15.569999999999999,2509.166666666667,21.4,39,0.0,13.4,987.9
2020-11-05,Delhi,278.3636363636364,466.1645114942529,76.28413043478261,18.20725952813067,25.26666666666667,2308.4375,22.6,40,0.0,10.2,989.2
2020-11-06,Delhi,255.30443548387098,465.8140350877193,80.30740740740741,18.585714285714285,21.514375,2483.3333333333335,21.9,41,0.0,10.9,991.7
2020-11-07,Delhi,343.5,525.4935897435898,65.5415,16.74702380952381,33.0796875,2074.166666666667,21.4,42,0.0,15.1,992.6
2020-11-08,Delhi,397.44696969696975,620.3571428571429,81.69388888888889,29.804487179487182,43.58318181818182,2285.0,21.5,45,0.0,8.9,993.3
2020-11-09,Delhi,534.1739130434783,772.4978571428571,100.72631578947369,15.73421052631579,8.024532967032968,3753.638095238095,20.9,52,0.0,11.1,991.9
2020-11-10,Delhi,525.6,786.7727272727273,105.34,14.806825396825396,23.85239736070381,3139.947580645161,21.1,57,0.0,10.5,990.7
2020-11-11,Delhi,149.82464285714286,308.5245,48.65,15.370309523809524,40.15,1952.0,20.6,62,0.0,10.8,992.4
2020-11-12,Delhi,141.42105263157896,286.6363636363636,60.709761904761905,20.06645161290323,47.355000000000004,1722.1606334841629,21.0,58,0.0,11.3,993.7
2020-11-13,Delhi,182.05,370.66,78.0,12.196969696969695,22.307692307692307,2082.062937062937,21.0,53,0.0,8.1,992.4
2020-11-14,Delhi,373.9306666666667,575.0,56.30833333333334,19.549444444444447,34.69638888888889,2064.270833333333,20.4,55,0.0,9.1,990.1
2020-11-15,Delhi,297.72727272727275,422.975,45.114285714285714,13.933333333333332,38.077,1449.4736842105262,21.1,61,4.2,20.1,989.6
2020-11-16,Delhi,82.28758169934642,134.83333333333331,34.78888888888889,10.977894736842105,25.639093567251464,929.375,19.5,79,8.2,16.9,991.3
2020-11-17,Delhi,85.75,143.25,41.19479166666667,12.705042016806724,19.5,945.625,18.7,74,0.0,11.7,989.8
2020-11-18,Delhi,109.78571428571428,180.8576923076923,49.644444444444446,12.1,34.31818181818181,1236.923076923077,17.8,68,0.0,8.5,988.5
2020-11-19,Delhi,142.92857142857142,258.26000000000005,60.34666666666667,14.0,15.508,1376.6666666666667,17.2,63,0.0,9.5,989.0
2020-11-20,Delhi,143.8181818181818,242.0,56.989999999999995,14.477941176470587,27.366666666666664,1291.3257575757575,16.5,58,0.0,16.3,990.4
2020-11-21,Delhi,105.60403846153847,194.7952403846154,38.4136,12.433333333333332,29.312430555555554,1159.6909090909091,16.3,52,0.0,21.9,990.8
2020-11-22,Delhi,126.94117647058823,236.83333333333334,41.99444444444445,12.415055147058823,33.57911764705882,1235.2941176470588,15.8,53,0.0,13.0,991.3
2020-11-23,Delhi,185.63333333333333,370.905,67.05384615384615,14.7,11.357142857142858,1903.3333333333333,15.8,58,0.0,11.3,991.6
2020-11-24,Delhi,226.72222222222223,380.3913043478261,62.56170278637771,17.431932773109246,29.73708333333333,2191.176470588235,16.1,62,0.0,11.2,991.2
2020-11-25,Delhi,280.38199999999995,473.372,84.2,13.43375,8.435,2566.0,17.0,64,0.0,14.5,991.5
2020-11-26,Delhi,153.0,231.14285714285714,46.199999999999996,13.6125,6.7095,1356.0416666666665,17.3,69,0.7,12.3,993.8
2020-11-27,Delhi,75.3,145.41666666666666,46.95,11.2,17.412307692307692,1090.7692307692307,17.3,67,0.0,15.2,995.4
2020-11-28,Delhi,109.85,206.95537037037036,49.51875661375661,11.551957671957673,18.6325,1513.5185185185185,16.4,63,0.0,14.9,994.2
2020-11-29,Delhi,133.2578774928775,246.06698039215686,60.3455,11.34375,22.1280303030303,1776.0,15.6,64,0.0,11.4,992.9
2020-11-30,Delhi,155.28823529411767,290.0698809523809,61.40833333333333,13.275,27.63960294117647,2026.3157894736842,16.2,65,0.0,10.7,991.9
2020-12-01,Delhi,233.8,441.14285714285717,85.46315789473684,20.636493506493508,17.355,2784.2105263157896,16.6,69,0.0,11.2,992.1
2020-12-02,Delhi,263.6666666666667,400.5,75.69021739130434,15.35611111111111,16.8,2500.0,17.7,67,0.0,15.0,990.2
2020-12-03,Delhi,196.02428571428572,341.3571428571429,75.76315789473684,12.076470588235296,7.793181818181818,2262.7272727272725,18.5,64,0.0,9.4,989.3
2020-12-04,Delhi,223.65555555555554,403.3021875,88.99862068965516,14.880030303030303,43.8,2491.25,18.6,64,0.0,11.1,987.8
2020-12-05,Delhi,251.75,355.0154166666666,55.6,8.050120614035087,30.333125,1683.0,18.9,68,0.0,11.9,988.2
2020-12-06,Delhi,248.9975845410628,393.88690476190476,62.0,11.182749999999999,23.321,1932.608695652174,19.0,71,0.0,10.4,990.4
2020-12-07,Delhi,259.9688095238095,382.1666666666667,48.473768115942036,9.722934782608696,21.983999999999998,2050.4545454545455,18.4,74,0.0,12.1,991.9
2020-12-08,Delhi,213.3653846153846,351.08805418719214,56.0,13.655172413793103,18.09565217391304,2657.9310344827586,18.2,73,0.0,10.0,991.9
2020-12-09,Delhi,185.69090909090912,353.71204545454543,60.4,14.770850202429148,15.473846153846154,2447.3684210526317,19.4,67,0.0,9.7,990.2
2020-12-10,Delhi,125.19444444444444,251.1304347826087,56.9,18.240909090909092,14.869444444444444,1508.235294117647,18.7,68,0.0,9.5,989.8
2020-12-11,Delhi,140.08695652173913,240.4,49.06866161616161,10.489610389610391,16.179181818181817,1658.717105263158,18.9,70,0.2,9.5,989.5
2020-12-12,Delhi,134.38722826086956,283.7,35.18433080808081,8.744805194805195,16.93959090909091,829.358552631579,17.9,82,0.9,11.0,990.0
2020-12-13,Delhi,128.6875,327.0,21.3,7.0,17.7,0.0,15.1,68,0.0,16.9,990.3
2020-12-14,Delhi,84.5973630831643,133.3083424908425,31.241714285714288,8.998627533783784,30.0885,800.0,12.6,71,0.0,13.6,991.3
2020-12-15,Delhi,124.25407407407408,192.0975,22.366999999999997,16.876190476190477,23.177230392156865,1032.2222222222222,11.3,72,0.0,11.3,993.4
2020-12-16,Delhi,118.78835897435897,184.3795698924731,26.951,8.513333333333334,18.701666666666664,1074.5454545454545,11.5,70,0.0,15.0,995.4
2020-12-17,Delhi,119.0,188.58333333333334,21.663552631578945,6.866666666666666,21.873529411764707,848.1481481481482,10.2,65,0.0,17.1,994.6
2020-12-18,Delhi,109.04538461538462,225.95652173913044,26.545735294117648,9.687,26.091,1111.9411764705883,11.0,58,0.0,18.2,992.9
2020-12-19,Delhi,173.14675925925928,274.2700487012987,90.46785714285714,9.836363636363636,9.68095238095238,2090.909090909091,12.2,59,0.0,17.3,993.5
2020-12-20,Delhi,170.89473684210526,297.71944444444443,61.64337837837838,10.36875,20.34189189189189,1711.1998361998362,13.4,61,0.0,15.3,993.8
2020-12-21,Delhi,163.89772727272725,272.1244230769231,47.160000000000004,14.578400000000002,22.97947802197802,1400.0,13.2,70,0.0,11.3,992.0
2020-12-22,Delhi,269.6666666666667,451.5,70.3788888888889,16.656944444444445,25.11375,2868.6666666666665,14.1,71,0.0,9.5,990.8
2020-12-23,Delhi,362.6011538461538,549.7619047619048,59.6175,17.78474431818182,18.316311188811188,3991.7391304347825,14.0,72,0.0,10.2,989.8
2020-12-24,Delhi,286.52341137123744,424.0080208333334,64.3,13.905208333333334,17.659523809523808,3190.769230769231,13.8,67,0.0,11.5,990.2
2020-12-25,Delhi,182.22222222222223,306.0882352941176,73.14714285714285,11.754878048780487,19.95440766550523,2168.974358974359,13.3,65,0.0,14.5,991.3
2020-12-26,Delhi,198.0326086956522,335.19136363636363,73.96694444444444,11.560681818181818,18.971904761904764,2098.690476190476,12.8,71,0.0,13.0,990.6
2020-12-27,Delhi,256.42857142857144,367.75048780487805,47.32928571428572,14.3,25.826129032258066,1861.0,14.9,64,0.2,21.9,988.2
2020-12-28,Delhi,104.57172413793103,262.25888888888886,53.01361111111111,11.766296296296296,18.331785714285715,1038.0,12.0,53,0.0,14.8,991.1
2020-12-29,Delhi,122.06630952380952,266.6125,47.24,9.86953488372093,17.96013842746401,1105.6312292358803,10.3,67,0.0,16.8,992.2
2020-12-30,Delhi,141.92307692307693,214.17791021671826,27.05,8.128846153846155,18.554736842105264,1130.909090909091,9.7,76,0.0,12.8,993.6
2020-12-31,Delhi,236.43070175438595,320.4394285714286,56.80263157894737,10.511282051282052,16.886857142857146,2092.0833333333335,9.7,79,0.0,11.2,992.8
2021-01-01,Delhi,365.375,487.4881756756757,73.68333333333334,12.670526315789473,18.05,2972.7272727272725,10.5,75,0.0,9.1,992.1
2021-01-02,Delhi,314.6666666666667,416.9927536231884,50.55277777777778,10.902173913043478,11.05,2081.7391304347825,13.7,72,4.5,12.9,991.0
2021-01-03,Delhi,82.11439772727272,106.0,34.26325,10.831999999999999,11.307391304347824,1100.0,16.0,83,8.1,23.4,989.2
2021-01-04,Delhi,89.30833333333334,127.59763574660633,47.28269230769231,12.336363636363636,17.60909090909091,1269.5,16.6,88,5.6,14.2,990.6
2021-01-05,Delhi,56.916666666666664,75.23166666666665,35.383333333333326,10.944444444444445,12.585714285714285,1000.0,17.5,84,2.8,14.2,990.2
2021-01-06,Delhi,131.6297619047619,179.43478260869566,29.25090579710145,11.493223443223442,13.905862068965517,1304.5454545454545,17.5,86,2.7,13.3,989.9
2021-01-07,Delhi,120.14285714285714,169.9532967032967,25.324516129032258,9.875882352941176,18.964814814814815,956.2068965517242,14.9,85,0.0,12.6,989.7
2021-01-08,Delhi,142.47982456140352,221.5,34.890707236842104,11.011464389534883,14.835483870967742,1057.8947368421052,13.4,85,0.0,9.8,989.2
2021-01-09,Delhi,141.838,214.14702380952383,32.545945945945945,12.489473684210527,16.136829521829522,1066.0955961331902,14.9,81,0.0,16.8,990.2
2021-01-10,Delhi,141.22222222222223,188.75113122171945,28.2,8.084615384615384,14.987142857142857,863.9860139860141,12.3,74,0.0,15.6,990.6
2021-01-11,Delhi,115.68181818181819,169.375,26.824761904761907,8.954444444444444,23.759375,957.5,11.6,80,0.0,19.9,990.9
2021-01-12,Delhi,185.04583333333335,271.54,37.15690883190883,8.946196236559139,18.65058823529412,1663.6363636363637,11.4,77,0.0,17.6,991.2
2021-01-13,Delhi,262.65384615384613,376.6666666666667,43.36458333333333,10.758289124668433,14.923076923076923,2118.8888888888887,10.9,77,0.0,15.9,990.2
2021-01-14,Delhi,381.5,506.9242105263158,46.91377489177489,14.057564935064935,16.694102564102565,3084.4117647058824,11.3,79,0.0,10.3,990.6
2021-01-15,Delhi,408.8333333333333,580.2856387921022,57.26458128078818,14.336159090909092,23.152619047619048,3218.75,12.3,82,0.0,10.9,989.1
2021-01-16,Delhi,244.875,337.14814814814815,49.470588235294116,10.349444444444444,16.18769230769231,1947.2222222222222,10.3,86,0.0,11.2,987.8
2021-01-17,Delhi,233.22515212981745,291.9047619047619,35.4835,10.348660714285714,17.43051282051282,1617.6470588235295,11.4,83,0.0,16.2,990.0
2021-01-18,Delhi,241.13333333333333,347.37142857142857,36.64666666666666,12.95890756302521,13.11590909090909,1848.125,13.4,86,3.0,13.6,990.9
2021-01-19,Delhi,254.24183006535947,361.5826012145749,36.89214285714286,11.78138888888889,11.675588235294118,2051.6666666666665,14.6,85,0.0,13.3,988.6
2021-01-20,Delhi,142.55555555555554,198.93376068376068,24.502865796831315,10.280788177339902,19.3,1156.6666666666667,14.2,83,0.0,17.9,988.9
2021-01-21,Delhi,158.4375,254.36111111111114,35.51416666666667,13.641719576719577,33.050000000000004,1513.3333333333333,13.7,76,0.0,18.9,988.0
2021-01-22,Delhi,247.35833333333335,363.61538461538464,40.06666666666667,12.255555555555555,8.594770114942529,2165.0,13.4,76,0.0,13.5,989.1
2021-01-23,Delhi,173.76470588235293,248.56501547987617,49.06177884615384,13.35453216374269,28.536363636363635,1450.0,14.2,77,0.0,16.5,987.6
2021-01-24,Delhi,222.47902097902096,328.44444444444446,39.92,10.795483870967743,14.145454545454545,1385.6369047619048,13.1,79,0.0,14.5,990.4
2021-01-25,Delhi,177.66666666666666,272.7681818181818,36.606280193236714,11.595430359937403,25.14,1741.4596273291927,11.5,79,0.0,10.1,992.4
2021-01-26,Delhi,175.41901515151517,296.3876923076923,33.26,10.725,30.12449494949495,1472.7272727272727,11.7,77,0.0,13.8,992.1
2021-01-27,Delhi,217.4333333333333,333.07714285714286,38.141666666666666,9.120000000000001,11.195,1368.5714285714287,11.7,73,0.0,15.6,991.8
2021-01-28,Delhi,263.9166666666667,315.25838624338627,39.86537037037037,9.571944444444446,10.638518518518518,1370.1190476190477,10.8,75,0.0,11.9,992.5
2021-01-29,Delhi,221.83333333333334,297.4396296296296,41.58907407407408,10.023888888888889,10.082037037037036,1371.6666666666667,11.7,72,0.0,16.9,993.0
2021-01-30,Delhi,144.9047619047619,279.62087301587303,43.312777777777775,10.475833333333334,9.525555555555556,1373.2142857142858,12.0,67,0.0,15.9,991.5
2021-01-31,Delhi,124.66666666666667,,,,,,12.5,66,0.0,10.6,991.8
2021-02-01,Delhi,211.0,,,,,,14.3,72,0.0,11.6,993.4
2021-02-02,Delhi,215.58333333333334,,,,,,15.1,72,0.0,9.1,992.0
2021-02-03,Delhi,178.79166666666666,,,,,,17.2,72,0.1,14.8,990.6
2021-02-04,Delhi,205.0,,,,,,15.6,80,11.0,18.4,991.2
2021-02-05,Delhi,93.285,172.70833333333331,53.655,13.1875,6.1866666666666665,1382.5,13.4,83,0.0,12.6,992.2
2021-02-06,Delhi,96.59131578947368,163.96969696969697,34.855555555555554,13.585714285714285,21.507825361512793,792.9761904761905,13.9,73,0.0,16.8,992.7
2021-02-07,Delhi,131.09375,229.3725,38.62083333333333,14.410483870967742,31.582608695652173,1050.0,14.7,70,0.0,19.4,992.5
2021-02-08,Delhi,183.29999999999998,300.2882352941176,48.58041871921182,17.59166666666667,30.708000000000002,1382.857142857143,15.0,75,0.0,13.1,992.4
2021-02-09,Delhi,161.25,358.92732558139534,57.520430107526884,17.583333333333332,25.1125,2120.0,16.6,71,0.0,12.2,989.4
2021-02-10,Delhi,144.224,292.0,62.4,18.266666666666666,27.337333333333333,1371.0,17.7,72,0.0,10.2,988.0
2021-02-11,Delhi,190.5,328.7142857142857,49.48888888888889,18.06111111111111,26.580000000000002,1478.0,17.0,75,0.0,11.1,988.7
2021-02-12,Delhi,251.04411764705884,374.3888888888889,58.73333333333333,18.141666666666666,20.97980263157895,1757.7777777777778,17.2,77,0.0,10.9,989.7
2021-02-13,Delhi,152.36363636363637,230.46428571428572,33.945,11.706666666666667,23.44,1578.0,16.9,78,0.0,11.0,989.9
2021-02-14,Delhi,197.29142857142858,332.3333333333333,54.21666666666667,13.177777777777777,24.465000000000003,1895.0,18.2,71,0.0,10.9,989.5
2021-02-15,Delhi,166.5,303.2840909090909,52.965,13.31868131868132,27.442857142857143,1716.6666666666667,18.9,68,0.0,10.7,987.8
2021-02-16,Delhi,197.5,294.03,85.2,9.64,5.3,1800.0,18.8,70,0.0,11.5,987.4
2021-02-17,Delhi,139.0,247.6,39.74166666666666,17.0125,47.725,1233.3333333333333,18.1,71,0.0,9.2,989.1
2021-02-18,Delhi,160.75,314.6,57.19583333333333,16.881818181818183,37.45666666666667,1725.4166666666665,18.3,71,0.0,10.8,991.9
2021-02-19,Delhi,166.365,272.5305,32.94166666666667,10.31,13.207999999999998,1574.0,17.9,74,0.0,13.3,994.2
2021-02-20,Delhi,156.43779166666667,265.93191666666667,34.994642857142864,12.953333333333333,27.7665,1378.6666666666665,18.0,69,0.0,13.0,993.8
2021-02-21,Delhi,146.51058333333333,259.3333333333333,37.04761904761905,15.596666666666666,42.325,1183.3333333333333,18.7,66,0.0,15.5,992.2
2021-02-22,Delhi,144.83333333333334,265.4575,43.18928571428572,15.666666666666668,33.550714285714285,1114.2857142857142,19.5,66,0.0,17.3,990.3
2021-02-23,Delhi,97.7,291.6666666666667,67.43333333333332,17.64333333333333,31.03,1870.0,21.5,56,0.0,10.5,988.0
2021-02-24,Delhi,52.625,177.205,33.7,16.125,58.93375,741.6666666666667,22.0,58,0.0,12.1,986.4
2021-02-25,Delhi,171.95499999999998,378.72916666666663,62.266666666666666,20.191666666666666,14.356,1705.0,22.5,59,0.0,15.0,985.2
2021-02-26,Delhi,162.75507575757575,279.698,55.59307692307693,21.8,10.990833333333333,1081.6666666666665,23.2,56,0.0,17.9,983.0
2021-02-27,Delhi,48.78,136.31,56.24,14.850000000000001,6.95,400.0,24.1,42,0.0,15.5,982.6
2021-02-28,Delhi,49.5,174.255,51.228750000000005,15.537500000000001,20.78,622.25,22.2,49,0.0,15.7,985.4
2021-03-01,Delhi,80.55199999999999,212.2,46.2175,16.225,31.68,844.5,20.4,46,0.0,21.4,989.2
2021-03-02,Delhi,63.78285714285714,182.78571428571428,41.295,16.22142857142857,36.91916666666667,683.1746031746031,20.7,40,0.0,25.7,989.4
2021-03-03,Delhi,87.46153846153847,220.11923076923077,46.83888888888889,20.87142857142857,39.81428571428571,1145.4545454545455,22.3,39,0.0,18.8,987.6
2021-03-04,Delhi,171.83333333333334,375.38461538461536,71.38004807692309,24.945555555555558,25.392352941176473,2191.176470588235,23.7,44,0.0,10.6,987.2
2021-03-05,Delhi,116.6923076923077,259.85714285714283,44.451388888888886,19.133333333333333,34.14,1042.7272727272727,22.6,45,0.0,24.1,986.8
2021-03-06,Delhi,99.0,236.93333333333334,56.99166666666667,20.392095588235293,29.4,1480.4545454545455,22.6,43,0.0,17.8,986.1
2021-03-07,Delhi,124.24102564102563,287.45687499999997,54.958333333333336,22.553846153846152,43.06840659340659,1372.2836538461538,24.8,42,0.0,18.0,984.8
2021-03-08,Delhi,114.5,242.69791666666669,42.65,15.024999999999999,33.53875,1098.3333333333335,24.7,50,0.0,23.4,986.2
2021-03-09,Delhi,140.125,301.3233333333333,41.88275362318841,15.272413793103448,20.75,1212.0,24.7,59,0.2,11.6,987.3
2021-03-10,Delhi,119.24,258.09833333333336,60.06666666666666,16.8,11.833333333333334,1110.0,23.9,61,0.1,13.4,987.3
2021-03-11,Delhi,166.0625,313.625,57.977777777777774,13.787857142857144,15.536000000000001,1417.0,24.8,53,0.0,10.9,988.3
2021-03-12,Delhi,62.5,172.63157342657342,32.741919191919195,12.924999999999999,40.049,608.3333333333334,23.4,54,0.7,17.6,990.2
2021-03-13,Delhi,121.47619047619048,283.01928571428573,52.5,19.004545454545454,22.5,1204.0,23.3,61,0.0,11.8,991.0
2021-03-14,Delhi,101.0,199.45,34.15,16.235294117647058,22.1,757.5,23.2,50,0.0,17.1,988.1
2021-03-15,Delhi,99.7280701754386,266.5882352941176,46.49444444444444,17.858125,26.09181818181818,786.6666666666666,24.1,51,0.0,17.3,987.1
2021-03-16,Delhi,127.0,308.25,40.375,27.9,24.865,984.2857142857143,24.4,47,0.0,18.8,987.2
2021-03-17,Delhi,90.85714285714286,354.11428571428576,36.28333333333333,18.172727272727272,49.046461538461536,793.3333333333334,25.1,42,0.0,11.6,985.9
2021-03-18,Delhi,118.05575,389.4375,49.89090909090908,20.715,28.706666666666667,1227.6666666666667,24.8,47,0.0,17.7,986.3
2021-03-19,Delhi,62.471428571428575,209.5,45.285714285714285,16.28928571428571,29.206904761904763,1000.5,24.7,51,0.0,17.9,985.8
2021-03-20,Delhi,126.08333333333333,296.25,50.07142857142857,23.168939393939393,32.92444444444445,899.375,24.9,44,0.0,20.1,984.4
2021-03-21,Delhi,124.04166666666667,315.54636363636365,58.65,21.833333333333336,30.8,1270.8333333333335,25.8,42,0.0,21.1,983.9
2021-03-22,Delhi,93.50394736842105,281.3333333333333,50.40714285714286,21.295833333333334,27.020000000000003,1206.25,25.0,48,0.0,21.9,987.1
2021-03-23,Delhi,79.96862745098039,302.15384615384613,42.5,20.113333333333333,18.25,762.6373626373627,24.7,49,0.5,30.6,988.4
2021-03-24,Delhi,84.36021428571428,241.875,44.275,22.783333333333335,18.465,830.6349206349206,24.4,44,0.0,17.6,989.0
2021-03-25,Delhi,59.09090909090909,141.15,32.26398601398601,13.81111111111111,32.014273504273504,642.8571428571429,23.5,40,0.0,23.3,988.5
2021-03-26,Delhi,78.75083333333333,157.41666666666666,36.87777777777777,18.513888888888886,43.260000000000005,714.9572649572649,23.6,46,0.0,21.2,986.8
2021-03-27,Delhi,124.66666666666667,277.5,63.5,20.2,8.366666666666667,1280.0,25.6,45,0.0,12.0,985.0
2021-03-28,Delhi,85.26833333333335,205.0,84.4,21.494999999999997,30.975,1040.0,27.9,43,0.0,10.4,982.6
2021-03-29,Delhi,85.45833333333333,300.0,52.475,12.030000000000001,26.525,1835.0,29.3,37,0.0,13.7,980.0
2021-03-30,Delhi,78.57,427.12,20.75,12.15,59.5,590.0,30.2,30,0.0,35.5,976.2
2021-03-31,Delhi,97.88499999999999,267.1,17.0,17.235,49.6,470.0,27.6,23,0.0,27.9,977.5
2021-04-01,Delhi,45.666666666666664,232.05,27.263333333333332,18.200833333333335,44.86666666666667,665.0,26.1,16,0.0,29.2,978.4
2021-04-02,Delhi,62.265,197.0,37.526666666666664,19.166666666666668,40.13333333333333,860.0,25.3,17,0.0,15.5,981.6
2021-04-03,Delhi,82.95,207.5,84.245,15.239999999999998,16.69,1695.0,25.2,19,0.0,13.3,984.1
2021-04-04,Delhi,59.583333333333336,269.83000000000004,86.4225,17.365000000000002,22.415,1730.0,26.6,22,0.0,16.8,984.9
2021-04-05,Delhi,123.7875,332.16,88.6,19.490000000000002,28.14,1765.0,29.4,26,0.0,18.1,983.4
2021-04-06,Delhi,131.33333333333334,345.5,42.955,20.004166666666663,92.35,1030.0,30.1,29,0.0,16.5,981.8
2021-04-07,Delhi,85.5,244.0,23.353333333333335,14.566666666666668,90.22166666666666,600.0,28.7,31,0.0,19.9,984.4
2021-04-08,Delhi,47.64,135.0,45.7,13.058333333333334,34.8,993.3333333333334,27.1,25,0.0,15.9,984.2
2021-04-09,Delhi,70.0,191.33333333333334,28.216666666666665,18.53333333333333,56.4,600.0,26.9,21,0.0,16.7,985.0
2021-04-10,Delhi,64.0,198.7125,68.425,17.9,34.614999999999995,920.0,28.2,18,0.0,20.0,986.5
2021-04-11,Delhi,68.79166666666667,215.83888888888887,69.7,19.21111111111111,24.508888888888883,996.6666666666666,29.1,20,0.0,15.6,986.4
2021-04-12,Delhi,112.29166666666667,232.96527777777777,70.975,20.522222222222222,14.402777777777775,1073.3333333333333,29.9,19,0.0,17.2,987.0
2021-04-13,Delhi,91.66000000000001,250.09166666666664,72.25,21.833333333333332,4.296666666666667,1150.0,30.3,22,0.0,19.8,985.4
2021-04-14,Delhi,89.0,258.56645833333334,60.45625,21.679166666666667,17.527083333333334,1000.0,30.6,22,0.0,27.2,984.1
2021-04-15,Delhi,97.0,267.04125,48.6625,21.525,30.7575,850.0,31.0,19,0.0,19.6,983.0
2021-04-16,Delhi,95.48333333333332,322.445,43.6,17.89,27.900000000000002,846.6666666666667,29.4,33,2.6,31.0,982.4
2021-04-17,Delhi,15.0,94.37,13.375,6.3,58.5,665.0,27.5,44,0.0,17.7,984.9
2021-04-18,Delhi,65.33333333333333,190.0,21.1275,10.799999999999999,59.02333333333333,775.0,28.9,29,0.0,17.2,986.6
2021-04-19,Delhi,68.0,216.5,16.0,16.1,75.61500000000001,805.0,29.5,29,0.0,19.0,982.7
2021-04-20,Delhi,48.15,170.16666666666669,22.252499999999998,16.700000000000003,39.95,645.8333333333333,27.7,29,0.0,29.0,981.7
2021-04-21,Delhi,28.0,91.0,17.795,9.600000000000001,38.7,550.0,26.2,41,0.0,23.0,983.4
2021-04-22,Delhi,49.5,138.175,20.2,17.625,58.08,695.0,26.5,43,0.0,20.4,985.9
2021-04-23,Delhi,46.4,115.924,21.223999999999997,13.725,52.737500000000004,637.5,27.7,35,0.0,24.5,984.3
2021-04-24,Delhi,18.5,110.0,9.66,8.075,75.68,440.0,26.5,36,0.0,18.6,985.3
2021-04-25,Delhi,59.7909375,183.92803819444444,26.28984375,12.077083333333334,63.65505952380953,621.6666666666667,28.7,27,0.0,20.9,985.1
2021-04-26,Delhi,101.081875,257.8560763888889,42.919687499999995,16.079166666666666,51.63011904761905,803.3333333333334,30.0,24,0.0,13.6,983.3
2021-04-27,Delhi,142.3728125,331.78411458333335,59.54953125,20.08125,39.605178571428574,985.0,32.8,22,0.0,19.2,982.4
2021-04-28,Delhi,183.66375,405.71215277777776,76.179375,24.083333333333336,27.580238095238094,1166.6666666666667,33.8,19,0.0,17.7,983.0
2021-04-29,Delhi,144.16666666666669,350.365,43.1,14.283333333333333,45.833333333333336,870.0,33.3,21,0.0,23.8,983.1
2021-04-30,Delhi,124.00375,369.6,47.1,18.384,52.84400000000001,1100.0,32.2,28,0.0,14.8,982.7
2021-05-01,Delhi,97.66666666666666,300.07,20.7,9.67,111.51,790.0,32.2,30,0.0,24.1,982.6
2021-05-02,Delhi,78.7,238.0,47.8,14.0,50.6,950.0,31.9,30,0.0,21.4,983.0
2021-05-03,Delhi,106.0,218.25,38.02533333333333,15.993055555555555,54.440666666666665,898.6666666666666,31.7,31,0.0,16.9,981.6
2021-05-04,Delhi,59.30434782608695,198.5,28.250666666666664,17.98611111111111,58.281333333333336,847.3333333333334,32.8,30,0.0,20.9,980.3
2021-05-05,Delhi,68.56333333333333,178.75,18.476,19.979166666666664,62.122,796.0,31.5,39,0.3,23.2,981.2
2021-05-06,Delhi,57.916666666666664,172.22866666666667,20.985,7.388,59.944,860.0,29.3,53,6.1,22.0,983.0
2021-05-07,Delhi,56.36363636363637,158.3251666666667,34.442499999999995,9.738166666666666,54.362,880.0,28.3,56,4.1,24.0,984.9
2021-05-08,Delhi,56.473684210526315,144.42166666666668,47.9,12.088333333333333,48.78,900.0,31.1,39,0.0,11.4,983.5
2021-05-09,Delhi,48.75,114.6825,16.55,13.55,28.75,650.0,31.0,40,0.0,22.3,981.7
2021-05-10,Delhi,62.875,145.05875,21.2,10.0,51.165,900.0,30.5,42,0.4,16.1,980.1
2021-05-11,Delhi,43.86666666666667,143.32104166666664,22.6,11.783333333333333,49.58333333333333,892.5,31.3,41,0.1,28.5,979.1
2021-05-12,Delhi,53.0,141.58333333333331,24.0,13.566666666666666,48.001666666666665,885.0,29.8,45,0.4,18.7,977.7
2021-05-13,Delhi,49.5,119.0,28.009999999999998,12.51,33.4,1000.0,27.3,58,1.5,24.5,979.0
2021-05-14,Delhi,34.0,106.5,19.15,7.5,37.75,600.0,29.6,47,0.0,14.0,979.3
2021-05-15,Delhi,63.0,191.22,57.7,14.93,21.9,1070.0,30.2,41,0.0,13.8,980.4
2021-05-16,Delhi,43.0,128.0,27.65,11.8,82.11500000000001,740.0,31.6,37,0.0,11.2,981.5
2021-05-17,Delhi,74.4090909090909,180.75766666666667,42.46666666666666,14.190000000000001,56.6,954.0,32.3,35,0.0,18.0,981.7
2021-05-18,Delhi,19.0,65.25,19.875,10.3,26.87,607.5,27.1,54,1.1,21.2,981.8
2021-05-19,Delhi,16.0,16.5,12.149999999999999,9.850000000000001,17.95,385.0,21.7,87,98.7,21.8,979.4
2021-05-20,Delhi,33.31,50.5,9.9,7.333333333333333,37.43666666666667,700.0,24.2,77,31.5,21.6,977.5
2021-05-21,Delhi,24.444444444444443,76.16499999999999,21.739,8.754666666666667,35.248333333333335,668.0,26.1,76,2.3,14.4,980.4
2021-05-22,Delhi,19.214285714285715,101.83,33.578,10.176,33.06,636.0,28.5,66,0.0,11.2,979.9
2021-05-23,Delhi,35.58285714285714,127.495,45.417,11.597333333333333,30.871666666666666,604.0,28.4,56,0.0,17.3,980.8
2021-05-24,Delhi,51.951428571428565,,,,,,28.8,42,0.0,23.2,981.0
2021-05-25,Delhi,68.32,178.825,69.095,14.44,26.494999999999997,540.0,30.1,35,0.0,20.4,977.7
2021-05-26,Delhi,59.5,149.04500000000002,53.625,10.350000000000001,28.38,800.0,30.2,36,0.0,11.8,975.5
2021-05-27,Delhi,41.0,180.0,19.1,23.6,133.1,9740.0,30.2,44,0.0,11.8,975.8
2021-05-28,Delhi,43.239999999999995,130.8,18.666666666666668,8.4,37.064,784.0,30.4,59,0.0,20.2,977.2
2021-05-29,Delhi,17.0,55.47,14.8,11.0,38.96,497.5,31.1,55,0.0,21.5,978.6
2021-05-30,Delhi,24.625,153.04000000000002,48.905,11.055,30.415,1121.25,30.3,63,0.7,18.8,978.7
2021-05-31,Delhi,75.13,250.61,83.01,11.11,21.87,1745.0,31.6,59,0.1,12.0,975.9
2021-06-01,Delhi,28.25,62.666666666666664,21.85,8.175,26.0125,900.0,29.0,66,0.5,19.9,978.1
2021-06-02,Delhi,27.1,85.93,30.85,7.95,24.3,650.0,29.3,64,5.4,10.7,980.1
2021-06-03,Delhi,48.6,134.16500000000002,22.85,9.725,42.13333333333333,840.0,30.3,59,0.0,10.2,981.0
2021-06-04,Delhi,36.18,97.0,27.89,6.5,31.8,510.0,30.4,62,0.0,10.0,981.0
2021-06-05,Delhi,36.83333333333333,98.25,23.25,10.966666666666667,47.85,700.0,30.9,59,0.1,16.3,979.4
2021-06-06,Delhi,37.673913043478265,184.25,27.085,9.75,39.2,850.0,31.9,52,0.0,13.1,978.8
2021-06-07,Delhi,60.0,199.3125,32.1125,11.514285714285714,45.0,1088.888888888889,32.7,50,0.0,17.7,976.8
2021-06-08,Delhi,64.58771929824562,295.75,24.333333333333332,7.4,33.53,700.0,35.0,39,0.0,26.2,974.5
2021-06-09,Delhi,49.29385964912281,197.8875,19.368333333333332,7.3950000000000005,32.2175,691.6666666666667,36.0,38,0.0,20.8,973.1
2021-06-10,Delhi,34.0,100.025,14.403333333333332,7.390000000000001,30.905,683.3333333333334,33.0,58,0.0,22.3,973.6
2021-06-11,Delhi,29.0,117.4,10.125,5.2,26.1,380.0,32.1,59,0.0,19.1,973.4
2021-06-12,Delhi,33.0,85.0,27.355,8.01,21.16,920.0,32.4,59,0.0,21.7,974.4
2021-06-13,Delhi,41.25,98.07166666666666,23.285,9.5,42.125,900.0,30.7,67,7.2,17.2,975.2
2021-06-14,Delhi,30.03333333333333,82.44833333333332,15.7,8.916666666666666,42.98,788.3333333333333,31.3,61,0.0,12.5,973.4
2021-06-15,Delhi,23.5,49.75,13.600000000000001,5.8275,15.455833333333334,857.5,30.6,64,4.2,23.8,970.7
2021-06-16,Delhi,27.5,55.0,21.245,8.865,18.605,800.0,29.4,72,2.3,13.2,973.1
2021-06-17,Delhi,35.857142857142854,27.5,10.6225,4.4325,9.3025,400.0,30.0,68,0.1,14.3,975.2
2021-06-18,Delhi,19.0,0.0,0.0,0.0,0.0,0.0,29.3,70,0.7,15.6,975.9
2021-06-19,Delhi,23.68,52.005,19.830000000000002,9.033333333333333,17.881249999999998,941.6666666666667,28.4,72,0.2,17.6,976.0
2021-06-20,Delhi,19.3775,50.0,21.055,8.8,28.11,1040.0,28.9,73,1.1,12.7,976.5
2021-06-21,Delhi,32.586666666666666,76.83333333333333,19.375714285714285,5.001428571428571,27.81,783.3333333333334,30.7,64,0.1,12.6,977.3
2021-06-22,Delhi,46.9,151.92142857142858,29.56404761904762,8.227857142857143,27.648333333333333,1057.142857142857,33.5,48,0.0,17.5,976.7
2021-06-23,Delhi,68.0,228.0,17.96,13.3,54.2,835.0,34.4,43,0.0,16.9,976.9
2021-06-24,Delhi,60.71,142.865,17.4,9.01,23.43,1095.0,32.5,58,0.0,19.9,977.0
2021-06-25,Delhi,46.0,124.85000000000001,23.025,7.8149999999999995,18.8975,1147.5,32.5,59,1.6,16.2,976.2
2021-06-26,Delhi,39.5,106.83500000000001,28.65,6.62,14.365,1200.0,32.0,57,0.0,12.2,977.7
2021-06-27,Delhi,63.0,191.0,24.682499999999997,13.8,11.52,1457.5,33.4,54,0.0,13.1,980.2
2021-06-28,Delhi,64.75,152.0,18.795,9.69,62.37,1160.0,34.3,49,0.0,10.3,978.9
2021-06-29,Delhi,71.5,222.0,30.108333333333334,11.0,41.375,1000.0,36.1,38,0.0,19.9,975.7
2021-06-30,Delhi,67.0,239.215,42.5,11.895,9.65,1000.0,36.9,30,0.0,33.9,972.9
2021-07-01,Delhi,33.6,189.05,17.175,8.620833333333334,21.85,500.0,37.0,33,0.0,26.7,971.6
2021-07-02,Delhi,53.214285714285715,132.0,22.9,2.7,7.1,1430.0,35.5,42,0.1,22.4,972.9
2021-07-03,Delhi,47.25,198.0,21.7775,8.25,34.3,800.0,33.3,50,0.0,24.7,976.1
2021-07-04,Delhi,46.78,117.0,36.2,10.2,15.2,1300.0,34.2,48,0.0,12.7,977.4
2021-07-05,Delhi,42.0,138.305,25.259999999999998,8.85,28.935000000000002,700.0,34.7,46,0.0,13.0,977.7
2021-07-06,Delhi,40.0,151.0,18.02,7.52,17.89,760.0,35.2,45,0.0,15.3,976.3
2021-07-07,Delhi,55.125,203.21499999999997,15.0725,8.085,26.51375,698.75,36.2,40,0.0,21.3,975.0
2021-07-08,Delhi,42.9225,255.42999999999998,12.125,8.65,35.1375,637.5,36.0,39,0.0,21.2,975.1
2021-07-09,Delhi,46.03333333333333,129.99666666666667,21.956666666666667,8.1375,31.380833333333335,1033.3333333333333,33.2,58,0.2,20.3,976.3
2021-07-10,Delhi,41.0,84.9,14.0825,7.550000000000001,21.418999999999997,823.3333333333334,33.6,58,1.2,15.8,976.1
2021-07-11,Delhi,37.9075,95.45,15.64125,10.75,19.569499999999998,861.6666666666667,32.1,64,2.0,26.0,977.5
2021-07-12,Delhi,34.815,106.0,17.2,13.950000000000001,17.72,900.0,30.5,69,4.9,23.1,979.3
2021-07-13,Delhi,26.666666666666668,58.80535714285715,18.836666666666666,8.18,16.534,846.25,30.0,76,5.3,15.5,978.7
2021-07-14,Delhi,33.833333333333336,76.43035714285713,17.762500000000003,8.697142857142858,18.78,891.0,29.3,81,9.4,15.6,978.1
2021-07-15,Delhi,38.0,78.25,20.6325,7.525,15.600000000000001,850.0,30.7,75,2.5,14.6,978.5
2021-07-16,Delhi,35.857142857142854,62.519999999999996,11.14,7.8625,9.89,1755.0,31.0,74,3.8,13.7,980.0
2021-07-17,Delhi,42.0,96.46000000000001,15.739999999999998,8.2,16.0,700.0,32.7,67,0.7,12.7,977.6
2021-07-18,Delhi,34.0,85.0,18.886666666666667,6.3,24.950000000000003,866.6666666666666,30.2,81,24.9,18.4,974.7
2021-07-19,Delhi,20.0,34.33333333333333,25.166666666666664,6.833333333333333,11.4,1033.3333333333333,26.3,96,122.7,12.1,974.0
2021-07-20,Delhi,23.89833333333333,56.85714285714286,17.621625,4.825,19.7,822.5,27.8,88,27.3,10.9,974.0
2021-07-21,Delhi,21.799999999999997,42.0,26.9,4.758333333333333,11.0325,1133.3333333333333,28.8,85,5.3,11.6,973.1
2021-07-22,Delhi,26.652045454545455,56.285714285714285,13.339583333333334,6.4,21.224545454545453,787.0,28.0,87,5.1,13.7,972.0
2021-07-23,Delhi,30.416666666666664,67.0,18.076,6.755,25.5375,850.0,28.9,85,5.8,14.2,973.4
2021-07-24,Delhi,31.97,93.065,19.16,6.0,16.75,1025.0,30.2,82,0.7,12.5,974.5
2021-07-25,Delhi,22.5,50.39083333333333,14.885833333333334,5.666666666666667,20.381666666666664,550.0,30.9,78,0.0,12.1,974.1
2021-07-26,Delhi,22.174603174603174,53.63629032258064,15.275645161290324,5.695161290322581,20.180806451612902,563.5483870967741,29.0,85,4.9,12.5,973.1
2021-07-27,Delhi,21.849206349206348,56.88174731182796,15.665456989247312,5.723655913978495,19.979946236559137,577.0967741935484,28.2,89,14.1,15.6,971.2
2021-07-28,Delhi,21.523809523809526,60.12720430107527,16.0552688172043,5.752150537634408,19.779086021505375,590.6451612903226,27.1,90,18.7,14.3,972.6
2021-07-29,Delhi,,,,,,,27.4,88,8.2,10.7,973.3
2021-07-30,Delhi,,,,,,,27.3,89,11.0,14.4,974.2
2021-07-31,Delhi,,,,,,,28.2,87,3.3,15.8,974.6
2021-08-01,Delhi,,,,,,,29.1,83,0.9,11.9,973.8
2021-08-02,Delhi,,,,,,,27.7,88,25.7,11.7,974.7
2021-08-03,Delhi,19.571428571428573,,,,,,28.6,85,8.2,17.6,975.5
2021-08-04,Delhi,17.066666666666666,,,,,,28.7,78,0.0,18.7,976.2
2021-08-05,Delhi,29.357142857142858,,,,,,29.1,79,0.3,7.9,976.1
2021-08-06,Delhi,47.791666666666664,,,,,,29.7,81,2.0,7.8,975.9
2021-08-07,Delhi,36.541666666666664,,,,,,28.8,87,8.5,8.0,977.5
2021-08-08,Delhi,52.23076923076923,,,,,,28.3,89,17.1,8.6,979.0
2021-08-09,Delhi,48.095238095238095,,,,,,28.2,87,3.2,8.6,979.2
2021-08-10,Delhi,34.916666666666664,,,,,,29.9,77,0.7,20.3,977.5
2021-08-11,Delhi,25.291666666666668,,,,,,30.5,64,0.0,22.3,977.7
2021-08-12,Delhi,27.5,,,,,,30.2,66,0.0,19.1,978.8
2021-08-13,Delhi,28.458333333333332,,,,,,30.6,65,0.0,18.9,977.2
2021-08-14,Delhi,26.791666666666668,,,,,,30.6,64,0.0,22.7,975.2
2021-08-15,Delhi,27.916666666666668,,,,,,30.4,64,0.0,16.0,976.6
2021-08-16,Delhi,33.375,,,,,,30.4,66,0.0,11.8,979.5
2021-08-17,Delhi,43.458333333333336,,,,,,31.2,66,0.0,13.4,979.3
2021-08-18,Delhi,52.083333333333336,,,,,,31.2,66,0.0,11.0,977.5
2021-08-19,Delhi,69.47058823529412,,,,,,30.8,74,0.5,13.4,976.8
2021-08-20,Delhi,36.958333333333336,,,,,,27.8,86,2.0,17.9,979.2
2021-08-21,Delhi,19.833333333333332,,,,,,26.7,91,30.3,16.3,980.8
2021-08-22,Delhi,32.416666666666664,,,,,,27.6,88,9.8,14.5,980.7
2021-08-23,Delhi,27.875,,,,,,28.5,87,5.9,12.3,978.5
2021-08-24,Delhi,40.916666666666664,,,,,,29.0,87,2.1,9.2,977.2
2021-08-25,Delhi,35.0,151.0,26.97,6.55,14.155000000000001,970.0,30.4,68,0.0,26.6,975.1
2021-08-26,Delhi,27.75,136.56285714285715,26.068571428571428,6.5876190476190475,13.352857142857143,1015.952380952381,29.7,67,0.0,22.7,974.4
2021-08-27,Delhi,41.333333333333336,122.12571428571428,25.167142857142856,6.625238095238095,12.550714285714287,1061.904761904762,29.6,67,0.0,16.2,976.5
2021-08-28,Delhi,43.75,107.68857142857144,24.265714285714285,6.662857142857143,11.748571428571429,1107.8571428571427,29.4,74,0.0,11.3,977.4
2021-08-29,Delhi,45.333333333333336,,,,,,28.6,85,1.3,13.2,978.2
2021-08-30,Delhi,22.958333333333332,,,,,,27.4,86,1.2,13.9,981.3
2021-08-31,Delhi,17.25,,,,,,27.0,87,5.3,16.4,983.0
2021-09-01,Delhi,32.1625,49.94,20.66,6.813333333333333,8.540000000000001,1291.6666666666665,26.4,90,10.7,13.1,982.6
2021-09-02,Delhi,28.69687799043062,56.06060606060606,20.735714285714288,7.160654101995566,17.376363636363635,1021.3636363636364,27.8,87,1.2,8.0,980.4
2021-09-03,Delhi,21.857142857142858,48.125,19.57374542124542,6.481578947368422,20.889102564102565,842.8571428571429,27.1,89,11.3,13.8,979.0
2021-09-04,Delhi,28.19635944700461,59.332727272727276,19.047222222222224,6.640526315789474,29.91453488372093,904.7222222222222,27.3,88,14.7,10.0,978.7
2021-09-05,Delhi,38.375,78.52380952380952,19.85116279069767,5.6454545454545455,23.100232558139535,1050.0,28.2,86,3.8,9.9,978.8
2021-09-06,Delhi,45.6965350877193,94.42880952380952,20.14078947368421,6.154896049896051,30.575625,907.1428571428571,29.0,84,4.1,9.7,980.2
2021-09-07,Delhi,40.111111111111114,76.98548387096774,18.96,6.370436507936508,24.978421052631578,966.6666666666666,28.0,88,7.6,16.2,981.7
2021-09-08,Delhi,20.624864864864865,50.0,15.402564102564103,6.835135135135134,17.028333333333332,636.6666666666667,28.0,80,2.3,24.8,980.5
2021-09-09,Delhi,27.065789473684212,59.55865853658537,16.566904761904762,7.175135135135136,18.79,881.8181818181819,27.7,84,4.4,20.3,979.5
2021-09-10,Delhi,31.501309523809525,72.0,17.54090909090909,7.566666666666666,19.35,647.5,26.8,88,16.6,19.4,979.5
2021-09-11,Delhi,24.5,41.487,19.6,6.08,19.609736842105264,800.0,25.9,91,15.3,25.5,979.3
2021-09-12,Delhi,30.243513513513513,61.45,20.402093023255812,9.317906976744187,22.9973538654934,956.7543859649122,26.5,91,6.4,13.3,977.6
2021-09-13,Delhi,38.38529411764706,75.212,16.6325,7.326470588235294,25.76,833.6666666666666,27.6,88,7.8,9.2,977.8
2021-09-14,Delhi,26.91640243902439,64.83045454545454,20.427209302325583,7.434736842105263,22.84102564102564,808.8888888888889,27.9,84,0.3,16.0,979.9
2021-09-15,Delhi,25.39393939393939,84.7063789868668,20.96923076923077,7.4,19.908333333333335,1258.409090909091,28.4,77,0.0,19.2,981.0
2021-09-16,Delhi,23.7344,69.88447368421053,23.458459051724137,6.557230255839822,17.136363636363637,1023.2352941176471,27.9,77,4.1,21.6,979.2
2021-09-17,Delhi,20.966666666666665,54.75,17.257585470085473,6.551147342995169,20.225806451612904,782.3529411764706,26.8,75,1.5,26.6,978.6
2021-09-18,Delhi,31.394642857142856,73.39363557105493,21.425,7.108333333333333,24.252400600150036,850.2777777777778,27.4,80,0.1,18.1,980.8
2021-09-19,Delhi,27.743714285714287,78.21428571428571,18.055422794117646,6.217105263157895,22.162857142857145,788.8888888888889,28.1,81,0.3,13.5,982.5
2021-09-20,Delhi,29.633333333333333,81.00528017241379,19.69393939393939,7.726551724137931,21.848892857142857,1000.1330049261084,28.3,81,0.7,14.0,981.6
2021-09-21,Delhi,28.438914027149323,70.68431003584229,21.24814814814815,7.097222222222222,18.79910256410256,900.7135874877811,28.0,83,1.7,13.4,980.7
2021-09-22,Delhi,26.535714285714285,64.125,19.406206896551723,7.45925925925926,22.226086956521737,862.0689655172414,26.4,90,17.3,14.4,980.6
2021-09-23,Delhi,24.333333333333332,60.9,17.24823529411765,7.023,23.320833333333333,710.7142857142857,26.6,88,6.4,14.8,982.0
2021-09-24,Delhi,25.272972972972973,57.111111111111114,22.91260617760618,8.818205128205127,20.268181818181816,967.5862068965517,27.0,85,2.1,11.7,982.9
2021-09-25,Delhi,34.0,72.45833333333334,20.92529761904762,7.360748106060607,25.1575,777.9120879120879,27.2,86,2.1,9.9,981.7
2021-09-26,Delhi,35.88311111111111,74.58824786324786,19.9787037037037,7.379318996415771,25.92325581395349,815.5882352941177,26.8,85,1.5,14.9,981.5
2021-09-27,Delhi,53.16932773109244,113.7560975609756,22.593103448275862,8.595,28.174625,942.3626852659111,28.1,81,0.2,8.2,981.9
2021-09-28,Delhi,46.225,109.897212543554,21.14264705882353,7.709273182957393,29.647441860465115,941.0344827586207,28.1,82,1.7,15.8,982.6
2021-09-29,Delhi,29.05,82.64333333333333,19.61924603174603,7.566818181818181,23.467352941176472,813.7209302325581,28.2,80,0.2,16.0,983.7
2021-09-30,Delhi,32.205128205128204,80.62041467304626,18.63924731182796,6.351862170087976,24.70625,700.0,28.2,82,0.7,9.0,985.0
2021-10-01,Delhi,43.375,92.49576739050424,20.5964846980976,6.617744567260696,24.122500000000002,736.3076923076923,28.6,82,0.2,6.6,984.5
2021-10-02,Delhi,49.916666666666664,104.37112010796221,22.553722084367248,6.883626964433416,23.53875,772.6153846153846,28.9,77,0.2,12.7,983.1
2021-10-03,Delhi,29.791666666666668,116.2464728254202,24.51095947063689,7.149509361606135,22.955000000000002,808.9230769230769,29.1,74,0.0,16.8,981.3
2021-10-04,Delhi,27.0,,,,,,28.9,70,0.1,11.4,981.1
2021-10-05,Delhi,36.291666666666664,,,,,,28.4,77,2.3,8.8,983.7
2021-10-06,Delhi,45.708333333333336,,,,,,28.4,75,0.1,11.0,983.8
2021-10-07,Delhi,65.08333333333333,,,,,,27.3,71,0.0,11.7,982.5
2021-10-08,Delhi,71.20833333333333,,,,,,27.9,66,0.0,12.5,981.3
2021-10-09,Delhi,66.2,,,,,,28.5,61,0.0,12.6,981.7
2021-10-10,Delhi,51.666666666666664,,,,,,28.3,63,0.0,9.2,982.0
2021-10-11,Delhi,49.958333333333336,,,,,,28.0,61,0.0,10.2,981.7
2021-10-12,Delhi,75.2,,,,,,27.9,58,0.0,10.8,982.0
2021-10-13,Delhi,84.11607142857143,235.0,44.083333333333336,9.808333333333334,17.1175,1172.0,26.4,54,0.0,19.3,982.8
2021-10-14,Delhi,71.77272727272727,203.03306159420288,36.38677556818182,7.9804651162790705,36.89769230769231,947.6190476190476,25.2,54,0.0,17.6,982.7
2021-10-15,Delhi,91.97826086956522,215.86430260047283,46.62673758865249,9.522386759581881,39.34651162790698,1202.9411764705883,25.8,53,0.0,12.1,980.7
2021-10-16,Delhi,172.4466666666667,324.243717948718,50.50125,12.900099681020734,40.89511627906977,1823.076923076923,27.0,62,0.0,9.7,980.9
2021-10-17,Delhi,109.4,189.74242424242425,28.636363636363637,8.509141940657578,18.55081081081081,1114.1666666666667,26.4,77,3.3,18.1,982.3
2021-10-18,Delhi,14.153846153846153,32.04122621564482,22.12472222222222,5.733333333333333,19.03076923076923,815.7894736842105,22.4,93,27.4,15.2,980.9
2021-10-19,Delhi,54.28235591506572,102.28571428571429,22.831914893617018,7.086666666666666,24.86421996124031,969.3023255813953,23.8,80,0.0,18.2,982.8
2021-10-20,Delhi,102.71184210526316,225.58695652173913,46.954571428571434,8.506666666666668,29.610233918128653,1437.015503875969,24.4,70,0.0,14.6,985.8
2021-10-21,Delhi,69.76888341543514,227.88372093023256,40.62627906976744,8.153846153846153,26.30254506892895,1233.718487394958,23.3,61,0.0,21.8,985.5
2021-10-22,Delhi,54.6224593495935,180.19354838709677,40.175,7.897499999999999,22.65548780487805,1148.525641025641,23.9,61,0.0,18.8,985.8
2021-10-23,Delhi,64.8,175.91452569169962,43.19850649350649,8.532137733142036,24.642857142857142,1250.486111111111,23.9,65,0.0,11.5,987.4
2021-10-24,Delhi,74.475,151.47717741935486,30.727547065337763,7.526726726726727,34.74444444444445,895.4545454545455,22.8,70,0.2,17.3,989.1
2021-10-25,Delhi,47.57142857142857,104.57636469221836,28.53787456445993,7.822115384615385,30.153000000000002,1051.5263157894738,22.0,78,0.0,10.2,989.6
2021-10-26,Delhi,72.90199335548172,166.4857142857143,33.422222222222224,8.165622119815668,21.89565972222222,1266.1363636363637,20.9,71,0.0,13.4,988.7
2021-10-27,Delhi,108.82916666666667,259.24844444444443,40.13333333333333,9.741293103448276,29.459719737626713,1355.1237809452364,20.9,64,0.0,15.2,990.3
2021-10-28,Delhi,127.84108527131784,267.1794871794872,45.349999999999994,10.87037037037037,32.41237955346651,1410.438596491228,20.6,64,0.0,12.8,990.4
2021-10-29,Delhi,133.84909903381643,274.6666666666667,54.29111111111111,11.11184837092732,29.96928904428904,1749.2105263157896,21.0,63,0.0,9.0,991.9
2021-10-30,Delhi,118.06976744186046,257.76190476190476,44.054761904761904,10.079924242424243,27.35,1315.3270509977829,21.4,56,0.0,18.2,991.4
2021-10-31,Delhi,140.74418604651163,316.16986166007905,47.77391304347826,12.368045454545454,32.25714690867839,1466.195587358378,22.2,51,0.0,15.2,989.1
2021-11-01,Delhi,145.0981719367589,313.3363636363636,59.246511627906976,11.537717391304348,28.775596562184024,1799.0591397849462,22.1,54,0.0,12.2,988.5
2021-11-02,Delhi,137.72093023255815,280.20953436807093,50.65847826086957,10.995348837209303,30.769767441860463,1302.5581395348838,21.5,65,0.0,14.7,990.0
2021-11-03,Delhi,166.40836101882616,308.67571428571426,59.917073170731705,11.009246411483254,27.12625,1840.0560897435898,21.7,62,0.0,12.9,989.8
2021-11-04,Delhi,312.3965909090909,479.2419444444444,51.2,12.159645877378434,25.86215909090909,2138.116279069767,21.2,64,0.0,9.4,988.9
2021-11-05,Delhi,444.24346405228755,634.3134146341463,49.00731707317073,17.266760475297062,17.602828947368423,2303.0892448512586,20.6,63,0.0,10.1,988.9
2021-11-06,Delhi,342.54816017316017,466.26138888888886,48.82368421052632,10.308794326241134,28.385203094777566,1844.8405253283304,20.9,57,0.0,19.9,987.2
2021-11-07,Delhi,255.17241379310346,394.04651162790697,51.19366816431322,11.684000000000001,28.355263157894736,1776.853448275862,21.2,60,0.0,13.6,987.1
2021-11-08,Delhi,260.8809523809524,402.92571428571426,61.25727272727273,12.185784313725492,26.65815476190476,1773.772200772201,21.0,60,0.0,13.1,988.8
2021-11-09,Delhi,280.125,441.7125,62.00384615384615,15.141857241857242,26.210452196382427,1931.7293233082705,20.9,60,0.0,12.3,989.6
2021-11-10,Delhi,231.6888888888889,401.2282142857143,58.24801084010841,13.912820512820513,29.86829268292683,1934.2857142857142,20.7,61,0.0,12.4,988.9
2021-11-11,Delhi,310.89130434782606,506.8811285846439,81.58081395348836,13.469999999999999,12.043176532769557,2628.875,20.4,61,0.0,12.0,988.4
2021-11-12,Delhi,415.02564102564105,602.6428571428571,73.00266544117648,11.64782608695652,18.994999999999997,2744.390243902439,20.2,60,0.0,12.8,988.7
2021-11-13,Delhi,257.03228120516496,410.7632895559725,60.39,10.476904761904763,21.587063492063493,2212.576499388005,19.4,58,0.0,12.9,988.8
2021-11-14,Delhi,179.6904761904762,309.48837209302326,52.67807807807808,14.330000000000002,26.805641025641027,1680.2380952380952,18.6,54,0.0,10.3,987.8
2021-11-15,Delhi,200.02439024390245,334.56756756756755,61.155993589743595,11.684615384615384,23.66681818181818,1844.2857142857142,18.5,53,0.0,11.8,987.1
2021-11-16,Delhi,254.53658536585365,397.42857142857144,54.697985347985345,13.389473684210527,22.54594594594595,1956.25,17.9,57,0.0,11.0,988.1
2021-11-17,Delhi,217.95652173913044,367.55411347517725,50.27182621951219,12.97275,25.375999999999998,1807.8947368421052,17.7,65,0.0,9.7,990.1
2021-11-18,Delhi,205.78293868921776,364.53333333333336,65.82093023255814,12.61890243902439,26.627305555555555,2358.092105263158,19.1,66,0.0,6.3,989.0
2021-11-19,Delhi,221.71648550724638,388.21276595744683,63.78181818181818,16.24193181818182,24.441258503401357,2167.3116733755032,18.7,64,0.0,8.2,986.6
2021-11-20,Delhi,215.52467385138968,366.56341463414634,65.40133838383838,16.014285714285712,26.326684782608698,1915.2716186252774,19.3,58,0.0,9.1,986.9
2021-11-21,Delhi,188.97297297297297,306.67391304347825,53.36791979949875,9.475925394548064,27.363636363636363,1556.6477272727273,19.0,58,0.0,13.9,988.4
2021-11-22,Delhi,129.44444444444446,259.1794871794872,44.22651162790697,11.807272727272727,28.982142857142858,1158.3720930232557,18.8,51,0.0,21.6,988.2
2021-11-23,Delhi,155.03748006379584,290.1142857142857,62.64477272727272,11.9575,18.386344537815127,1715.7142857142858,18.3,55,0.0,15.6,987.0
2021-11-24,Delhi,223.94189608636975,414.97435897435895,73.16012195121951,13.906964285714286,32.62663194444444,2694.871794871795,18.6,58,0.0,10.2,988.4
2021-11-25,Delhi,255.44477272727272,415.0461538461538,74.33278225806453,12.017715617715618,29.192977564102563,2180.3783783783783,17.9,70,0.0,8.7,989.6
2021-11-26,Delhi,273.8038636363636,454.0634820867379,68.49044289044289,14.731156126482214,29.980357142857144,2683.3333333333335,18.4,69,0.0,9.3,989.5
2021-11-27,Delhi,251.88387096774193,398.35462074978204,61.41410256410256,12.072060123784262,28.11375,2537.3809523809523,18.8,72,0.0,10.6,990.6
2021-11-28,Delhi,282.4634146341463,420.8212121212121,53.75003205128205,13.41512987012987,33.719242424242424,2269.6969696969695,18.9,74,0.0,9.8,992.2
2021-11-29,Delhi,223.55882352941177,344.6188063063063,50.42918604651163,11.004761904761905,23.380444444444443,1924.8931623931624,18.1,64,0.0,15.0,992.5
2021-11-30,Delhi,179.72727272727272,301.82201713909035,51.18983739837398,12.172727272727274,25.030714285714286,1561.3939393939395,18.0,65,0.0,14.7,991.7
2021-12-01,Delhi,237.22926829268295,405.27027027027026,64.52,10.708634146341463,10.717958333333334,2001.2987012987014,17.1,73,0.0,8.9,992.0
2021-12-02,Delhi,267.3016098484849,379.2121212121212,48.498648648648654,7.79484126984127,9.159375,1520.0,16.4,81,3.9,11.3,992.1
2021-12-03,Delhi,204.42196812196812,310.4102564102564,44.20526315789474,9.789305555555554,16.838774464119293,1738.4640738299277,17.2,80,0.0,9.2,992.2
2021-12-04,Delhi,176.80197444831592,292.88,41.16758620689655,8.759829059829059,18.572385866166353,1885.064935064935,17.4,73,0.0,9.8,991.0
2021-12-05,Delhi,172.70599868160843,303.4558445945946,57.23846153846154,12.878499999999999,24.908148148148147,2217.613751263903,19.0,70,0.5,9.1,991.2
2021-12-06,Delhi,141.38631484794274,232.55603948896632,41.79189189189189,11.902337398373984,20.63421052631579,1338.4642857142858,18.2,79,1.6,12.9,991.5
2021-12-07,Delhi,101.90714285714286,186.1386217948718,37.44285714285714,7.627047146401985,17.843970588235294,1086.7765567765568,16.7,71,0.0,16.3,992.4
2021-12-08,Delhi,111.24270557029178,208.52472527472526,45.190000000000005,11.525925925925925,22.72204433497537,1584.6148148148147,15.5,68,0.0,12.2,992.3
2021-12-09,Delhi,154.20454545454544,282.9453316953317,47.29189189189189,11.735006119951041,19.864388335704128,1664.1025641025642,15.1,70,0.0,8.0,994.5
2021-12-10,Delhi,152.86666666666667,251.07142857142858,49.38478260869565,10.431914893617021,20.103333333333335,1458.5365853658536,15.4,68,0.0,11.9,994.6
2021-12-11,Delhi,130.33488372093024,225.14418604651163,45.891046511627906,10.80556407718951,19.503720930232557,1444.6190476190477,14.6,65,0.0,13.6,993.5
2021-12-12,Delhi,146.6086956521739,257.85333333333335,50.273809523809526,11.352,20.746511627906976,1800.0,14.5,65,0.0,8.0,994.0
2021-12-13,Delhi,195.39307146753956,324.0518292682927,56.24761904761905,11.88827380952381,20.678888888888892,2449.8684210526317,14.6,66,0.0,7.1,992.9
2021-12-14,Delhi,226.95555555555555,347.0,56.61033681765389,13.158333333333333,26.80263157894737,2455.909090909091,14.9,71,0.0,9.4,992.1
2021-12-15,Delhi,199.2532258064516,291.72222222222223,51.122580645161285,11.171729166666665,19.94608695652174,1940.7407407407406,14.0,67,0.0,11.3,992.4
2021-12-16,Delhi,214.97435897435898,314.2959401709402,50.47638680659671,12.31111111111111,23.708571428571428,1570.75,13.6,70,0.0,16.2,993.2
2021-12-17,Delhi,152.00327540106952,236.20363636363635,31.783870967741933,13.15271794871795,25.99913961038961,1248.3516483516482,12.3,57,0.0,18.3,995.1
2021-12-18,Delhi,140.6551724137931,223.30475609756098,36.56037499999999,7.704418604651163,22.092666666666666,1253.8461538461538,11.2,65,0.0,22.0,994.9
2021-12-19,Delhi,144.12280701754383,229.88095238095238,42.375757575757575,9.00039393939394,24.745833333333334,1242.888888888889,11.1,63,0.0,17.5,994.5
2021-12-20,Delhi,162.53571428571428,250.06666666666666,45.440909090909095,10.775,24.941905797101448,1094.4444444444443,11.6,67,0.0,13.3,993.4
2021-12-21,Delhi,192.405,309.0,56.9,13.87,41.95,1150.0,12.1,71,0.0,10.6,991.9
2021-12-22,Delhi,314.97,456.0,38.475,12.785,19.6,2502.5,13.3,67,0.0,10.5,989.7
2021-12-23,Delhi,367.83333333333337,492.9,59.825,13.98,20.615384615384613,2445.833333333333,14.2,72,0.0,9.9,989.0
2021-12-24,Delhi,277.2,387.25,50.24944444444444,9.799999999999999,25.950000000000003,1762.5,14.5,75,0.0,10.4,988.9
2021-12-25,Delhi,351.2208333333333,496.375,54.599999999999994,10.930625,15.075625000000002,2700.0,15.5,72,0.0,10.1,990.9
2021-12-26,Delhi,411.14285714285717,580.8571428571429,43.31339285714286,9.2,9.125,2636.666666666667,15.0,80,4.6,14.0,992.6
2021-12-27,Delhi,94.32142857142857,136.25,29.14125,8.330208333333335,18.584375,790.0,14.9,72,3.2,13.2,993.9
2021-12-28,Delhi,139.14166666666665,216.225,44.55,9.708333333333332,9.184999999999999,1218.3333333333333,13.9,78,1.7,8.3,993.0
2021-12-29,Delhi,132.26190476190476,205.25,32.385714285714286,8.310416666666667,16.0335,1212.0833333333335,13.0,72,0.0,14.8,993.7
2021-12-30,Delhi,140.56666666666666,249.13,33.7,12.0125,18.733333333333334,1192.75,10.7,67,0.0,11.5,997.6
2021-12-31,Delhi,201.66666666666666,320.6666666666667,43.725,9.120000000000001,6.15,1470.0,10.5,71,0.0,10.2,997.5
2020-01-01,Kolkata,121.9025641025641,246.0828125,71.94864864864864,19.118378378378377,35.92506849315069,1225.6756756756756,17.9,78,0.0,10.8,1017.5
2020-01-02,Kolkata,130.41827956989246,226.69876543209875,59.368817204301074,19.81430107526882,21.194146341463416,1222.9032258064517,19.5,78,0.0,11.2,1018.1
2020-01-03,Kolkata,40.91166666666667,71.19047619047619,35.541666666666664,12.992307692307692,17.92,477.5,17.9,86,15.2,19.2,1016.0
2020-01-04,Kolkata,51.4175,102.95263157894736,44.65052631578948,8.175,7.041666666666667,1381.6666666666667,18.3,85,0.2,10.2,1013.6
2020-01-05,Kolkata,93.95054945054945,167.56,39.6967032967033,8.75,9.257179487179489,1462.1978021978023,17.4,85,0.1,13.2,1014.2
2020-01-06,Kolkata,102.01511627906976,154.52954545454546,58.79418604651163,13.057045454545454,23.52586956521739,1206.590909090909,16.2,79,0.0,10.1,1017.2
2020-01-07,Kolkata,115.19636363636364,191.34727272727272,48.785227272727276,13.786704545454546,32.85179775280899,1143.5384615384614,17.1,78,0.0,9.3,1015.1
2020-01-08,Kolkata,122.45510204081633,220.02087912087913,45.102,10.187999999999999,26.50076923076923,1255.1020408163265,17.7,80,0.0,8.9,1013.9
2020-01-09,Kolkata,89.15393258426965,159.09101123595505,63.34571428571428,9.856363636363637,16.440224719101124,1132.6506024096386,18.4,83,0.1,7.7,1013.5
2020-01-10,Kolkata,86.22359550561798,141.2955056179775,42.689772727272725,20.272727272727273,27.36642857142857,849.3877551020408,18.2,76,0.0,15.3,1014.7
2020-01-11,Kolkata,83.67424242424242,155.2509433962264,43.43269230769231,10.371875000000001,30.122978723404255,998.1666666666666,15.9,75,0.0,12.8,1015.8
2020-01-12,Kolkata,90.68191489361702,157.73194444444445,43.577777777777776,10.500289855072463,32.581805555555555,954.7872340425532,16.0,77,0.0,11.3,1013.4
2020-01-13,Kolkata,95.54418604651163,175.3787234042553,58.567499999999995,14.318809523809524,37.53193548387097,1134.1860465116279,15.9,76,0.0,13.1,1011.6
2020-01-14,Kolkata,149.43285714285713,264.4569230769231,76.27727272727273,17.99943661971831,42.568615384615384,2140.8333333333335,17.6,72,0.0,9.4,1012.0
2020-01-15,Kolkata,203.86164383561643,303.2914285714286,86.82,17.597014925373134,24.83887323943662,2412.3809523809523,19.1,74,0.0,9.4,1013.2
2020-01-16,Kolkata,134.4880606060606,225.5548917748918,73.71000000000001,10.991102564102563,30.45617352526991,1741.3956989247313,20.1,76,0.0,9.7,1013.2
2020-01-17,Kolkata,99.83614457831325,176.56309523809523,51.237209302325574,13.5125,36.66927710843374,1601.923076923077,20.7,78,0.0,8.7,1013.7
2020-01-18,Kolkata,83.1064935064935,163.71818181818182,62.254999999999995,12.966125,22.624235294117646,1290.875,20.2,74,0.0,9.9,1013.3
2020-01-19,Kolkata,85.18850574712643,153.9712643678161,46.6438202247191,15.110000000000001,33.63919540229885,887.0114942528736,20.7,76,0.0,12.8,1013.0
2020-01-20,Kolkata,65.95421686746988,114.14024390243902,40.41038961038961,14.245454545454546,35.64805194805195,795.7142857142857,18.4,75,0.5,12.6,1015.2
2020-01-21,Kolkata,87.3641975308642,154.30370370370372,53.91428571428571,13.475934065934066,32.529135802469135,1117.6543209876543,17.8,73,0.0,9.4,1016.9
2020-01-22,Kolkata,106.47283950617283,190.89054054054054,72.60777777777777,13.970666666666666,24.84027027027027,1287.037037037037,18.7,75,0.0,8.3,1016.2
2020-01-23,Kolkata,120.47866666666665,196.40533333333332,55.818279569892475,14.809722222222222,30.466986301369865,1018.494623655914,19.4,79,0.9,8.4,1014.0
2020-01-24,Kolkata,85.52250000000001,155.50365853658536,64.86582278481012,12.907,29.69322580645161,1075.0526315789473,18.6,65,0.0,13.7,1014.1
2020-01-25,Kolkata,73.77473684210527,122.08735632183908,59.94827586206897,11.357619047619048,48.32113636363636,852.9885057471264,17.3,62,0.0,9.2,1013.6
2020-01-26,Kolkata,123.61904761904762,197.0901234567901,79.11683544303797,9.929629629629629,42.22282051282051,1383.20987654321,17.7,65,0.0,9.9,1011.9
2020-01-27,Kolkata,117.49450549450549,192.4367088607595,75.23164556962026,15.016049382716048,36.843291139240506,1328.8461538461538,18.4,65,0.0,11.5,1011.5
2020-01-28,Kolkata,110.80250000000001,220.40879120879123,71.54086021505377,15.176875,46.80658536585366,1052.125,19.9,68,0.0,10.4,1011.7
2020-01-29,Kolkata,47.72790697674418,86.83369565217392,36.85952380952381,8.312941176470588,48.8510843373494,493.57142857142856,20.9,88,7.8,10.5,1013.1
2020-01-30,Kolkata,65.02948717948718,116.93717948717949,39.690625,8.060294117647059,30.81974358974359,980.7352941176471,20.2,92,6.2,10.1,1011.7
2020-01-31,Kolkata,74.54269662921348,140.22125,55.50919540229885,13.676623376623375,37.470793650793645,945.4545454545455,19.2,73,0.0,13.0,1012.7
2020-02-01,Kolkata,64.05232558139535,121.97142857142858,60.01011235955056,10.878214285714284,46.01204545454545,952.0930232558139,18.4,70,0.0,9.1,1014.3
2020-02-02,Kolkata,76.63203273696232,144.04271031594976,60.74140926640926,14.420563380281688,37.99457746478873,884.0910798122065,18.2,61,0.0,11.7,1016.5
2020-02-03,Kolkata,57.313095238095244,134.79012345679013,67.21309523809524,13.93456790123457,44.49559523809524,925.1190476190476,17.2,63,0.0,8.9,1016.7
2020-02-04,Kolkata,78.36707317073171,158.48679245283017,73.0,16.83238095238095,36.04238095238095,1009.6428571428571,18.2,64,0.0,9.5,1014.6
2020-02-05,Kolkata,103.05758620689656,177.26813186813186,64.91685393258427,18.18068181818182,43.38275862068965,979.5454545454545,20.4,68,0.0,12.4,1012.7
2020-02-06,Kolkata,73.64594594594595,146.28783783783783,58.925714285714285,14.494285714285715,40.89905660377359,911.625,20.4,69,0.0,9.7,1014.0
2020-02-07,Kolkata,74.21282051282051,150.95321933962265,53.239899371069185,15.840853658536586,40.97635,766.5373983739837,19.6,63,0.0,12.5,1015.6
2020-02-08,Kolkata,121.61141987829615,231.708210180624,58.89080459770115,14.644299339691855,12.16867816091954,1076.3809523809523,18.3,66,0.2,11.2,1016.7
2020-02-09,Kolkata,91.35615292712066,165.03662634408602,59.46677220230984,13.843838336460287,35.65489583333333,840.1875,19.3,67,0.0,13.3,1016.7
2020-02-10,Kolkata,79.10481927710843,166.5688888888889,73.80240963855422,14.696111111111112,39.49344086021505,1091.125,18.1,59,0.0,12.1,1016.0
2020-02-11,Kolkata,107.0094382022472,206.49770114942527,85.53064516129032,14.09175824175824,37.09984375,1253.3720930232557,18.2,58,0.0,11.5,1016.1
2020-02-12,Kolkata,105.23882352941176,203.89036144578316,79.12535211267605,15.220705882352942,38.986626506024095,1636.6666666666667,19.1,59,0.0,12.0,1015.2
2020-02-13,Kolkata,99.94117647058823,188.00941176470587,70.56593406593407,14.646451612903228,42.07677777777778,1144.942528735632,20.0,57,0.0,10.9,1012.5
2020-02-14,Kolkata,96.93950617283951,189.56956521739133,61.232926829268294,20.973170731707317,47.1366265060241,1215.8024691358025,21.7,64,0.0,13.7,1008.6
2020-02-15,Kolkata,66.10978260869565,144.09285714285713,62.14096385542168,10.146263736263737,49.01256097560976,950.1149425287356,21.6,62,0.0,13.2,1010.4
2020-02-16,Kolkata,92.07857142857142,184.24285714285713,64.24285714285713,11.90787234042553,49.452528735632185,976.0,22.1,59,0.0,10.7,1013.1
2020-02-17,Kolkata,95.0220930232558,184.5247191011236,74.11428571428571,13.863265306122448,37.77978723404256,1185.1785714285713,22.1,66,0.0,8.7,1013.5
2020-02-18,Kolkata,85.00052631578947,160.82000000000002,49.56923076923077,11.87241379310345,50.55692307692308,822.3529411764706,22.1,71,0.0,9.9,1012.6
2020-02-19,Kolkata,70.99217391304347,123.45172413793102,50.943678160919546,29.266666666666666,44.929375,602.0833333333334,23.0,73,0.0,12.3,1013.6
2020-02-20,Kolkata,52.562340425531914,93.77634408602151,38.75333333333334,22.48065217391304,32.333617021276595,496.05263157894734,24.3,71,0.0,13.1,1014.2
2020-02-21,Kolkata,75.5063492063492,156.6836956521739,61.92857142857143,18.896190476190476,36.22235294117647,1015.46875,23.7,68,0.0,10.5,1016.3
2020-02-22,Kolkata,93.1016393442623,190.04901960784315,67.98813559322035,14.702441860465116,54.32770491803279,1127.2527472527472,24.3,61,0.0,11.3,1016.3
2020-02-23,Kolkata,80.52456140350877,166.68295454545455,51.6609375,10.814186046511628,44.05939393939394,725.5056179775281,24.2,64,0.0,12.7,1014.6
2020-02-24,Kolkata,97.02673913043478,186.035,66.44,17.96112359550562,23.526666666666667,1144.4117647058824,22.6,73,0.2,10.3,1012.3
2020-02-25,Kolkata,76.65384615384616,130.62363636363636,55.019999999999996,10.956363636363637,13.496222222222222,713.9285714285714,19.5,88,6.1,17.6,1011.9
2020-02-26,Kolkata,38.81434782608696,70.31057971014494,42.04768115942029,11.407692307692308,29.824492753623186,447.15909090909093,20.8,82,0.9,8.0,1012.0
2020-02-27,Kolkata,41.024303797468356,85.75243902439024,42.85121951219512,12.496428571428572,34.94848101265823,735.609756097561,21.4,75,0.0,10.0,1012.7
2020-02-28,Kolkata,70.97341772151898,134.75270270270272,49.99393939393939,9.119701492537313,45.89235294117647,541.4754098360655,21.9,68,0.0,9.3,1012.2
2020-02-29,Kolkata,73.21851851851852,133.9037037037037,65.31307692307692,12.5625,31.919999999999998,910.0,22.7,67,0.0,12.8,1010.7
2020-03-01,Kolkata,81.25862068965517,156.20909090909092,63.027272727272724,10.616022727272728,47.54538461538462,1076.7567567567567,23.9,68,0.0,8.6,1010.7
2020-03-02,Kolkata,92.75625,168.19799999999998,47.859375,17.269333333333332,41.10214285714285,1038.2857142857142,24.5,67,0.0,15.0,1010.1
2020-03-03,Kolkata,66.77499999999999,115.06666666666666,30.816129032258065,10.730217391304347,64.79188679245283,645.2173913043479,23.9,76,1.3,20.5,1009.5
2020-03-04,Kolkata,45.1910068302555,77.51234848484849,24.920975106790397,12.686352962106387,39.598010273972605,497.81444582814447,24.2,81,7.0,15.2,1009.6
2020-03-05,Kolkata,33.706896551724135,66.51558823529412,29.88409090909091,9.453048780487805,29.7809375,647.0967741935484,24.5,78,0.4,12.3,1009.6
2020-03-06,Kolkata,32.16404494382022,71.34382022471911,30.46222222222222,9.874074074074073,24.892417582417583,572.7397260273973,24.4,72,0.1,21.1,1010.8
2020-03-07,Kolkata,33.51732394366197,55.681720430107525,27.9,6.846052631578947,25.037464788732397,600.0,23.5,82,5.4,11.6,1012.2
2020-03-08,Kolkata,35.825842696629216,70.39285714285714,25.876829268292685,7.990588235294118,33.211739130434786,673.5294117647059,24.6,75,0.8,15.3,1010.2
2020-03-09,Kolkata,57.21341463414634,114.57534246575342,32.91095890410959,9.197297297297297,40.774594594594596,608.082191780822,24.0,59,0.0,10.5,1009.9
2020-03-10,Kolkata,62.17541176470588,125.9010752688172,35.15853658536585,14.812048192771085,56.69903225806452,717.4193548387096,24.1,60,0.0,9.2,1009.9
2020-03-11,Kolkata,51.01777777777778,97.98888888888888,26.587356321839078,13.89088888888889,64.73988505747127,567.5824175824176,25.7,64,0.0,7.6,1009.9
2020-03-12,Kolkata,49.973432835820894,100.19868421052632,33.847252747252746,15.50956043956044,37.4167032967033,622.2388059701492,26.0,72,0.5,8.6,1011.6
2020-03-13,Kolkata,54.9561797752809,104.0965909090909,40.03409090909091,12.393055555555556,36.48513888888889,747.4468085106383,27.5,70,0.0,7.3,1011.7
2020-03-14,Kolkata,44.156989247311834,96.37761194029851,20.398507462686567,9.994594594594595,56.51430555555555,435.4166666666667,26.8,60,0.3,27.1,1011.7
2020-03-15,Kolkata,24.264843384759235,53.175756172839506,28.865380434782608,12.218545524691358,46.18711684782609,434.429347826087,25.3,63,0.0,16.9,1011.4
2020-03-16,Kolkata,54.62183908045977,105.55,34.496428571428574,20.647272727272725,44.983999999999995,780.3703703703703,26.2,71,0.8,10.0,1011.6
2020-03-17,Kolkata,61.618085106382985,125.75333333333333,48.82222222222222,10.161702127659575,56.61022222222222,842.5531914893617,26.8,66,0.7,8.5,1012.4
2020-03-18,Kolkata,72.17666666666666,150.34415584415584,39.35164835164835,16.073684210526313,51.662236842105266,872.5333333333333,27.1,59,0.0,14.3,1010.9
2020-03-19,Kolkata,85.72777777777777,147.28,66.11559139784946,17.915277777777778,60.8640625,709.53125,26.8,52,0.0,11.9,1009.7
2020-03-20,Kolkata,39.5758064516129,78.80860215053764,31.6859375,17.992592592592594,56.20931818181818,577.741935483871,27.0,53,0.0,13.5,1008.9
2020-03-21,Kolkata,39.3054054054054,76.45333333333333,21.37837837837838,18.071555555555555,52.156976744186046,382.7906976744186,26.8,60,0.8,18.9,1009.4
2020-03-22,Kolkata,17.46,29.68021978021978,19.125274725274725,10.953076923076923,55.115,397.5,24.5,76,1.7,17.8,1010.8
2020-03-23,Kolkata,24.869565217391305,50.4,17.09565217391304,8.3,35.068400000000004,336.8965517241379,25.7,69,0.0,12.9,1009.9
2020-03-24,Kolkata,33.617045454545455,53.425,17.167045454545455,11.01732558139535,53.10545454545454,418.52272727272725,26.4,73,0.0,13.5,1008.3
2020-03-25,Kolkata,41.08,72.25164835164834,15.248,15.508604651162791,53.016999999999996,443.9080459770115,27.1,70,0.1,11.6,1007.2
2020-03-26,Kolkata,33.89,68.9590909090909,17.97197802197802,8.55,50.1875,549.6428571428571,29.2,60,0.0,14.0,1007.8
2020-03-27,Kolkata,31.689473684210526,82.9358695652174,15.741304347826087,11.150684931506849,58.383258426966286,395.59322033898303,30.0,55,0.0,14.5,1008.5
2020-03-28,Kolkata,38.671910112359555,73.37865168539325,14.916666666666666,10.401777777777777,50.87879518072289,429.0,31.1,53,0.0,14.3,1007.0
2020-03-29,Kolkata,34.90859974424552,65.60100644122383,15.177415026833632,9.79577633378933,65.69020060331825,424.99850924269526,30.3,49,0.0,14.7,1006.7
2020-03-30,Kolkata,35.06534787310743,68.73810867293626,16.917826614861582,11.302623355263158,72.33504310344827,402.4842156386595,29.7,49,0.0,16.1,1007.9
2020-03-31,Kolkata,38.20682596513076,74.78582658779577,19.72726972130373,10.71991372053872,62.7436,480.8,29.9,52,0.0,16.6,1008.0
2020-04-01,Kolkata,41.66343697090965,73.02205882352942,14.31359881031064,12.551027397260274,63.32132974316487,401.12193710206446,30.6,61,0.0,16.6,1006.5
2020-04-02,Kolkata,36.12290466212677,57.879652173913044,13.89202639751553,7.381195652173913,51.78999651567945,374.1208791208791,30.8,65,0.0,24.5,1005.5
2020-04-03,Kolkata,39.597499052671466,69.06779598393575,15.488112056737588,8.703758615522926,53.738540562249,467.8183908045977,29.9,65,0.1,22.0,1006.8
2020-04-04,Kolkata,49.1622695035461,91.2332281205165,16.777441258462765,10.58706851971558,70.72795279593319,464.59179609717245,30.4,60,0.0,17.3,1008.4
2020-04-05,Kolkata,38.609643579373106,68.05751804330393,11.556005733397038,9.527828674948239,62.27336644177911,448.0182002022244,30.2,66,0.0,15.7,1008.5
2020-04-06,Kolkata,33.792405063291135,66.79367088607594,15.441772151898736,9.05125,49.26522222222222,412.7586206896552,31.0,52,0.0,16.1,1007.6
2020-04-07,Kolkata,38.82325581395349,70.42439024390244,9.325641025641024,8.2675,52.785555555555554,399.44444444444446,30.9,55,0.0,19.8,1005.9
2020-04-08,Kolkata,24.642391304347825,55.06307692307692,9.546153846153846,9.709673913043478,67.32967391304348,382.3529411764706,31.0,53,0.0,20.7,1006.5
2020-04-09,Kolkata,23.939473684210526,47.05307692307692,10.274358974358973,12.981818181818182,85.71568181818182,372.95454545454544,30.3,57,0.0,15.5,1007.1
2020-04-10,Kolkata,18.534374999999997,40.34367088607595,8.594488636363636,7.897977528089887,50.03255555555555,350.63291139240505,30.0,68,0.0,18.3,1009.1
2020-04-11,Kolkata,18.830337078651688,41.47777777777778,7.875,7.06,42.94144736842105,340.0,29.5,72,0.8,18.3,1009.7
2020-04-12,Kolkata,21.476315789473684,61.45333333333333,7.979740259740259,6.900666666666666,38.776818181818186,337.7922077922078,29.2,72,0.6,14.1,1008.1
2020-04-13,Kolkata,22.70843373493976,51.43536585365853,6.67,7.109756097560975,35.40648351648352,365.625,30.1,74,0.8,14.8,1006.3
2020-04-14,Kolkata,25.758108108108107,53.08624999999999,5.631935483870968,5.266666666666667,32.30168831168831,375.81081081081084,29.5,76,3.6,16.2,1007.5
2020-04-15,Kolkata,23.596385542168676,59.01328571428572,8.459154929577466,5.967605633802817,31.833913043478262,358.57142857142856,28.2,81,10.4,17.1,1007.8
2020-04-16,Kolkata,30.172941176470587,58.60487804878049,12.096739130434784,7.756129032258064,35.350434782608694,416.4634146341463,28.1,78,0.3,13.7,1006.2
2020-04-17,Kolkata,22.31086956521739,45.92272727272727,7.7625,6.940714285714286,30.549130434782608,315.0,30.3,71,0.0,20.2,1004.5
2020-04-18,Kolkata,20.215730337078654,35.894999999999996,9.883333333333333,9.785,37.23684210526316,341.42857142857144,29.5,80,4.2,21.5,1005.9
2020-04-19,Kolkata,13.247826086956522,31.493478260869566,7.972898550724637,7.091956521739131,47.41605633802817,322.3188405797101,29.7,75,0.3,16.6,1006.5
2020-04-20,Kolkata,14.760714285714286,30.076753246753245,7.607532467532467,6.729740259740259,27.75840579710145,313.38709677419354,29.4,79,0.5,20.0,1006.7
2020-04-21,Kolkata,11.131666666666666,23.96481481481481,12.055555555555555,5.475740740740741,41.54731707317073,316.27906976744185,27.8,79,19.9,25.2,1007.3
2020-04-22,Kolkata,14.065217391304348,26.713478260869564,11.28086956521739,8.58095238095238,29.668571428571425,315.45454545454544,25.9,84,12.9,15.1,1007.2
2020-04-23,Kolkata,14.418571428571427,27.9,9.592857142857143,6.569285714285714,24.21,278.3333333333333,26.7,85,33.1,20.6,1006.6
2020-04-24,Kolkata,9.7925,23.31388888888889,7.75375,5.743055555555555,29.442333333333334,370.0,25.1,91,26.2,17.4,1005.8
2020-04-25,Kolkata,7.1,26.1,2.7,2.54,37.33,230.0,26.8,82,8.0,16.9,1005.9
2020-04-26,Kolkata,16.45,27.1,7.1,7.386808510638298,48.07191489361703,300.0,25.3,90,22.5,13.0,1008.5
2020-04-27,Kolkata,11.815000000000001,20.48095238095238,8.446666666666667,4.98,32.493,302.5,25.5,88,6.3,14.5,1010.2
2020-04-28,Kolkata,8.204333333333333,16.17837837837838,9.816666666666666,4.994285714285715,29.58810810810811,292.3333333333333,25.1,89,13.6,12.2,1009.1
2020-04-29,Kolkata,18.476,31.929032258064513,11.990322580645161,6.78,26.529310344827586,363.84615384615387,25.9,86,10.0,10.8,1007.6
2020-04-30,Kolkata,13.120689655172415,29.343589743589746,10.385142857142858,7.527142857142857,37.00972222222222,286.57142857142856,26.4,87,13.6,10.0,1007.9
2020-05-01,Kolkata,9.547058823529412,25.00294117647059,9.0484375,5.67027027027027,34.96612244897959,253.68421052631578,26.2,87,4.1,10.8,1007.4
2020-05-02,Kolkata,18.811904761904763,31.93584905660377,11.430769230769231,6.323076923076924,27.695510204081632,377.1794871794872,26.4,82,4.1,10.0,1005.7
2020-05-03,Kolkata,14.6,27.346666666666664,10.523529411764706,5.866666666666667,43.2375,280.0,26.9,82,7.9,8.2,1005.5
2020-05-04,Kolkata,22.2,47.23333333333333,8.799999999999999,6.595121951219512,39.232,344.0,27.2,87,5.6,9.1,1006.9
2020-05-05,Kolkata,18.125,34.013888888888886,10.645945945945945,5.633333333333333,25.8975,316.6666666666667,28.7,83,0.8,14.3,1005.9
2020-05-06,Kolkata,16.619999999999997,28.7,10.600000000000001,8.33,47.136,362.5,27.4,82,0.1,11.0,1006.2
2020-05-07,Kolkata,14.8875,35.4390625,8.209999999999999,5.825,46.78367647058823,264.55882352941177,28.1,84,1.3,15.3,1006.2
2020-05-08,Kolkata,20.496666666666663,39.89107142857143,8.578125,6.89372619047619,50.47428571428571,352.05357142857144,28.4,81,0.0,18.6,1005.4
2020-05-09,Kolkata,23.93060344827586,45.34988157894737,8.936118421052631,5.524666666666667,46.09759803921569,320.66666666666663,29.4,82,14.7,16.7,1006.0
2020-05-10,Kolkata,20.159113712374584,43.51805,7.770016666666667,5.192721739130435,39.48191666666666,314.3142857142857,29.5,83,12.7,23.0,1006.0
2020-05-11,Kolkata,21.719725490196076,40.784937611408196,10.166131907308376,6.024945533769063,54.485454545454544,371.77450980392155,29.1,81,0.0,9.0,1007.1
2020-05-12,Kolkata,28.121153846153845,53.71724137931034,10.127524630541874,8.435606060606059,60.73965517241379,355.75757575757575,29.6,78,0.0,12.0,1006.2
2020-05-13,Kolkata,16.7,42.6,7.3100000000000005,4.7,21.92,250.0,29.6,78,0.0,13.3,1005.2
2020-05-14,Kolkata,16.064276556776555,38.576337792642136,7.469423076923077,7.169146153846153,25.29631304347826,250.05714285714288,29.9,78,0.0,17.2,1004.6
2020-05-15,Kolkata,13.171794871794871,34.66607843137255,7.298,9.2808125,30.132666666666665,260.54166666666663,30.1,77,0.0,18.2,1003.0
2020-05-16,Kolkata,10.338963414634147,26.89900426742532,6.66135472972973,6.574512012012012,24.601374999999997,242.36111111111111,30.6,77,0.0,18.9,1002.1
2020-05-17,Kolkata,6.7696969696969695,23.533333333333335,7.33030303030303,5.6375,17.959714285714288,225.41666666666666,30.9,76,0.0,17.3,1001.9
2020-05-18,Kolkata,9.232074074074074,23.956840934371524,7.874650537634409,5.084516129032258,15.104666666666667,256.8125,30.1,74,0.0,14.7,1000.4
2020-05-19,Kolkata,5.875,20.9375,6.975,3.9916666666666667,16.970833333333335,265.0,28.4,83,5.5,17.3,999.1
2020-05-20,Kolkata,9.44375,20.6375,5.725,4.933333333333334,34.52775,272.2177419354839,25.4,91,99.1,68.9,986.4
2020-05-21,Kolkata,6.123749999999999,15.829999999999998,6.7225,4.8225,25.099,383.33333333333337,25.7,81,8.4,37.5,995.7
2020-05-22,Kolkata,20.386666666666667,45.099999999999994,6.911111111111111,4.033333333333333,30.64,294.0,28.2,80,0.0,18.4,1001.6
2020-05-23,Kolkata,19.2,53.2,5.7,4.166666666666667,38.7975,255.0,29.5,82,0.0,22.3,1002.8
2020-05-24,Kolkata,17.78,52.1725,5.555,4.071666666666667,35.1875,270.4166666666667,29.7,81,0.0,26.6,1002.5
2020-05-25,Kolkata,14.546666666666667,46.156666666666666,5.1066666666666665,3.08,26.395166666666668,228.0,29.8,81,0.0,32.5,1002.8
2020-05-26,Kolkata,12.828571428571427,48.26666666666667,5.2,7.53,30.577252747252746,265.0,29.5,81,0.0,33.8,1002.3
2020-05-27,Kolkata,14.15,45.78333333333333,7.0,3.5500000000000003,25.59,306.6666666666667,29.1,81,8.4,32.2,1001.9
2020-05-28,Kolkata,11.783333333333331,28.416666666666668,7.773333333333333,4.806666666666667,33.364999999999995,260.0,28.4,85,3.1,27.0,1002.4
2020-05-29,Kolkata,16.057142857142857,35.275,7.355555555555556,3.9111111111111114,43.452,314.2857142857143,27.9,87,9.9,12.2,1003.7
2020-05-30,Kolkata,13.9,36.575,5.85,4.15,22.115000000000002,280.0,28.8,85,3.9,16.9,1004.5
2020-05-31,Kolkata,16.655638888888888,35.87086111111111,6.563725490196079,5.008333333333333,45.81494444444444,302.6890756302521,28.8,85,3.6,14.8,1006.0
2020-06-01,Kolkata,11.906060606060606,32.1375,7.974375,6.109375,25.755,290.0,29.3,83,2.0,17.1,1005.8
2020-06-02,Kolkata,12.762907268170427,31.717045454545456,9.158890909090909,6.021861471861472,28.630277777777778,300.92105263157896,29.1,84,4.6,19.1,1004.3
2020-06-03,Kolkata,14.828087121212121,37.08119047619047,7.008199643493761,13.461206896551724,33.527959001782534,346.90177638453497,29.0,85,6.1,16.8,1003.6
2020-06-04,Kolkata,14.162592592592592,38.345,7.860740740740741,8.720370370370372,24.559318518518516,261.71296296296293,29.6,84,8.2,19.5,1002.8
2020-06-05,Kolkata,11.496296296296295,35.28333333333333,5.907407407407407,5.770370370370371,29.23033333333333,266.55172413793105,29.5,85,9.1,19.8,1001.9
2020-06-06,Kolkata,14.83125,39.016666666666666,6.111111111111111,4.766666666666667,26.75,232.77777777777777,30.0,83,1.9,18.8,1001.2
2020-06-07,Kolkata,22.327777777777776,48.10714285714286,10.18,4.21875,29.815714285714286,327.22222222222223,29.5,86,5.7,11.9,1000.7
2020-06-08,Kolkata,24.46590909090909,48.675000000000004,15.559285714285716,8.238461538461538,26.604400000000002,446.8,29.5,86,15.4,10.9,1000.3
2020-06-09,Kolkata,20.47030360531309,47.53765508684864,10.200691244239632,5.852109181141439,26.3135,287.3602941176471,29.8,85,0.5,11.2,1000.4
2020-06-10,Kolkata,13.89,36.133916083916084,11.999561403508771,4.94949494949495,21.65673076923077,358.5,29.1,85,3.4,13.6,1000.1
2020-06-11,Kolkata,6.26,19.6625,7.84,4.733333333333333,14.151250000000001,270.0,28.0,89,16.9,19.0,998.8
2020-06-12,Kolkata,8.1,17.1,9.735999999999999,4.333333333333333,18.31,510.0,27.7,90,14.6,15.9,997.7
2020-06-13,Kolkata,12.915384615384616,24.03076923076923,10.524615384615384,6.4,19.617307692307694,382.0,28.3,88,10.2,20.5,998.2
2020-06-14,Kolkata,8.774999999999999,21.835,8.795833333333334,5.050000000000001,20.485775862068966,345.0,28.2,88,12.5,18.9,999.4
2020-06-15,Kolkata,9.5125,38.13472222222222,7.722777777777778,4.65,21.45267857142857,314.44444444444446,28.0,90,22.7,15.1,999.0
2020-06-16,Kolkata,9.2,21.681818181818183,9.960454545454546,4.17,23.09,320.0,27.7,90,18.4,14.8,997.5
2020-06-17,Kolkata,15.704166666666667,38.65277777777778,7.145714285714286,5.140000000000001,21.65,360.0,27.5,92,33.3,18.4,996.9
2020-06-18,Kolkata,17.44070512820513,44.0947463768116,8.053532608695651,7.023369565217392,26.367366220735786,376.9836956521739,29.0,85,0.8,19.5,997.9
2020-06-19,Kolkata,18.13783783783784,47.022222222222226,10.512978723404256,8.61111111111111,28.642222222222223,352.1951219512195,28.8,88,24.1,13.3,999.2
2020-06-20,Kolkata,10.42142857142857,34.21860465116279,7.668717948717949,5.61,17.9075,276.0,28.2,89,8.0,15.4,999.1
2020-06-21,Kolkata,12.363194444444446,30.722303921568624,6.538137254901962,5.831836248012719,27.286127450980395,348.26555023923447,27.9,89,6.5,21.5,997.3
2020-06-22,Kolkata,11.888,31.727999999999998,6.767619047619048,6.8,27.141666666666666,332.5,28.4,86,10.5,25.9,998.4
2020-06-23,Kolkata,16.942500000000003,41.7475,8.073589743589745,5.007105263157895,21.025526315789474,396.8421052631579,29.1,85,4.8,19.2,1002.2
2020-06-24,Kolkata,16.660172727272727,45.75238642898218,8.297866666666668,9.984583333333333,26.592895256916997,346.9305019305019,29.8,81,0.6,21.1,1003.3
2020-06-25,Kolkata,16.708,44.352380952380955,6.340909090909091,8.67090909090909,14.930909090909092,355.90909090909093,30.0,79,0.0,23.7,1002.4
2020-06-26,Kolkata,8.965625,28.14375,7.075862068965517,6.664864864864865,15.523513513513514,344.5945945945946,30.0,80,1.1,23.6,1001.1
2020-06-27,Kolkata,8.39655172413793,26.28666666666667,6.636666666666667,5.826666666666667,16.161379310344827,311.6216216216216,28.9,86,9.0,20.7,1000.8
2020-06-28,Kolkata,13.266273637374859,29.331666666666663,11.716436781609195,6.991190476190476,24.206831797235022,367.9642857142857,29.0,87,7.4,17.1,1000.7
2020-06-29,Kolkata,17.476470588235294,38.0575,15.534146341463414,11.199024390243903,33.65658536585366,498.5365853658537,27.8,91,9.9,16.8,1001.4
2020-06-30,Kolkata,14.38888888888889,38.52666666666667,9.61111111111111,5.512777777777778,20.333333333333332,368.8888888888889,28.6,87,11.3,16.0,1001.4
2020-07-01,Kolkata,14.23125,36.93381818181818,9.22943181818182,8.79042105263158,24.735294117647058,284.11764705882354,29.9,81,0.9,21.4,1000.1
2020-07-02,Kolkata,10.855212355212355,35.02319548872181,7.122251082251083,7.677763157894736,23.326655348047538,274.15413533834584,30.4,80,0.6,16.6,998.5
2020-07-03,Kolkata,9.9,29.05,10.475,4.7875,15.040625,310.0,30.0,82,2.0,14.9,998.9
2020-07-04,Kolkata,9.649412442396313,24.617701149425287,8.536206896551725,11.247478354978355,21.267333333333333,317.6930596285435,28.7,88,9.1,14.0,998.3
2020-07-05,Kolkata,8.434375,22.708333333333332,10.508333333333333,6.720588235294118,21.17054054054054,295.13513513513516,28.0,89,11.0,15.8,995.5
2020-07-06,Kolkata,8.68625,23.1375,13.8625,9.4,23.704285714285714,346.25,28.0,90,9.5,21.3,995.7
2020-07-07,Kolkata,12.675,31.655,9.683333333333334,6.3999999999999995,29.32,427.5,28.7,86,7.2,20.3,1000.2
2020-07-08,Kolkata,22.2375,44.827586206896555,16.83103448275862,9.625,33.11222222222222,457.77777777777777,28.9,88,20.9,16.1,1001.6
2020-07-09,Kolkata,15.850000000000001,35.24375,10.79142857142857,9.376923076923077,32.36846153846154,430.0,29.3,86,15.4,20.3,999.9
2020-07-10,Kolkata,11.28125,28.033333333333335,8.8,9.354878048780488,29.562857142857144,327.5,30.0,81,2.4,23.7,999.4
2020-07-11,Kolkata,11.65,30.666666666666668,14.37142857142857,6.8375,25.855,391.6666666666667,28.7,88,20.3,20.0,999.1
2020-07-12,Kolkata,20.613636363636363,43.609848484848484,8.868977272727273,9.3275,37.86861742424242,362.5,29.0,88,17.9,14.8,999.5
2020-07-13,Kolkata,22.533333333333335,41.378750000000004,12.816956521739131,10.975,37.509565217391305,377.85714285714283,28.8,88,7.0,11.7,998.8
2020-07-14,Kolkata,15.587096774193547,29.986,11.0,6.6375,38.96666666666667,365.16129032258067,27.8,90,10.3,15.0,999.6
2020-07-15,Kolkata,11.49090909090909,20.78235294117647,10.9,6.929411764705883,24.522727272727273,341.1764705882353,28.0,88,9.2,21.3,1000.4
2020-07-16,Kolkata,9.3,20.450000000000003,9.1075,6.65,23.756666666666664,262.5,29.0,82,1.1,19.3,1000.2
2020-07-17,Kolkata,5.6,19.273333333333333,10.132352941176471,6.05,20.634705882352943,298.8235294117647,29.0,83,2.8,22.0,1000.9
2020-07-18,Kolkata,11.535275962236746,28.441681985294117,8.176728395061728,9.53148493543759,27.70570853462158,272.2164351851852,29.3,83,6.1,21.4,1001.8
2020-07-19,Kolkata,12.108371080139374,28.2923721340388,6.50533244087461,6.433661547726588,24.499320987654322,309.0006178560395,29.7,82,4.3,22.8,1001.3
2020-07-20,Kolkata,11.765238095238095,30.15833333333333,13.1,8.231818181818182,14.192083333333334,273.0,29.5,82,4.2,21.8,1000.7
2020-07-21,Kolkata,15.52016129032258,35.770175438596496,13.238888888888889,6.893220338983051,20.728305084745763,496.6101694915254,28.5,88,31.6,19.1,1001.9
2020-07-22,Kolkata,17.801492537313433,31.090000000000003,15.883275862068967,9.33293103448276,24.756417910447762,422.46153846153845,27.4,92,32.5,12.4,1001.4
2020-07-23,Kolkata,10.53108108108108,25.464864864864865,6.382432432432433,5.723733333333334,28.857297297297297,286.4,27.5,90,22.3,10.4,1001.0
2020-07-24,Kolkata,18.05952380952381,36.38831168831169,17.348589743589745,10.718428571428571,21.26202380952381,433.2584269662921,27.0,90,12.9,15.8,1003.6
2020-07-25,Kolkata,14.4,32.513888888888886,11.496714285714285,9.383142857142857,25.301617647058823,269.02777777777777,28.8,83,2.1,13.6,1004.9
2020-07-26,Kolkata,19.298125,34.804081632653066,9.245000000000001,10.11709693877551,32.6075,328.75,30.0,84,3.0,11.8,1003.9
2020-07-27,Kolkata,23.275,43.785714285714285,17.927142857142858,5.85,28.892000000000003,405.69444444444446,29.6,87,15.7,9.2,1002.1
2020-07-28,Kolkata,24.865909090909092,51.26818181818182,12.632386363636362,6.629318181818181,25.10925,446.47727272727275,28.6,89,15.5,13.8,1001.9
2020-07-29,Kolkata,9.444444444444445,18.93,8.841111111111111,4.067777777777778,7.546666666666667,265.55555555555554,29.2,83,3.0,16.1,1002.6
2020-07-30,Kolkata,6.6574193548387095,20.029411764705884,7.455172413793103,7.899361702127659,12.408085106382977,269.09090909090907,29.3,83,2.6,13.0,1003.2
2020-07-31,Kolkata,7.4879999999999995,27.380555555555556,12.367826086956521,5.36,9.264,228.3783783783784,29.0,86,10.2,17.7,1002.2
2020-08-01,Kolkata,20.65866666666667,37.587037037037035,11.245217391304347,5.6066666666666665,21.506,352.2522522522523,29.8,85,4.6,13.3,1000.5
2020-08-02,Kolkata,33.82933333333334,47.79351851851852,10.122608695652174,5.8533333333333335,33.748,476.1261261261261,29.8,86,7.5,8.7,997.6
2020-08-03,Kolkata,47.0,58.0,9.0,6.1,45.99,600.0,29.9,86,14.0,10.0,993.7
2020-08-04,Kolkata,31.372222222222224,49.2875,15.985714285714286,4.728571428571429,20.22222222222222,530.0,28.3,93,38.3,21.9,990.1
2020-08-05,Kolkata,11.3,18.366666666666664,7.2700000000000005,4.9,24.865000000000002,270.0,27.7,91,22.0,27.2,991.5
2020-08-06,Kolkata,9.426136363636363,16.086899224806203,10.722568163592623,4.195316537467701,25.03752642706131,446.52351097178683,27.7,89,11.3,18.4,998.3
2020-08-07,Kolkata,13.625,29.124000000000002,8.0195,6.290454545454545,20.158636363636365,325.0,28.9,85,4.7,17.7,1000.1
2020-08-08,Kolkata,18.11875,44.67916666666667,9.473749999999999,4.944545454545454,23.595681818181816,364.3939393939394,29.1,87,1.6,13.1,998.2
2020-08-09,Kolkata,9.501875,25.043541666666666,7.428333333333334,4.712,27.965208333333333,283.4375,28.8,86,6.4,19.5,998.1
2020-08-10,Kolkata,7.8375,25.21,11.190000000000001,5.15,17.18166666666667,363.6363636363636,28.9,86,4.9,16.2,999.0
2020-08-11,Kolkata,11.845757575757574,30.234545454545454,9.426666666666666,6.231363636363636,40.84945454545455,382.9090909090909,29.4,86,2.6,15.6,998.4
2020-08-12,Kolkata,11.2,36.53333333333334,7.7,5.273888888888889,29.07,330.0,29.6,84,4.6,15.0,998.3
2020-08-13,Kolkata,7.62,24.86,9.47,7.084999999999999,28.48,312.0,29.4,83,4.1,18.9,997.1
2020-08-14,Kolkata,6.790909090909091,20.255555555555556,7.953333333333333,6.21090909090909,24.65909090909091,350.0,28.9,86,7.3,21.2,994.9
2020-08-15,Kolkata,6.472727272727273,16.3575,7.536363636363637,6.213333333333334,25.886666666666667,262.5,28.2,87,5.3,23.1,993.0
2020-08-16,Kolkata,9.05,21.6,8.753333333333334,6.933333333333334,32.97,370.0,28.6,85,6.5,21.7,995.2
2020-08-17,Kolkata,9.133333333333333,28.025,11.470833333333335,5.9625,21.1725,505.0,28.2,87,4.8,18.6,996.8
2020-08-18,Kolkata,14.666666666666666,28.0,14.066666666666666,6.175,26.89272727272727,410.0,27.8,90,20.9,14.2,997.4
2020-08-19,Kolkata,10.316666666666668,16.1,8.63,4.457142857142857,23.346666666666668,403.3333333333333,27.1,91,39.9,26.9,994.8
2020-08-20,Kolkata,5.35,12.9,4.6,5.8149999999999995,27.635,282.5,26.7,91,74.5,29.8,997.0
2020-08-21,Kolkata,6.533333333333332,5.533333333333334,4.533333333333334,1.4916666666666665,12.906666666666666,150.0,26.9,91,15.6,23.7,1002.0
2020-08-22,Kolkata,18.38,41.349999999999994,33.7,6.5,8.0,855.0,27.4,90,17.9,16.2,1002.9
2020-08-23,Kolkata,26.3,47.8,16.96,6.0,43.5,430.0,27.3,92,18.2,9.5,1001.6
2020-08-24,Kolkata,27.06,49.596666666666664,21.486666666666668,6.088333333333333,22.831166666666665,620.8333333333333,28.0,90,19.0,7.6,1000.6
2020-08-25,Kolkata,18.978571428571428,36.50357142857143,17.98392857142857,6.34875,39.91075,400.25,28.3,89,34.1,20.3,999.7
2020-08-26,Kolkata,9.593333333333334,21.75,12.083333333333334,5.154999999999999,24.121666666666666,372.5,27.2,89,10.5,24.3,997.4
2020-08-27,Kolkata,9.116666666666667,19.16111111111111,8.251666666666667,5.588888888888889,23.269444444444446,287.7777777777778,27.0,91,9.7,20.6,1000.5
2020-08-28,Kolkata,13.925,34.51875,7.2375,6.381666666666667,33.55428571428571,388.125,28.4,85,2.6,19.9,1001.1
2020-08-29,Kolkata,18.25,42.97625,13.0625,4.85,35.03794642857143,323.33333333333337,29.3,84,0.6,17.6,1002.1
2020-08-30,Kolkata,25.2,41.45,9.71,5.4,28.92,330.0,29.6,85,3.2,12.7,1002.6
2020-08-31,Kolkata,27.89727272727273,50.260000000000005,12.683333333333332,5.245,38.085,412.5,30.2,85,2.1,8.2,1002.7
2020-09-01,Kolkata,21.146666666666665,43.62142857142857,15.87,6.055555555555555,31.560000000000002,685.0,27.8,92,15.6,6.9,1003.5
2020-09-02,Kolkata,12.350000000000001,29.741176470588236,15.080588235294119,4.972380952380952,10.921194852941177,357.7941176470588,27.5,89,9.7,13.8,1005.5
2020-09-03,Kolkata,13.335999999999999,29.99090909090909,12.379166666666668,5.6068181818181815,11.33,395.0,27.9,88,3.9,13.2,1006.9
2020-09-04,Kolkata,16.0805,36.4965,15.152941176470586,5.720000000000001,18.688333333333333,341.25,28.8,84,1.3,10.8,1005.6
2020-09-05,Kolkata,14.541666666666666,30.991666666666664,6.875,5.502727272727273,15.893333333333333,233.33333333333334,29.4,83,1.7,16.2,1003.8
2020-09-06,Kolkata,11.274999999999999,32.0,12.348333333333334,8.85,38.7,244.28571428571428,29.4,85,4.5,17.8,1003.2
2020-09-07,Kolkata,8.531666666666666,23.522222222222222,7.95,10.975,20.77,227.5,29.5,83,4.4,16.1,1003.8
2020-09-08,Kolkata,15.670714285714286,28.360384615384618,9.732142857142858,6.828571428571429,22.78792857142857,425.3571428571429,29.1,87,8.1,11.6,1004.2
2020-09-09,Kolkata,24.8807196969697,55.51416666666667,13.063636363636364,5.726666666666667,26.76261363636364,431.5,28.4,89,15.7,12.5,1003.5
2020-09-10,Kolkata,13.200000000000001,39.49666666666666,9.02,6.003333333333333,9.36,300.0,28.0,89,17.5,14.2,1001.4
2020-09-11,Kolkata,11.166666666666666,27.47,7.94,7.7,17.294,246.66666666666666,28.2,87,11.1,15.3,1002.5
2020-09-12,Kolkata,7.529999999999999,26.61818181818182,8.474,7.284000000000001,15.516,273.0,28.8,86,5.5,15.2,1004.7
2020-09-13,Kolkata,8.07,26.387999999999998,10.265,5.3020000000000005,12.255384615384616,283.3333333333333,29.0,85,5.8,14.7,1005.0
2020-09-14,Kolkata,7.087922794117647,28.774261363636363,9.670481283422461,7.992470588235294,19.292625,364.63235294117646,28.6,87,2.9,15.6,1003.9
2020-09-15,Kolkata,8.320588235294117,28.641666666666666,9.807083333333333,7.079120879120879,27.03125,377.6923076923077,28.2,89,9.9,12.4,1003.6
2020-09-16,Kolkata,9.336153846153847,24.784615384615385,8.610307692307693,7.7914102564102565,21.42477564102564,292.8461538461538,28.7,87,6.2,14.5,1003.2
2020-09-17,Kolkata,10.170714285714286,26.645631868131872,6.890357142857143,6.772142857142857,33.63607142857143,285.29761904761904,29.5,83,0.6,15.3,1002.4
2020-09-18,Kolkata,11.67,30.68033333333333,10.61875,5.873111111111111,23.43482142857143,378.2142857142857,29.2,86,4.3,12.0,1001.2
2020-09-19,Kolkata,21.983333333333334,50.15,18.133333333333336,7.283333333333334,38.025,508.57142857142856,29.8,84,0.8,8.9,998.8
2020-09-20,Kolkata,17.437753623188406,41.57990118577075,13.490909090909092,6.55590909090909,33.182291666666664,422.0158102766799,28.5,89,22.1,15.1,997.0
2020-09-21,Kolkata,7.378947368421052,19.643157894736845,10.383333333333333,6.291052631578947,26.715,353.0,27.6,90,18.9,20.7,996.9
2020-09-22,Kolkata,12.544375,27.8125,11.547058823529412,5.7,23.58,395.3333333333333,27.9,89,12.3,21.7,999.8
2020-09-23,Kolkata,11.1375,25.831249999999997,14.235000000000001,5.503,18.755,305.41666666666663,27.3,90,33.4,21.6,1002.7
2020-09-24,Kolkata,13.963333333333333,40.68333333333334,8.2975,5.536666666666666,22.134999999999998,335.0,28.2,88,10.8,20.3,1003.7
2020-09-25,Kolkata,15.196666666666667,40.55,10.15,5.696,19.869999999999997,475.0,28.4,88,14.1,19.8,1001.7
2020-09-26,Kolkata,18.008333333333333,45.6105,10.379999999999999,6.4554375,25.393452380952382,430.0,28.1,89,8.5,20.3,1001.0
2020-09-27,Kolkata,20.95,54.05833333333334,9.783333333333333,9.040000000000001,43.915,411.8181818181818,28.5,87,5.6,9.0,1002.3
2020-09-28,Kolkata,45.742999999999995,89.22999999999999,14.556000000000001,6.6049999999999995,30.01466666666667,537.0,28.7,88,1.3,9.7,1003.1
2020-09-29,Kolkata,22.580000000000002,46.92307692307692,13.7,5.408333333333334,13.305,452.5,28.2,89,15.5,7.1,1002.7
2020-09-30,Kolkata,12.866666666666667,32.6,12.924999999999999,6.45,19.7225,400.0,28.4,87,16.7,11.0,1001.7
2020-10-01,Kolkata,15.8,42.945,7.795,5.705,21.48,308.0,27.7,91,19.9,15.7,1001.2
2020-10-02,Kolkata,10.63470588235294,25.285,9.146764705882353,5.585,23.3825,302.94117647058823,27.5,89,14.1,14.2,1002.3
2020-10-03,Kolkata,19.112499999999997,47.8,25.92475,4.30325,15.5625,769.25,27.7,90,8.6,13.0,1003.5
2020-10-04,Kolkata,15.066666666666666,35.17777777777778,16.163611111111113,6.016944444444444,27.320833333333333,376.3888888888889,27.8,90,9.2,16.6,1003.9
2020-10-05,Kolkata,11.1,39.4,16.1,4.126470588235295,21.51,428.8235294117647,27.4,91,10.4,13.2,1003.8
2020-10-06,Kolkata,15.625,33.98214285714286,19.18035714285714,3.4071428571428566,23.587857142857143,431.7857142857143,27.6,90,10.3,14.4,1005.0
2020-10-07,Kolkata,14.700000000000001,35.9325,10.149999999999999,6.2475,19.252499999999998,395.3571428571429,27.2,91,14.8,10.9,1006.4
2020-10-08,Kolkata,23.015,48.56333333333333,9.758333333333333,7.795,26.563333333333333,476.0,28.0,89,4.2,9.9,1006.6
2020-10-09,Kolkata,30.208333333333332,69.52,15.783333333333333,7.1850000000000005,19.075714285714287,698.3333333333334,28.9,88,1.5,9.7,1006.1
2020-10-10,Kolkata,26.099999999999998,69.0,36.78333333333333,6.62,21.073333333333334,410.0,29.0,87,3.7,9.0,1005.1
2020-10-11,Kolkata,29.400000000000002,65.965,22.475,7.738333333333333,20.204285714285714,595.0,28.8,86,2.7,7.6,1003.7
2020-10-12,Kolkata,40.3125,84.965,20.25,6.5062500000000005,5.855833333333333,855.0,29.3,84,0.3,9.4,1002.9
2020-10-13,Kolkata,19.2375,43.82222222222222,14.288888888888888,7.614999999999999,28.185000000000002,480.90909090909093,29.2,84,0.2,13.4,1003.3
2020-10-14,Kolkata,11.39,38.581,7.763,6.7272727272727275,22.955454545454543,368.0,29.0,83,0.5,12.8,1004.2
2020-10-15,Kolkata,11.25,31.64393939393939,8.806818181818182,6.2684999999999995,16.881136363636365,349.6590909090909,28.5,86,1.7,15.4,1004.4
2020-10-16,Kolkata,37.98571428571428,78.85625,17.15,9.78,37.40090909090909,1158.75,29.0,84,1.1,7.9,1004.3
2020-10-17,Kolkata,55.04,106.125,24.74285714285714,6.8975,24.1675,822.0,29.1,86,0.7,8.4,1004.4
2020-10-18,Kolkata,48.6,93.60333333333332,21.34,5.63448275862069,28.86241379310345,550.0,28.8,85,0.5,9.6,1005.0
2020-10-19,Kolkata,41.67277777777778,83.12857142857142,25.33157894736842,7.2749999999999995,12.862857142857143,1174.7368421052631,28.5,86,3.5,11.9,1004.9
2020-10-20,Kolkata,53.076153846153844,99.36153846153846,18.41923076923077,7.738846153846154,41.32125,472.3076923076923,28.7,81,0.2,13.2,1004.7
2020-10-21,Kolkata,8.098387096774193,28.911290322580648,10.866129032258065,6.5764516129032256,20.078709677419354,346.5880893300248,27.5,88,12.0,17.1,1005.3
2020-10-22,Kolkata,6.738095238095238,19.255000000000003,11.27142857142857,5.916666666666667,20.738095238095237,310.0,25.6,91,17.8,19.4,1002.7
2020-10-23,Kolkata,9.60159420289855,30.101638655462185,14.229891304347825,6.222122762148338,12.697971014492753,399.1304347826087,25.5,87,8.4,27.1,1000.9
2020-10-24,Kolkata,15.848148148148148,42.611111111111114,18.97142857142857,7.290384615384616,20.318461538461538,495.38461538461536,26.2,85,0.5,15.0,1004.6
2020-10-25,Kolkata,32.260384615384616,65.7,24.782142857142855,8.78,26.899285714285718,850.0,27.2,81,0.0,7.4,1008.2
2020-10-26,Kolkata,63.334090909090904,116.35,31.564069264069264,7.1966883116883125,17.385727272727273,1430.1363636363635,27.2,76,0.0,8.7,1008.9
2020-10-27,Kolkata,69.1625,142.07045454545457,44.3,11.093333333333334,33.46909090909091,1171.25,25.4,75,0.0,8.9,1008.2
2020-10-28,Kolkata,80.3,166.68,30.42413793103448,12.218275862068966,51.55806451612903,826.0,25.5,78,0.0,9.7,1009.0
2020-10-29,Kolkata,62.827586206896555,127.28040000000001,25.441379310344825,13.700344827586207,35.85137931034483,691.4285714285714,26.5,77,0.0,12.0,1008.9
2020-10-30,Kolkata,48.486000000000004,102.66666666666667,28.555555555555557,10.842,33.279999999999994,743.3333333333334,27.2,77,0.0,15.9,1007.4
2020-10-31,Kolkata,59.23333333333333,120.60434782608696,20.586363636363636,14.842857142857142,51.68181818181818,609.0909090909091,26.7,79,0.6,12.6,1008.0
2020-11-01,Kolkata,11.35217391304348,28.764999999999997,18.94,5.966666666666667,30.910666666666664,353.75,26.6,89,2.4,12.8,1008.8
2020-11-02,Kolkata,15.596153846153847,41.3258064516129,27.3559375,8.584615384615384,24.948461538461537,506.42857142857144,26.7,85,0.0,11.9,1010.1
2020-11-03,Kolkata,71.21904761904761,152.43103448275863,32.59047619047619,16.259047619047617,59.946363636363635,855.7142857142857,27.0,81,0.2,7.9,1010.2
2020-11-04,Kolkata,103.42999999999999,213.6391304347826,53.97043478260869,21.895652173913046,33.442,1052.8,25.1,64,0.0,9.6,1010.2
2020-11-05,Kolkata,96.745225,199.86979166666666,70.63198260869565,16.652183333333333,43.696050724637686,1166.888888888889,24.5,67,0.0,8.9,1011.9
2020-11-06,Kolkata,107.5527843915344,209.8411904761905,72.46034722222223,16.50076923076923,26.74805128205128,1425.6410256410256,23.8,70,0.0,8.7,1013.8
2020-11-07,Kolkata,101.93406250000001,196.71197916666665,55.45596153846154,24.74034090909091,51.73296037296037,884.84375,22.3,70,0.0,12.9,1014.1
2020-11-08,Kolkata,68.9345238095238,140.59870129870131,56.05404761904762,15.677261904761902,51.09194444444445,1108.7554112554112,22.7,72,0.0,10.2,1013.9
2020-11-09,Kolkata,79.17333333333335,159.83916666666664,61.20357142857143,14.186722222222222,6.231250000000001,1143.125,23.4,74,0.0,10.2,1012.5
2020-11-10,Kolkata,56.800000000000004,118.8490909090909,52.083333333333336,12.927777777777777,26.924545454545456,935.9375,24.6,73,0.0,9.6,1011.8
2020-11-11,Kolkata,35.30833333333333,81.28461538461539,36.325,12.4,50.031363636363636,552.7272727272727,25.9,67,0.0,9.9,1013.0
2020-11-12,Kolkata,40.995,102.53,45.4264705882353,20.955000000000002,46.22571428571429,696.1904761904761,25.1,65,0.0,11.3,1013.5
2020-11-13,Kolkata,41.83,99.21428571428571,56.98857142857143,21.27125,28.68125,720.0,25.1,64,0.0,11.8,1012.4
2020-11-14,Kolkata,67.725,147.3722222222222,40.383529411764705,17.025,60.637857142857136,613.8888888888889,25.1,62,0.0,12.5,1011.9
2020-11-15,Kolkata,79.93947368421053,146.0263157894737,35.05735197368421,16.050868421052634,46.63152960526316,609.561403508772,24.9,60,0.0,11.8,1011.9
2020-11-16,Kolkata,84.13684210526316,159.58499999999998,41.17894736842105,16.105555555555554,24.685263157894738,991.5,24.4,67,0.0,9.5,1011.6
2020-11-17,Kolkata,107.17857142857143,201.7642857142857,47.199999999999996,24.185714285714287,45.32357142857143,1020.0,24.6,66,0.0,8.2,1010.5
2020-11-18,Kolkata,99.67999999999999,175.2,44.54,20.259999999999998,66.31428571428572,964.6153846153846,25.1,74,0.1,8.0,1010.9
2020-11-19,Kolkata,62.363076923076925,106.51333333333334,33.84285714285714,18.75714285714286,36.998000000000005,537.3333333333334,25.6,82,1.0,8.0,1010.3
2020-11-20,Kolkata,66.675,113.165,32.79,19.2,38.93,749.0,25.9,85,0.8,10.5,1010.1
2020-11-21,Kolkata,106.17,176.20499999999998,34.864999999999995,16.303529411764707,18.677,1167.5,24.3,86,0.5,14.0,1010.8
2020-11-22,Kolkata,70.37454545454545,136.8,25.439999999999998,14.75,66.14222222222222,395.45454545454544,22.9,60,0.0,13.1,1013.6
2020-11-23,Kolkata,83.775,164.76,58.4125,15.742857142857144,41.02,1143.0,20.8,63,0.0,12.2,1014.4
2020-11-24,Kolkata,85.8876923076923,168.625,60.37692307692308,14.433333333333334,36.646153846153844,1072.857142857143,20.4,67,0.0,10.1,1013.5
2020-11-25,Kolkata,89.814,175.85000000000002,56.273333333333326,13.1375,9.06775,696.0,21.3,72,0.0,10.2,1013.3
2020-11-26,Kolkata,96.9,189.2,66.475,15.05,6.945,1140.0,22.2,72,0.0,9.5,1013.7
2020-11-27,Kolkata,56.19222222222223,122.89999999999999,27.826666666666668,18.304,25.84777777777778,576.6666666666666,22.2,69,0.0,15.2,1014.9
2020-11-28,Kolkata,75.49444444444445,138.4,48.625,20.147368421052633,40.730588235294114,920.0,22.4,64,0.0,13.4,1015.0
2020-11-29,Kolkata,96.89,184.00666666666666,57.431250000000006,13.79,33.266666666666666,1170.0,21.6,68,0.0,12.4,1014.4
2020-11-30,Kolkata,86.54117647058824,167.54117647058823,68.17058823529412,19.05625,43.37285714285714,1471.875,21.2,66,0.0,11.2,1013.9
2020-12-01,Kolkata,135.7941176470588,268.94,84.15882352941176,18.37222222222222,34.60733333333334,1856.111111111111,21.3,67,0.0,9.7,1014.0
2020-12-02,Kolkata,138.8,268.5842105263158,59.46923076923077,21.962,32.958888888888886,1444.2857142857142,22.0,64,0.0,9.5,1012.4
2020-12-03,Kolkata,172.42999999999998,313.31666666666666,73.37666666666667,15.66,9.268571428571429,1890.0,22.3,64,0.0,6.5,1012.0
2020-12-04,Kolkata,113.26700000000001,205.38333333333333,56.304545454545455,18.504166666666666,45.6625,1371.111111111111,22.1,68,0.0,10.2,1011.2
2020-12-05,Kolkata,125.85833333333333,217.88400000000001,52.5923076923077,21.145,36.95333333333333,1053.5714285714287,21.9,73,0.0,10.2,1012.1
2020-12-06,Kolkata,118.96266666666666,187.0,35.17857142857143,19.12,45.31461538461539,876.6666666666666,21.9,76,0.0,9.7,1013.5
2020-12-07,Kolkata,73.4235294117647,136.74705882352941,43.999,14.00625,33.756,1236.6666666666667,22.1,77,0.0,9.8,1014.4
2020-12-08,Kolkata,152.61033333333333,287.9083333333333,50.205,15.495000000000001,7.955238095238094,1451.0714285714284,21.9,77,0.0,8.4,1014.0
2020-12-09,Kolkata,143.1,248.17499999999998,53.97333333333333,10.1625,24.7965,1598.75,21.4,76,0.0,10.3,1012.9
2020-12-10,Kolkata,119.97999999999999,210.54615384615383,47.223076923076924,8.846153846153847,26.03,1443.8461538461538,21.3,76,0.0,9.2,1012.4
2020-12-11,Kolkata,95.96666666666665,168.33,27.4,9.633333333333333,30.085,940.0,20.2,81,0.0,8.9,1012.9
2020-12-12,Kolkata,94.94125846276383,165.36236783154123,34.41965663580247,10.612283950617284,37.44111111111111,1007.9861111111111,20.3,79,0.0,11.9,1012.1
2020-12-13,Kolkata,93.91585025886101,162.39473566308243,41.43931327160494,11.591234567901234,44.797222222222224,1075.9722222222222,21.3,80,0.0,9.8,1011.1
2020-12-14,Kolkata,92.89044205495819,159.42710349462365,48.45896990740741,12.570185185185185,52.153333333333336,1143.9583333333333,21.4,77,0.0,12.0,1012.5
2020-12-15,Kolkata,103.39,173.3692307692308,57.155,16.265,33.6104,1067.0833333333333,21.7,72,0.0,11.0,1014.3
2020-12-16,Kolkata,104.31627272727272,195.96749999999997,55.32727272727273,20.63875,30.90543181818182,1048.0333333333333,22.0,68,0.0,10.6,1014.9
2020-12-17,Kolkata,103.1846153846154,189.5730769230769,49.092592592592595,20.396,36.63851851851852,864.1666666666666,21.1,71,0.0,12.2,1014.2
2020-12-18,Kolkata,100.22777777777777,185.43846153846152,43.300000000000004,21.31875,43.641578947368416,655.0,19.2,73,0.0,13.5,1014.7
2020-12-19,Kolkata,131.08888888888887,205.71166666666667,59.8625,11.223333333333334,26.529000000000003,1013.3333333333334,16.4,66,0.0,12.6,1015.9
2020-12-20,Kolkata,135.08512585812355,218.82605263157893,42.59439359267735,13.915476190476191,55.17426315789474,830.7518796992481,16.0,68,0.0,13.2,1015.5
2020-12-21,Kolkata,155.97666666666666,240.7321428571429,57.2,14.783241758241758,37.16331730769231,967.9166666666667,16.6,71,0.0,9.7,1013.7
2020-12-22,Kolkata,173.33333333333334,355.40000000000003,82.04,19.466666666666665,23.726666666666663,2270.0,17.6,71,0.0,9.5,1012.9
2020-12-23,Kolkata,159.86083333333335,293.4235,65.61000000000001,20.934469696969696,24.942878787878787,1868.409090909091,17.9,74,0.0,10.0,1012.2
2020-12-24,Kolkata,154.41538461538462,303.67600000000004,89.45714285714287,23.11,18.272,1887.142857142857,18.4,75,0.0,10.1,1012.0
2020-12-25,Kolkata,140.6,281.3,67.175,14.9,32.785,1780.0,18.2,73,0.0,9.8,1012.4
2020-12-26,Kolkata,137.07999999999998,258.7,61.666666666666664,12.393333333333333,38.51333333333333,1520.0,18.2,65,0.0,11.2,1013.6
2020-12-27,Kolkata,147.6142857142857,246.58571428571426,69.39565217391304,16.0625,29.057142857142853,1480.0,16.7,67,0.0,10.6,1012.5
2020-12-28,Kolkata,185.14444444444445,289.0857142857143,83.33330917874397,13.007142857142858,23.350238095238097,2157.184265010352,17.4,68,0.0,10.2,1012.3
2020-12-29,Kolkata,216.5954248366013,414.5972426470588,77.90367647058824,20.3375,20.0906045751634,2174.3872549019607,18.1,66,0.0,9.5,1012.8
2020-12-30,Kolkata,105.08823529411765,191.31764705882352,50.30588235294118,15.330000000000002,47.444,881.4285714285714,18.2,69,0.0,15.5,1013.8
2020-12-31,Kolkata,100.29,188.06129032258065,51.5225,23.799999999999997,43.372580645161285,808.1481481481482,18.1,66,0.0,14.8,1014.1
2021-01-01,Kolkata,103.2,221.54583333333335,59.9,23.204166666666666,39.06392857142857,1309.090909090909,18.1,67,0.0,10.9,1014.4
2021-01-02,Kolkata,168.97857142857143,299.56111111111113,89.3,13.81111111111111,8.735555555555557,1924.1176470588234,18.0,61,0.0,10.0,1014.2
2021-01-03,Kolkata,127.05,251.0,74.86,16.568421052631578,41.84375,1702.5,17.9,69,0.0,10.4,1012.7
2021-01-04,Kolkata,119.32000000000001,216.38846153846154,62.803703703703704,21.134615384615383,34.431428571428576,1696.6666666666667,19.3,71,0.0,10.3,1013.2
2021-01-05,Kolkata,100.91785714285713,206.08461538461538,62.714814814814815,20.064,26.620833333333334,1347.7777777777778,21.1,69,0.0,8.0,1013.2
2021-01-06,Kolkata,133.34,257.18333333333334,83.025,17.996666666666666,33.08361111111111,2207.222222222222,22.3,68,0.0,7.6,1011.2
2021-01-07,Kolkata,135.20689655172413,252.125,92.7344827586207,28.606896551724137,33.485625,1614.0740740740741,23.2,71,0.0,9.2,1010.0
2021-01-08,Kolkata,102.25555555555555,195.9921052631579,70.5,26.392105263157895,33.769411764705886,1208.5714285714287,23.1,68,0.0,11.9,1010.3
2021-01-09,Kolkata,87.15789473684211,169.85238095238097,59.88421052631579,16.702380952380953,46.92236842105263,858.9473684210526,22.6,70,0.0,8.9,1010.5
2021-01-10,Kolkata,94.16363636363636,168.3153846153846,63.18571428571429,15.083333333333334,14.078666666666667,814.6153846153846,23.8,70,0.0,10.0,1010.1
2021-01-11,Kolkata,90.24076923076923,166.26521739130433,53.47184210526316,21.78518518518519,32.111304347826085,737.8260869565217,23.3,76,0.0,9.8,1011.4
2021-01-12,Kolkata,92.5608695652174,166.5369565217391,39.86291666666667,13.847826086956522,46.955652173913045,635.0,21.9,71,0.0,10.0,1012.2
2021-01-13,Kolkata,92.66625668449198,170.38249299719888,34.64014705882353,12.646225490196077,48.22867647058823,623.7450592885375,20.0,66,0.0,12.9,1012.8
2021-01-14,Kolkata,107.19250965250967,175.89829749103944,37.37096774193549,13.008497536945812,57.87640394088669,646.7619047619048,20.0,62,0.0,11.0,1012.6
2021-01-15,Kolkata,123.37837837837837,215.78125,52.06785714285714,16.970833333333335,50.534137931034486,912.7027027027027,18.8,69,0.0,9.0,1011.3
2021-01-16,Kolkata,147.28,234.79166666666666,44.574999999999996,13.68695652173913,44.408611111111114,853.0434782608696,18.4,72,0.0,9.8,1010.5
2021-01-17,Kolkata,175.3361111111111,279.324,46.305,11.304,38.9216,951.3636363636364,18.4,70,0.0,8.7,1013.6
2021-01-18,Kolkata,180.04333333333335,271.8095238095238,57.29666666666667,14.204545454545455,18.798947368421054,1265.8823529411766,18.4,72,0.0,9.7,1013.2
2021-01-19,Kolkata,134.55263157894737,225.42222222222222,64.48,13.104761904761904,32.76111111111111,918.7878787878788,20.2,75,0.0,15.2,1010.8
2021-01-20,Kolkata,98.45652173913044,164.83379310344827,54.435172413793104,21.420833333333334,28.115,970.3846153846154,22.6,77,0.0,14.2,1009.9
2021-01-21,Kolkata,104.32666666666667,181.45200000000003,42.38,21.407333333333334,56.5132,751.5384615384615,20.5,61,0.0,11.5,1011.2
2021-01-22,Kolkata,112.86666666666666,179.395,56.70916666666667,14.700000000000001,23.325,785.0,19.0,61,0.0,10.1,1012.3
2021-01-23,Kolkata,129.02208333333334,223.52625,54.635333333333335,16.728187134502924,41.41034722222223,976.4551083591332,18.7,66,0.0,10.0,1011.7
2021-01-24,Kolkata,117.63,209.73642857142858,49.56718614718615,18.522804232804233,44.19843915343915,930.4761904761904,20.4,74,0.0,11.0,1012.3
2021-01-25,Kolkata,121.5233870967742,224.63714285714286,49.69979838709678,22.755576923076923,22.675892857142856,923.3699633699633,20.8,87,0.2,8.4,1013.1
2021-01-26,Kolkata,108.204,173.773,40.879999999999995,17.93,13.773,798.0,20.3,70,0.0,11.9,1013.2
2021-01-27,Kolkata,172.3,210.195,47.864999999999995,26.965000000000003,6.6850000000000005,1640.0,18.5,66,0.0,12.5,1014.0
2021-01-28,Kolkata,175.32246376811594,216.9011111111111,55.75666666666666,27.17166666666667,6.765277777777778,1686.6666666666667,17.3,65,0.0,13.5,1014.6
2021-01-29,Kolkata,178.3449275362319,223.60722222222222,63.648333333333326,27.378333333333337,6.845555555555556,1733.3333333333333,17.8,66,0.0,10.1,1013.7
2021-01-30,Kolkata,181.36739130434785,230.31333333333333,71.53999999999999,27.585000000000004,6.925833333333334,1780.0,17.8,69,0.0,12.6,1013.8
2021-01-31,Kolkata,,,,,,,16.8,56,0.0,11.5,1015.6
2021-02-01,Kolkata,,,,,,,16.0,64,0.0,11.2,1016.7
2021-02-02,Kolkata,190.43478260869566,,,,,,16.7,61,0.0,11.9,1016.1
2021-02-03,Kolkata,270.0,,,,,,17.5,62,0.0,11.1,1015.0
2021-02-04,Kolkata,206.76666666666665,,,,,,18.6,62,0.0,10.8,1014.6
2021-02-05,Kolkata,143.53333333333333,270.55,118.89,28.825000000000003,7.407500000000001,2060.0,20.0,61,0.0,10.4,1013.2
2021-02-06,Kolkata,151.16877586206897,270.24916666666667,78.31166666666667,28.766833333333334,26.011954022988505,1333.6666666666667,21.0,59,0.0,13.2,1012.4
2021-02-07,Kolkata,55.33076923076923,96.16250000000001,44.79750000000001,17.61,33.05576923076923,644.2307692307693,20.2,58,0.0,17.3,1014.0
2021-02-08,Kolkata,79.56526315789473,137.6731707317073,53.628571428571426,23.94878048780488,32.145714285714284,1000.2857142857143,19.2,58,0.0,13.0,1014.2
2021-02-09,Kolkata,108.5190909090909,210.23030303030305,60.31666666666667,23.094242424242424,34.26,1341.111111111111,19.3,62,0.0,11.2,1013.0
2021-02-10,Kolkata,98.94,189.19333333333336,60.166666666666664,31.2,59.51888888888888,1323.3333333333333,20.9,60,0.0,9.9,1011.3
2021-02-11,Kolkata,104.34,179.45625,67.62444444444444,38.92319444444445,52.617777777777775,1100.7777777777778,21.1,68,0.0,10.4,1011.2
2021-02-12,Kolkata,96.97333333333334,189.01904761904763,58.06842105263158,21.778947368421054,27.276842105263157,1368.9473684210527,22.1,67,0.0,10.0,1012.0
2021-02-13,Kolkata,99.0355,162.61915384615384,58.918881118881124,16.720961538461538,25.989636363636365,1021.1538461538462,22.0,74,0.0,9.2,1012.3
2021-02-14,Kolkata,89.77714285714285,164.57261904761904,57.18333333333334,17.708333333333332,35.04793650793651,810.2380952380952,23.1,74,0.0,11.7,1011.7
2021-02-15,Kolkata,59.67272222222222,112.60272222222221,54.9175,18.561555555555557,32.783833333333334,698.0,23.1,68,0.0,11.9,1010.4
2021-02-16,Kolkata,111.1,219.9,56.0,10.8,12.115,975.0,23.1,59,0.0,9.8,1010.6
2021-02-17,Kolkata,118.38,202.3,59.525,21.75,28.116666666666664,1093.3333333333333,23.4,65,0.0,9.9,1011.8
2021-02-18,Kolkata,116.44500000000001,233.4,52.43333333333334,19.175,30.365000000000002,1165.0,23.2,63,0.0,9.5,1013.3
2021-02-19,Kolkata,191.39999999999998,405.8075,89.18,22.086666666666666,8.4,1443.75,23.7,61,0.0,13.5,1014.7
2021-02-20,Kolkata,142.0681818181818,291.46446428571426,66.61833333333334,24.640476190476193,32.153636363636366,1090.2083333333333,23.1,63,0.0,9.4,1015.0
2021-02-21,Kolkata,92.73636363636363,177.12142857142857,44.056666666666665,27.194285714285716,55.907272727272726,736.6666666666666,23.6,57,0.0,11.3,1013.8
2021-02-22,Kolkata,95.30555555555556,195.81529411764706,36.06923076923077,33.375882352941176,68.125,713.5294117647059,23.3,59,0.0,11.2,1012.6
2021-02-23,Kolkata,96.4,171.3125,59.7625,29.8875,69.575,821.25,23.8,64,0.0,9.7,1010.6
2021-02-24,Kolkata,98.835,184.165,76.925,25.415,91.03750000000001,1050.0,24.9,64,0.0,9.7,1008.6
2021-02-25,Kolkata,132.45464285714286,222.85142857142856,45.92142857142857,20.338571428571427,45.161160714285714,859.2857142857142,25.6,56,0.0,11.4,1007.3
2021-02-26,Kolkata,87.93089285714287,145.57174603174604,46.792142857142856,11.158571428571427,23.80222222222222,649.2857142857142,26.4,58,0.0,11.4,1005.4
2021-02-27,Kolkata,114.2,168.5,52.9,20.26,11.47,720.0,26.6,50,0.0,13.6,1005.6
2021-02-28,Kolkata,80.8,130.98333333333332,38.546875,17.94,27.9525,588.75,27.6,58,0.0,13.8,1006.7
2021-03-01,Kolkata,47.4,93.46666666666665,24.19375,15.62,44.435,457.5,27.6,67,0.0,15.0,1009.3
2021-03-02,Kolkata,69.60833333333333,135.66875,34.906,10.685,18.804,515.0,26.6,69,0.0,12.6,1010.2
2021-03-03,Kolkata,60.51507936507937,137.04708333333335,32.41869047619048,24.171805555555558,42.116597222222225,785.6944444444445,26.2,52,0.0,13.8,1010.0
2021-03-04,Kolkata,127.11999999999999,216.85333333333335,48.580000000000005,29.940000000000005,40.24846153846154,857.5,25.2,58,0.0,13.2,1010.1
2021-03-05,Kolkata,62.093333333333334,117.86357142857142,22.78666666666667,10.923333333333332,44.53071428571428,509.2857142857143,27.1,67,0.0,17.3,1008.7
2021-03-06,Kolkata,67.78325396825397,134.10996031746032,42.92222222222222,17.92297619047619,38.10166666666667,730.4166666666667,27.8,47,0.0,19.9,1008.3
2021-03-07,Kolkata,80.80227272727274,146.93818181818182,27.341193181818184,12.612820512820512,51.63526442307692,415.0699300699301,27.0,56,0.0,12.2,1009.7
2021-03-08,Kolkata,59.09676470588235,102.4752614379085,26.246638655462185,16.254869281045753,46.13617647058824,481.031746031746,27.3,71,0.0,15.2,1010.6
2021-03-09,Kolkata,28.9375,56.022083333333335,27.61176470588235,16.17241379310345,16.92625,347.5,28.3,67,0.0,17.1,1009.8
2021-03-10,Kolkata,27.259999999999998,67.5175,25.933333333333334,9.8225,10.76,380.0,28.0,72,0.0,17.6,1010.0
2021-03-11,Kolkata,27.577999999999996,59.065,25.5625,7.409999999999999,10.29,350.0,27.8,77,0.9,12.7,1011.5
2021-03-12,Kolkata,42.4146590909091,99.96446969696969,23.64916666666667,9.390378787878788,35.86931818181818,661.590909090909,27.9,75,0.3,7.6,1012.8
2021-03-13,Kolkata,72.26026315789474,152.85519138755978,21.69736842105263,22.177272727272726,39.56941387559808,576.8421052631579,26.1,76,4.6,16.8,1012.5
2021-03-14,Kolkata,64.19636363636363,118.89078947368421,32.68,14.67909090909091,29.861363636363635,624.38995215311,25.5,65,0.0,10.2,1010.4
2021-03-15,Kolkata,60.196,117.52366666666667,31.473000000000003,50.26577777777778,63.71672222222222,724.3333333333334,26.9,65,0.0,10.1,1009.1
2021-03-16,Kolkata,65.36777777777777,117.6,13.7,14.207777777777778,57.544000000000004,444.44444444444446,27.5,62,0.0,11.8,1008.7
2021-03-17,Kolkata,78.76,192.71666666666667,49.32,21.1,58.01714285714286,598.0,27.5,57,0.0,12.9,1008.2
2021-03-18,Kolkata,84.62941176470588,200.34411764705882,36.39473684210526,21.88823529411765,28.436111111111114,944.7058823529412,27.8,61,0.0,11.7,1008.2
2021-03-19,Kolkata,74.63452380952381,200.3086904761905,50.522619047619045,18.33833333333333,25.104761904761904,1265.0,28.0,61,0.0,9.7,1007.4
2021-03-20,Kolkata,117.12625,250.73583333333335,34.960625,36.1078125,46.81850694444445,853.8888888888889,29.2,57,0.0,12.7,1005.7
2021-03-21,Kolkata,84.09833333333333,177.02555555555557,31.31736111111111,22.996875,46.98659722222222,629.375,29.3,61,0.0,9.7,1006.2
2021-03-22,Kolkata,89.24,198.49375,40.2625,17.76153846153846,29.734375,973.3333333333334,29.2,61,0.0,9.5,1008.8
2021-03-23,Kolkata,112.05,215.2866666666667,45.04294117647059,37.804375,31.22625,1098.0,30.1,58,0.0,9.0,1009.5
2021-03-24,Kolkata,84.10785714285714,174.70999999999998,36.80571428571429,18.255,30.925000000000004,806.3571428571429,29.7,59,0.0,18.0,1008.2
2021-03-25,Kolkata,89.89500000000001,185.41727272727275,44.379285714285714,25.325863636363636,47.37290909090909,553.8181818181818,29.9,47,0.0,11.6,1007.7
2021-03-26,Kolkata,89.37083333333334,196.87738095238095,24.190833333333334,26.309910714285714,57.65315476190476,593.4375,29.2,53,0.0,9.2,1007.8
2021-03-27,Kolkata,86.2,162.43333333333334,42.2,20.375,36.295,875.0,29.5,58,0.0,11.5,1007.1
2021-03-28,Kolkata,61.754999999999995,118.55,10.51,10.715,45.665,645.0,29.0,68,0.0,22.5,1005.7
2021-03-29,Kolkata,52.565,115.30000000000001,14.765,12.405,50.615,585.0,29.9,70,0.1,19.7,1003.6
2021-03-30,Kolkata,55.7,115.23499999999999,26.09,17.105,29.72,535.0,31.4,65,0.0,22.2,998.8
2021-03-31,Kolkata,44.385000000000005,89.375,11.57,10.935,34.865,515.0,32.1,55,0.0,17.3,996.7
2021-04-01,Kolkata,44.285833333333336,108.38666666666667,12.318333333333335,9.635000000000002,37.93083333333334,465.83333333333337,30.4,60,0.0,16.4,1000.0
2021-04-02,Kolkata,44.18666666666667,127.39833333333334,13.066666666666668,8.335,40.99666666666667,416.6666666666667,30.1,67,0.0,18.1,1003.6
2021-04-03,Kolkata,58.6,150.76,31.18,10.87,26.04,560.0,29.9,69,0.0,14.0,1005.7
2021-04-04,Kolkata,56.57833333333333,135.54999999999998,27.985,14.395,42.575,481.6666666666667,28.8,69,1.3,12.3,1006.7
2021-04-05,Kolkata,54.556666666666665,120.33999999999999,24.79,17.92,59.11000000000001,403.33333333333337,29.0,64,0.0,9.8,1007.9
2021-04-06,Kolkata,52.535,105.13,21.595,21.445,75.64500000000001,325.0,29.0,65,0.0,17.4,1007.8
2021-04-07,Kolkata,19.95,46.8,8.11,10.91,58.85,2620.0,28.9,70,0.0,21.9,1008.1
2021-04-08,Kolkata,40.63916666666667,99.54083333333332,13.9025,10.59,33.84833333333333,440.0,29.5,71,2.1,20.8,1006.4
2021-04-09,Kolkata,37.70166666666667,85.42500000000001,15.826666666666668,10.8025,43.195,627.5,28.6,76,2.8,18.4,1007.3
2021-04-10,Kolkata,44.120000000000005,102.78,13.42,8.585,37.355,630.0,29.3,75,1.1,12.4,1008.4
2021-04-11,Kolkata,39.31,90.53999999999999,14.61,20.3225,69.1325,550.0,30.5,67,0.0,15.9,1009.1
2021-04-12,Kolkata,34.5,78.3,15.8,32.06,100.91,470.0,29.9,72,1.5,12.8,1009.5
2021-04-13,Kolkata,30.408333333333335,79.1,17.248333333333335,7.506666666666668,11.291666666666668,358.33333333333337,30.5,68,0.7,16.8,1008.2
2021-04-14,Kolkata,26.83416666666667,69.00999999999999,13.804166666666667,9.613333333333333,12.137500000000001,389.1666666666667,31.0,67,0.0,16.6,1007.0
2021-04-15,Kolkata,23.26,58.92,10.36,11.72,12.983333333333334,420.0,30.4,72,0.9,17.0,1005.8
2021-04-16,Kolkata,42.1,75.05000000000001,6.199999999999999,11.963333333333333,45.38,416.6666666666667,29.7,66,0.0,14.4,1006.1
2021-04-17,Kolkata,23.83,58.81,9.78,8.21,31.51,280.0,29.5,69,0.1,16.8,1008.1
2021-04-18,Kolkata,25.113333333333333,46.78,15.503333333333332,12.383333333333333,38.02333333333333,326.6666666666667,29.3,72,0.8,18.4,1007.5
2021-04-19,Kolkata,0.0,0.0,5.365,99.02000000000001,193.86,1680.0,30.6,66,0.0,18.0,1005.0
2021-04-20,Kolkata,21.904999999999998,58.91250000000001,7.2575,9.84,30.302500000000002,532.5,30.4,73,1.7,18.8,1004.9
2021-04-21,Kolkata,32.365249999999996,67.56175000000002,10.00225,11.274375,31.471999999999998,700.875,30.6,73,5.7,22.4,1006.0
2021-04-22,Kolkata,42.8255,76.21100000000001,12.747,12.70875,32.64149999999999,869.25,29.0,79,11.6,18.1,1006.9
2021-04-23,Kolkata,57.65,108.2325,18.915,12.1375,63.655750000000005,660.0,29.5,67,0.0,9.4,1006.8
2021-04-24,Kolkata,38.5,83.3,38.0,15.94,81.57,520.0,30.6,65,0.0,15.6,1005.5
2021-04-25,Kolkata,35.9475,78.76875,32.80375,13.85625,66.73875,495.0,31.7,62,0.0,16.4,1004.9
2021-04-26,Kolkata,33.394999999999996,74.23750000000001,27.6075,11.7725,51.9075,470.0,31.5,62,0.0,19.2,1004.4
2021-04-27,Kolkata,30.8425,69.70625000000001,22.41125,9.68875,37.076249999999995,445.0,31.5,67,0.1,16.9,1005.2
2021-04-28,Kolkata,28.29,65.17500000000001,17.215,7.605,22.244999999999997,420.0,31.1,71,0.4,15.3,1007.0
2021-04-29,Kolkata,25.85,83.6,32.55,8.05,65.715,590.0,30.7,70,0.0,16.4,1006.9
2021-04-30,Kolkata,27.8,66.7,29.4,21.9,58.61,460.0,30.4,71,1.0,16.6,1006.3
2021-05-01,Kolkata,31.527500000000003,78.975,25.23,23.4,43.95,465.0,29.6,71,2.8,19.4,1006.7
2021-05-02,Kolkata,35.255,91.25,21.060000000000002,24.9,29.29,470.0,29.7,73,1.7,16.7,1007.1
2021-05-03,Kolkata,25.130000000000003,74.88499999999999,22.527500000000003,16.95,44.3275,527.5,29.4,70,0.0,14.6,1005.9
2021-05-04,Kolkata,15.005,58.519999999999996,23.995,9.0,59.365,585.0,26.6,83,4.2,13.9,1007.0
2021-05-05,Kolkata,17.919999999999998,43.629999999999995,26.7,8.4,38.542,565.0,26.7,83,9.9,13.3,1007.2
2021-05-06,Kolkata,11.466000000000001,37.584,22.195,13.545000000000002,44.92700000000001,427.0,28.6,78,0.6,12.9,1008.2
2021-05-07,Kolkata,23.416333333333334,50.642,25.3475,10.947500000000002,40.51016666666667,614.3333333333334,29.2,76,2.1,16.6,1008.5
2021-05-08,Kolkata,35.36666666666667,63.7,28.5,8.35,36.093333333333334,801.6666666666667,29.0,76,0.0,14.3,1007.4
2021-05-09,Kolkata,18.1,36.3,14.4,7.8225,10.379999999999999,562.5,29.2,75,1.6,11.7,1006.1
2021-05-10,Kolkata,23.085,47.785,22.925,7.44,20.325,522.5,28.4,81,12.3,17.9,1004.7
2021-05-11,Kolkata,42.63,88.28,6.84,0.0,24.67,490.0,27.4,85,23.2,16.9,1004.2
2021-05-12,Kolkata,28.403333333333332,55.769999999999996,22.761666666666663,5.366666666666667,30.35666666666667,661.6666666666667,28.1,78,0.0,12.7,1002.8
2021-05-13,Kolkata,24.4,58.83,25.91,5.395,27.240000000000002,730.0,28.0,83,2.1,16.4,1002.5
2021-05-14,Kolkata,22.549999999999997,50.315,21.155,7.1875,19.97,580.0,29.0,79,4.6,14.3,1002.0
2021-05-15,Kolkata,20.7,41.8,16.4,8.98,12.7,430.0,30.8,77,0.5,19.6,1003.4
2021-05-16,Kolkata,16.6,25.14,17.7,10.33,18.25,420.0,31.1,75,0.1,17.2,1004.6
2021-05-17,Kolkata,12.566666666666666,32.075,12.083333333333332,7.725416666666666,34.89125,285.41666666666663,31.9,71,0.0,17.3,1004.2
2021-05-18,Kolkata,8.23,14.62,15.9,3.55,22.575,495.0,32.1,70,0.1,20.4,1003.6
2021-05-19,Kolkata,11.8,33.0,13.3,6.1,10.77,450.0,31.7,73,0.9,18.8,1002.8
2021-05-20,Kolkata,13.649999999999999,34.474999999999994,13.175,4.4,17.865000000000002,442.5,31.8,69,0.0,20.9,1002.9
2021-05-21,Kolkata,12.52,30.389999999999993,13.520000000000001,4.28,22.434,422.0,31.9,69,0.0,18.7,1002.8
2021-05-22,Kolkata,11.389999999999999,26.304999999999996,13.865,4.16,27.003,401.5,31.4,71,0.9,15.4,1001.3
2021-05-23,Kolkata,10.26,22.22,14.21,4.04,31.572000000000003,381.0,32.0,71,1.7,8.9,1000.6
2021-05-24,Kolkata,,,,,,,29.7,80,8.3,16.2,999.9
2021-05-25,Kolkata,8.0,14.05,14.9,3.8,40.71,340.0,28.2,83,9.9,33.6,995.3
2021-05-26,Kolkata,7.315,18.545,12.3,4.65,40.095,565.0,27.1,85,11.9,39.6,990.8
2021-05-27,Kolkata,15.565,30.535000000000004,5.145,6.605,44.565,290.0,28.4,87,19.8,31.7,996.4
2021-05-28,Kolkata,11.559999999999999,48.300000000000004,16.0,3.933333333333333,24.054,448.0,30.0,79,1.3,24.4,1002.3
2021-05-29,Kolkata,17.049999999999997,54.83,17.45,4.4,29.26,360.0,29.5,81,0.7,14.4,1003.6
2021-05-30,Kolkata,15.825,45.19,18.625,4.1,27.770000000000003,460.0,29.8,82,1.8,18.6,1002.0
2021-05-31,Kolkata,14.6,35.55,19.8,3.8,26.28,560.0,29.7,87,24.4,20.1,999.9
2021-06-01,Kolkata,20.576666666666668,51.73333333333333,18.34,4.375,30.7475,496.6666666666667,30.9,82,3.1,17.3,1001.2
2021-06-02,Kolkata,20.65,44.15,18.205,5.699999999999999,36.905,400.0,29.8,84,6.5,15.1,1003.1
2021-06-03,Kolkata,20.375,35.925,13.363333333333333,4.438333333333334,36.635,349.16666666666663,30.0,82,7.0,14.1,1004.4
2021-06-04,Kolkata,30.1,58.93,16.03,6.465,25.450000000000003,475.0,30.9,80,0.4,14.5,1003.9
2021-06-05,Kolkata,27.025,56.9,15.57,6.18,46.105000000000004,500.0,31.4,79,2.9,16.5,1002.9
2021-06-06,Kolkata,24.9,54.3,16.18,6.98,78.38499999999999,555.0,31.0,79,5.6,19.6,1002.3
2021-06-07,Kolkata,18.6125,38.15,19.428571428571427,9.422857142857142,42.47571428571428,518.1818181818181,31.3,80,5.3,17.9,1000.8
2021-06-08,Kolkata,18.75,34.3,15.475000000000001,7.525,38.53,455.0,30.8,79,1.8,16.8,999.3
2021-06-09,Kolkata,18.108333333333334,34.83333333333333,13.8875,6.987500000000001,31.2775,474.16666666666663,29.3,85,13.3,13.3,998.6
2021-06-10,Kolkata,17.466666666666665,35.36666666666667,12.299999999999999,6.45,24.025,493.3333333333333,28.3,87,9.2,12.8,997.1
2021-06-11,Kolkata,16.66736111111111,34.106944444444444,12.677916666666667,6.20125,23.468333333333334,493.88888888888886,28.1,86,8.5,12.9,995.4
2021-06-12,Kolkata,15.868055555555555,32.84722222222222,13.055833333333332,5.9525,22.911666666666665,494.44444444444446,28.0,88,26.3,15.5,996.0
2021-06-13,Kolkata,15.06875,31.587500000000002,13.43375,5.703749999999999,22.355,495.0,27.8,90,16.0,15.6,996.0
2021-06-14,Kolkata,18.3425,33.95,11.8625,4.907500000000001,32.67583333333334,430.0,28.0,89,13.3,17.8,994.6
2021-06-15,Kolkata,11.55,26.25,13.8475,5.425000000000001,23.8425,385.0,27.5,91,25.5,13.8,994.3
2021-06-16,Kolkata,14.5875,33.0625,14.925625,4.916250000000001,21.164375,516.25,26.6,92,25.3,15.6,995.4
2021-06-17,Kolkata,17.625,39.875,16.00375,4.407500000000001,18.486250000000002,647.5,26.3,93,14.5,15.7,997.2
2021-06-18,Kolkata,20.6625,46.6875,17.081875,3.8987499999999997,15.808125,778.75,25.8,95,25.7,14.2,999.7
2021-06-19,Kolkata,23.7,53.5,18.16,3.3899999999999997,13.13,910.0,26.8,91,24.5,14.8,1001.1
2021-06-20,Kolkata,24.33,54.31,16.437,4.779999999999999,18.281,814.0,27.2,90,17.0,14.0,1001.5
2021-06-21,Kolkata,24.96,55.12,14.714,6.17,23.432,718.0,27.3,89,14.2,11.3,1000.9
2021-06-22,Kolkata,25.59,55.93,12.991,7.56,28.583,622.0,27.9,90,15.3,17.2,1000.6
2021-06-23,Kolkata,,,,,,,27.3,90,7.5,19.9,1001.6
2021-06-24,Kolkata,26.85,57.55,9.545,10.34,38.885,430.0,28.4,85,7.3,16.5,1000.3
2021-06-25,Kolkata,8.23,38.4,7.86,7.78,2.2,280.0,28.8,83,5.6,18.0,999.1
2021-06-26,Kolkata,21.99,51.7,14.0,4.49,24.189999999999998,260.0,28.6,84,4.0,19.1,1001.0
2021-06-27,Kolkata,22.4,55.9,12.2,3.67,19.02,210.0,28.9,84,6.2,19.6,1004.1
2021-06-28,Kolkata,50.94499999999999,81.22,9.6,5.680000000000001,36.75,410.0,29.1,83,0.6,20.7,1003.6
2021-06-29,Kolkata,16.15,39.71,9.9825,7.1825,29.755,352.5,29.7,81,4.9,23.3,1001.6
2021-06-30,Kolkata,17.0,43.3,14.65,7.095,18.765,530.0,29.9,83,11.6,23.7,999.4
2021-07-01,Kolkata,17.235,34.9,12.1,6.766666666666666,25.6975,372.5,29.8,86,10.5,19.1,998.5
2021-07-02,Kolkata,19.1175,39.375,14.45,7.4833333333333325,31.51375,358.75,29.2,88,15.9,18.7,999.7
2021-07-03,Kolkata,21.0,43.849999999999994,16.8,8.2,37.33,345.0,29.2,84,7.6,15.5,1000.7
2021-07-04,Kolkata,24.9,55.6,20.7,4.2,18.65,410.0,28.6,88,8.0,12.0,1001.5
2021-07-05,Kolkata,20.3,48.65,12.9,6.54,32.739999999999995,345.0,28.4,88,8.7,12.8,1001.5
2021-07-06,Kolkata,66.3,110.0,14.78,4.8,58.23,400.0,28.9,88,15.9,12.4,1000.2
2021-07-07,Kolkata,42.125,74.85249999999999,13.9375,4.55,45.0775,406.25,29.0,88,27.3,13.6,999.8
2021-07-08,Kolkata,17.95,39.705,13.095,4.3,31.924999999999997,412.5,27.4,92,16.5,11.3,999.9
2021-07-09,Kolkata,24.82,46.349999999999994,13.495000000000001,4.2,28.119999999999997,376.0,28.3,88,10.9,16.2,999.3
2021-07-10,Kolkata,38.31999999999999,69.07249999999999,16.627499999999998,3.8899999999999997,30.521,338.0,28.8,86,6.3,12.9,999.6
2021-07-11,Kolkata,28.527222222222218,53.428888888888885,15.53922222222222,4.168888888888889,29.28661111111111,309.94444444444446,29.0,85,5.0,15.8,1001.5
2021-07-12,Kolkata,18.734444444444442,37.78527777777778,14.450944444444444,4.447777777777778,28.052222222222223,281.8888888888889,28.6,86,6.0,16.0,1002.9
2021-07-13,Kolkata,8.941666666666666,22.141666666666666,13.362666666666666,4.726666666666667,26.817833333333333,253.83333333333334,28.4,86,4.4,20.1,1002.2
2021-07-14,Kolkata,9.24065934065934,28.58772727272727,11.853636363636364,5.423454545454545,22.977662337662338,229.0909090909091,28.5,84,4.0,19.9,1002.6
2021-07-15,Kolkata,9.6,26.07,13.6,7.9,15.505,400.0,29.3,79,0.9,13.4,1003.5
2021-07-16,Kolkata,9.82,24.1725,12.0725,6.9725,18.0025,320.0,29.4,82,2.5,15.8,1004.6
2021-07-17,Kolkata,10.04,22.275,10.545,6.045,20.5,240.0,29.5,82,1.5,16.7,1003.4
2021-07-18,Kolkata,13.416666666666666,30.24,9.78,4.525,30.498,292.0,30.0,80,2.8,16.5,1001.1
2021-07-19,Kolkata,19.78333333333333,42.724999999999994,16.93333333333333,4.880833333333333,20.19125,381.25,29.7,83,6.5,13.5,999.2
2021-07-20,Kolkata,32.141666666666666,64.16714285714286,25.530833333333334,4.152321428571428,27.416428571428572,671.0,28.3,91,11.3,11.7,998.4
2021-07-21,Kolkata,47.25,90.4,23.133333333333336,4.35,13.575000000000001,820.0,28.6,87,9.6,13.4,996.1
2021-07-22,Kolkata,10.47,26.01,11.724,5.612,32.72,377.0,28.7,85,7.3,20.6,993.7
2021-07-23,Kolkata,10.333333333333332,21.87666666666667,14.826250000000002,6.051666666666667,20.176666666666666,358.3333333333333,27.7,90,16.4,21.7,993.0
2021-07-24,Kolkata,13.844999999999999,30.19,18.29,3.865,11.025,610.0,27.9,89,13.0,18.4,996.6
2021-07-25,Kolkata,23.405,46.65833333333333,12.780000000000001,5.285,56.477500000000006,456.25,28.4,88,11.1,10.9,997.8
2021-07-26,Kolkata,23.698387096774194,46.8016129032258,12.945161290322583,5.291935483870968,55.31112903225807,466.2096774193548,29.2,86,17.1,14.2,996.1
2021-07-27,Kolkata,23.991774193548387,46.94489247311828,13.110322580645162,5.2988709677419354,54.14475806451613,476.1693548387097,28.2,88,25.3,15.5,994.0
2021-07-28,Kolkata,24.28516129032258,47.08817204301075,13.275483870967744,5.305806451612903,52.9783870967742,486.1290322580645,27.2,90,52.7,20.9,992.5
2021-07-29,Kolkata,,,,,,,26.9,90,70.2,24.5,991.4
2021-07-30,Kolkata,,,,,,,27.3,88,34.5,22.4,995.5
2021-07-31,Kolkata,,,,,,,28.6,81,0.6,17.1,998.5
2021-08-01,Kolkata,,,,,,,28.7,84,3.2,13.0,998.1
2021-08-02,Kolkata,,,,,,,28.7,84,2.5,10.8,998.8
2021-08-03,Kolkata,,,,,,,27.4,91,36.2,13.0,999.4
2021-08-04,Kolkata,,,,,,,27.4,90,14.1,13.7,999.3
2021-08-05,Kolkata,,,,,,,27.9,89,16.5,12.2,998.3
2021-08-06,Kolkata,,,,,,,28.5,88,12.0,12.3,998.5
2021-08-07,Kolkata,,,,,,,28.1,90,26.1,14.9,1000.9
2021-08-08,Kolkata,,,,,,,27.9,90,32.8,16.4,1003.2
2021-08-09,Kolkata,,,,,,,29.1,88,8.7,15.9,1003.1
2021-08-10,Kolkata,,,,,,,29.5,87,10.4,14.1,1000.4
2021-08-11,Kolkata,,,,,,,30.0,84,8.5,13.8,1000.1
2021-08-12,Kolkata,,,,,,,28.7,88,11.6,16.3,1002.1
2021-08-13,Kolkata,,,,,,,28.5,86,15.6,12.3,1001.4
2021-08-14,Kolkata,,,,,,,29.2,86,3.4,13.3,999.8
2021-08-15,Kolkata,,,,,,,29.3,85,1.5,14.8,1000.6
2021-08-16,Kolkata,,,,,,,28.0,90,12.9,14.6,1002.8
2021-08-17,Kolkata,,,,,,,26.9,92,19.3,16.8,1003.0
2021-08-18,Kolkata,,,,,,,27.0,92,8.8,22.4,1001.6
2021-08-19,Kolkata,,,,,,,26.7,91,11.0,19.8,1002.2
2021-08-20,Kolkata,,,,,,,26.9,90,6.5,16.0,1004.9
2021-08-21,Kolkata,,,,,,,27.6,89,2.7,15.8,1006.7
2021-08-22,Kolkata,,,,,,,28.9,81,0.3,15.9,1005.1
2021-08-23,Kolkata,,,,,,,29.2,84,8.7,16.4,1003.3
2021-08-24,Kolkata,,,,,,,29.6,85,3.9,11.7,1002.0
2021-08-25,Kolkata,32.5,51.1,17.9,5.5,20.32,765.0,29.3,86,15.8,12.2,999.8
2021-08-26,Kolkata,30.59265306122449,49.185663265306125,17.532091836734693,5.642678571428571,19.297482993197278,753.9880952380953,28.4,91,30.6,8.7,999.3
2021-08-27,Kolkata,28.68530612244898,47.27132653061225,17.16418367346939,5.785357142857143,18.27496598639456,742.9761904761905,27.6,90,22.7,17.2,1001.0
2021-08-28,Kolkata,26.77795918367347,45.356989795918366,16.79627551020408,5.9280357142857145,17.252448979591836,731.9642857142858,28.1,86,5.6,14.8,1000.4
2021-08-29,Kolkata,,,,,,,27.7,88,8.2,15.6,1001.4
2021-08-30,Kolkata,,,,,,,27.2,90,9.5,17.9,1004.5
2021-08-31,Kolkata,,,,,,,28.0,87,6.0,15.5,1006.3
2021-09-01,Kolkata,19.14857142857143,37.69964285714286,15.324642857142857,6.49875,13.162380952380952,687.9166666666667,28.7,84,2.2,12.1,1005.9
2021-09-02,Kolkata,15.699,36.26378378378378,15.981666666666666,5.551988416988417,17.51036036036036,692.7539682539682,28.5,86,3.2,12.1,1004.5
2021-09-03,Kolkata,21.18369565217391,45.120599999999996,17.575,9.0778,22.84214285714286,605.4761904761905,28.6,85,2.8,8.9,1002.5
2021-09-04,Kolkata,28.575,61.54428571428572,17.3465,7.784264705882353,34.94797826086957,756.75,29.1,86,2.0,11.6,1001.2
2021-09-05,Kolkata,18.404545454545456,41.60685185185186,16.876574074074075,5.510489510489511,24.578627320954908,492.43589743589746,29.4,82,1.1,14.0,1001.0
2021-09-06,Kolkata,9.168095238095239,27.829411764705885,9.66,6.161176470588235,20.537857142857142,457.89473684210526,28.2,86,7.8,24.9,1002.0
2021-09-07,Kolkata,10.10576923076923,19.480208333333334,13.80190476190476,6.710238095238095,26.39190476190476,571.4583333333334,26.9,91,19.6,18.9,1005.0
2021-09-08,Kolkata,11.2,20.3,12.200769230769232,7.34,14.2,650.0,27.0,90,11.7,12.3,1004.8
2021-09-09,Kolkata,12.149999999999999,29.9075,17.875,5.3149999999999995,18.022916666666667,527.5,27.7,88,3.1,10.7,1003.1
2021-09-10,Kolkata,24.7825,54.150833333333324,19.990625,6.5525,19.153333333333336,832.5,28.6,86,5.7,15.1,1001.7
2021-09-11,Kolkata,10.9,31.8,9.7,4.5,19.263846153846153,430.0,27.8,87,15.1,20.2,1000.8
2021-09-12,Kolkata,13.668888888888889,32.38111111111111,4.928888888888888,1.7033333333333334,22.785555555555554,895.5555555555555,27.9,86,8.4,30.3,997.3
2021-09-13,Kolkata,12.002222222222223,26.18,3.576666666666666,2.6555555555555554,21.03222222222222,653.3333333333334,27.0,91,23.2,30.9,997.7
2021-09-14,Kolkata,9.75,17.07,3.42,3.305,23.700000000000003,625.0,26.5,93,29.5,23.7,1002.2
2021-09-15,Kolkata,11.518823529411764,26.575,16.486923076923077,3.792307692307692,15.375384615384615,453.75,26.8,92,11.8,18.4,1004.5
2021-09-16,Kolkata,17.053461538461537,37.22692307692308,14.710769230769232,4.5,18.483214285714286,500.6060606060606,27.3,91,7.5,13.2,1003.6
2021-09-17,Kolkata,22.545714285714286,42.06896551724138,14.43125,3.968571428571429,17.74310344827586,504.72222222222223,27.6,89,8.4,8.7,1002.6
2021-09-18,Kolkata,25.02579071969697,46.144444444444446,21.50985691573927,4.075653594771242,16.14872972972973,574.9285714285714,27.1,93,19.7,7.2,1004.2
2021-09-19,Kolkata,33.96363636363636,68.84848484848484,25.279411764705884,4.435294117647059,18.385526315789473,604.375,25.8,95,60.4,8.4,1005.7
2021-09-20,Kolkata,20.099999999999998,35.978125,18.4741935483871,6.74375,25.78518518518519,473.2258064516129,25.5,94,58.8,14.4,1003.8
2021-09-21,Kolkata,12.707692307692307,24.236896551724136,13.469666666666667,8.021290322580645,21.177241379310345,502.3076923076923,25.4,95,35.5,17.8,1003.0
2021-09-22,Kolkata,16.034375,35.90769230769231,14.6575,4.35,21.166428571428572,574.8275862068965,26.1,92,19.3,17.4,1002.7
2021-09-23,Kolkata,28.36709677419355,53.346428571428575,19.27741935483871,4.8999999999999995,17.995483870967742,803.3333333333334,27.0,91,8.9,13.6,1004.5
2021-09-24,Kolkata,34.43333333333334,67.06190476190476,19.3,6.604761904761904,19.88774193548387,1113.3333333333333,28.5,84,0.0,9.8,1005.0
2021-09-25,Kolkata,45.765,91.745,19.3975,4.814054054054054,17.814054054054054,947.0,28.0,90,5.3,9.2,1003.5
2021-09-26,Kolkata,21.954310897435896,44.20084821428571,12.350000000000001,4.050000000000001,12.452789915966385,663.2900432900433,28.0,87,7.6,18.8,1002.7
2021-09-27,Kolkata,17.743976608187133,39.896546546546546,13.232432432432432,4.281418918918919,16.488209459459462,630.2796052631579,27.3,91,14.2,16.0,1003.3
2021-09-28,Kolkata,12.399999999999999,29.591666666666665,13.263513513513514,6.383870967741935,17.55638888888889,547.0588235294117,26.3,91,22.2,32.4,1003.0
2021-09-29,Kolkata,9.261627906976743,20.236046511627908,13.181538461538462,7.762142857142857,21.666097560975608,552.4324324324324,25.9,93,49.4,25.8,1005.6
2021-09-30,Kolkata,11.429032258064517,25.47741935483871,12.970967741935485,4.811764705882353,10.97709677419355,572.5806451612904,27.2,90,5.9,15.9,1007.3
2021-10-01,Kolkata,14.792842963488125,30.991244239631335,13.403115522470362,4.844513574660633,11.358309110244596,630.5552109181142,27.8,89,0.8,12.0,1007.2
2021-10-02,Kolkata,18.156653668911733,36.50506912442396,13.83526330300524,4.877262443438914,11.73952144629564,688.529776674938,28.5,84,0.3,13.5,1006.5
2021-10-03,Kolkata,21.52046437433534,42.01889400921659,14.267411083540116,4.910011312217194,12.120733782346687,746.5043424317619,28.1,89,21.2,14.7,1004.9
2021-10-04,Kolkata,,,,,,,28.0,88,4.6,15.3,1004.6
2021-10-05,Kolkata,,,,,,,27.6,91,17.2,9.0,1006.4
2021-10-06,Kolkata,,,,,,,28.0,88,6.4,10.0,1005.6
2021-10-07,Kolkata,,,,,,,28.4,86,0.4,7.4,1004.0
2021-10-08,Kolkata,,,,,,,28.6,87,0.7,5.6,1003.2
2021-10-09,Kolkata,,,,,,,28.6,86,1.1,6.4,1003.5
2021-10-10,Kolkata,,,,,,,28.6,86,0.7,7.1,1003.9
2021-10-11,Kolkata,,,,,,,28.9,85,0.9,10.6,1003.2
2021-10-12,Kolkata,,,,,,,29.3,80,0.0,9.4,1002.5
2021-10-13,Kolkata,55.15857142857143,97.15714285714286,18.58888888888889,5.2375,15.932857142857143,1326.25,27.9,86,6.0,11.4,1002.1
2021-10-14,Kolkata,28.393333333333334,54.89333333333333,14.63695652173913,5.5260869565217385,23.970638297872345,870.8695652173913,27.6,89,7.8,10.4,1002.4
2021-10-15,Kolkata,27.65813953488372,59.23695652173913,14.51860465116279,6.938372093023256,31.187333333333335,790.0,29.2,85,1.6,8.0,1001.0
2021-10-16,Kolkata,10.584090909090909,30.097727272727273,12.656818181818181,5.076279069767442,23.819090909090907,550.2325581395348,27.2,91,13.4,13.6,1002.7
2021-10-17,Kolkata,8.016444444444444,25.91133333333333,10.544444444444444,6.026808510638298,21.351521739130433,490.63829787234044,26.8,90,36.0,22.7,1003.4
2021-10-18,Kolkata,8.571951219512195,21.585714285714285,10.336585365853658,8.990243902439024,25.594047619047622,487.3809523809524,25.0,95,55.6,18.7,1003.7
2021-10-19,Kolkata,10.891947990543734,23.480028985507246,11.465497584541062,6.882282608695652,25.26372340425532,535.5619796484737,25.0,95,36.5,17.0,1007.6
2021-10-20,Kolkata,19.875,49.36,11.040652173913044,6.234347826086956,14.739166666666668,750.8888888888889,25.9,92,13.7,13.4,1008.6
2021-10-21,Kolkata,46.56666666666667,91.25454545454545,17.40232558139535,9.335348837209303,27.750714285714285,1020.0,26.7,81,0.0,10.8,1008.6
2021-10-22,Kolkata,54.52142857142857,99.88292682926829,18.225853658536586,10.269047619047619,32.98609756097561,1007.1428571428571,26.5,76,0.2,9.4,1009.3
2021-10-23,Kolkata,86.61162790697675,160.0487804878049,25.353333333333335,9.620444444444445,33.498000000000005,1383.4782608695652,26.4,75,0.0,8.0,1010.9
2021-10-24,Kolkata,72.35555555555555,130.125,21.26086956521739,6.98404255319149,29.2475,1019.5555555555555,26.1,82,0.1,6.1,1011.2
2021-10-25,Kolkata,71.61749999999999,129.39000000000001,25.861538461538462,10.252500000000001,32.48146341463415,1257.560975609756,25.5,84,0.1,7.1,1009.9
2021-10-26,Kolkata,73.79230769230769,127.80000000000001,21.364102564102566,11.148048780487805,36.81,1045.6756756756756,26.0,82,0.1,9.2,1009.3
2021-10-27,Kolkata,57.87162790697675,94.97317073170731,18.85333333333333,7.534888888888888,33.34681818181818,607.1739130434783,25.5,85,2.0,16.5,1010.1
2021-10-28,Kolkata,53.91818181818182,96.00666666666667,18.111904761904764,7.106444444444445,27.36619047619048,720.0,25.1,89,5.3,14.0,1010.8
2021-10-29,Kolkata,55.562790697674416,105.60222222222222,20.726,13.657777777777778,41.77739130434782,695.8139534883721,26.2,82,0.0,10.4,1011.8
2021-10-30,Kolkata,56.4304347826087,116.00238095238096,26.876190476190477,14.685227272727273,44.46309523809524,610.0,25.6,73,0.0,12.7,1012.1
2021-10-31,Kolkata,65.82608695652173,121.5086956521739,21.274545454545457,17.49318181818182,58.91478260869565,654.6666666666666,25.4,70,0.0,9.5,1011.8
2021-11-01,Kolkata,76.52272727272727,128.92093023255813,28.190425531914894,13.878958333333335,39.95348837209303,963.6363636363636,25.1,72,0.0,8.4,1012.1
2021-11-02,Kolkata,68.54047619047618,133.0857142857143,35.33357142857143,12.254358974358976,36.69276595744681,842.5581395348837,24.3,71,0.0,11.9,1012.6
2021-11-03,Kolkata,66.68829268292683,125.3609756097561,46.013,12.265217391304349,33.83195121951219,675.3846153846154,23.9,72,0.0,12.0,1011.7
2021-11-04,Kolkata,105.34666666666668,194.30217391304348,47.58711111111111,14.207777777777778,43.010666666666665,911.3333333333334,23.6,74,0.0,10.0,1011.4
2021-11-05,Kolkata,87.31190476190476,168.6261904761905,30.405128205128204,11.747906976744185,46.716097560975605,725.4545454545455,22.9,72,0.0,10.4,1010.6
2021-11-06,Kolkata,74.4,149.49318181818182,30.79266666666667,11.001136363636364,40.74760869565217,895.5555555555555,22.9,72,0.0,11.9,1009.1
2021-11-07,Kolkata,68.069,150.08634146341464,47.93783783783784,11.55951219512195,35.181666666666665,923.0555555555555,22.7,71,0.0,12.3,1009.1
2021-11-08,Kolkata,62.5219512195122,139.7846153846154,40.792682926829265,15.145238095238096,39.69,866.829268292683,22.6,73,0.0,11.7,1009.9
2021-11-09,Kolkata,76.8530303030303,166.24571428571426,44.33710029069768,16.507023809523808,33.3299861572536,1039.3583042973287,23.0,75,0.0,9.7,1010.6
2021-11-10,Kolkata,69.50243902439024,148.33095238095237,40.892682926829266,11.429024390243901,31.75190476190476,1172.439024390244,23.4,75,0.0,8.8,1010.3
2021-11-11,Kolkata,63.67213768115943,125.83304347826086,44.18666666666667,14.73764492753623,38.64143133462282,1219.5536540240519,24.4,76,0.0,8.4,1009.8
2021-11-12,Kolkata,57.07380952380952,120.46377777777778,29.38913043478261,11.670444444444444,35.24044444444444,862.3913043478261,25.4,73,0.0,9.6,1010.5
2021-11-13,Kolkata,45.771111111111104,86.38863636363637,24.35217391304348,8.115217391304348,37.90152173913044,703.1111111111111,23.3,87,7.0,11.2,1010.9
2021-11-14,Kolkata,35.81627906976745,64.12926829268294,19.08409090909091,7.104545454545455,38.53410256410256,543.4883720930233,23.1,88,1.0,9.7,1010.2
2021-11-15,Kolkata,29.213043478260868,60.445454545454545,22.581818181818182,7.245454545454546,30.663555555555558,622.3255813953489,22.8,91,35.1,10.0,1008.8
2021-11-16,Kolkata,56.85333333333334,115.575,24.59952380952381,11.77911111111111,32.180217391304346,990.2380952380952,23.2,84,0.0,12.3,1009.9
2021-11-17,Kolkata,70.38863636363637,147.0285714285714,29.38022727272727,11.50952380952381,42.79204545454545,910.4761904761905,22.1,77,0.0,13.0,1011.7
2021-11-18,Kolkata,65.45947662601625,138.20208333333335,34.60642045454546,13.57118394308943,33.65272644927536,1042.3484848484848,22.0,77,0.0,8.4,1010.3
2021-11-19,Kolkata,68.80901702127659,152.16924144310826,34.38191489361702,14.206485507246377,39.332631944444444,1157.4682971014493,22.6,78,0.0,8.3,1008.4
2021-11-20,Kolkata,82.181853043048,164.79759858442873,27.84,14.566521739130433,55.94801086956522,944.0217391304348,23.9,80,0.0,7.9,1008.5
2021-11-21,Kolkata,94.7625,185.2036067193676,36.41873737373737,12.865200845665964,46.05096376811594,1227.6944444444443,24.8,81,0.0,8.3,1009.6
2021-11-22,Kolkata,112.4895979020979,222.0091346153846,42.965227272727276,9.729244949494948,38.56863927738927,1429.8237179487178,25.6,77,0.0,8.7,1009.5
2021-11-23,Kolkata,84.88839009287925,175.00176984126983,35.011339869281045,12.678080065359477,22.243709150326797,999.109907120743,25.0,86,0.8,7.6,1009.5
2021-11-24,Kolkata,76.4426268498943,164.53128964059198,25.92754283965728,12.005861522198732,58.724479797979804,843.5650105708245,24.2,75,0.0,9.8,1011.2
2021-11-25,Kolkata,77.81025641025641,169.05454545454543,15.0275,18.021428571428572,54.28028571428571,908.3333333333334,23.5,72,0.0,9.8,1011.5
2021-11-26,Kolkata,80.22829268292683,167.7904761904762,28.962954545454547,13.753809523809522,54.835121951219506,1009.2857142857143,23.2,77,0.0,9.7,1012.0
2021-11-27,Kolkata,93.82801033591733,188.17735618115054,21.157869634340223,15.816061208267092,34.82399632802938,1317.4042407660738,21.7,74,0.0,11.3,1013.0
2021-11-28,Kolkata,94.64117647058823,181.50555555555556,14.512195121951219,10.785294117647059,24.310285714285715,1164.054054054054,21.2,75,0.0,9.7,1013.4
2021-11-29,Kolkata,79.45365853658537,154.03,15.130952380952381,13.630238095238095,28.052105263157895,951.1904761904761,20.8,75,0.0,11.3,1013.3
2021-11-30,Kolkata,82.41388888888889,163.53074935400517,22.98443670150987,13.90965156794425,33.06688630490956,1035.4623477297896,20.8,74,0.0,12.0,1013.1
2021-12-01,Kolkata,75.02142857142857,168.25,14.673809523809522,18.22,27.970882352941175,1245.0,21.1,77,0.0,9.8,1012.5
2021-12-02,Kolkata,95.36853776853778,195.27993762993765,27.545098039215684,13.932347756410255,27.6901713909031,1590.2009702009702,22.1,72,0.0,8.9,1012.2
2021-12-03,Kolkata,85.2827027027027,168.0998712998713,32.62654520917679,12.920535714285714,26.43664241164241,1653.1843381843382,22.8,74,0.0,8.4,1013.1
2021-12-04,Kolkata,72.31341158536586,141.8184866962306,24.46920731707317,13.0277522172949,19.859634146341463,887.9878048780488,21.1,86,28.3,13.7,1013.1
2021-12-05,Kolkata,32.56488888888889,59.43039130434783,15.21841414141414,6.470888888888888,17.500777777777778,610.2222222222222,20.3,92,37.9,16.9,1012.3
2021-12-06,Kolkata,8.604545454545455,16.245454545454546,14.357111111111113,7.915,15.214761904761904,526.1363636363636,20.8,91,31.8,22.8,1009.9
2021-12-07,Kolkata,19.555555555555557,44.421875,14.620540540540542,12.437027027027028,13.905135135135135,691.3513513513514,22.0,85,0.0,14.2,1012.0
2021-12-08,Kolkata,46.175862068965515,93.01304347826088,18.203846153846154,12.026,31.54875,1107.8125,22.1,85,0.0,10.2,1014.1
2021-12-09,Kolkata,49.12051282051282,97.30243902439025,21.151219512195123,9.12659090909091,21.013749999999998,776.9767441860465,22.6,79,0.2,12.7,1015.8
2021-12-10,Kolkata,56.52209302325581,110.21386857707509,31.513444444444445,11.44270202020202,25.071921132457028,1341.3345665961945,22.1,80,0.0,8.8,1015.5
2021-12-11,Kolkata,95.92444444444445,194.7246511627907,53.35296924708378,13.610175109443404,28.15951971688574,1563.1912144702842,22.0,78,0.0,7.8,1015.6
2021-12-12,Kolkata,88.00713968957871,177.2022727272727,35.559376385809315,13.27349848331648,42.13909090909091,832.0163847780127,20.4,75,0.0,13.6,1016.5
2021-12-13,Kolkata,96.19689440993788,199.02587991718426,41.82509302325582,19.373284237726097,36.84911369509044,1541.6666666666665,19.0,74,0.0,13.2,1015.2
2021-12-14,Kolkata,105.10166666666666,217.04883720930232,42.11818181818182,17.755454545454544,34.01348837209302,1449.0,18.2,77,0.0,11.1,1014.1
2021-12-15,Kolkata,124.77409090909092,236.76924242424244,51.81109625668449,15.487820136852395,27.46318670576735,1367.048681541582,17.8,75,0.0,10.3,1013.8
2021-12-16,Kolkata,120.2200432900433,240.9442857142857,44.10140625,21.55549783549784,33.45076109936575,1428.6489898989898,17.5,77,0.0,10.6,1014.5
2021-12-17,Kolkata,89.14868421052631,185.79142857142855,41.328125,20.67135135135135,35.32333333333334,1416.3333333333333,17.7,75,0.0,9.4,1014.2
2021-12-18,Kolkata,123.58212121212121,248.82432432432432,48.4264705882353,16.636969696969697,25.69857142857143,1860.5405405405406,18.7,73,0.0,13.6,1013.7
2021-12-19,Kolkata,83.76944444444445,176.8638888888889,31.422222222222224,15.494444444444444,40.66263157894737,545.5263157894736,17.5,64,0.0,13.4,1015.2
2021-12-20,Kolkata,68.4076923076923,130.87384615384616,25.58230769230769,16.68846153846154,55.24111111111111,661.2,15.0,62,0.0,10.9,1015.4
2021-12-21,Kolkata,124.65,239.9,26.0,19.34,76.42,660.0,15.5,73,0.0,10.2,1013.8
2021-12-22,Kolkata,110.56666666666666,220.79999999999998,37.4,18.4,14.8675,1080.0,17.1,74,0.0,9.2,1012.2
2021-12-23,Kolkata,120.28888888888888,231.5111111111111,46.41428571428571,15.183333333333334,24.680833333333336,1476.6666666666667,17.7,72,0.0,9.9,1012.4
2021-12-24,Kolkata,126.75714285714287,236.12833333333333,34.13333333333333,11.445,30.396666666666665,1462.857142857143,18.8,70,0.0,9.7,1012.7
2021-12-25,Kolkata,122.56880952380953,240.77499999999998,48.37166666666667,11.435,16.87297619047619,1747.5,19.6,72,0.0,9.0,1013.2
2021-12-26,Kolkata,141.07999999999998,229.70000000000002,30.682,8.4225,10.895,2426.0,19.8,78,0.0,9.2,1015.2
2021-12-27,Kolkata,108.9,174.45,29.433333333333334,10.166666666666666,25.57,1062.5,20.3,80,0.5,8.2,1016.1
2021-12-28,Kolkata,120.51428571428572,195.394,31.815,8.36,25.351999999999997,1311.4285714285713,20.2,77,0.0,8.4,1015.6
2021-12-29,Kolkata,102.55999999999999,186.10333333333332,27.375,15.403333333333334,29.77,900.0,19.5,76,0.0,14.1,1015.7
2021-12-30,Kolkata,101.852,185.884,30.058,19.968,21.063333333333336,1062.0,19.1,82,2.5,11.7,1018.0
2021-12-31,Kolkata,82.5,165.43333333333334,24.373333333333335,13.2,13.63,590.0,19.1,79,0.0,15.8,1018.5
2020-01-01,Mumbai,110.95435897435897,172.948125,51.34428601079286,14.315405405405404,64.64459090909091,1088.888888888889,20.9,75,0.0,13.2,1013.0
2020-01-02,Mumbai,128.2533971291866,182.83969696969697,53.79489898989898,9.240555555555556,42.063178571428566,962.0588235294117,21.9,77,0.0,16.1,1015.1
2020-01-03,Mumbai,94.64015151515152,149.927,42.45768939393939,9.568888888888889,50.07625,782.5,21.8,75,0.0,23.5,1014.5
2020-01-04,Mumbai,89.08576923076923,158.66166666666666,41.94999198717949,8.812999999999999,76.66224025974026,676.6666666666666,21.6,67,0.0,21.4,1012.8
2020-01-05,Mumbai,97.62633333333333,150.83333333333334,48.95393274853801,8.131111111111112,34.76777777777778,1180.6060606060605,23.1,66,0.0,16.8,1012.0
2020-01-06,Mumbai,71.676,146.34102040816327,46.20184985632184,16.248749999999998,46.497911764705876,1030.7843137254902,24.6,63,0.0,17.1,1012.7
2020-01-07,Mumbai,94.8606746031746,191.44983606557378,42.81090337078652,12.08718309859155,40.83720100262593,1050.3389830508474,23.9,76,0.0,18.9,1012.2
2020-01-08,Mumbai,68.27,104.34189211212515,34.32086206896552,8.277315384615385,38.708888888888886,866.7552447552448,23.8,76,0.0,17.3,1012.4
2020-01-09,Mumbai,62.42113387978142,123.61016393442624,45.43526515151515,9.878076923076922,45.94559343434344,774.074074074074,22.6,59,0.0,23.4,1012.7
2020-01-10,Mumbai,72.40520408163266,144.30365384615385,49.36063729874776,9.607234042553191,31.272918419822346,960.8928571428571,23.7,61,0.0,19.1,1011.8
2020-01-11,Mumbai,87.2124811827957,148.6249152542373,48.22475083986562,10.241147540983608,34.61859643102265,1140.0,25.3,66,0.0,15.5,1012.4
2020-01-12,Mumbai,95.09756907894737,174.666,41.158258384146336,10.9092,40.69015681326604,1243.5365853658536,24.8,73,0.0,17.3,1012.5
2020-01-13,Mumbai,78.67902777777778,130.96982142857144,33.88417575062153,5.7988,27.5623,841.9277108433735,23.9,84,0.4,17.0,1011.5
2020-01-14,Mumbai,33.169925373134326,70.50822222222222,31.20015625,5.354262295081967,37.229142411642414,500.0,23.1,79,0.2,21.5,1011.5
2020-01-15,Mumbai,33.982166666666664,70.502,40.69316051136363,6.38173076923077,36.38249322493225,523.5483870967741,21.9,63,0.0,22.0,1012.1
2020-01-16,Mumbai,34.36461172161172,68.04729729729729,41.52085537615939,5.4360937499999995,35.331965894465895,506.6666666666667,20.3,64,0.0,21.1,1013.6
2020-01-17,Mumbai,55.59756014032743,92.2378313253012,43.87123017303533,7.822837837837838,44.454055555555556,627.7272727272727,19.4,56,0.0,24.4,1013.9
2020-01-18,Mumbai,97.31314586147019,147.73164179104478,59.37866118721462,9.66006161971831,37.66119741958289,903.8888888888889,21.3,62,0.0,17.9,1012.4
2020-01-19,Mumbai,88.98609195402298,159.24546738678853,51.421235955056176,11.440198863636365,37.07215189873418,1172.5039682539682,23.0,64,0.0,16.8,1012.3
2020-01-20,Mumbai,92.40287381537381,155.34394736842106,52.147973049645394,12.126216216216216,40.296339215686274,1189.0666666666666,23.5,71,0.0,16.6,1012.3
2020-01-21,Mumbai,106.0322077922078,170.91260869565215,46.45535869565218,11.255125,35.56419230769231,1530.379746835443,23.5,73,0.0,16.6,1013.3
2020-01-22,Mumbai,91.11459325396825,143.19833333333335,47.087660979636766,13.60888888888889,34.17529391364661,1510.5,24.3,65,0.0,18.7,1014.0
2020-01-23,Mumbai,95.54018055555555,174.20492753623188,51.16063628762542,15.673333333333332,40.3258631840796,1010.5747126436781,25.6,62,0.0,22.2,1013.0
2020-01-24,Mumbai,79.53860415345592,161.2461971830986,45.67268893387315,11.401690140845071,38.8897647280256,1011.2328767123288,25.3,66,0.0,19.6,1012.6
2020-01-25,Mumbai,95.63438595290253,179.55479751403368,43.86694823434992,12.693373493975903,48.81024539414074,1119.6699438202247,25.1,64,0.0,20.3,1012.5
2020-01-26,Mumbai,104.24760240963855,172.85897285343907,38.966783383534136,12.25801948051948,48.325653469561516,1348.5118250780902,24.4,71,0.0,15.5,1011.0
2020-01-27,Mumbai,49.797212602212596,79.95461538461538,31.238644736842105,8.3525,41.12702000702001,855.7142857142857,23.7,77,0.0,15.1,1010.9
2020-01-28,Mumbai,27.407596153846153,64.65300489067894,24.13603846153846,7.264298734177215,24.75996452702703,491.6630355846042,22.8,79,1.0,18.8,1012.1
2020-01-29,Mumbai,23.998644986449865,94.56197376267144,31.555678571428572,3.3190052910052907,36.88738948626045,335.64194277108436,21.8,63,0.0,21.9,1014.8
2020-01-30,Mumbai,59.76911616161617,126.56,48.93615546218488,9.490338983050847,53.786166666666674,787.2881355932203,21.0,59,0.0,21.1,1013.8
2020-01-31,Mumbai,66.83487500000001,135.6273913043478,48.30230644686488,10.434545454545455,47.03413043478261,863.3333333333334,21.1,62,0.0,20.7,1011.7
2020-02-01,Mumbai,79.25403877731463,140.43471264367815,57.7009714100065,9.800930232558139,49.53552631578947,994.4827586206897,22.3,61,0.0,22.2,1011.3
2020-02-02,Mumbai,92.14163421052632,166.4710294117647,46.37769047619048,13.728358208955223,47.22272596843615,1287.3333333333333,23.0,73,0.0,15.2,1012.8
2020-02-03,Mumbai,88.17718003357871,141.4815,42.101883116883116,8.108987341772153,49.8146895149986,981.6279069767442,22.7,81,0.0,14.1,1013.6
2020-02-04,Mumbai,81.37843300110742,126.80916666666666,43.99322482131254,9.453733333333332,55.62992324561404,738.9795918367347,23.2,70,0.0,19.1,1012.5
2020-02-05,Mumbai,68.28656960227272,133.94409638554217,48.25179261433114,13.311272727272728,60.67384615384615,800.5813953488372,23.1,52,0.0,20.0,1012.2
2020-02-06,Mumbai,44.53495341068917,100.00045454545455,36.68475877192982,10.393513513513513,71.93941071428571,681.40625,22.6,61,0.0,18.7,1012.3
2020-02-07,Mumbai,51.72412911392405,108.07482352941177,46.21619417168198,13.488064516129032,49.747401960784316,893.5714285714286,21.5,59,0.0,22.9,1013.3
2020-02-08,Mumbai,72.92167635283482,137.85463414634145,45.746887254901964,9.855942028985508,43.24064745011086,951.2244897959183,22.7,63,0.0,25.8,1013.1
2020-02-09,Mumbai,75.28728682170544,154.81320987654323,37.09405882352941,12.67453125,41.0617920929426,750.7246376811594,24.7,52,0.0,27.4,1013.1
2020-02-10,Mumbai,63.19175675675675,125.01109051724139,42.68276315789473,11.656100146198831,55.12655172413793,809.4062244062244,25.8,56,0.0,19.6,1012.0
2020-02-11,Mumbai,73.51915584415585,169.8242168674699,47.33111904761905,17.425285714285714,49.86731434599156,1060.344827586207,26.8,59,0.0,17.3,1012.1
2020-02-12,Mumbai,69.10675989672978,162.26118421052632,54.01851178172798,21.49128205128205,39.82070394736842,1047.25,27.9,56,0.0,17.1,1013.6
2020-02-13,Mumbai,78.08569607843137,156.69329411764707,45.17577450980392,10.962619047619048,40.637433122319784,1199.6629213483145,27.9,54,0.0,23.1,1013.8
2020-02-14,Mumbai,63.55147783251232,137.6267441860465,49.12468837535014,12.931315789473684,60.2167355280601,852.4096385542168,27.7,43,0.0,22.2,1012.2
2020-02-15,Mumbai,65.50768292682926,146.76602409638554,51.449600000000004,13.611842105263158,50.172334051724135,898.25,25.6,46,0.0,22.3,1011.6
2020-02-16,Mumbai,73.00223935091277,141.25827160493827,49.31081840267233,14.102741935483872,65.63611296791443,1181.276595744681,25.1,61,0.0,17.9,1012.1
2020-02-17,Mumbai,128.30813725490196,206.4909523809524,64.29871212121212,11.142127659574466,42.43733542319749,1542.6415094339623,26.2,61,0.0,16.3,1012.5
2020-02-18,Mumbai,99.75907681940701,204.67365384615385,64.9352821969697,15.540444444444445,59.45134615384616,1265.3488372093022,27.2,57,0.0,19.3,1012.0
2020-02-19,Mumbai,96.17890109890111,196.51588235294116,62.558693118756935,14.950975609756098,45.16928437667202,1368.076923076923,26.1,69,0.0,16.3,1011.5
2020-02-20,Mumbai,69.3974363446111,132.27892857142857,51.82261755485894,16.2885,26.858784893267654,1315.3703703703704,25.1,74,0.0,19.2,1011.0
2020-02-21,Mumbai,44.35819502801121,94.23636363636363,42.06412280701754,14.205434782608696,20.673755208333333,962.5,25.0,70,0.0,20.4,1013.1
2020-02-22,Mumbai,84.57689196108551,156.08365384615385,67.9567525083612,15.290188679245283,46.4043076923077,1196.4150943396226,25.7,58,0.0,18.6,1013.9
2020-02-23,Mumbai,93.72966666666667,181.0,80.55835820895523,15.638767123287673,36.83056818181818,1371.7460317460318,26.5,51,0.0,20.7,1012.6
2020-02-24,Mumbai,97.41324016563146,170.25702702702702,67.04941085271318,15.023035714285713,46.81796964193046,1418.409090909091,25.6,54,0.0,22.1,1010.6
2020-02-25,Mumbai,58.61943722943723,136.59796296296295,54.468891233766236,14.50311111111111,38.19452830188679,1067.2972972972973,27.2,38,0.0,25.7,1009.8
2020-02-26,Mumbai,45.54712605042017,134.63015625,60.30795815295815,16.141724137931035,43.45428571428571,755.4347826086956,27.1,37,0.0,22.2,1010.3
2020-02-27,Mumbai,59.18297245963913,134.57500000000002,72.92982148653036,23.94662337662338,43.617209302325584,1204.8979591836735,26.3,47,0.0,18.2,1010.4
2020-02-28,Mumbai,87.83446009389672,188.64945205479452,79.43271159874608,24.031186440677963,43.929538461538456,1425.8108108108108,25.6,54,0.0,19.4,1009.1
2020-02-29,Mumbai,89.55880494505494,193.85464285714286,59.412080314009664,19.8565,20.859047619047622,1553.2142857142858,25.5,61,0.0,22.4,1008.9
2020-03-01,Mumbai,45.23571428571429,128.72208333333333,34.7978021978022,13.946923076923078,28.46077639751553,717.9310344827586,25.0,69,0.0,21.2,1010.1
2020-03-02,Mumbai,54.79571428571428,121.246925,35.665,8.937047619047618,20.878095238095238,1031.0977564102564,24.4,78,0.0,15.8,1011.0
2020-03-03,Mumbai,42.598113207547165,126.42955555555557,35.864736842105266,8.811259183673469,41.02292682926829,464.0457769181173,24.4,80,0.1,15.7,1011.5
2020-03-04,Mumbai,45.250350877192986,113.37636363636365,32.66195299145299,13.188412698412698,27.531529239766083,676.1538461538462,24.5,76,0.0,18.0,1011.2
2020-03-05,Mumbai,28.799638318670574,109.51260869565218,32.574790521978024,15.994285714285715,22.657551319648093,437.2,24.4,75,0.0,18.8,1010.0
2020-03-06,Mumbai,20.838556626506026,88.64256756756757,26.131326410369716,13.082714285714285,18.83885494786903,431.8965517241379,24.9,68,0.0,20.3,1010.0
2020-03-07,Mumbai,26.229055832147935,120.00968253968253,33.131122828784115,10.528840579710145,26.827798387096774,503.75,24.0,65,0.0,18.2,1011.9
2020-03-08,Mumbai,30.075797966401417,115.74060975609756,37.851749999999996,13.582738095238096,32.42051839464883,615.9459459459459,23.3,67,0.0,18.6,1011.7
2020-03-09,Mumbai,41.51518755328219,124.88545454545455,43.612385033090106,12.762763157894737,27.336098436298386,887.2727272727273,23.7,74,0.0,19.0,1010.6
2020-03-10,Mumbai,40.22589644291452,96.20287499999999,24.975741935483867,11.6120987654321,22.48372411412793,922.2222222222222,24.5,75,0.0,15.6,1010.5
2020-03-11,Mumbai,16.537894736842105,59.53,29.65659523809524,11.696333333333333,21.949096539162113,471.0,24.6,65,0.0,21.1,1011.3
2020-03-12,Mumbai,20.076172398875187,67.02194444444444,32.618448275862065,12.454492753623189,23.405376943881002,466.15384615384613,23.6,71,0.0,20.1,1013.0
2020-03-13,Mumbai,27.56994222436206,104.54943181818182,34.955732009925555,13.405531914893617,36.285348687596496,355.28735632183907,23.2,62,0.0,27.1,1013.3
2020-03-14,Mumbai,35.013301810865194,127.07953125,46.45388942617666,11.794677419354839,44.39757560483871,648.1355932203389,24.7,50,0.0,27.7,1011.3
2020-03-15,Mumbai,56.56903571428572,151.26,52.506126119172585,15.682941176470589,42.769276672694396,1270.142857142857,26.2,40,0.0,18.1,1009.4
2020-03-16,Mumbai,65.96067777777778,154.7698,70.76686741573033,20.218695652173913,41.69072202797203,1185.2941176470588,27.3,45,0.0,21.1,1009.9
2020-03-17,Mumbai,74.19410594315246,165.7558695652174,69.13931818181818,20.846875,56.65403805496829,1588.723404255319,27.3,54,0.0,20.5,1010.9
2020-03-18,Mumbai,54.8706789755807,117.18185714285714,46.10815550839283,19.819615384615386,36.90057854852813,1108.404255319149,27.5,57,0.0,16.4,1011.3
2020-03-19,Mumbai,31.61362485725162,77.10796875,33.70621212121212,14.481791044776118,33.250526176626124,793.4848484848485,26.0,67,0.0,18.5,1011.1
2020-03-20,Mumbai,23.303468670076725,54.95470588235294,19.618333333333332,12.459999999999999,12.487040229885057,700.0,25.4,76,0.0,14.8,1011.3
2020-03-21,Mumbai,19.5510162601626,52.16423913043478,17.43238425925926,12.890526315789472,25.691724828375285,488.2857142857143,25.0,78,0.0,18.5,1011.2
2020-03-22,Mumbai,24.516170212765957,59.0,8.853333333333333,9.48443396226415,32.800000000000004,400.0,25.9,78,0.0,23.7,1010.7
2020-03-23,Mumbai,22.75277777777778,57.0638888888889,12.679601449275362,8.048,20.750679347826086,372.5,27.5,72,0.0,21.6,1009.4
2020-03-24,Mumbai,41.81717647058824,84.34541666666667,11.460224358974358,15.235185185185186,44.45333333333333,757.7777777777778,28.3,65,0.0,22.7,1007.6
2020-03-25,Mumbai,35.405,83.81222222222222,11.850000000000001,12.574444444444445,36.29319767441861,515.8333333333334,28.2,75,0.0,15.7,1007.7
2020-03-26,Mumbai,23.445241379310346,60.29392857142857,9.055393103448276,7.73609756097561,37.30616758241759,401.6,28.0,80,0.0,18.3,1008.8
2020-03-27,Mumbai,27.84653246753247,71.04520000000001,7.474352534562213,7.827704918032787,44.579652563743345,414.2857142857143,28.6,65,0.0,25.0,1010.7
2020-03-28,Mumbai,30.55988235294118,63.459746835443035,10.800601343101343,7.814246575342467,48.41010939209251,437.5609756097561,28.8,55,0.0,28.3,1010.3
2020-03-29,Mumbai,23.83088800112139,63.97132352941177,10.089288888888888,8.862777777777778,58.46606275303644,364.4,28.6,56,0.0,24.5,1008.7
2020-03-30,Mumbai,28.870967741935484,65.263125,12.279756838905776,8.115892857142857,49.38622491638796,407.4468085106383,28.2,63,0.0,18.0,1009.2
2020-03-31,Mumbai,25.72457046413502,63.7925,11.018662605932203,8.248709677419354,33.20043871551334,386.5079365079365,27.6,67,0.0,22.4,1010.3
2020-04-01,Mumbai,22.396809523809523,55.58966101694915,8.62032196969697,5.346931818181818,37.34210112812248,390.6060606060606,27.4,70,0.0,23.7,1009.8
2020-04-02,Mumbai,32.67333333333333,72.1582905982906,9.691304347826087,6.025422771672771,45.206875000000004,374.1774891774892,28.3,64,0.0,22.7,1008.1
2020-04-03,Mumbai,30.922380952380955,89.1990625,7.995207386363635,3.682686567164179,36.99356175514626,375.0,28.0,71,0.0,22.2,1008.6
2020-04-04,Mumbai,35.787976190476186,78.32139240506329,8.930276755852844,3.5974736842105264,33.237656393322325,377.9268292682927,27.6,72,0.0,22.1,1009.1
2020-04-05,Mumbai,32.85136363636364,71.4862962962963,8.244119674185463,4.026951219512195,34.75689506172839,356.53846153846155,27.3,77,0.0,18.2,1010.0
2020-04-06,Mumbai,22.48064935064935,55.69357142857143,5.07691570881226,3.509264705882353,26.40176388888889,295.2054794520548,27.3,80,0.0,17.4,1010.9
2020-04-07,Mumbai,32.053552631578945,63.28794117647059,4.786707466340269,4.173333333333333,16.642033468559838,592.25,26.8,80,0.0,16.4,1010.1
2020-04-08,Mumbai,37.528571428571425,101.27230769230769,6.469461538461538,8.003636363636362,25.853668831168832,332.3076923076923,27.2,76,0.0,18.5,1011.0
2020-04-09,Mumbai,35.71454260651629,91.07323529411764,6.114425675675676,4.075675675675676,19.976911764705882,298.1081081081081,26.8,77,0.0,23.5,1010.4
2020-04-10,Mumbai,33.95238095238095,89.94125,5.2360759493670885,3.536027397260274,26.638181818181817,346.5,27.5,76,0.0,23.0,1009.9
2020-04-11,Mumbai,38.22950617283951,87.13018181818181,5.282727272727272,3.7722222222222226,25.789603174603176,383.20512820512823,28.9,71,0.0,20.1,1010.6
2020-04-12,Mumbai,510.4583333333333,82.69320440693858,7.338444370419721,3.482766726943942,24.725949367088607,355.01666666666665,29.0,75,0.0,18.4,1009.9
2020-04-13,Mumbai,509.6875,75.01599924585219,5.70215991902834,3.6499723587223585,17.383116883116884,343.1436599929751,28.7,80,0.0,19.0,1008.6
2020-04-14,Mumbai,509.9375,77.80514069264069,10.479230949041607,4.596219715956558,20.2464,371.0,29.5,75,0.0,22.4,1008.4
2020-04-15,Mumbai,34.90852941176471,54.870666666666665,6.264482758620689,4.487894736842105,17.967727272727274,465.7894736842105,29.7,75,0.0,20.3,1009.2
2020-04-16,Mumbai,27.8125,51.19682926829269,6.787375,3.687027027027027,18.365897435897434,263.6619718309859,29.1,81,0.0,18.6,1008.8
2020-04-17,Mumbai,26.01928571428571,61.346666666666664,3.941917808219178,3.6989999999999994,12.425384615384615,292.22222222222223,29.0,78,0.0,18.3,1008.3
2020-04-18,Mumbai,23.083333333333332,62.605020833333334,4.234490131578948,4.478666666666667,18.758666666666667,200.515873015873,29.3,77,0.0,20.8,1008.6
2020-04-19,Mumbai,26.541666666666668,70.9871334971335,6.732276119402986,4.973384484228474,21.639319196428573,248.66268382352942,30.1,71,0.0,22.8,1008.2
2020-04-20,Mumbai,65.50272727272727,90.01436327561328,9.227423861852433,8.221997076800426,27.526172077922077,509.2028985507246,31.0,58,0.0,24.8,1007.5
2020-04-21,Mumbai,22.875,54.67363636363636,6.731071878940732,5.803928571428571,21.67742222222222,496.8550368550369,28.7,73,0.0,19.2,1008.7
2020-04-22,Mumbai,21.20037037037037,62.76227272727272,3.6421861471861474,5.150746753246753,20.499545454545455,601.9230769230769,28.8,80,0.0,22.3,1008.0
2020-04-23,Mumbai,21.249333333333333,52.32000000000001,5.014615384615385,4.197,20.357337662337663,461.25,29.4,75,0.0,20.2,1008.3
2020-04-24,Mumbai,22.625,48.011428571428574,5.819117647058824,5.743055555555555,17.265,300.0,29.0,79,0.0,19.9,1007.5
2020-04-25,Mumbai,18.25,51.75501428571428,5.113308823529412,5.626227777777778,25.2025,270.0,29.1,74,0.0,17.5,1008.5
2020-04-26,Mumbai,17.055,55.498599999999996,4.4075,5.5094,33.14,240.0,28.4,78,0.0,23.1,1008.7
2020-04-27,Mumbai,20.416666666666668,47.073,4.752,3.6434821428571427,22.294285714285714,179.07142857142856,28.7,75,0.1,21.3,1010.0
2020-04-28,Mumbai,18.866764705882353,51.7475,5.286165501165501,5.749117647058823,28.383663194444445,260.64516129032256,29.3,75,0.0,27.2,1008.3
2020-04-29,Mumbai,23.65235294117647,60.12769230769231,4.356178571428572,4.5656,17.379008620689653,393.2142857142857,29.8,77,0.0,18.5,1008.0
2020-04-30,Mumbai,21.593783783783785,63.63175,5.511013888888889,7.7427027027027036,22.296486486486486,236.47058823529412,29.8,77,0.0,18.1,1009.4
2020-05-01,Mumbai,17.458333333333332,49.26428571428572,5.27287012987013,7.269142857142858,20.2268,213.2258064516129,29.7,76,0.1,18.3,1009.5
2020-05-02,Mumbai,12.914421542553193,43.78007779646762,6.244782608695652,5.829219001610306,19.95777777777778,332.1011396011396,29.7,78,0.0,21.7,1008.1
2020-05-03,Mumbai,13.8125,40.604749999999996,4.786470588235294,4.702205882352941,12.107499999999998,203.75,29.7,77,0.0,20.8,1007.8
2020-05-04,Mumbai,13.526315789473685,44.064651162790696,4.909000000000001,3.7775,28.612000000000002,256.25,29.2,80,0.0,20.0,1008.7
2020-05-05,Mumbai,11.143333333333333,48.12674418604651,5.385,6.032500000000001,17.72,400.0,29.6,79,0.0,22.8,1007.9
2020-05-06,Mumbai,14.005555555555555,69.48571428571428,5.41047619047619,7.496603773584906,30.224088050314464,232.22222222222223,29.8,80,0.0,23.0,1006.8
2020-05-07,Mumbai,13.5,45.08,3.685,10.349583333333333,21.89125,480.4166666666667,28.9,81,0.0,20.5,1007.6
2020-05-08,Mumbai,15.16777777777778,67.16571428571429,3.0364999999999998,33.614583333333336,26.16,422.2077922077922,29.3,77,0.0,18.8,1007.8
2020-05-09,Mumbai,12.713205128205129,57.213796296296294,3.067037037037037,19.464423076923076,19.496666666666666,464.44444444444446,29.5,76,0.0,20.6,1008.0
2020-05-10,Mumbai,11.743478260869566,54.08722943722944,3.0992307692307692,19.386150793650792,19.49375,484.9166666666667,29.5,78,0.0,23.5,1007.5
2020-05-11,Mumbai,16.800151515151512,62.57722916666667,5.156060606060606,19.554951298701297,19.293529411764705,506.313025210084,29.8,76,0.0,23.0,1007.9
2020-05-12,Mumbai,13.32777478448276,51.82222527472528,4.043333333333333,20.71838133640553,21.03642857142857,428.9047619047619,29.1,77,0.0,20.8,1007.3
2020-05-13,Mumbai,9.515,48.26,10.84,14.84,14.535,300.0,29.5,79,0.0,20.1,1006.7
2020-05-14,Mumbai,13.8,54.85908333333333,7.409999999999999,13.843914141414142,17.55225,276.5,30.0,77,0.0,24.3,1005.9
2020-05-15,Mumbai,16.820625,73.01714285714286,7.117692307692308,11.524335664335663,20.303076923076922,271.9230769230769,30.3,75,0.0,23.6,1006.0
2020-05-16,Mumbai,32.227763157894735,105.74770676691729,6.375675675675676,11.6154375,21.45243243243243,236.25,30.3,75,0.0,19.1,1006.0
2020-05-17,Mumbai,31.29002450980392,119.57900000000001,4.987508403361344,10.531892156862744,24.491764705882353,236.61764705882354,30.0,75,0.0,21.7,1005.5
2020-05-18,Mumbai,21.976436781609195,82.0392,6.2044,10.626406249999999,23.722987179487177,223.09788654060065,30.2,73,0.0,23.0,1005.0
2020-05-19,Mumbai,15.392222222222221,60.653,6.44875,8.773375000000001,19.855375000000002,244.16666666666669,29.9,72,0.1,19.4,1004.6
2020-05-20,Mumbai,12.75875,50.8,6.786250000000001,9.5925,25.444166666666668,255.0,29.8,71,0.0,17.4,1004.6
2020-05-21,Mumbai,11.83822463768116,43.707499999999996,9.333,9.018333333333333,23.25666666666667,268.3333333333333,29.8,72,0.0,18.6,1005.8
2020-05-22,Mumbai,12.026818181818182,42.97772727272727,6.0604545454545455,8.032727272727273,21.224,234.0,29.8,74,0.0,17.7,1007.0
2020-05-23,Mumbai,14.053333333333333,46.99916666666667,5.72,5.335,23.744999999999997,516.6666666666666,29.5,78,0.0,22.1,1006.7
2020-05-24,Mumbai,11.666666666666666,46.68833333333333,5.241386363636364,7.42675,16.928666666666665,283.33333333333337,30.1,75,0.0,21.3,1007.2
2020-05-25,Mumbai,13.0,52.44625,5.804,5.1444117647058825,19.873333333333335,260.0,30.1,76,0.2,18.9,1007.8
2020-05-26,Mumbai,12.45901515151515,52.84215909090909,5.066454545454546,6.958701298701298,17.034166666666664,252.5,30.0,76,0.0,18.0,1007.8
2020-05-27,Mumbai,12.10875,49.75,6.558,4.805,25.954,225.0,30.0,74,0.2,17.5,1007.4
2020-05-28,Mumbai,10.465,39.535,4.356249999999999,4.0125,15.435,295.0,30.4,70,0.0,17.7,1006.6
2020-05-29,Mumbai,5.533888888888889,26.28736111111111,5.134777777777778,4.89,13.652000000000001,288.0,30.5,72,0.3,18.7,1006.6
2020-05-30,Mumbai,7.93,22.9,5.73,4.9350000000000005,11.785,280.0,30.3,75,0.4,17.5,1007.0
2020-05-31,Mumbai,9.272602339181287,41.5165625,4.533125,4.276428571428571,15.44111111111111,203.74493927125508,30.8,71,0.3,23.4,1007.1
2020-06-01,Mumbai,12.52155330882353,37.64876016260163,5.680018796992481,4.603,16.96125,250.0,29.0,78,6.9,13.8,1007.5
2020-06-02,Mumbai,23.309473684210527,48.4652,11.754166666666668,5.41,20.887999999999998,548.5714285714286,27.9,81,11.6,19.7,1004.5
2020-06-03,Mumbai,8.811612903225807,19.399252173913045,6.29925925925926,8.537777777777778,20.971,293.1578947368421,26.4,85,144.5,58.6,996.9
2020-06-04,Mumbai,17.75681818181818,45.29653846153846,14.434074074074076,10.808888888888887,16.375384615384615,441.85185185185185,27.6,84,10.0,21.5,1004.4
2020-06-05,Mumbai,9.39,36.20285714285714,11.570714285714287,6.461666666666666,25.890666666666668,272.5,27.5,86,7.9,25.2,1005.7
2020-06-06,Mumbai,8.11,37.2175,10.949285714285713,9.51875,11.532499999999999,288.2352941176471,27.1,87,8.2,23.3,1005.4
2020-06-07,Mumbai,9.212857142857143,38.628,8.195,9.543000000000001,10.2,286.25,27.2,87,5.4,23.3,1005.6
2020-06-08,Mumbai,7.774375,27.706296296296298,13.121,8.713333333333333,18.61758620689655,308.14814814814815,27.0,87,8.0,19.3,1005.9
2020-06-09,Mumbai,8.25125,24.355,8.985000000000001,9.19425,11.51325,252.8125,27.5,89,4.8,14.5,1005.8
2020-06-10,Mumbai,11.610555555555557,43.78791666666666,7.434444444444445,6.155083333333334,10.20375,319.16666666666663,27.7,90,9.7,14.6,1004.9
2020-06-11,Mumbai,7.672777777777778,29.860638888888886,8.036249999999999,4.92875,10.821555555555555,225.0,27.5,89,8.1,15.3,1002.7
2020-06-12,Mumbai,12.580454545454547,30.0,20.34,5.07,11.477105263157895,480.0,27.5,88,4.2,12.8,1000.6
2020-06-13,Mumbai,12.118216276477145,19.85333333333333,1.1294871794871795,0.031794871794871796,11.496153846153847,983.3333333333334,27.2,89,12.0,13.3,1000.5
2020-06-14,Mumbai,9.1965625,22.16984375,14.61,8.94,11.4628125,287.5,27.8,88,4.6,15.6,1002.0
2020-06-15,Mumbai,8.047894736842105,26.0,3.3923684210526317,14.32,11.441052631578946,994.2105263157895,27.5,90,19.4,14.8,1001.9
2020-06-16,Mumbai,13.11111111111111,24.939999999999998,8.48,4.5600000000000005,19.294090909090908,615.0,27.2,89,27.9,15.5,1001.0
2020-06-17,Mumbai,16.330000000000002,19.589555555555556,4.173333333333333,4.97,24.15,1065.7777777777778,26.9,91,18.9,20.6,1001.1
2020-06-18,Mumbai,8.56875,26.286428571428573,17.27300395256917,6.874560810810811,10.624782608695652,351.8303571428571,26.9,90,30.1,27.2,1003.1
2020-06-19,Mumbai,15.675453003875969,48.462391304347825,7.169345153664303,9.803125,9.745331395348838,339.7826086956522,27.5,90,5.3,20.5,1005.0
2020-06-20,Mumbai,13.361375000000002,47.226882591093116,7.823046052631579,5.256192307692308,6.573947368421052,314.24342105263156,27.6,89,4.9,19.4,1005.7
2020-06-21,Mumbai,10.845757575757576,45.023888888888884,8.923703703703703,5.1000000000000005,9.86104797979798,244.57142857142858,27.1,91,9.9,19.1,1004.8
2020-06-22,Mumbai,11.83,41.652692307692305,8.716363636363637,5.406666666666667,6.1499999999999995,346.5217391304348,27.2,89,5.8,20.5,1003.1
2020-06-23,Mumbai,10.163076923076924,36.81189946018893,14.74157894736842,5.031842105263158,8.70513157894737,285.5731707317073,27.2,87,4.9,28.0,1003.8
2020-06-24,Mumbai,8.63856719367589,36.55063829787234,8.319583333333334,4.9094444444444445,6.523402777777777,362.12454212454213,27.7,86,3.0,21.7,1004.4
2020-06-25,Mumbai,14.122272727272726,44.15830263157895,7.593690476190476,5.05,6.3174,343.66666666666663,28.1,85,10.2,18.1,1003.8
2020-06-26,Mumbai,14.259027777777778,48.50992467718795,9.280747442958301,5.566451612903226,4.747700892857143,384.0,28.0,87,10.5,12.7,1003.5
2020-06-27,Mumbai,18.036723076923078,63.37746621621622,8.697600186393291,5.6684,4.251792803970224,404.6447230929989,28.2,85,5.2,15.9,1003.9
2020-06-28,Mumbai,11.23512707722385,38.984861111111115,7.899388888888888,5.761388888888889,4.2346875,351.6969696969697,28.1,86,14.9,18.2,1004.0
2020-06-29,Mumbai,6.579816849816851,23.574983277591976,7.2066236933797905,6.130731707317073,4.473142857142857,340.1732991014121,27.2,89,17.9,11.6,1003.3
2020-06-30,Mumbai,4.586666666666666,21.186764705882354,6.244301470588235,9.8945,5.5484210526315785,310.0,27.3,89,18.2,18.1,1001.9
2020-07-01,Mumbai,6.257777777777778,22.0,6.147777777777778,7.959705882352942,4.285882352941177,252.77777777777777,27.1,90,12.3,22.5,1002.8
2020-07-02,Mumbai,6.911764705882353,22.38026315789474,5.137297297297297,8.191390977443609,4.181818181818182,271.6216216216216,27.2,89,18.1,20.8,1002.6
2020-07-03,Mumbai,6.672004830917874,20.204264705882352,5.865758513931889,6.474210526315789,4.4374448529411765,329.95614035087715,27.1,89,34.2,20.2,1001.9
2020-07-04,Mumbai,6.242413793103448,15.809114942528735,6.014827586206897,7.1866666666666665,5.681285714285714,285.05561735261404,26.7,92,169.8,35.5,999.9
2020-07-05,Mumbai,9.40456043956044,31.850714285714286,4.158648648648649,7.018783783783784,6.078823529411765,207.64705882352942,26.9,90,59.5,28.9,1000.0
2020-07-06,Mumbai,15.004375,49.8225,6.074285714285714,6.770267857142857,5.99,190.0,27.3,88,24.9,37.7,998.9
2020-07-07,Mumbai,10.799999999999999,26.30185185185185,7.133684210526315,9.325,9.43,260.0,27.1,91,41.8,28.2,1000.0
2020-07-08,Mumbai,12.571428571428571,37.32864171864172,6.510653153153152,6.344189189189189,5.53875,320.95238095238096,26.9,91,26.4,24.7,1003.5
2020-07-09,Mumbai,10.368888888888888,38.688541666666666,8.875555555555556,10.236452991452992,5.323968253968253,325.7142857142857,26.9,91,10.7,20.9,1003.6
2020-07-10,Mumbai,10.363333333333333,42.7,7.5142500000000005,7.71452380952381,5.373333333333334,160.0,27.0,90,12.3,23.5,1004.0
2020-07-11,Mumbai,8.27125,34.37982142857143,7.27225,8.211285714285713,4.974285714285714,180.0,26.7,90,10.9,23.7,1004.1
2020-07-12,Mumbai,8.375,19.274444444444445,10.716666666666667,9.094444444444443,5.941111111111111,267.3809523809524,26.7,90,19.3,19.0,1004.3
2020-07-13,Mumbai,10.263333333333335,22.884411764705884,13.737142857142857,9.74625,6.236750000000001,372.0,26.6,91,34.6,18.2,1003.6
2020-07-14,Mumbai,7.353,17.82442857142857,10.240238095238094,9.794285714285714,5.398333333333333,364.16666666666663,26.7,91,35.7,15.9,1003.0
2020-07-15,Mumbai,6.148461538461539,10.085833333333333,13.421854395604395,8.823333333333334,5.91,353.125,26.3,92,45.5,19.8,1001.3
2020-07-16,Mumbai,6.0,14.246538461538462,9.79375,8.894166666666667,7.230833333333333,370.0,26.2,92,45.8,28.0,998.6
2020-07-17,Mumbai,8.6125,19.91095238095238,15.16637254901961,9.1,7.966856617647059,337.72916666666663,26.6,91,22.7,30.1,998.5
2020-07-18,Mumbai,9.698275862068966,30.991228410513145,14.353125,9.3511875,7.7568125000000006,277.5406504065041,26.7,91,11.7,26.1,1002.3
2020-07-19,Mumbai,13.154075579644687,36.46048192771084,11.485189873417722,9.435060240963855,8.792530120481928,263.1707317073171,27.2,89,6.3,18.2,1005.0
2020-07-20,Mumbai,14.628961904761905,43.87,11.318695652173913,9.687916666666666,6.209199999999999,245.65217391304347,27.1,91,5.5,14.3,1003.6
2020-07-21,Mumbai,15.711666666666668,42.139721698113206,9.974935064935066,9.586660256410257,6.721997126436781,313.90662650602405,27.0,89,5.9,16.2,1004.1
2020-07-22,Mumbai,10.553725602755453,31.78712121212121,13.17153846153846,9.924615384615384,9.398939393939395,301.94029850746267,27.6,88,2.7,14.8,1005.3
2020-07-23,Mumbai,9.826265649452269,27.843658536585362,11.950714285714286,12.01943396226415,8.078333333333333,392.36842105263156,27.3,90,5.2,9.7,1004.7
2020-07-24,Mumbai,14.02,36.6894172413793,15.40169642857143,10.514545454545456,7.688157894736841,463.5344827586207,26.8,90,18.9,11.5,1005.3
2020-07-25,Mumbai,12.091904761904763,37.76826666666666,12.469268292682926,11.578148148148149,4.9375757575757575,447.57575757575756,27.0,88,7.6,17.1,1005.4
2020-07-26,Mumbai,4.5,11.5,8.015,8.40625,5.2275,260.0,26.9,87,10.8,18.7,1006.3
2020-07-27,Mumbai,4.028214285714285,17.740000000000002,7.037999999999999,9.5125,4.344666666666667,287.14285714285717,26.6,90,21.4,17.2,1007.2
2020-07-28,Mumbai,19.562613636363636,34.000156249999996,19.344166666666666,12.329166666666666,3.7515656565656563,590.0,27.0,89,7.5,14.8,1006.0
2020-07-29,Mumbai,10.209,32.655833333333334,12.577777777777778,9.547692307692309,3.8765,530.0,26.9,90,27.4,14.9,1003.9
2020-07-30,Mumbai,8.303214285714285,46.20111111111111,8.634444444444444,10.565357142857142,4.2037292464878675,527.1428571428571,26.5,92,107.7,15.9,1003.6
2020-07-31,Mumbai,13.758535353535354,40.87384615384615,9.091818181818182,11.1608,4.183930769230769,424.1025641025641,27.2,89,9.2,15.4,1003.3
2020-08-01,Mumbai,10.735687229437229,48.45192307692308,10.91090909090909,6.4704,7.496965384615384,402.05128205128204,27.5,88,3.1,20.0,1002.6
2020-08-02,Mumbai,7.712839105339105,56.03,12.73,1.78,10.81,380.0,27.6,86,1.7,26.8,1001.7
2020-08-03,Mumbai,4.689990981240982,32.769999999999996,11.105,6.332500000000001,9.352,273.75,26.7,90,37.3,34.4,999.5
2020-08-04,Mumbai,1.667142857142857,9.51,9.48,10.885000000000002,7.894,167.5,26.8,90,153.3,45.9,996.0
2020-08-05,Mumbai,5.433333333333334,36.835,6.35,7.97,6.585833333333333,245.0,26.5,92,144.1,40.2,994.4
2020-08-06,Mumbai,5.188070175438597,26.68654054054054,10.356345029239765,8.718576203208556,11.686749644381223,289.7265221878225,27.2,89,55.4,48.1,994.8
2020-08-07,Mumbai,8.321428571428571,33.3995,10.635909090909092,10.09875,10.218,254.0,27.1,89,12.5,32.1,1000.9
2020-08-08,Mumbai,8.474444444444444,38.49055555555556,6.925833333333333,10.0955,5.908875,265.3888888888889,27.2,86,8.9,30.4,1004.0
2020-08-09,Mumbai,11.978,51.848124999999996,8.07154761904762,11.77402380952381,6.4540625,273.58333333333337,27.2,86,5.0,23.1,1003.5
2020-08-10,Mumbai,11.501931818181818,44.266666666666666,10.639916666666666,12.924583333333334,8.090833333333334,241.77777777777777,26.2,92,15.0,17.4,1003.4
2020-08-11,Mumbai,9.782727272727273,48.11,6.971666666666667,15.311000000000002,5.078333333333333,213.63636363636363,26.1,91,27.5,19.9,1005.0
2020-08-12,Mumbai,7.158388888888888,29.375,7.625294117647059,11.202352941176471,6.194705882352942,193.57142857142858,26.3,91,27.5,25.1,1006.1
2020-08-13,Mumbai,9.86,33.63285714285714,9.60125,7.5,4.675,198.75,26.2,91,28.5,26.7,1004.1
2020-08-14,Mumbai,12.8,36.913125,11.321666666666665,6.550000000000001,5.515000000000001,167.08333333333331,25.7,92,57.1,27.6,1002.1
2020-08-15,Mumbai,17.165526315789474,37.623333333333335,9.735454545454546,5.755454545454546,5.98,181.8181818181818,25.9,92,48.6,25.6,1002.0
2020-08-16,Mumbai,15.46,52.50083333333333,9.9625,7.359999999999999,4.775,160.0,26.2,91,34.6,23.9,1002.8
2020-08-17,Mumbai,14.456011904761905,47.46222222222222,10.498750000000001,6.269203296703298,5.386785714285714,211.15384615384616,25.8,91,33.4,23.2,1002.7
2020-08-18,Mumbai,10.89111111111111,35.757999999999996,9.412,7.5,5.84,198.88888888888889,25.9,92,17.5,22.5,1004.0
2020-08-19,Mumbai,7.928571428571429,25.512,7.614285714285714,7.533666666666666,5.421666666666667,151.66666666666669,26.4,90,12.1,27.1,1003.5
2020-08-20,Mumbai,8.178571428571429,29.86541666666667,8.11,9.0,5.1,285.0,26.0,92,36.8,20.8,1002.7
2020-08-21,Mumbai,6.066666666666666,18.97,7.119999999999999,15.9555,3.8225,492.5,26.1,92,42.8,22.8,1003.6
2020-08-22,Mumbai,8.474444444444444,39.340555555555554,4.99,7.87,4.15,836.3888888888889,26.4,91,14.1,24.6,1004.6
2020-08-23,Mumbai,7.5,25.045,3.22,11.954285714285714,11.715714285714284,660.0,26.5,89,8.6,27.2,1005.0
2020-08-24,Mumbai,9.458333333333334,37.5,8.421666666666667,7.424166666666666,5.223333333333333,371.66666666666663,26.9,87,8.0,27.9,1005.6
2020-08-25,Mumbai,13.674999999999999,44.719,10.36375,10.277999999999999,4.611750000000001,441.1428571428571,27.0,86,3.6,25.8,1007.9
2020-08-26,Mumbai,11.766666666666667,37.800000000000004,10.35,8.200000000000001,4.920833333333333,622.5,26.9,86,4.7,21.7,1008.2
2020-08-27,Mumbai,9.39125,30.381666666666664,7.061,11.555833333333332,5.34,227.5,26.0,91,9.8,17.6,1007.2
2020-08-28,Mumbai,7.248235294117647,21.484523809523807,6.792692307692308,10.125539215686276,4.825166666666667,296.5,25.7,92,29.7,20.1,1005.5
2020-08-29,Mumbai,11.0,21.5,9.602500000000001,11.913333333333334,4.928333333333334,411.25,25.5,93,34.5,21.0,1004.8
2020-08-30,Mumbai,10.0,27.75,4.945,14.24,4.49,260.0,25.8,92,21.6,24.1,1005.0
2020-08-31,Mumbai,9.990454545454545,27.084285714285713,6.708318181818182,9.710357142857141,4.474722222222223,277.77777777777777,26.2,90,14.4,21.8,1007.0
2020-09-01,Mumbai,13.272282051282051,36.705,8.60425,11.044545454545455,4.3028571428571425,322.22222222222223,26.2,91,3.7,13.0,1008.5
2020-09-02,Mumbai,22.782666666666668,55.00367647058823,11.383,14.320128205128205,7.785625,455.41666666666663,27.0,87,2.4,18.3,1007.8
2020-09-03,Mumbai,18.30829365079365,67.85849282296651,11.372443609022557,10.541904761904762,7.818000000000001,446.7857142857143,27.5,87,1.2,15.0,1006.7
2020-09-04,Mumbai,28.6255,69.225375,17.70407120743034,12.61905882352941,11.126428571428573,581.4285714285714,28.0,88,3.3,13.2,1005.9
2020-09-05,Mumbai,33.50861111111111,56.5,25.55,13.357,11.6925,485.0,28.0,88,0.6,13.5,1005.4
2020-09-06,Mumbai,59.212,113.68333333333334,17.64875,11.825,6.595,650.25,28.0,91,10.1,13.6,1004.6
2020-09-07,Mumbai,14.720378787878788,39.51833333333333,16.105,13.497272727272728,10.7725,393.1818181818182,27.4,88,2.7,19.8,1006.0
2020-09-08,Mumbai,16.702857142857145,40.45333333333333,15.02474358974359,13.450769230769232,4.968076923076923,327.11538461538464,27.1,89,12.4,14.3,1006.6
2020-09-09,Mumbai,19.64090909090909,82.98384615384614,8.40090909090909,11.97,5.827692307692308,411.42857142857144,27.9,89,5.1,14.3,1005.0
2020-09-10,Mumbai,20.395833333333332,47.1475,20.3625,15.830555555555556,5.32375,548.75,27.4,89,4.8,12.5,1003.2
2020-09-11,Mumbai,20.29375,55.0,6.595,13.515,5.125,510.0,27.1,91,27.5,13.4,1002.6
2020-09-12,Mumbai,13.127272727272727,21.47475,13.793000000000001,14.17,5.926363636363637,367.0454545454545,26.7,88,5.4,39.3,1003.4
2020-09-13,Mumbai,12.860000000000001,31.4715,5.846428571428572,13.018583333333332,6.338838383838384,286.2237762237762,27.1,83,6.4,25.2,1006.3
2020-09-14,Mumbai,14.991333333333333,39.0,12.655333333333333,11.345625,6.681333333333333,446.875,26.7,89,7.7,13.3,1006.0
2020-09-15,Mumbai,13.6375,33.0,12.011238095238095,11.95625,4.94875,515.3846153846154,26.4,90,8.7,12.0,1005.7
2020-09-16,Mumbai,14.783333333333333,26.60526515151515,11.311401515151516,11.185166666666667,3.179621212121212,595.909090909091,26.4,90,9.3,11.7,1006.0
2020-09-17,Mumbai,14.348317307692309,32.163666666666664,11.601,12.661999999999999,4.283545454545454,461.5,26.7,89,10.6,14.9,1006.3
2020-09-18,Mumbai,25.083333333333336,50.56916666666667,10.017142857142858,12.336428571428572,4.184,618.5,26.4,85,12.4,10.0,1005.6
2020-09-19,Mumbai,37.480000000000004,62.69833333333334,13.927666666666667,16.212083333333332,4.4145,759.1666666666667,27.1,88,4.4,13.5,1003.3
2020-09-20,Mumbai,26.567777777777778,48.2545,15.365227272727275,15.698364661654136,6.48640909090909,639.6428571428571,27.1,91,4.7,17.5,1001.4
2020-09-21,Mumbai,28.66264705882353,78.85875,19.380000000000003,16.833333333333332,4.662857142857143,675.0,27.3,92,16.3,13.8,999.9
2020-09-22,Mumbai,23.842410714285712,44.449999999999996,17.565357142857145,15.942,4.33,573.3333333333334,26.8,92,17.6,14.6,1000.4
2020-09-23,Mumbai,10.1,32.195,12.646666666666667,11.936666666666667,5.1275,455.0,26.2,93,150.2,31.5,1002.5
2020-09-24,Mumbai,16.041666666666668,46.498958333333334,21.59,13.675,4.46,456.6666666666667,26.8,90,7.8,14.3,1006.4
2020-09-25,Mumbai,21.093333333333334,78.5,16.965999999999998,10.469999999999999,3.23625,675.0,26.8,88,6.4,16.9,1007.0
2020-09-26,Mumbai,18.223333333333333,76.34542857142856,12.282499999999999,6.022857142857142,4.33,402.5,26.9,82,2.5,15.6,1007.0
2020-09-27,Mumbai,20.613095238095237,80.85714285714286,16.542857142857144,10.859285714285713,2.69,711.1428571428571,26.3,88,2.5,11.9,1008.1
2020-09-28,Mumbai,21.436,90.99270833333333,20.348,14.290000000000001,4.45,765.0,26.4,87,3.0,11.5,1008.7
2020-09-29,Mumbai,27.77777777777778,111.07835714285714,19.88230769230769,9.3625,4.156666666666666,780.0,26.6,87,0.9,13.4,1007.9
2020-09-30,Mumbai,21.867083333333333,111.35333333333334,19.29875,9.43,4.60375,552.5,26.7,85,1.2,15.1,1007.1
2020-10-01,Mumbai,41.13916666666667,103.0,19.8275,11.875,5.206666666666667,536.6666666666667,26.9,84,1.8,15.3,1007.6
2020-10-02,Mumbai,27.96,83.77000000000001,13.499473684210527,10.6925,9.93075,462.5,27.3,87,1.5,15.0,1007.6
2020-10-03,Mumbai,33.0,92.6304761904762,16.07690476190476,16.14,11.602857142857143,530.0,27.1,90,2.8,13.8,1007.7
2020-10-04,Mumbai,21.916666666666668,74.92277777777778,9.716666666666667,2.1444444444444444,15.973888888888887,508.8888888888889,26.4,90,9.0,12.0,1009.1
2020-10-05,Mumbai,18.75,102.70944444444444,9.001111111111111,1.1016666666666666,6.295555555555556,534.4444444444445,26.8,88,2.3,13.6,1008.7
2020-10-06,Mumbai,29.25,132.5553846153846,4.900769230769231,2.3584615384615386,7.416923076923077,526.9230769230769,27.1,88,0.7,16.1,1007.9
2020-10-07,Mumbai,59.5,122.75,19.1,13.49,8.12,660.0,27.7,89,0.7,15.4,1008.4
2020-10-08,Mumbai,56.239999999999995,140.16666666666666,20.355,10.99,12.57,660.0,28.3,86,0.0,14.3,1007.5
2020-10-09,Mumbai,59.74400000000001,133.58166666666665,27.124000000000002,10.592,11.741,724.0,28.9,81,0.9,15.0,1006.7
2020-10-10,Mumbai,69.18833333333333,145.74166666666667,15.1,16.505499999999998,8.031666666666666,1065.0,28.3,87,7.2,14.3,1006.5
2020-10-11,Mumbai,48.13,102.09,26.432,7.684,10.18,725.7142857142857,27.6,90,3.3,9.1,1005.1
2020-10-12,Mumbai,61.0,102.66499999999999,9.95,6.9,4.59,775.0,27.8,87,2.9,10.8,1003.0
2020-10-13,Mumbai,48.46666666666667,123.4688888888889,21.713666666666665,12.540634920634918,11.407777777777778,811.3311688311688,28.1,90,5.0,9.6,1002.4
2020-10-14,Mumbai,52.318,98.70866666666666,18.49,13.928500000000001,9.285555555555554,796.6666666666666,27.7,91,6.8,10.1,1002.7
2020-10-15,Mumbai,20.72531818181818,32.524,13.618666666666666,17.690357142857142,10.616166666666667,689.0,28.0,88,28.4,16.0,1000.3
2020-10-16,Mumbai,21.353125,45.33375,17.455494505494507,13.340434782608694,8.810625,800.4166666666667,27.8,79,0.3,24.0,1000.8
2020-10-17,Mumbai,24.75,85.03041666666667,15.73,17.043333333333333,7.32,725.0,27.6,79,1.1,23.1,1004.5
2020-10-18,Mumbai,22.44962962962963,93.85429487179488,13.564074074074075,6.623846153846154,7.729259259259259,493.3333333333333,27.1,85,0.4,16.1,1006.9
2020-10-19,Mumbai,26.220588235294116,95.706,15.55625,6.52625,8.3925,646.25,27.0,89,4.8,14.2,1007.3
2020-10-20,Mumbai,39.51616977225673,99.96555555555557,21.506458333333335,8.5295,7.01829365079365,661.9047619047619,27.2,90,4.6,14.5,1006.7
2020-10-21,Mumbai,42.282306451612904,83.65363636363637,25.82896551724138,8.442316341829086,11.968499999999999,747.0444444444445,27.2,88,8.7,13.8,1007.1
2020-10-22,Mumbai,50.78833333333333,94.191,23.434761904761906,7.648823529411764,10.614285714285714,723.0,26.8,90,15.4,15.5,1006.2
2020-10-23,Mumbai,46.02352941176471,101.191875,27.006833333333333,11.794236111111111,13.156235294117648,898.2777777777778,27.1,88,1.3,11.6,1006.1
2020-10-24,Mumbai,57.52844576719577,126.9511111111111,16.03851851851852,9.961825396825397,5.37425925925926,827.8571428571429,27.1,90,2.8,10.4,1007.7
2020-10-25,Mumbai,45.14518518518519,99.14829575596816,21.18653846153846,7.6123076923076916,11.653793103448276,527.0833333333334,27.1,90,3.9,12.0,1009.5
2020-10-26,Mumbai,48.77884502923976,125.78399999999999,29.095714285714287,6.48895652173913,11.001014705882353,943.7440191387559,27.7,83,0.0,14.3,1010.5
2020-10-27,Mumbai,62.35172248803828,157.35652173913041,44.67811363636363,9.809242424242424,12.536062801932367,930.219298245614,27.4,76,0.0,12.4,1009.6
2020-10-28,Mumbai,81.11466666666666,155.7460276679842,34.51275862068965,7.774666666666667,17.36806451612903,921.8181818181819,27.3,79,0.0,11.2,1010.0
2020-10-29,Mumbai,83.87931034482759,166.59053571428572,46.249310344827585,7.827241379310345,25.613666666666667,964.4827586206897,26.9,81,0.0,11.8,1010.6
2020-10-30,Mumbai,67.5,161.44,44.70111111111111,7.056,19.384444444444444,1195.0,26.6,78,0.0,13.0,1010.4
2020-10-31,Mumbai,61.443,132.24375,30.742,9.134705882352941,16.948,887.6190476190476,26.3,74,0.0,13.2,1010.4
2020-11-01,Mumbai,45.61927083333333,114.219375,35.00661057692308,9.136142857142858,46.80322742474917,755.1875,26.5,76,0.0,13.0,1011.1
2020-11-02,Mumbai,80.98038461538461,180.5956,41.486538461538466,10.081538461538461,25.354400000000002,1109.2307692307693,27.6,75,0.0,10.7,1011.8
2020-11-03,Mumbai,90.19021739130434,198.49785714285713,38.759058441558444,10.678300395256915,22.910227272727273,1185.909090909091,28.0,67,0.0,14.5,1011.5
2020-11-04,Mumbai,81.25713043478261,206.929,44.97016908212561,10.29486166007905,27.498055555555553,1209.5075757575758,27.3,69,0.0,13.0,1011.2
2020-11-05,Mumbai,75.4595238095238,156.778,49.19717391304347,9.608127705627705,26.48916149068323,1025.7142857142858,27.0,63,0.0,13.1,1011.6
2020-11-06,Mumbai,58.79965517241379,161.8322333333333,55.44125,8.075384615384616,31.06277777777778,879.7901049475263,26.7,57,0.0,16.2,1013.1
2020-11-07,Mumbai,70.96919047619048,160.0876470588235,50.291,8.476835294117647,27.703727272727274,873.2,26.4,57,0.0,15.5,1013.5
2020-11-08,Mumbai,65.84386363636364,150.50809523809525,44.035340909090905,9.229246031746033,40.63051948051948,841.25,27.6,57,0.0,13.6,1013.3
2020-11-09,Mumbai,77.75,163.15555555555557,58.70625,10.943055555555556,10.635763888888889,1118.3333333333333,26.6,60,0.0,13.3,1012.8
2020-11-10,Mumbai,89.49916666666667,198.18833333333336,59.406762820512824,11.334166666666667,19.38190909090909,1002.3076923076923,25.7,57,0.0,14.3,1010.7
2020-11-11,Mumbai,83.76894736842105,213.41583333333332,60.34153846153846,14.873333333333335,23.22583333333333,928.7337662337662,25.2,56,0.0,17.3,1011.3
2020-11-12,Mumbai,102.68175,226.68380952380951,59.501165413533826,8.569252136752137,57.256154970760235,970.5882352941177,25.3,51,0.0,15.4,1012.3
2020-11-13,Mumbai,67.41666666666667,126.8336111111111,54.63,7.302777777777778,28.485,1145.625,26.2,62,0.0,17.2,1011.3
2020-11-14,Mumbai,98.43333333333334,201.979568627451,30.516470588235293,7.9378125,25.195625,873.75,27.5,68,0.0,14.9,1009.8
2020-11-15,Mumbai,77.0539705882353,125.11705882352942,31.51924148606811,8.055,29.445458333333335,1112.0833333333335,27.8,71,0.0,14.8,1009.9
2020-11-16,Mumbai,71.674,140.5874613003096,36.47842105263158,8.397565359477124,35.68764705882353,891.7647058823529,28.1,65,0.0,18.3,1010.2
2020-11-17,Mumbai,69.596,141.22126190476192,46.845454545454544,8.898641025641027,14.334999999999999,1069.3333333333333,28.6,63,0.0,18.4,1009.3
2020-11-18,Mumbai,99.2775,227.26267857142858,41.866,8.057500000000001,40.504999999999995,947.1428571428571,27.5,71,0.1,12.5,1009.2
2020-11-19,Mumbai,71.16666666666667,141.48785714285714,34.165,10.322774725274726,26.886666666666667,910.0,27.8,66,0.0,18.0,1009.5
2020-11-20,Mumbai,63.284000000000006,141.54978260869564,42.95333333333334,9.125166666666667,41.82733333333333,964.5,27.3,61,0.0,16.3,1010.7
2020-11-21,Mumbai,76.18739583333334,140.27380952380952,35.07342261904762,9.318181818181818,27.29225,1002.77950310559,26.6,62,0.0,16.4,1011.3
2020-11-22,Mumbai,75.47619047619048,148.133125,34.823750000000004,10.545,48.92302884615385,963.3333333333333,25.6,74,0.0,16.7,1012.0
2020-11-23,Mumbai,54.758,119.19410714285715,44.13444444444444,11.050642857142858,15.333333333333334,888.8888888888889,25.7,73,0.0,17.6,1012.3
2020-11-24,Mumbai,76.875,148.51305555555552,47.93333333333334,11.19737012987013,51.39666666666667,852.7777777777778,25.7,66,0.0,16.0,1011.2
2020-11-25,Mumbai,96.73666666666666,217.2525,56.879000000000005,10.77,6.212,1382.0833333333335,26.3,68,0.0,17.4,1010.3
2020-11-26,Mumbai,114.875,198.88361111111112,64.50875,9.345833333333333,11.111666666666666,1150.0,26.2,63,0.0,21.5,1010.8
2020-11-27,Mumbai,59.82608695652174,140.48762499999998,39.211,10.659236111111111,27.204285714285714,877.0,27.6,43,0.0,22.6,1012.1
2020-11-28,Mumbai,59.76833333333333,142.18900000000002,43.51708235294117,11.67764705882353,24.375780423280425,946.4814814814815,27.1,51,0.0,15.6,1012.5
2020-11-29,Mumbai,37.99158088235294,91.74868131868132,38.43202083333333,6.512307692307692,19.42675,805.5769230769231,27.2,65,0.0,14.3,1012.4
2020-11-30,Mumbai,60.244166666666665,119.4570238095238,45.42153846153846,6.300913461538462,35.117000000000004,727.5,27.0,67,0.0,16.0,1012.6
2020-12-01,Mumbai,67.58121118012423,135.6925187969925,38.72325,7.897333333333333,20.535815789473684,870.3333333333333,28.0,64,0.0,16.8,1012.4
2020-12-02,Mumbai,78.20833333333333,162.08133333333333,43.7616,7.807733333333333,21.571111111111108,995.2,27.3,66,0.0,19.5,1011.4
2020-12-03,Mumbai,73.49833333333333,166.32882352941178,44.712857142857146,6.409632352941177,11.894736842105264,1225.2941176470588,26.4,62,0.0,17.3,1010.9
2020-12-04,Mumbai,74.91666666666667,162.10150000000002,42.07434782608696,9.769736842105264,42.291111111111114,1085.3846153846155,25.7,64,0.0,14.0,1010.0
2020-12-05,Mumbai,85.3190909090909,164.76375000000002,38.815,11.372727272727271,29.272,1307.2727272727273,25.5,62,0.0,14.3,1010.5
2020-12-06,Mumbai,54.13333333333333,125.21090909090908,42.50333333333334,8.70125,22.37636363636364,1114.4444444444443,25.6,51,0.0,15.3,1011.6
2020-12-07,Mumbai,72.0244,160.72727272727272,43.632799999999996,13.179381818181817,21.958333333333332,844.2857142857143,25.9,49,0.0,17.2,1012.9
2020-12-08,Mumbai,66.18181818181819,181.67454545454547,52.108253588516746,6.365833333333333,14.5625,1230.625,26.0,53,0.0,15.3,1012.7
2020-12-09,Mumbai,50.0,120.772,49.07625,7.747,15.904411764705882,800.0,26.4,58,0.0,14.7,1011.4
2020-12-10,Mumbai,72.41180124223604,151.26857142857142,52.03404761904761,7.747142857142857,17.192,915.3095238095239,27.3,66,0.0,14.5,1010.9
2020-12-11,Mumbai,74.51,120.33,39.94,8.900769230769232,19.866666666666667,775.0,25.8,71,1.0,15.0,1011.9
2020-12-12,Mumbai,66.255,111.27838628762542,39.36439393939394,9.041068376068376,16.84730576441103,778.5353535353536,25.6,77,1.3,17.7,1011.0
2020-12-13,Mumbai,58.0,102.22677257525083,38.78878787878788,9.181367521367521,13.827944862155388,782.070707070707,25.1,75,0.0,15.4,1010.2
2020-12-14,Mumbai,52.15909090909091,93.17515886287626,38.21318181818182,9.321666666666665,10.80858395989975,785.6060606060606,24.1,86,22.5,11.2,1010.7
2020-12-15,Mumbai,79.00424242424242,143.936875,37.79777272727273,9.883333333333333,15.410075757575758,817.2916666666667,24.8,80,0.0,21.0,1011.9
2020-12-16,Mumbai,106.64684210526316,172.5715,39.11166666666667,7.447820512820513,13.0,997.5,24.9,79,0.0,19.4,1013.0
2020-12-17,Mumbai,101.53171328671328,179.04035714285715,29.952291666666667,10.239166666666668,14.857028571428572,822.0238095238095,25.2,76,0.0,19.5,1013.2
2020-12-18,Mumbai,87.30020833333333,171.4497619047619,32.63669934640523,8.607222222222223,16.693691119691117,900.4285714285713,25.0,74,0.0,15.3,1012.8
2020-12-19,Mumbai,85.8,184.34949999999998,56.542857142857144,7.932045454545454,7.886666666666667,1025.0,25.4,66,0.0,18.4,1013.3
2020-12-20,Mumbai,76.72907575757576,140.89915151515152,43.550964912280705,7.535714285714286,29.44744318181818,682.2727272727273,25.0,58,0.0,17.9,1013.9
2020-12-21,Mumbai,71.48615384615385,126.88973214285714,38.90907142857142,8.337857142857143,25.44875,635.1442307692307,24.1,55,0.0,16.9,1012.7
2020-12-22,Mumbai,59.76333333333333,168.875,48.67166666666667,13.81,25.453333333333333,965.8333333333333,23.2,58,0.0,14.1,1011.6
2020-12-23,Mumbai,84.41000000000001,183.77645833333332,59.646477272727275,15.490714285714287,21.498333333333335,1062.857142857143,23.2,62,0.0,13.0,1010.4
2020-12-24,Mumbai,89.04166666666667,192.45868421052631,59.0,10.472083333333334,31.979534883720927,1048.3333333333333,23.5,62,0.0,16.4,1009.4
2020-12-25,Mumbai,101.2525,203.57183155080213,52.69,8.230322580645161,20.146926406926404,1210.0,25.1,60,0.0,12.8,1009.9
2020-12-26,Mumbai,97.97583333333333,179.93058823529412,38.05,7.847571428571429,30.741333333333333,1073.225806451613,25.0,65,0.0,14.3,1011.3
2020-12-27,Mumbai,106.96904761904761,190.46866666666668,36.32303030303031,10.701179487179488,43.66222222222222,1043.9285714285713,24.8,68,0.0,20.9,1011.4
2020-12-28,Mumbai,68.73142857142857,151.29473333333334,36.635999999999996,8.633392857142857,35.1225,739.2,23.2,50,0.0,23.1,1011.5
2020-12-29,Mumbai,77.736875,199.4095622895623,40.6885,9.172455357142857,28.88235294117647,846.0,22.0,61,0.0,18.7,1010.7
2020-12-30,Mumbai,98.17973684210526,239.0935,50.26933333333333,14.255491452991453,38.888888888888886,1006.1538461538462,22.9,65,0.0,20.4,1010.8
2020-12-31,Mumbai,101.52387096774193,215.75256048387098,49.49592592592593,8.761822916666667,38.63074074074074,1164.0,24.5,67,0.0,15.3,1010.3
2021-01-01,Mumbai,112.81433333333332,229.37980846774192,39.63166666666667,9.341286231884059,39.215714285714284,1198.421052631579,25.4,70,0.0,17.3,1010.7
2021-01-02,Mumbai,125.85499999999999,217.31895220588234,30.39111111111111,8.127849264705883,18.816666666666666,1071.875,25.0,75,0.0,16.2,1011.5
2021-01-03,Mumbai,113.54166666666667,222.56555555555553,35.712105263157895,7.351176470588236,70.54133333333334,959.375,24.3,69,0.0,18.0,1010.0
2021-01-04,Mumbai,124.61375,229.37020833333335,35.15130434782609,7.547461538461539,36.79666666666667,1048.4615384615386,24.0,66,0.0,16.6,1010.0
2021-01-05,Mumbai,123.485,223.54945454545452,35.91264705882353,8.046330049261083,44.30642857142857,945.0,24.0,67,0.4,20.9,1011.1
2021-01-06,Mumbai,151.84674836601306,258.4658823529412,40.137277777777776,11.573684210526316,30.32007843137255,1031.154761904762,24.5,61,0.0,21.8,1010.6
2021-01-07,Mumbai,138.02266666666668,255.5039160839161,47.12703703703704,15.063358974358975,36.91483870967742,1075.7692307692307,25.2,71,0.2,17.6,1008.6
2021-01-08,Mumbai,143.902,240.76416118421054,37.22655172413793,11.24566554054054,14.178571428571429,1081.923076923077,25.2,84,2.8,11.5,1008.0
2021-01-09,Mumbai,120.32511627906976,177.94350948509486,33.08529411764706,11.2030648267009,23.835135135135136,969.3023255813954,25.9,78,0.2,16.1,1008.6
2021-01-10,Mumbai,120.36999999999999,193.98642857142858,28.27642857142857,9.877083333333333,8.072727272727272,1185.4545454545455,26.9,76,0.0,14.3,1009.4
2021-01-11,Mumbai,110.872,174.23100686498856,25.037142857142857,11.875493348115299,27.98818181818182,1020.0,26.9,73,0.0,16.1,1010.4
2021-01-12,Mumbai,113.58538461538461,173.50060688405796,36.59277777777778,15.338163265306124,21.714285714285715,1077.3684210526317,27.3,68,0.0,20.7,1011.0
2021-01-13,Mumbai,85.30440476190476,150.215,26.64029054054054,13.50826625386997,21.802894736842106,846.25,26.9,62,0.0,18.9,1010.7
2021-01-14,Mumbai,90.55042857142857,179.60314285714284,37.30203079178886,13.125238095238096,30.665107142857146,708.711967545639,24.8,70,0.0,20.1,1010.2
2021-01-15,Mumbai,72.59025396825396,147.73666666666668,30.961724137931036,11.243814616755794,42.00951190476191,742.0163170163171,23.7,75,0.0,19.1,1009.7
2021-01-16,Mumbai,77.92807471264368,131.963,38.00771336553945,10.380337331334331,41.94506896551724,745.6187290969899,22.7,73,0.0,18.6,1008.8
2021-01-17,Mumbai,92.125,204.2468006993007,37.672916666666666,8.441363636363636,45.503461538461536,940.0,23.4,78,0.0,14.7,1009.2
2021-01-18,Mumbai,48.93388471177945,130.36944444444444,26.076165413533836,9.499411764705883,15.994117647058824,798.5434173669469,24.2,74,0.0,18.1,1010.8
2021-01-19,Mumbai,92.46291666666667,183.9185164835165,41.10166666666667,11.876923076923077,43.629120879120876,1112.857142857143,25.2,61,0.0,17.2,1010.9
2021-01-20,Mumbai,86.61863636363636,154.38,41.746456521739134,14.596642105263157,25.947137681159422,1212.391304347826,24.7,57,0.0,18.1,1011.8
2021-01-21,Mumbai,112.029,218.19285714285712,28.764761904761905,10.880541666666666,64.17875000000001,915.2678571428571,23.0,65,0.0,17.6,1011.7
2021-01-22,Mumbai,121.66666666666667,250.66666666666666,48.7975,12.629999999999999,11.1,1500.0,23.0,75,0.0,18.6,1011.0
2021-01-23,Mumbai,106.772,178.56888888888886,32.22458333333333,13.83016129032258,65.84277777777778,991.0,24.1,68,0.0,20.1,1011.1
2021-01-24,Mumbai,61.71333333333333,134.48000000000002,24.758333333333336,5.45,38.36,590.0,23.8,62,0.0,19.6,1012.0
2021-01-25,Mumbai,86.875,196.33,47.38583333333334,6.943,18.9,850.0,22.5,64,0.0,19.1,1012.6
2021-01-26,Mumbai,99.71428571428571,184.57,23.31,5.84,8.4,1083.0,22.0,70,0.0,20.4,1012.2
2021-01-27,Mumbai,56.430326086956526,48.57333333333333,0.9916666666666667,14.018333333333333,10.858333333333334,2156.6666666666665,21.5,71,0.0,18.4,1011.8
2021-01-28,Mumbai,115.04166666666667,58.61509259259259,2.1785185185185183,12.921851851851851,10.346296296296297,2036.6666666666665,21.6,71,0.0,20.0,1012.2
2021-01-29,Mumbai,105.25,68.65685185185185,3.36537037037037,11.82537037037037,9.83425925925926,1916.6666666666665,22.4,63,0.0,17.9,1012.8
2021-01-30,Mumbai,87.20833333333333,78.6986111111111,4.5522222222222215,10.72888888888889,9.322222222222223,1796.6666666666665,23.1,63,0.0,19.9,1012.2
2021-01-31,Mumbai,87.5,,,,,,23.5,62,0.0,19.2,1012.4
2021-02-01,Mumbai,88.04166666666667,,,,,,25.7,53,0.0,19.7,1013.7
2021-02-02,Mumbai,75.04166666666667,,,,,,26.3,47,0.0,17.9,1013.9
2021-02-03,Mumbai,88.58333333333333,,,,,,24.9,53,0.0,16.6,1013.2
2021-02-04,Mumbai,91.0,,,,,,24.3,60,0.0,21.1,1013.1
2021-02-05,Mumbai,62.6816847826087,138.94916666666666,11.673333333333332,4.1499999999999995,6.25,1076.6666666666667,24.3,53,0.0,22.7,1012.9
2021-02-06,Mumbai,63.416666666666664,130.08121212121213,15.352847222222222,3.2947979797979796,15.632640382317803,887.8172348484849,24.7,45,0.0,21.3,1012.0
2021-02-07,Mumbai,53.036206896551725,127.27461538461537,26.273720159151193,5.614025198938992,24.642725925925927,680.4583333333333,25.8,39,0.0,19.6,1012.5
2021-02-08,Mumbai,58.541666666666664,150.66394736842105,18.84581081081081,6.3664983974358975,20.31041666666667,947.8673835125448,24.9,41,0.0,22.0,1013.0
2021-02-09,Mumbai,69.11176470588236,150.45666666666668,34.31125,11.104705882352942,22.02486111111111,917.3611111111111,24.1,49,0.0,17.1,1012.1
2021-02-10,Mumbai,102.96333333333332,188.2025,25.972499999999997,6.215624999999999,32.97690476190476,896.875,23.6,57,0.0,18.4,1011.0
2021-02-11,Mumbai,133.286,217.07,20.602555555555554,6.065347222222222,24.9,1294.875,24.6,55,0.0,16.5,1009.9
2021-02-12,Mumbai,98.72538461538463,186.53,29.974771929824563,12.45275,26.7509375,1060.4166666666665,24.5,61,0.0,19.5,1010.6
2021-02-13,Mumbai,68.80375000000001,144.0427272727273,22.066666666666666,5.223636363636364,24.65,575.7142857142857,24.3,66,0.0,22.0,1011.9
2021-02-14,Mumbai,58.767500000000005,133.8675,16.512857142857143,2.9714285714285715,28.875,460.0,24.2,70,0.0,21.8,1012.2
2021-02-15,Mumbai,48.57875,97.90818181818182,14.293636363636363,3.67,17.0,408.0,24.2,72,0.0,23.4,1011.4
2021-02-16,Mumbai,39.79714285714285,75.00428571428571,9.820746753246754,3.2359999999999998,16.8325,456.8205128205128,23.6,79,0.0,24.2,1011.2
2021-02-17,Mumbai,44.6525,103.73,18.546666666666667,3.6633333333333336,15.0,547.5,24.0,76,0.0,24.7,1010.8
2021-02-18,Mumbai,81.17333333333333,185.79999999999998,30.682916666666664,5.07,40.0,820.4166666666667,25.3,66,1.0,15.6,1011.2
2021-02-19,Mumbai,42.72,83.44333333333333,27.46333333333333,5.44,15.848333333333333,575.0,25.5,62,0.1,19.0,1012.9
2021-02-20,Mumbai,85.0,86.00416666666666,21.161666666666665,8.041875000000001,32.049166666666665,588.75,25.6,55,0.0,25.3,1012.9
2021-02-21,Mumbai,50.529411764705884,88.565,14.86,10.64375,48.25,602.5,27.1,45,0.0,21.3,1012.4
2021-02-22,Mumbai,60.8764705882353,121.77933333333334,24.2584358974359,4.863333333333333,30.278846153846153,821.7460317460318,26.8,57,0.0,20.5,1012.8
2021-02-23,Mumbai,84.79166666666667,199.23333333333335,33.439910714285716,6.72375,36.96089285714285,978.75,26.6,61,0.0,18.7,1011.5
2021-02-24,Mumbai,79.25,161.25,24.67875,6.9025,66.9,756.6666666666667,27.1,60,0.0,19.4,1010.2
2021-02-25,Mumbai,79.0775,169.866,41.880624999999995,10.948333333333332,12.236428571428572,1065.0,27.5,54,0.0,24.0,1010.8
2021-02-26,Mumbai,50.9075,102.9475,26.674857142857142,6.952,11.030000000000001,740.3571428571429,26.1,66,0.0,20.7,1010.2
2021-02-27,Mumbai,30.630000000000003,60.08,7.72,20.14,16.01,1380.0,26.1,69,0.0,24.2,1009.1
2021-02-28,Mumbai,61.13333333333333,109.875,23.095,20.258333333333333,15.787222222222223,1161.6666666666667,27.6,56,0.0,21.8,1008.7
2021-03-01,Mumbai,68.56888888888889,159.67,38.47,20.376666666666665,15.564444444444442,943.3333333333334,28.4,49,0.0,23.2,1011.1
2021-03-02,Mumbai,68.10333333333334,152.28285714285715,33.23416666666667,18.66968253968254,6.928571428571429,1059.1666666666665,28.0,44,0.0,25.0,1011.9
2021-03-03,Mumbai,59.16555555555556,113.5311111111111,29.430888888888887,18.929722222222225,12.796931818181818,795.5555555555555,28.3,40,0.0,21.9,1010.3
2021-03-04,Mumbai,83.67391304347825,192.03,21.964285714285715,14.5125,9.571428571428571,1235.0,28.9,36,0.0,23.3,1009.8
2021-03-05,Mumbai,80.61576923076923,166.6757142857143,18.90857142857143,8.754285714285714,19.285384615384615,1074.1666666666667,28.2,43,0.0,19.2,1010.8
2021-03-06,Mumbai,55.599333333333334,139.52583333333334,19.673333333333332,6.073083333333333,17.96666666666667,660.4166666666667,26.2,78,0.0,18.2,1011.9
2021-03-07,Mumbai,47.57523809523809,111.07083333333334,21.686875,8.7,17.071428571428573,490.7142857142857,26.4,67,0.0,19.9,1011.2
2021-03-08,Mumbai,41.625,109.60799999999999,25.908846153846156,8.050128205128205,17.35442857142857,663.6309523809524,26.2,64,0.0,21.1,1010.9
2021-03-09,Mumbai,47.17611111111111,120.08936688311687,30.29,7.7975,26.364545454545453,642.0,27.7,57,0.0,24.2,1010.7
2021-03-10,Mumbai,62.718333333333334,136.52833333333334,26.897916666666667,8.483333333333333,4.5,605.0,27.4,62,0.0,21.0,1010.8
2021-03-11,Mumbai,51.00285714285714,106.6875,13.991428571428571,7.865714285714286,13.832857142857142,541.4285714285714,26.3,71,0.0,23.2,1011.1
2021-03-12,Mumbai,37.230333333333334,117.42227272727273,24.221,4.529166666666667,21.333333333333332,495.8333333333333,26.7,64,0.0,24.2,1012.0
2021-03-13,Mumbai,74.45872549019607,187.34977124183007,27.863999999999997,6.657692307692307,44.448235294117644,680.0,28.7,48,0.0,21.3,1011.5
2021-03-14,Mumbai,61.932,143.38,24.411754807692308,6.481418269230769,32.44791666666667,648.9230769230769,28.7,46,0.0,20.2,1009.6
2021-03-15,Mumbai,61.753611111111105,185.46564583333333,28.582222222222224,5.104,31.916666666666668,646.6666666666666,28.8,46,0.0,23.7,1009.1
2021-03-16,Mumbai,61.88263888888888,161.47413636363638,21.694444444444443,8.317272727272726,20.818181818181817,708.0,28.4,53,0.0,23.5,1009.5
2021-03-17,Mumbai,59.21471428571429,141.77901785714286,24.024285714285714,10.281428571428572,52.89375,484.2857142857143,28.7,53,0.0,23.2,1008.2
2021-03-18,Mumbai,57.7409375,139.52089285714285,26.02733333333333,5.574,26.266666666666666,715.8823529411765,27.9,59,0.0,19.5,1008.5
2021-03-19,Mumbai,58.33797619047618,172.33642857142854,15.683214285714286,5.843333333333334,35.714285714285715,512.0,27.2,65,0.0,24.2,1009.5
2021-03-20,Mumbai,49.1803125,185.62301948051947,15.1425,8.17357142857143,12.795,456.9230769230769,26.3,75,0.0,18.0,1008.2
2021-03-21,Mumbai,55.69111111111111,153.06416666666667,18.694444444444443,8.595,25.77777777777778,556.6666666666666,26.9,74,0.0,15.6,1007.5
2021-03-22,Mumbai,52.35992307692308,142.89619047619047,16.956923076923076,6.681111111111111,8.980833333333335,557.7777777777778,27.8,70,0.0,18.0,1009.5
2021-03-23,Mumbai,66.41233333333332,162.578,24.303,6.91,22.13,876.0,28.6,52,0.0,23.7,1010.1
2021-03-24,Mumbai,76.32666666666667,169.29,20.04,7.765,11.791666666666668,1160.0,29.7,49,0.0,17.9,1010.0
2021-03-25,Mumbai,68.349,132.169,23.244,8.959602272727272,28.2125,1035.1136363636365,30.9,32,0.0,25.3,1009.1
2021-03-26,Mumbai,71.36176470588236,145.73000000000002,27.009444444444444,9.903472222222224,22.26142857142857,1119.3055555555557,30.5,31,0.0,22.5,1008.1
2021-03-27,Mumbai,71.16999999999999,137.9675,17.785,18.1,7.275,1350.0,30.5,32,0.0,24.2,1007.1
2021-03-28,Mumbai,66.68,114.0,15.83,12.05,8.57,870.0,28.1,59,0.0,18.3,1007.2
2021-03-29,Mumbai,72.91499999999999,132.0,16.05,12.44,7.5,750.0,27.8,78,0.0,24.3,1007.4
2021-03-30,Mumbai,24.9,66.5,15.465,7.9725,7.5,495.0,26.8,78,0.0,14.4,1007.6
2021-03-31,Mumbai,33.035,78.99,11.88,11.27,4.41,560.0,26.6,81,0.0,19.2,1006.8
2021-04-01,Mumbai,46.27318181818181,77.41,0.0,10.165,6.0,600.0,27.3,78,0.0,18.1,1006.4
2021-04-02,Mumbai,45.5,166.27499999999998,13.6075,9.059999999999999,17.25,375.0,27.0,76,0.1,16.0,1006.7
2021-04-03,Mumbai,32.02,78.85,13.58,7.2,19.91,410.0,27.1,75,0.0,17.9,1007.8
2021-04-04,Mumbai,26.58823529411765,93.175,15.719999999999999,6.38,13.6725,408.75,27.3,76,0.0,21.1,1009.5
2021-04-05,Mumbai,41.38,107.5,17.86,5.56,7.435,407.5,27.4,80,0.0,22.7,1009.4
2021-04-06,Mumbai,34.0,118.52,14.375,9.01,10.5,515.0,28.5,66,0.0,24.7,1008.4
2021-04-07,Mumbai,57.27333333333333,176.28333333333333,29.314999999999998,25.60666666666667,26.011666666666667,1436.6666666666665,28.1,70,0.0,21.7,1009.2
2021-04-08,Mumbai,44.559999999999995,122.58999999999999,9.1875,7.5649999999999995,12.0,352.5,27.9,80,0.0,18.2,1008.1
2021-04-09,Mumbai,49.64735294117647,126.73499999999999,50.489999999999995,17.421666666666667,26.715,590.0,28.1,77,0.0,20.8,1007.6
2021-04-10,Mumbai,32.25,116.61500000000001,6.75,2.83,28.97,270.0,28.0,77,0.0,18.8,1008.7
2021-04-11,Mumbai,32.833333333333336,114.95444444444445,16.865000000000002,9.095,27.967777777777776,424.44444444444446,28.9,75,0.0,18.2,1009.5
2021-04-12,Mumbai,33.708333333333336,113.29388888888889,26.98,15.360000000000001,26.965555555555557,578.8888888888889,29.1,74,0.0,19.2,1010.5
2021-04-13,Mumbai,34.5,111.63333333333333,37.095,21.625,25.963333333333335,733.3333333333334,29.9,67,0.0,20.2,1009.6
2021-04-14,Mumbai,29.5,102.15,6.67,16.61,28.0,170.0,30.0,68,0.0,18.8,1009.3
2021-04-15,Mumbai,35.666666666666664,80.4225,12.36,5.997916666666667,17.646666666666665,266.66666666666663,29.0,75,0.0,19.4,1009.3
2021-04-16,Mumbai,27.540000000000003,69.125,9.82,8.093333333333334,19.0,163.33333333333334,28.1,76,0.0,23.5,1009.1
2021-04-17,Mumbai,23.0,64.21,6.7,6.5,21.0,90.0,28.4,79,0.0,22.0,1009.7
2021-04-18,Mumbai,28.402083333333334,77.45,5.896666666666667,7.7799999999999985,33.58,165.0,29.5,76,0.0,19.5,1009.9
2021-04-19,Mumbai,32.03,91.58,9.489999999999998,3.77,22.12,115.0,28.7,78,0.0,18.3,1008.9
2021-04-20,Mumbai,23.740000000000002,73.0,6.105,3.52125,13.664166666666667,83.75,28.5,78,0.0,14.9,1008.3
2021-04-21,Mumbai,19.166666666666668,75.48,6.346,3.8516250000000003,15.049583333333334,106.75,28.3,77,0.0,20.0,1009.6
2021-04-22,Mumbai,27.468,77.96000000000001,6.587,4.182,16.435000000000002,129.75,28.3,77,0.0,23.4,1009.5
2021-04-23,Mumbai,28.996666666666666,78.22,8.994166666666668,6.075,11.566666666666666,260.0,28.2,72,0.0,21.5,1009.4
2021-04-24,Mumbai,22.17,85.71,9.82,4.36,15.0,670.0,27.7,77,0.0,22.2,1008.9
2021-04-25,Mumbai,503.58500000000004,82.85499999999999,9.64,2.18,7.51,590.0,29.0,78,0.0,23.9,1007.6
2021-04-26,Mumbai,985.0,80.0,9.46,0.0,0.02,510.0,29.9,79,0.0,17.4,1007.3
2021-04-27,Mumbai,37.0,123.67,2.96,2.8,9.0,250.0,29.7,75,0.0,17.4,1008.3
2021-04-28,Mumbai,29.696875,109.19145833333334,7.84,4.32,12.666666666666666,338.75,29.7,75,0.0,21.6,1009.2
2021-04-29,Mumbai,20.677500000000002,72.04833333333333,5.76,5.033333333333333,10.5,286.6666666666667,29.6,79,0.0,22.1,1008.7
2021-04-30,Mumbai,34.3275,86.0925,7.2175,4.0825,19.404000000000003,317.5,29.2,79,0.0,16.6,1007.8
2021-05-01,Mumbai,24.41,78.76,9.370000000000001,5.6,33.010000000000005,305.0,30.0,74,0.0,20.9,1006.8
2021-05-02,Mumbai,27.16,87.4,8.34,11.6025,18.0475,262.5,30.2,77,0.0,15.9,1007.4
2021-05-03,Mumbai,22.08,87.4,10.065000000000001,31.79,44.53,1410.0,30.2,75,0.0,19.3,1007.0
2021-05-04,Mumbai,31.38235294117647,104.3,17.51,37.44,64.75,0.0,30.0,73,0.0,20.3,1006.8
2021-05-05,Mumbai,31.295,72.1925,5.4591666666666665,4.48125,11.71,367.5,30.0,75,0.0,20.8,1006.7
2021-05-06,Mumbai,22.751666666666665,71.18666666666667,5.123333333333333,5.57,11.54,286.6666666666667,29.6,79,0.0,18.3,1007.3
2021-05-07,Mumbai,26.0,58.41,15.67,17.65,5.98,80.0,29.8,78,0.0,20.0,1008.1
2021-05-08,Mumbai,25.6725,64.8875,5.25,4.925,15.0,705.0,29.8,78,0.0,19.8,1007.1
2021-05-09,Mumbai,26.990000000000002,79.82749999999999,5.4,2.7199999999999998,8.0,803.3333333333334,29.9,77,0.0,17.7,1006.4
2021-05-10,Mumbai,24.28,71.41499999999999,4.93,3.625,4.220000000000001,315.0,29.7,73,0.0,20.1,1006.2
2021-05-11,Mumbai,17.2,74.5325,10.26,15.325,32.4275,217.5,29.5,73,0.0,19.0,1006.8
2021-05-12,Mumbai,15.6875,77.65,15.59,27.025,60.635000000000005,120.0,29.5,69,0.0,19.3,1005.6
2021-05-13,Mumbai,21.61,70.33,6.12,4.56,14.0,310.0,29.3,66,0.0,18.1,1004.7
2021-05-14,Mumbai,30.93978260869565,92.16,26.1,16.59,15.0,0.0,29.3,73,0.0,24.2,1002.8
2021-05-15,Mumbai,61.16,136.51,8.555,4.21,71.615,485.0,31.3,65,0.0,28.0,999.6
2021-05-16,Mumbai,14.875,68.96000000000001,4.57,5.0,25.17,300.0,31.0,62,7.0,25.7,997.4
2021-05-17,Mumbai,7.533333333333333,39.2225,8.4875,4.928333333333333,17.08833333333333,112.5,26.8,88,199.9,61.9,995.7
2021-05-18,Mumbai,16.925,58.0,5.79,5.67,8.870000000000001,165.0,27.4,88,22.6,47.5,1001.7
2021-05-19,Mumbai,20.03,84.51,13.21,5.28,14.31,310.0,27.5,88,15.2,28.0,1003.9
2021-05-20,Mumbai,28.33,126.1575,6.406666666666666,3.6883333333333335,10.5,273.3333333333333,28.3,83,1.0,14.1,1005.9
2021-05-21,Mumbai,25.636363636363637,102.24312499999999,5.289999999999999,4.196666666666666,17.625,282.5,28.4,82,0.3,12.1,1006.8
2021-05-22,Mumbai,19.842105263157894,78.32875,4.173333333333333,4.705,24.75,291.66666666666663,28.7,78,1.2,15.5,1006.4
2021-05-23,Mumbai,19.771052631578947,54.41437500000001,3.056666666666666,5.213333333333333,31.875,300.8333333333333,28.8,79,1.6,16.4,1007.2
2021-05-24,Mumbai,19.7,30.5,1.94,,39.0,310.0,28.8,81,1.8,20.2,1008.1
2021-05-25,Mumbai,19.29,61.245000000000005,6.225,6.2299999999999995,15.415,160.0,29.0,78,1.7,21.9,1006.3
2021-05-26,Mumbai,12.0,77.63499999999999,6.55,8.64,14.315000000000001,20.0,29.2,71,0.0,17.3,1005.4
2021-05-27,Mumbai,12.0,69.15083333333332,7.17,8.23,13.2775,37.625,29.6,72,4.8,20.7,1005.5
2021-05-28,Mumbai,23.96666666666667,60.666666666666664,7.790000000000001,7.82,12.239999999999998,55.25,29.2,79,3.6,17.7,1005.7
2021-05-29,Mumbai,17.5,61.5,3.1225,5.23,8.0,160.0,28.8,82,2.8,16.0,1006.7
2021-05-30,Mumbai,14.166666666666666,71.66499999999999,5.838749999999999,7.94,5.805,170.0,28.9,82,3.3,16.5,1006.7
2021-05-31,Mumbai,62.0,81.83,8.555,10.65,3.6100000000000003,180.0,28.5,85,3.5,15.6,1004.8
2021-06-01,Mumbai,19.59,58.48625,14.565,9.537916666666668,6.0,390.0,28.2,86,7.4,19.5,1005.1
2021-06-02,Mumbai,19.355,44.0,16.884999999999998,7.56,6.28,495.0,28.1,86,11.1,13.3,1005.8
2021-06-03,Mumbai,22.39,58.5,15.5625,8.125,17.455,295.0,28.8,84,1.3,14.0,1006.4
2021-06-04,Mumbai,19.33,48.0,12.31,6.345000000000001,9.28,190.0,28.6,84,5.2,12.7,1007.2
2021-06-05,Mumbai,24.708333333333336,70.0,19.323333333333334,9.535,12.81,340.0,27.3,86,7.7,12.2,1006.5
2021-06-06,Mumbai,15.0,47.355000000000004,15.31,8.125,22.31,400.0,27.4,84,9.7,15.9,1006.8
2021-06-07,Mumbai,17.580555555555556,43.15428571428571,15.046875,7.678333333333333,10.914761904761905,324.42857142857144,27.4,87,10.5,15.8,1007.3
2021-06-08,Mumbai,17.913333333333334,50.7,13.15,9.009999999999998,11.0,277.5,27.0,91,25.1,14.5,1006.3
2021-06-09,Mumbai,15.219166666666666,41.233333333333334,12.95,8.558333333333334,8.406666666666666,336.25,26.8,90,24.0,17.3,1005.2
2021-06-10,Mumbai,12.525,31.766666666666666,12.75,8.106666666666667,5.813333333333333,395.0,27.0,89,24.0,17.7,1004.5
2021-06-11,Mumbai,13.5,32.945,9.29,7.3100000000000005,5.01,420.0,27.1,89,19.6,22.0,1003.6
2021-06-12,Mumbai,8.0,35.25,10.719999999999999,10.0,7.9,690.0,27.0,90,15.7,18.0,1003.4
2021-06-13,Mumbai,12.0,40.25,11.403749999999999,7.8549999999999995,11.735000000000001,258.33333333333337,27.4,89,9.6,19.0,1003.3
2021-06-14,Mumbai,19.865000000000002,71.095,11.045,12.485,14.2475,315.0,27.3,90,5.2,19.3,1002.2
2021-06-15,Mumbai,21.5,67.055,12.125,9.313333333333334,4.975,243.33333333333331,26.8,89,9.2,21.0,1001.2
2021-06-16,Mumbai,14.055,45.935,7.0,13.290000000000001,11.0,330.0,26.4,91,13.7,22.1,1001.6
2021-06-17,Mumbai,17.982045454545457,50.623333333333335,9.103333333333333,11.013333333333334,10.66,336.6666666666667,26.2,90,18.5,24.0,1002.8
2021-06-18,Mumbai,21.90909090909091,55.31166666666667,11.206666666666667,8.736666666666668,10.32,343.3333333333333,26.1,90,15.9,26.6,1003.8
2021-06-19,Mumbai,24.0,60.0,13.31,6.46,9.98,350.0,25.8,90,18.5,22.7,1005.8
2021-06-20,Mumbai,43.17318181818182,33.15,11.95,18.61,13.61,190.0,26.7,88,10.3,24.8,1006.6
2021-06-21,Mumbai,39.0,93.295,9.485,11.125,14.065,442.5,27.3,85,5.6,16.9,1007.2
2021-06-22,Mumbai,31.05916666666667,88.0325,14.645,11.3925,15.049999999999999,403.3333333333333,27.4,86,5.9,15.1,1006.9
2021-06-23,Mumbai,43.47555555555556,48.36,2.81,10.91,77.5,65.0,27.0,89,5.6,15.2,1006.5
2021-06-24,Mumbai,22.655,87.0,16.15,10.6,9.16,315.0,26.4,90,8.7,19.1,1006.9
2021-06-25,Mumbai,15.130434782608695,19.145,19.185,1.24,2.33,500.0,26.0,92,36.7,16.3,1006.0
2021-06-26,Mumbai,25.41,53.96,13.7425,9.805,7.217499999999999,635.0,27.6,82,3.5,18.3,1005.8
2021-06-27,Mumbai,26.07,88.0,19.4,8.725,7.71,525.0,27.2,85,9.3,15.4,1007.4
2021-06-28,Mumbai,36.50333333333334,119.60499999999999,20.25,6.04,35.875,295.0,26.1,90,19.2,10.6,1006.5
2021-06-29,Mumbai,16.791666666666668,95.925,22.810000000000002,6.135,19.0575,410.0,27.4,88,3.0,14.8,1005.9
2021-06-30,Mumbai,14.78,44.44,13.59,7.720000000000001,5.07,370.0,27.5,89,4.8,16.1,1006.0
2021-07-01,Mumbai,16.3775,46.5,9.013333333333334,10.74,8.49125,410.66666666666663,28.3,80,2.9,22.8,1004.4
2021-07-02,Mumbai,11.05,53.25,7.491666666666667,8.525,11.495625,360.3333333333333,28.1,81,1.8,22.6,1004.8
2021-07-03,Mumbai,19.0,60.0,5.97,6.3100000000000005,14.5,310.0,27.9,85,1.8,18.5,1005.9
2021-07-04,Mumbai,14.79,49.0,7.96,11.87,9.63,360.0,27.7,86,2.3,13.0,1006.4
2021-07-05,Mumbai,25.259999999999998,69.0,6.65,7.9,14.32,445.0,27.7,87,1.2,13.0,1006.2
2021-07-06,Mumbai,21.35,68.5,4.945,7.135,7.075,480.0,27.8,86,1.0,13.8,1005.1
2021-07-07,Mumbai,17.0,62.75,6.9425,9.9825,8.5775,437.5,28.2,84,2.2,14.2,1005.0
2021-07-08,Mumbai,19.0,57.0,8.94,12.83,10.08,395.0,27.6,88,8.9,14.9,1005.0
2021-07-09,Mumbai,19.625,59.391999999999996,9.85875,10.152333333333333,9.901333333333334,554.1666666666666,27.4,86,4.1,13.8,1003.1
2021-07-10,Mumbai,15.05,26.862499999999997,6.53,7.00375,8.68,540.0,26.3,92,85.5,16.1,1002.0
2021-07-11,Mumbai,12.448076923076924,29.493611111111107,7.171666666666667,6.754722222222222,11.23111111111111,533.3333333333334,27.1,88,13.7,14.7,1000.7
2021-07-12,Mumbai,9.846153846153847,32.12472222222222,7.8133333333333335,6.505694444444445,13.78222222222222,526.6666666666666,26.9,91,41.0,36.8,998.8
2021-07-13,Mumbai,17.714,34.75583333333333,8.455,6.256666666666667,16.333333333333332,520.0,26.6,91,34.6,23.7,1000.7
2021-07-14,Mumbai,13.105833333333335,26.9,10.648,4.775153846153846,15.338375000000001,628.75,26.2,91,34.9,23.1,1001.6
2021-07-15,Mumbai,10.483611111111111,24.335,8.3225,6.7425,8.82,537.5,26.8,88,22.4,23.2,1000.3
2021-07-16,Mumbai,10.0,33.98,5.32,3.06,22.75,850.0,26.5,91,31.8,31.5,1003.0
2021-07-17,Mumbai,7.04,16.0,7.94,9.95,9.575,360.0,26.8,90,40.6,26.6,1004.9
2021-07-18,Mumbai,11.815833333333334,35.333333333333336,5.23,7.122999999999999,20.660333333333334,300.0,26.9,90,32.9,21.6,1004.1
2021-07-19,Mumbai,11.103333333333335,42.45333333333333,15.296666666666667,5.846666666666667,13.256666666666666,408.33333333333337,26.3,92,55.2,22.0,1003.5
2021-07-20,Mumbai,17.8725,53.8,9.850000000000001,8.290000000000001,12.86125,484.0,26.4,91,29.1,23.4,1005.5
2021-07-21,Mumbai,15.805,46.333333333333336,4.529999999999999,7.4433333333333325,16.015,418.33333333333337,26.5,90,36.7,34.8,1004.3
2021-07-22,Mumbai,22.15909090909091,61.22285714285715,8.1,7.088181818181818,17.80909090909091,425.0,26.6,88,18.5,34.0,1001.6
2021-07-23,Mumbai,19.965,56.52166666666666,8.456666666666667,8.02,13.796666666666667,590.0,26.0,90,28.2,25.3,1001.6
2021-07-24,Mumbai,15.0,47.5,10.67,7.445,6.43,665.0,26.5,88,13.1,24.2,1003.0
2021-07-25,Mumbai,21.477916666666665,62.19125,6.605,9.0525,11.5,490.0,26.4,90,15.3,23.9,1004.0
2021-07-26,Mumbai,20.403458333333333,61.659435483870965,6.6611290322580645,9.113387096774193,11.365806451612903,504.83870967741933,26.6,88,12.5,28.7,1004.4
2021-07-27,Mumbai,19.329,61.12762096774193,6.7172580645161295,9.174274193548387,11.231612903225807,519.6774193548387,26.7,86,8.4,27.2,1003.8
2021-07-28,Mumbai,18.254541666666665,60.5958064516129,6.773387096774194,9.235161290322582,11.09741935483871,534.516129032258,27.1,83,12.4,30.6,1004.2
2021-07-29,Mumbai,,,,,,,27.0,84,11.3,31.3,1005.4
2021-07-30,Mumbai,,,,,,,27.2,83,8.4,29.5,1006.1
2021-07-31,Mumbai,,,,,,,27.3,82,2.7,30.8,1007.1
2021-08-01,Mumbai,,,,,,,27.0,81,3.1,31.0,1005.9
2021-08-02,Mumbai,,,,,,,26.6,84,4.7,25.3,1006.0
2021-08-03,Mumbai,,,,,,,26.2,89,9.8,24.4,1007.2
2021-08-04,Mumbai,10.733333333333333,,,,,,26.5,87,5.6,24.0,1007.2
2021-08-05,Mumbai,15.266666666666667,,,,,,26.8,86,5.9,24.2,1005.4
2021-08-06,Mumbai,14.761904761904763,,,,,,26.9,86,3.9,23.4,1004.7
2021-08-07,Mumbai,17.76923076923077,,,,,,26.6,88,4.0,14.9,1005.5
2021-08-08,Mumbai,14.727272727272727,,,,,,26.4,90,3.0,13.4,1006.7
2021-08-09,Mumbai,16.105263157894736,,,,,,26.8,87,4.2,17.9,1007.8
2021-08-10,Mumbai,13.458333333333334,,,,,,26.5,88,4.2,17.4,1007.7
2021-08-11,Mumbai,12.375,,,,,,26.5,87,5.5,16.7,1007.8
2021-08-12,Mumbai,16.208333333333332,,,,,,26.7,86,3.9,16.7,1008.5
2021-08-13,Mumbai,12.041666666666666,,,,,,26.6,86,3.7,18.4,1007.4
2021-08-14,Mumbai,11.166666666666666,,,,,,26.0,89,9.1,19.1,1005.8
2021-08-15,Mumbai,14.75,,,,,,25.8,90,6.7,14.6,1005.9
2021-08-16,Mumbai,20.75,,,,,,26.2,89,3.9,12.4,1007.1
2021-08-17,Mumbai,16.458333333333332,,,,,,25.9,91,13.7,9.8,1007.1
2021-08-18,Mumbai,15.291666666666666,,,,,,25.6,93,21.8,12.0,1005.6
2021-08-19,Mumbai,13.5625,,,,,,25.3,93,33.4,16.2,1005.3
2021-08-20,Mumbai,13.083333333333334,,,,,,25.8,88,26.8,15.6,1005.7
2021-08-21,Mumbai,9.25,,,,,,25.3,92,71.7,22.0,1006.8
2021-08-22,Mumbai,16.083333333333332,,,,,,26.1,89,3.1,13.6,1007.3
2021-08-23,Mumbai,13.791666666666666,,,,,,26.4,88,2.3,14.8,1007.2
2021-08-24,Mumbai,13.0,,,,,,26.7,90,1.4,14.9,1007.2
2021-08-25,Mumbai,17.645,45.705,8.344999999999999,10.940000000000001,7.34,950.0,26.7,88,1.6,16.6,1006.3
2021-08-26,Mumbai,9.958333333333334,44.318571428571424,8.50547619047619,10.865952380952383,7.2023809523809526,949.4047619047619,26.6,87,3.4,17.0,1004.7
2021-08-27,Mumbai,12.526315789473685,42.93214285714286,8.66595238095238,10.791904761904762,7.064761904761904,948.8095238095237,26.5,89,2.1,12.3,1004.3
2021-08-28,Mumbai,17.208333333333332,41.54571428571428,8.82642857142857,10.717857142857143,6.927142857142857,948.2142857142857,26.5,87,0.6,14.5,1003.3
2021-08-29,Mumbai,15.5,,,,,,26.6,87,1.4,12.2,1003.1
2021-08-30,Mumbai,19.458333333333332,,,,,,26.6,88,6.0,14.5,1004.5
2021-08-31,Mumbai,16.791666666666668,,,,,,25.9,91,49.1,17.1,1004.4
2021-09-01,Mumbai,17.59,36.0,9.468333333333334,10.421666666666667,6.376666666666666,945.8333333333333,26.1,91,17.2,18.9,1005.0
2021-09-02,Mumbai,11.741764705882353,34.75476731601732,9.145302197802199,10.918666666666667,7.001038461538462,743.2979664014147,26.5,89,7.1,23.8,1004.9
2021-09-03,Mumbai,12.416666666666666,30.935277777777777,12.787619047619048,10.785492424242424,6.913823529411764,885.8988095238095,26.1,91,13.7,19.1,1004.7
2021-09-04,Mumbai,13.622,31.3125,12.602,10.511538461538462,8.404,829.1176470588235,26.2,91,16.6,14.5,1005.2
2021-09-05,Mumbai,18.348412162162163,46.986250000000005,9.536,12.759741602067184,7.513333333333334,1040.5405405405406,26.1,91,10.1,12.3,1005.4
2021-09-06,Mumbai,13.300588235294118,35.67142857142858,11.627312499999999,12.578645833333333,8.632464285714285,841.0625,26.5,89,7.9,16.8,1004.6
2021-09-07,Mumbai,18.845757575757574,38.286515151515154,13.515916666666667,14.581002506265664,8.7744,929.9318181818182,26.0,92,32.0,13.3,1002.7
2021-09-08,Mumbai,13.351666666666667,22.0,18.55166666666667,13.53,10.88,680.0,26.4,90,146.8,34.9,1001.9
2021-09-09,Mumbai,10.45,24.75,8.746777777777778,11.670000000000002,8.915,580.0,26.8,88,6.9,32.1,1005.5
2021-09-10,Mumbai,14.35,38.85,8.111944444444443,11.3675,8.614999999999998,632.5,26.5,89,9.9,26.2,1005.8
2021-09-11,Mumbai,8.36,26.86,10.2925,11.15,10.670000000000002,545.0,26.3,92,53.6,25.3,1003.6
2021-09-12,Mumbai,9.145,24.5,8.139268292682926,12.515,15.0,535.0,26.4,91,45.3,21.4,1001.9
2021-09-13,Mumbai,17.60625,52.2475,8.152258064516129,9.375,7.0,365.0,26.4,90,27.4,25.0,1001.3
2021-09-14,Mumbai,23.37,68.27166666666668,7.804411764705883,12.190833333333334,15.798333333333332,437.91666666666663,26.8,85,6.0,25.5,1002.3
2021-09-15,Mumbai,25.38139705882353,83.718,11.01529411764706,12.149090909090908,8.692857142857143,699.4313725490197,26.5,87,6.0,24.1,1003.6
2021-09-16,Mumbai,24.88689655172414,78.7057142857143,8.916666666666666,11.341739130434783,11.55692118226601,633.5833333333333,26.7,85,4.4,24.5,1004.9
2021-09-17,Mumbai,23.485277777777778,67.95277777777778,8.346505791505791,12.79522857142857,10.891034482758622,840.3333333333334,26.7,84,3.3,21.6,1005.3
2021-09-18,Mumbai,17.469957983193275,55.529411764705884,10.202121212121213,12.166774193548388,9.859334365325077,835.1808406647117,26.2,89,3.3,17.9,1007.0
2021-09-19,Mumbai,14.700559309309309,34.846666666666664,10.62625,12.860555555555557,9.209291666666667,667.4404761904761,26.2,91,6.4,17.1,1008.8
2021-09-20,Mumbai,11.212727272727273,35.125,8.158823529411764,13.7125,8.146731182795698,947.176724137931,26.4,90,10.2,13.1,1008.1
2021-09-21,Mumbai,10.185467032967033,27.230357142857144,8.197777777777778,12.664000000000001,7.319887218045112,1006.7619047619048,26.0,91,17.8,14.5,1007.1
2021-09-22,Mumbai,13.192307692307692,42.92837701612903,7.0799166666666675,13.84890909090909,8.229545454545455,1003.1578947368421,25.8,92,19.7,16.8,1005.5
2021-09-23,Mumbai,20.4075,58.626,8.1390625,14.2459375,11.378630952380952,1042.029761904762,26.2,91,6.6,14.5,1005.5
2021-09-24,Mumbai,20.126666666666665,68.30973684210527,6.099512195121951,15.030810810810811,10.553733333333334,1037.8177150192555,26.7,87,2.0,15.0,1006.5
2021-09-25,Mumbai,26.28125,67.33928571428571,7.09064935064935,12.904499999999999,11.491410256410257,1085.5405405405404,26.4,87,2.2,13.4,1006.9
2021-09-26,Mumbai,19.342105263157894,59.34285714285714,8.463179314565483,10.947368421052632,12.403846153846153,964.8706896551724,26.5,85,2.8,14.1,1005.0
2021-09-27,Mumbai,21.120298295454546,57.5,8.192307692307692,14.437000000000001,7.176091800356506,989.6957236842105,25.9,89,5.2,9.6,1003.7
2021-09-28,Mumbai,17.63197505197505,48.68391391391391,11.477567567567569,13.309127819548873,7.761666666666667,1035.6756756756756,25.7,91,14.3,17.6,1003.0
2021-09-29,Mumbai,8.408782051282051,27.0,9.582666666666666,11.378947368421052,12.607751937984496,851.694701429773,26.3,89,30.7,24.9,1003.9
2021-09-30,Mumbai,16.056598746081505,37.64851851851852,8.154054054054054,14.546875,8.5008211143695,847.7011494252874,26.4,89,4.4,23.1,1007.2
2021-10-01,Mumbai,18.666666666666668,46.080672313797315,8.292075537075537,14.034961538461538,8.430501541469283,890.8908045977012,27.0,89,0.2,15.1,1008.1
2021-10-02,Mumbai,25.375,54.51282610907611,8.430097020097019,13.523048076923077,8.360181968569064,934.080459770115,26.9,89,0.8,16.4,1007.7
2021-10-03,Mumbai,29.875,62.9449799043549,8.568118503118503,13.011134615384616,8.289862395668846,977.2701149425287,27.5,89,0.2,17.8,1007.1
2021-10-04,Mumbai,33.458333333333336,,,,,,28.0,88,0.0,16.5,1006.5
2021-10-05,Mumbai,27.541666666666668,,,,,,28.0,88,0.9,17.7,1006.6
2021-10-06,Mumbai,27.416666666666668,,,,,,28.3,88,7.4,12.5,1005.8
2021-10-07,Mumbai,28.416666666666668,,,,,,28.3,87,2.4,12.1,1005.1
2021-10-08,Mumbai,16.833333333333332,,,,,,27.1,88,6.8,15.3,1006.4
2021-10-09,Mumbai,13.0,,,,,,27.0,89,5.2,13.3,1007.7
2021-10-10,Mumbai,18.708333333333332,,,,,,27.2,87,6.2,10.1,1007.7
2021-10-11,Mumbai,31.458333333333332,,,,,,26.8,89,14.6,15.3,1006.3
2021-10-12,Mumbai,36.625,,,,,,27.6,88,0.7,12.7,1005.6
2021-10-13,Mumbai,71.29166666666667,147.26651785714284,9.948333333333332,7.892,7.586666666666667,1409.1666666666665,28.1,85,1.6,12.8,1005.3
2021-10-14,Mumbai,65.58616666666667,131.26286025145066,20.447094861660077,9.34037037037037,16.38216216216216,1067.3684210526317,28.6,80,0.7,18.7,1004.8
2021-10-15,Mumbai,59.380853260869564,131.28491279069766,18.320705602537,10.113991228070175,19.533333333333335,1043.8095238095239,28.2,69,0.0,18.6,1002.8
2021-10-16,Mumbai,51.07536585365854,130.67636363636365,17.191,9.375416666666666,29.578484848484848,800.5921052631579,27.5,70,0.0,20.0,1002.1
2021-10-17,Mumbai,61.17911111111111,147.73978723404255,17.941702127659575,7.406444444444445,28.51235951991271,1033.3947368421054,27.3,73,0.0,17.4,1003.2
2021-10-18,Mumbai,38.0,104.11697674418605,17.71666666666667,5.38,20.586176470588235,697.1052631578948,27.8,80,1.1,19.9,1006.3
2021-10-19,Mumbai,35.05348837209302,95.85756097560976,14.835869565217392,6.698936170212766,18.837279255319146,735.0059523809524,26.7,82,0.5,13.8,1010.2
2021-10-20,Mumbai,33.990425531914894,96.0741304347826,16.908372093023253,5.746628787878788,18.352408536585365,765.4233409610983,26.3,84,0.0,18.6,1012.1
2021-10-21,Mumbai,51.77295454545455,126.36114285714287,23.792272727272724,6.153611111111111,29.274166666666662,753.6363636363636,26.8,80,0.0,18.1,1011.8
2021-10-22,Mumbai,59.5104761904762,176.64579787234044,23.79231225296443,6.460143758765778,21.691846590909094,1023.2724358974359,27.1,73,0.0,15.0,1011.7
2021-10-23,Mumbai,45.65838888888889,112.67906313131313,21.32104292929293,7.138671970624235,16.425265151515152,698.2595693779904,26.6,77,0.0,18.1,1012.1
2021-10-24,Mumbai,23.794,72.15673913043479,16.76804347826087,6.729776315789474,16.152173913043477,523.5,26.0,80,0.0,17.2,1012.7
2021-10-25,Mumbai,21.083333333333332,76.20822222222222,17.832820512820515,6.368846153846154,15.709047619047618,694.0909090909091,26.1,80,0.0,20.2,1011.8
2021-10-26,Mumbai,48.53133333333333,114.87307692307692,25.36609311740891,6.7828,12.869565217391305,874.3589743589744,26.9,74,0.0,16.3,1010.2
2021-10-27,Mumbai,50.375,121.38305555555556,24.85355555555556,9.459426426426425,16.47974358974359,931.8918918918919,27.3,64,0.0,20.2,1010.5
2021-10-28,Mumbai,53.97454166666667,131.28071692876966,26.180128205128206,9.417238475177307,23.30995238095238,804.839243498818,27.7,58,0.0,21.6,1010.9
2021-10-29,Mumbai,59.92456521739131,139.06955555555555,35.549,10.556363636363637,24.03881063122924,719.375,27.6,46,0.0,21.2,1012.0
2021-10-30,Mumbai,58.23311111111111,147.80558139534884,36.56952380952381,12.555,29.557154761904762,854.406015037594,27.5,46,0.0,19.6,1012.2
2021-10-31,Mumbai,65.4420265780731,147.09707039337474,39.95340425531915,12.047095238095238,31.294146341463414,926.3414634146342,27.5,53,0.0,18.1,1011.2
2021-11-01,Mumbai,89.98671225937183,200.97744680851065,34.1634496124031,15.129279556650246,31.466666666666665,1140.212765957447,27.0,67,0.0,14.3,1009.9
2021-11-02,Mumbai,84.9882619047619,189.93982947232948,33.52525451559934,12.630415384615386,22.642857142857142,1162.3076923076924,27.6,67,0.0,14.2,1009.4
2021-11-03,Mumbai,82.53439024390244,170.15642857142856,31.506190476190476,11.206279069767442,20.849679487179486,1139.529761904762,27.9,60,0.0,21.1,1009.5
2021-11-04,Mumbai,80.96577138849929,156.2064476284585,30.657391304347826,11.269891304347826,28.660833333333333,956.8181818181819,27.9,60,0.0,15.8,1009.1
2021-11-05,Mumbai,92.19727272727272,172.78555555555556,26.4578125,10.272307692307692,20.591376262626262,978.2972136222911,28.0,70,1.6,17.1,1009.0
2021-11-06,Mumbai,50.75,103.17625,21.61375,11.274117647058823,16.015119825708062,885.3794037940379,26.5,80,0.1,15.3,1008.5
2021-11-07,Mumbai,55.375,104.3,21.651666666666667,11.187209302325583,20.126029411764705,863.2435740514076,26.5,76,0.0,13.0,1008.0
2021-11-08,Mumbai,83.05551282051282,149.84224209898628,18.549440559440562,12.495488565488564,23.923076923076923,905.3846153846154,26.8,69,0.0,16.8,1009.5
2021-11-09,Mumbai,80.56818181818181,169.14136363636365,29.20674418604651,11.972142857142856,22.002164750957853,1220.3475609756097,26.0,61,0.0,18.3,1010.4
2021-11-10,Mumbai,77.7006607142857,157.20875,31.59,12.689871212121211,27.900555555555556,1086.9444444444443,26.0,56,0.0,20.9,1009.7
2021-11-11,Mumbai,79.33171510119357,165.62214285714285,31.354444444444447,14.15767441860465,24.820930232558137,1153.0232558139535,26.2,48,0.0,18.7,1008.2
2021-11-12,Mumbai,82.51521317829457,167.74902484143763,32.01314855875832,12.08485472972973,25.209146341463416,1239.875939849624,26.3,48,0.0,22.6,1007.8
2021-11-13,Mumbai,87.9687967644085,171.27568181818182,35.0588253968254,13.082630266075387,33.559999999999995,1230.267131242741,27.2,57,0.0,19.8,1007.6
2021-11-14,Mumbai,88.34463414634146,173.03,27.53075,10.910232558139535,25.858002152080346,1170.7142857142858,27.6,66,0.0,18.1,1007.3
2021-11-15,Mumbai,96.0406352657005,163.34853658536585,26.639,13.437173913043479,31.79,1286.578947368421,27.9,65,0.0,21.9,1006.0
2021-11-16,Mumbai,98.4335935143288,172.22421650717703,33.75025396825397,14.340334928229666,17.18937755937756,1149.6934460887949,28.2,68,0.0,19.2,1005.4
2021-11-17,Mumbai,56.40068965517242,116.86023255813953,26.800697674418608,12.294210526315789,17.45,772.7777777777778,27.5,76,2.1,16.9,1007.0
2021-11-18,Mumbai,33.24955555555555,67.38849025974027,16.706590909090906,10.041904761904762,13.78251876172608,626.0277777777778,26.4,85,2.2,13.4,1007.5
2021-11-19,Mumbai,43.151051136363634,86.48757791327913,21.076875,10.570607142857142,19.71068181818182,720.4740608228981,26.7,85,0.7,15.4,1005.2
2021-11-20,Mumbai,46.30271739130435,101.04848837209303,19.647435897435898,11.402697674418604,14.669999999999998,793.8461538461538,27.8,79,1.1,12.2,1004.4
2021-11-21,Mumbai,20.57877777777778,54.55564336372847,15.335434782608697,11.379302325581396,10.325555555555555,531.7777777777778,27.6,81,7.9,16.7,1007.2
2021-11-22,Mumbai,25.990000000000002,59.96769230769231,16.411315789473683,12.66,8.180111111111112,624.6634615384615,26.7,86,2.3,10.2,1010.6
2021-11-23,Mumbai,31.2634375,69.43807692307692,17.660882352941176,10.792894736842106,9.404128205128206,605.6794871794872,27.1,86,0.0,17.3,1010.0
2021-11-24,Mumbai,63.08047619047619,119.04397009966777,16.879767441860466,9.416393540669857,16.299310344827585,721.6666666666666,27.9,81,0.0,16.6,1009.6
2021-11-25,Mumbai,67.25736842105263,126.93973684210526,21.038421052631577,12.148780487804878,14.913180778032036,774.560606060606,27.8,74,0.0,16.7,1010.2
2021-11-26,Mumbai,63.4745,133.44526315789474,23.62,11.62923076923077,18.305,789.6157094594595,27.2,71,0.0,15.0,1010.8
2021-11-27,Mumbai,67.3592,130.73189189189188,20.113974950560316,11.54,17.852789682539683,821.8069498069499,26.7,72,0.0,16.3,1010.7
2021-11-28,Mumbai,63.827935606060606,135.39167410714288,25.212352941176473,12.83918181818182,18.486785714285713,666.7741935483871,26.0,64,0.0,16.1,1011.3
2021-11-29,Mumbai,59.16969696969697,115.55495063879209,22.775142857142857,13.55771590909091,16.418055555555554,552.972972972973,26.0,55,0.0,15.1,1011.4
2021-11-30,Mumbai,76.56121428571429,146.4459756097561,18.261219512195122,11.058704994192798,21.015454545454546,621.219512195122,27.1,58,0.0,15.0,1010.5
2021-12-01,Mumbai,55.6890625,96.26133333333334,13.407109500805152,5.229354838709677,12.89030303030303,559.0131578947369,23.0,82,41.4,20.3,1010.6
2021-12-02,Mumbai,40.84643349753695,66.44428571428571,22.02741935483871,4.757,13.813333333333333,679.4285714285714,22.3,89,56.7,26.9,1009.4
2021-12-03,Mumbai,48.72727272727273,91.39029411764706,21.886099320882852,10.90391304347826,13.97893481717011,854.9444444444445,24.2,89,0.8,10.4,1010.7
2021-12-04,Mumbai,52.14515151515151,110.40486486486486,23.572738486842105,10.683658536585366,7.792370370370371,1136.9285714285716,24.2,88,0.1,11.3,1011.3
2021-12-05,Mumbai,47.40295454545455,101.59044444444444,17.235681818181817,14.305763403263402,10.556904761904761,887.1875,23.8,88,0.2,11.8,1011.8
2021-12-06,Mumbai,66.22444444444444,125.4471794871795,15.237942875481387,8.263846153846155,17.527584033613444,818.6251920122888,24.4,82,0.0,16.3,1011.6
2021-12-07,Mumbai,90.37897435897436,173.37,19.876781512605042,14.339354838709676,22.93208333333333,909.2279411764706,25.4,73,0.0,15.5,1011.7
2021-12-08,Mumbai,98.04166666666667,176.4630434782609,22.17272792022792,14.398260869565219,20.595399999999998,1075.4782608695652,25.6,67,0.0,16.2,1011.8
2021-12-09,Mumbai,87.6151282051282,173.81297297297297,25.335675675675674,14.436635846372688,18.697499999999998,888.0769230769231,25.7,68,0.0,16.3,1013.2
2021-12-10,Mumbai,89.04166666666667,163.9831914893617,27.715439393939395,15.130714285714285,19.611440972222223,843.4408602150538,25.8,67,0.0,15.8,1013.7
2021-12-11,Mumbai,78.97847826086957,173.48872159090908,20.772391304347824,14.270909090909091,19.795454545454547,981.2,25.4,71,0.0,14.6,1013.3
2021-12-12,Mumbai,78.66355555555556,156.09567567567566,16.264758497316638,15.2728125,19.764227272727275,881.9021739130435,25.1,71,0.0,13.5,1013.2
2021-12-13,Mumbai,73.05395202020202,135.21276889534886,21.409333333333333,11.056928147659853,13.911111111111111,859.7674418604652,24.3,71,0.0,15.7,1012.8
2021-12-14,Mumbai,63.36236842105263,132.44846153846154,26.162663461538465,12.916,19.770625,912.6339285714286,23.5,73,0.0,17.1,1012.6
2021-12-15,Mumbai,93.075,168.264,29.674879464285716,15.44,20.834027777777777,991.0028050490884,22.9,80,0.0,14.3,1012.7
2021-12-16,Mumbai,115.92172619047619,207.65710714285711,33.52794117647059,13.545588235294119,25.30909090909091,1242.9032258064517,23.3,81,0.0,16.7,1013.6
2021-12-17,Mumbai,107.79241379310345,205.94636363636363,28.016492063492063,10.948214285714286,15.320492424242424,1129.8529411764707,23.6,76,0.0,17.0,1014.1
2021-12-18,Mumbai,103.0,191.48894736842104,22.76281306715064,10.48,18.62,1203.9285714285716,23.6,72,0.0,15.9,1013.9
2021-12-19,Mumbai,91.11028130671505,177.21728333333334,21.872558139534885,14.471126704089816,24.238095238095237,974.0625,23.6,68,0.0,17.0,1014.3
2021-12-20,Mumbai,95.4200909090909,178.76783281733748,28.90809523809524,9.86060606060606,19.347826086956523,906.1904761904761,23.2,70,0.0,14.7,1014.2
2021-12-21,Mumbai,73.0,171.905,33.150000000000006,17.105,25.689999999999998,1040.0,22.9,73,0.0,13.0,1014.0
2021-12-22,Mumbai,92.31,192.14,39.045,7.93,14.89,1303.3333333333335,22.9,76,0.0,12.5,1012.6
2021-12-23,Mumbai,93.5,194.2357142857143,39.1225,13.656,21.1515,1232.0833333333335,22.5,75,0.0,12.9,1012.2
2021-12-24,Mumbai,65.45833333333333,131.8569642857143,27.997500000000002,10.48857142857143,26.875,890.0,21.7,83,0.0,14.6,1012.7
2021-12-25,Mumbai,46.96125000000001,105.68791666666667,28.150000000000002,8.50625,12.30952380952381,873.8571428571429,21.5,82,0.0,14.8,1013.4
2021-12-26,Mumbai,78.57142857142857,157.02,26.437142857142856,12.908000000000001,11.375,1041.4285714285713,22.6,78,0.0,17.8,1013.9
2021-12-27,Mumbai,90.17272727272727,181.668,28.501,15.479285714285716,16.53,1199.107142857143,23.0,73,0.0,13.8,1013.5
2021-12-28,Mumbai,87.58333333333333,181.0,31.907999999999998,11.044285714285715,14.218,1268.3333333333333,22.8,75,0.0,21.5,1012.9
2021-12-29,Mumbai,52.833333333333336,101.75,27.215000000000003,10.058,19.267999999999997,742.5,22.8,66,0.0,20.8,1013.2
2021-12-30,Mumbai,68.82027777777779,131.2957142857143,25.363809523809522,11.152857142857142,20.793555555555553,841.0416666666667,23.2,66,0.0,20.8,1013.9
2021-12-31,Mumbai,75.85,142.73,21.92,7.84,18.11,910.0,24.8,66,0.0,16.3,1014.7
