Date,PM2.5,PM10,NO2,SO2,O3,CO,Temperature_Mean,Relative_Humidity_Mean,Precipitation,Wind_Speed_Max,Surface_Pressure_Mean,PM2.5_Lag1,PM2.5_Lag2,PM2.5_Lag3,PM2.5_Lag7,PM2.5_Rolling3_Mean,PM2.5_Rolling7_Mean,PM2.5_Rolling7_Std,Year,Month,Day_of_Week,Season,City,PM2.5_Next_Day
2020-01-08,31.50108307453416,79.28260869565217,33.99633680555556,4.558494623655914,46.32179775280899,800.2079846999761,22.5,67,0.0,16.4,914.1,24.83868217054264,22.6425702811245,51.29415556426332,26.703125,26.32744517540043,34.21331570178799,13.42553364811505,2020,1,2,Winter,Bengaluru,41.30619047619048
2020-01-08,37.81890710382513,61.83459016393442,6.3589473684210525,27.412777777777777,33.906345987920616,547.8947368421053,25.4,75,0.1,14.7,1012.2,29.29596014492754,15.925365111561868,13.734690476190476,20.26294871794872,27.680077453438177,23.256470739561507,8.46227536119271,2020,1,2,Winter,Chennai,32.77051369863014
2020-01-08,122.18309499489274,148.13636363636363,34.848894395730085,9.403614457831326,11.15952380952381,1120.6740430622008,12.8,92,17.5,14.5,988.9,126.44615384615383,155.41950436798004,173.38655462184877,349.875,134.6829177363422,189.19178740318443,68.02533958884172,2020,1,2,Winter,Delhi,97.89627416405432
2020-01-08,122.45510204081631,220.02087912087916,45.102,10.188,26.50076923076923,1255.1020408163265,17.7,80,0.0,8.9,1013.9,115.19636363636364,102.01511627906976,93.95054945054945,121.9025641025641,113.22219398541658,93.76636823476547,34.83478300124257,2020,1,2,Winter,Kolkata,89.15393258426965
2020-01-08,68.27,104.34189211212517,34.32086206896552,8.277315384615385,38.708888888888886,866.7552447552448,23.8,76,0.0,17.3,1012.4,94.8606746031746,71.676,97.62633333333332,110.95435897435895,78.26889153439154,92.05890368737361,19.772727930401693,2020,1,2,Winter,Mumbai,62.42113387978142
2020-01-09,41.30619047619048,91.72093023255816,38.94493275427291,6.294482758620689,32.65,692.8048780487804,22.8,67,0.0,17.9,913.9,31.50108307453416,24.83868217054264,22.6425702811245,24.315661375661374,32.548651907089095,36.64053414472072,12.861929017050599,2020,1,3,Winter,Bengaluru,38.60565476190476
2020-01-09,32.77051369863014,71.79388888888889,8.948333333333332,11.381764705882354,19.067083333333333,933.013698630137,24.6,74,0.0,10.5,1011.8,37.81890710382513,29.29596014492754,15.925365111561868,18.0375,33.295126982460935,25.361186982222957,8.774310707434887,2020,1,3,Winter,Chennai,34.29780701754386
2020-01-09,97.89627416405432,137.20224719101122,29.09802807486631,8.463492063492064,15.6044776119403,887.6060606060606,10.5,78,0.0,16.1,993.7,122.18309499489274,126.44615384615383,155.41950436798004,318.07035619664407,115.50850766836697,157.73834711281447,45.761399049326144,2020,1,3,Winter,Delhi,143.33333333333331
2020-01-09,89.15393258426965,159.09101123595505,63.34571428571428,9.856363636363636,16.440224719101124,1132.6506024096386,18.4,83,0.1,7.7,1013.5,122.45510204081631,115.19636363636364,102.01511627906976,130.41827956989246,108.93513275381655,87.87146152253364,30.863773593412315,2020,1,3,Winter,Kolkata,86.22359550561798
2020-01-09,62.42113387978142,123.61016393442624,45.43526515151515,9.878076923076922,45.94559343434344,774.074074074074,22.6,59,0.0,23.4,1012.7,68.27,94.8606746031746,71.676,128.2533971291866,75.18393616098534,82.6542946517443,14.691233013406434,2020,1,3,Winter,Mumbai,72.40520408163266
2020-01-10,38.60565476190476,89.86904761904762,38.53658983451537,7.940109890109889,33.272222222222226,785.4187885285446,21.7,67,0.0,18.4,913.8,41.30619047619048,31.50108307453416,24.83868217054264,29.66527149321267,37.13764277087646,37.917731754533875,12.492424918584733,2020,1,4,Winter,Bengaluru,31.71167506134573
2020-01-10,34.29780701754386,71.50684210526316,7.633157894736842,7.806140350877193,31.59966610073571,893.1182795698925,25.1,70,0.0,14.6,1012.3,32.77051369863014,37.81890710382513,29.29596014492754,26.04,34.962409273333044,26.54087369901493,9.412685904651998,2020,1,4,Winter,Chennai,39.07415384615385
2020-01-10,143.33333333333331,221.6833333333333,44.6360886571056,10.509615384615383,18.660759493670888,1289.1379310344828,10.1,77,0.0,16.1,994.1,97.89627416405432,122.18309499489274,126.44615384615383,220.1051282051282,121.13756749742679,146.77094784541518,36.60723054499528,2020,1,4,Winter,Delhi,155.70833333333331
2020-01-10,86.22359550561798,141.2955056179775,42.689772727272725,20.272727272727277,27.36642857142857,849.3877551020408,18.2,76,0.0,15.3,1014.7,89.15393258426965,122.45510204081631,115.19636363636364,40.91166666666667,99.2775433769013,94.34459421381241,23.16469340823363,2020,1,4,Winter,Kolkata,83.67424242424242
2020-01-10,72.40520408163266,144.30365384615385,49.36063729874776,9.607234042553191,31.272918419822343,960.8928571428572,23.7,61,0.0,19.1,1011.8,62.42113387978142,68.27,94.8606746031746,94.64015151515152,67.69877932047136,79.47787358981304,14.057912968329257,2020,1,4,Winter,Mumbai,87.2124811827957
2020-01-11,31.71167506134573,73.58426966292134,31.567161508704064,5.93010752688172,34.49488095238095,667.7243916242219,20.9,64,0.0,18.0,914.7,38.60565476190476,41.30619047619048,31.50108307453416,55.235785953177256,37.20784009981366,34.55714448427223,9.96585330786635,2020,1,5,Winter,Bengaluru,40.04787234042553
2020-01-11,39.07415384615385,73.21953846153846,7.936000000000001,11.035846153846157,29.594351882160392,915.7446808510638,25.2,70,0.0,16.1,1013.1,34.29780701754386,32.77051369863014,37.81890710382513,21.94287234042553,35.38082485410928,28.988199628404693,10.211167097498686,2020,1,5,Winter,Chennai,57.105147679324894
2020-01-11,155.70833333333331,253.7093023255814,49.76726190476191,11.71223474801061,25.757894736842108,1586.5130568356376,10.3,77,0.0,11.3,993.7,143.33333333333331,97.89627416405432,122.18309499489274,208.73171958964335,132.31264694357364,139.19617838022805,25.428447541126054,2020,1,5,Winter,Delhi,220.4041527623285
2020-01-11,83.67424242424242,155.2509433962264,43.43269230769231,10.371875,30.122978723404252,998.1666666666666,15.9,75,0.0,12.8,1015.8,86.22359550561798,89.15393258426965,122.45510204081631,51.4175,86.35059017137668,98.95270027441846,14.956027901796368,2020,1,5,Winter,Kolkata,90.68191489361702
2020-01-11,87.2124811827957,148.6249152542373,48.22475083986562,10.241147540983608,34.61859643102265,1140.0,25.3,66,0.0,15.5,1012.4,72.40520408163266,62.42113387978142,68.27,89.08576923076923,74.0129397147366,79.2102610115311,13.860980500889637,2020,1,5,Winter,Mumbai,95.09756907894736
2020-01-12,40.04787234042553,80.2127659574468,33.413952781673686,6.87494623655914,30.25955555555556,727.6677577741407,20.6,70,0.0,18.4,914.0,31.71167506134573,38.60565476190476,41.30619047619048,51.29415556426332,36.78840072122534,32.95053259515254,7.392130196885425,2020,1,6,Winter,Bengaluru,56.96103896103896
2020-01-12,57.105147679324894,72.11822784810127,5.5196202531645575,3.868936170212766,19.143227848101265,943.4042553191488,25.0,78,2.0,18.1,1012.0,39.07415384615385,34.29780701754386,32.77051369863014,13.734690476190476,43.49236951434086,35.18397922885247,12.347651822637014,2020,1,6,Winter,Chennai,75.08719298245614
2020-01-12,220.4041527623285,355.00203203442504,52.76225937183384,11.844870335230866,24.131111111111117,2154.8275862068967,11.8,78,0.0,10.9,990.9,155.70833333333331,143.33333333333331,97.89627416405432,173.38655462184877,173.1486064763317,145.9129781145823,38.70740917686421,2020,1,6,Winter,Delhi,222.8766666666667
2020-01-12,90.68191489361702,157.73194444444445,43.577777777777776,10.500289855072465,32.581805555555555,954.7872340425532,16.0,77,0.0,11.3,1013.4,83.67424242424242,86.22359550561798,89.15393258426965,93.95054945054945,86.8599176078258,98.48575248057098,15.187465883918668,2020,1,6,Winter,Kolkata,95.54418604651164
2020-01-12,95.09756907894736,174.666,41.158258384146336,10.9092,40.69015681326604,1243.5365853658536,24.8,73,0.0,17.3,1012.5,87.2124811827957,72.40520408163266,62.42113387978142,97.62633333333332,84.90508478112525,78.84900897519026,13.323550573496247,2020,1,6,Winter,Mumbai,78.67902777777778
2020-01-13,56.96103896103896,112.9030864197531,42.23032608695653,6.892553827751197,37.30636578947369,672.5641025641025,22.2,65,0.0,14.8,913.0,40.04787234042553,31.71167506134573,38.60565476190476,22.6425702811245,42.90686212093673,37.853170977997465,10.245818823423143,2020,1,0,Winter,Bengaluru,60.65625
2020-01-13,75.08719298245614,127.99368421052633,6.15945054945055,4.762637362637363,19.097631578947368,960.6593406593406,24.3,79,0.1,13.4,1010.9,57.105147679324894,39.07415384615385,34.29780701754386,15.925365111561868,57.08883150264496,43.635668924694514,16.51333739911414,2020,1,0,Winter,Chennai,97.46535087719298
2020-01-13,222.8766666666667,339.6363636363636,51.341883116883125,9.249959677419357,17.170217391304348,1894.967741935484,14.6,83,16.6,19.3,986.4,220.4041527623285,155.70833333333331,143.33333333333331,155.41950436798004,199.6630509207762,155.54971558582324,48.60135372192069,2020,1,0,Winter,Delhi,126.2573583662714
2020-01-13,95.54418604651164,175.3787234042553,58.5675,14.318809523809524,37.53193548387097,1134.186046511628,15.9,76,0.0,13.1,1011.6,90.68191489361702,83.67424242424242,86.22359550561798,102.01511627906976,89.96678112145703,97.5613338759198,15.133678093458833,2020,1,0,Winter,Kolkata,149.43285714285713
2020-01-13,78.67902777777778,130.96982142857144,33.88417575062153,5.7988,27.5623,841.9277108433735,23.9,84,0.4,17.0,1011.5,95.09756907894736,87.2124811827957,72.40520408163266,71.676,86.99635934650695,79.8494415148728,12.95294547127665,2020,1,0,Winter,Mumbai,33.169925373134326
2020-01-14,60.65625,121.0056818181818,43.63072463768116,6.65533033033033,50.41082863729508,563.6538461538462,22.0,61,0.0,17.3,912.7,56.96103896103896,40.04787234042553,31.71167506134573,24.83868217054264,52.555053767154824,42.969966382205655,11.526730872766386,2020,1,1,Winter,Bengaluru,49.36619718309859
2020-01-14,97.46535087719298,107.96913793103448,7.798448275862069,16.92948275862069,18.87612068965517,880.0,23.9,71,0.0,12.7,1011.1,75.08719298245614,57.105147679324894,39.07415384615385,29.29596014492754,76.55256384632467,53.37415331501815,24.71262408843054,2020,1,1,Winter,Chennai,42.86346129032258
2020-01-14,126.2573583662714,187.46575342465752,33.621780303030306,9.287194596148318,14.267391304347823,1142.6026348039215,14.0,86,0.3,11.7,989.8,222.8766666666667,220.4041527623285,155.70833333333331,126.44615384615383,189.84605926508888,155.5227448029829,48.62024491779927,2020,1,1,Winter,Delhi,113.5949741315595
2020-01-14,149.43285714285713,264.4569230769231,76.27727272727273,17.99943661971831,42.56861538461538,2140.833333333333,17.6,72,0.0,9.4,1012.0,95.54418604651164,90.68191489361702,83.67424242424242,115.19636363636364,111.88631936099527,102.4522615197046,24.44852318199107,2020,1,1,Winter,Kolkata,203.86164383561643
2020-01-14,33.169925373134326,70.50822222222222,31.20015625,5.354262295081967,37.229142411642414,500.0,23.1,79,0.2,21.5,1011.5,78.67902777777778,95.09756907894736,87.2124811827957,94.8606746031746,68.98217407661983,71.03647733915275,20.06919083134236,2020,1,1,Winter,Mumbai,33.982166666666664
2020-01-15,49.36619718309859,91.3607142857143,32.39391304347826,8.291285001917913,49.79476748807631,481.0126582278481,20.7,60,0.0,18.4,912.8,60.65625,56.96103896103896,40.04787234042553,31.50108307453416,55.661162048045846,45.522125540572006,10.495832643046057,2020,1,2,Winter,Bengaluru,40.23804012345679
2020-01-15,42.86346129032258,69.40983870967742,6.095806451612903,18.226612903225806,31.906320430107527,674.1095890410959,25.2,62,0.0,14.8,1011.5,97.46535087719298,75.08719298245614,57.105147679324894,37.81890710382513,71.80533504999057,54.09480391308921,24.252684858836172,2020,1,2,Winter,Chennai,26.376527777777778
2020-01-15,113.5949741315595,178.05,38.71327379495963,10.785416666666668,14.313295454545454,1106.9018769303873,12.4,83,0.0,12.2,990.9,126.2573583662714,222.8766666666667,220.4041527623285,122.18309499489274,154.2429997214992,154.29587039393527,49.698152973125445,2020,1,2,Winter,Delhi,140.0351704545455
2020-01-15,203.86164383561643,303.2914285714286,86.82,17.597014925373134,24.83887323943662,2412.3809523809523,19.1,74,0.0,9.4,1013.2,149.43285714285713,95.54418604651164,90.68191489361702,122.45510204081631,149.6128956749951,114.08176749039033,45.68627263487427,2020,1,2,Winter,Kolkata,134.4880606060606
2020-01-15,33.982166666666664,70.502,40.69316051136363,6.38173076923077,36.38249322493225,523.5483870967741,21.9,63,0.0,22.0,1012.1,33.169925373134326,78.67902777777778,95.09756907894736,68.27,48.61037327252626,66.13821543439084,24.542657688470346,2020,1,2,Winter,Mumbai,34.36461172161172
2020-01-16,40.23804012345679,90.45569620253164,43.23334477124183,6.49485294117647,50.85910256410256,646.7843137254902,21.0,65,0.0,17.8,913.1,49.36619718309859,60.65625,56.96103896103896,41.30619047619048,50.08682910218513,45.36953263303862,10.57480870816165,2020,1,3,Winter,Bengaluru,35.655046103321965
2020-01-16,26.376527777777778,43.46861111111111,5.967638888888889,18.34402777777778,18.648230013550133,810.1724137931035,25.4,68,0.0,15.6,1011.5,42.86346129032258,97.46535087719298,75.08719298245614,32.77051369863014,55.5684466484311,53.181377352967445,25.28798588055165,2020,1,3,Winter,Chennai,32.52591365461848
2020-01-16,140.0351704545455,197.6582278481013,38.20120320855615,10.627777777777778,8.113636363636363,1165.0917288557214,12.4,90,11.1,10.0,989.8,113.5949741315595,126.2573583662714,222.8766666666667,97.89627416405432,126.62916765079213,160.31571272114834,43.9473587564282,2020,1,3,Winter,Delhi,100.76121951219513
2020-01-16,134.4880606060606,225.5548917748918,73.71000000000001,10.991102564102563,30.45617352526991,1741.3956989247313,20.1,76,0.0,9.7,1013.2,203.86164383561643,149.43285714285713,95.54418604651164,89.15393258426965,162.59418719484472,120.55807149350332,44.76761346933565,2020,1,3,Winter,Kolkata,99.83614457831324
2020-01-16,34.36461172161172,68.04729729729729,41.52085537615939,5.43609375,35.331965894465895,506.6666666666667,20.3,64,0.0,21.1,1013.6,33.982166666666664,33.169925373134326,78.67902777777778,62.42113387978142,33.838901253804245,62.13014084036661,27.378047295947628,2020,1,3,Winter,Mumbai,55.59756014032743
2020-01-17,35.655046103321965,90.29885057471265,40.195332656473965,5.764347826086957,37.12227272727273,844.5917285259809,21.7,63,0.0,17.3,913.4,40.23804012345679,49.36619718309859,60.65625,38.60565476190476,41.753094469959116,44.94801711038394,10.941792606141135,2020,1,4,Winter,Bengaluru,28.325000000000003
2020-01-17,32.52591365461848,55.10421686746987,5.969397590361446,17.94831325301205,18.427710843373493,892.5,25.3,82,2.2,15.8,1011.6,26.376527777777778,42.86346129032258,97.46535087719298,34.29780701754386,33.92196757423961,52.92824972969238,25.51634710074813,2020,1,4,Winter,Chennai,20.005357142857143
2020-01-17,100.76121951219513,147.26582278481013,29.70730289279637,9.733333333333334,11.432467532467532,1188.4335197266232,13.0,88,0.6,11.0,990.8,140.0351704545455,113.5949741315595,126.2573583662714,143.33333333333331,118.13045469943337,154.23398217527142,49.30795469406574,2020,1,4,Winter,Delhi,126.41822591822591
2020-01-17,99.83614457831324,176.56309523809523,51.23720930232557,13.5125,36.66927710843374,1601.923076923077,20.7,78,0.0,8.7,1013.7,134.4880606060606,203.86164383561643,149.43285714285713,86.22359550561798,146.06194967333008,122.50272136103119,43.29916409201592,2020,1,4,Winter,Kolkata,83.1064935064935
2020-01-17,55.59756014032743,92.2378313253012,43.87123017303533,7.822837837837838,44.45405555555556,627.7272727272727,19.4,56,0.0,24.4,1013.9,34.36461172161172,33.982166666666664,33.169925373134326,72.40520408163266,41.31477950953528,59.729048848751574,27.061922293017773,2020,1,4,Winter,Mumbai,97.3131458614702
2020-01-18,28.325000000000003,64.5952380952381,26.281697368421053,5.371585365853659,21.926951219512198,570.583904109589,22.1,77,0.1,18.2,913.5,35.655046103321965,40.23804012345679,49.36619718309859,31.71167506134573,34.739362075592915,44.464206387334556,11.674918914191267,2020,1,5,Winter,Bengaluru,23.957894736842107
2020-01-18,20.005357142857143,26.22085714285714,5.48,18.224285714285717,29.29103571428572,908.875,25.9,81,10.7,16.2,1011.5,32.52591365461848,26.376527777777778,42.86346129032258,39.07415384615385,26.30259952508446,50.20413591493571,28.126319605187476,2020,1,5,Winter,Chennai,20.451166666666666
2020-01-18,126.41822591822591,195.69230769230768,38.026997716894975,9.3675,11.456338028169014,1360.9375,12.5,89,0.2,10.9,992.7,100.76121951219513,140.0351704545455,113.5949741315595,155.70833333333331,122.4048719616555,150.04968111597037,50.39284065222336,2020,1,5,Winter,Delhi,129.09235280508966
2020-01-18,83.1064935064935,163.71818181818182,62.255,12.966125,22.624235294117646,1290.875,20.2,74,0.0,9.9,1013.3,99.83614457831324,134.4880606060606,203.86164383561643,83.67424242424242,105.81023289695578,122.42161437278136,43.384466518599965,2020,1,5,Winter,Kolkata,85.18850574712643
2020-01-18,97.3131458614702,147.73164179104478,59.37866118721462,9.66006161971831,37.66119741958289,903.8888888888888,21.3,62,0.0,17.9,1012.4,55.59756014032743,34.36461172161172,33.982166666666664,87.2124811827957,62.42510590780313,61.17200094570507,28.973368085429588,2020,1,5,Winter,Mumbai,88.98609195402298
2020-01-19,23.957894736842107,54.60571808510638,22.55404255319149,4.926187943262412,27.883949084668192,598.6813186813187,22.7,70,0.2,17.8,914.2,28.325000000000003,35.655046103321965,40.23804012345679,40.04787234042553,29.312646946721355,42.165638158251205,14.03473838780415,2020,1,6,Winter,Bengaluru,34.36363636363637
2020-01-19,20.451166666666666,29.57133333333333,4.721,15.903666666666668,18.21433333333333,885.8510638297872,26.2,75,0.0,13.0,1012.0,20.005357142857143,32.52591365461848,26.376527777777778,57.105147679324894,24.327479154714087,44.967852913127395,29.978391454484733,2020,1,6,Winter,Chennai,27.623933333333333
2020-01-19,129.09235280508966,190.36559139784947,29.35744680851064,7.885057471264368,18.164835164835164,917.5356339084772,11.7,82,0.0,12.7,993.3,126.41822591822591,100.76121951219513,140.0351704545455,220.4041527623285,118.75726607850356,137.00513826493625,39.86428555308379,2020,1,6,Winter,Delhi,150.632183908046
2020-01-19,85.18850574712643,153.9712643678161,46.6438202247191,15.11,33.63919540229885,887.0114942528736,20.7,76,0.0,12.8,1013.0,83.1064935064935,99.83614457831324,134.4880606060606,90.68191489361702,89.37704794397773,121.63684163756842,44.09810348870222,2020,1,6,Winter,Kolkata,65.95421686746988
2020-01-19,88.98609195402298,159.24546738678853,51.421235955056176,11.440198863636365,37.07215189873418,1172.5039682539682,23.0,64,0.0,16.8,1012.3,97.3131458614702,55.59756014032743,34.36461172161172,95.09756907894736,80.63226598527355,60.29893278500159,27.85103259200583,2020,1,6,Winter,Mumbai,92.4028738153738
2020-01-20,34.36363636363637,87.75707070707071,34.34063829787234,4.615962594371997,34.32449777337952,626.1538461538462,23.3,62,0.0,21.3,914.9,23.957894736842107,28.325000000000003,35.655046103321965,56.96103896103896,28.882177033492823,38.93743778719369,12.588762802083917,2020,1,0,Winter,Bengaluru,36.31298285283587
2020-01-20,27.623933333333333,53.89093333333334,7.33027027027027,16.100933333333334,16.5096,930.217391304348,25.7,77,0.0,13.5,1012.7,20.451166666666666,20.005357142857143,32.52591365461848,75.08719298245614,22.693485714285703,38.18738724896699,27.2764783375971,2020,1,0,Winter,Chennai,31.2601875
2020-01-20,150.632183908046,241.6454887218045,34.6578313253012,8.721680338374775,15.0296875,1281.6923076923076,12.1,84,0.0,12.5,992.3,129.09235280508966,126.41822591822591,100.76121951219513,222.8766666666667,135.38092087712053,126.6844978708476,16.335723797087383,2020,1,0,Winter,Delhi,228.13582417582415
2020-01-20,65.95421686746988,114.14024390243902,40.41038961038961,14.245454545454546,35.64805194805195,795.7142857142857,18.4,75,0.5,12.6,1015.2,85.18850574712643,83.1064935064935,99.83614457831324,95.54418604651164,78.08307204036328,117.40970318341961,48.239858203084204,2020,1,0,Winter,Kolkata,87.3641975308642
2020-01-20,92.4028738153738,155.34394736842106,52.147973049645394,12.126216216216216,40.296339215686274,1189.0666666666666,23.5,71,0.0,16.6,1012.3,88.98609195402298,97.3131458614702,55.59756014032743,78.67902777777778,92.90070387695566,62.25948221894388,29.776973648003715,2020,1,0,Winter,Mumbai,106.0322077922078
2020-01-21,36.31298285283587,84.0,33.648875,6.597647058823529,31.98369047619048,801.7105263157895,22.1,60,0.0,21.3,915.6,34.36363636363637,23.957894736842107,28.325000000000003,60.65625,31.544837984438114,35.45982819474167,8.179102169019133,2020,1,1,Winter,Bengaluru,29.21590909090909
2020-01-21,31.2601875,60.33575,7.828749999999999,15.751499999999998,18.972,919.6739130434784,25.7,71,0.0,16.3,1014.2,27.623933333333333,20.451166666666666,20.005357142857143,97.46535087719298,26.445095833333326,28.729506766510855,7.8738620862346105,2020,1,1,Winter,Chennai,41.65169642857143
2020-01-21,228.13582417582415,350.7420634920635,44.517307692307696,10.408288409703504,15.5768115942029,1845.0,12.9,86,0.0,9.5,993.0,150.632183908046,129.09235280508966,126.41822591822591,126.2573583662714,169.2867869629866,141.23856441506942,41.65448839744117,2020,1,1,Winter,Delhi,202.10930735930737
2020-01-21,87.3641975308642,154.30370370370372,53.91428571428571,13.475934065934066,32.529135802469135,1117.6543209876545,17.8,73,0.0,9.4,1016.9,65.95421686746988,85.18850574712643,83.1064935064935,149.43285714285713,79.50230671515351,108.54275181027775,47.06271303724122,2020,1,1,Winter,Kolkata,106.47283950617285
2020-01-21,106.0322077922078,170.91260869565215,46.45535869565218,11.255125,35.56419230769231,1530.379746835443,23.5,73,0.0,16.6,1013.3,92.4028738153738,88.98609195402298,97.3131458614702,33.169925373134326,95.80705785386822,72.66837970738295,30.63614998645745,2020,1,1,Winter,Mumbai,91.11459325396824
2020-01-22,29.21590909090909,80.85029366700715,32.056976744186045,4.524738095238095,30.38830749354005,1083.4831460674156,21.8,69,0.0,20.2,915.9,36.31298285283587,34.36363636363637,23.957894736842107,49.36619718309859,33.29750943579378,32.58121561014317,5.612201412947351,2020,1,2,Winter,Bengaluru,36.57471264367816
2020-01-22,41.65169642857143,65.34946428571429,8.53,15.67607142857143,35.55607954545455,1001.3636363636364,26.1,70,0.0,19.7,1014.5,31.2601875,27.623933333333333,20.451166666666666,42.86346129032258,33.51193908730158,28.556397500546403,7.516545886394062,2020,1,2,Winter,Chennai,49.812052845528456
2020-01-22,202.10930735930737,302.8932234432234,42.23251282051282,8.785,13.803225806451612,1806.4949006977995,12.5,82,0.0,15.1,994.8,228.13582417582415,150.632183908046,129.09235280508966,113.5949741315595,193.6257718143925,153.88346916189053,45.15233912793269,2020,1,2,Winter,Delhi,72.3417593528817
2020-01-22,106.47283950617285,190.8905405405405,72.60777777777777,13.970666666666666,24.84027027027027,1287.037037037037,18.7,75,0.0,8.3,1016.2,87.3641975308642,65.95421686746988,85.18850574712643,203.86164383561643,86.59708463483564,94.63006547750011,21.806142955609964,2020,1,2,Winter,Kolkata,120.47866666666664
2020-01-22,91.11459325396824,143.19833333333335,47.087660979636766,13.60888888888889,34.17529391364661,1510.5,24.3,65,0.0,18.7,1014.0,106.0322077922078,92.4028738153738,88.98609195402298,33.982166666666664,96.51655828718329,80.83015493414031,25.84821014682341,2020,1,2,Winter,Mumbai,95.54018055555557
2020-01-23,36.57471264367816,85.62643678160919,30.542,5.871971929824562,29.194865914786966,738.5365853658536,22.3,66,0.0,19.6,915.3,29.21590909090909,36.31298285283587,34.36363636363637,40.23804012345679,34.034534862474366,32.05788311303194,4.905519795909725,2020,1,3,Winter,Bengaluru,42.11940298507463
2020-01-23,49.812052845528456,87.95243902439024,8.694634146341464,15.734268292682929,19.292681525091112,997.0114942528736,25.9,72,0.1,16.8,1013.4,41.65169642857143,31.2601875,27.623933333333333,26.376527777777778,40.907978924699954,31.904329653082215,10.859567798521756,2020,1,3,Winter,Chennai,55.833307180851065
2020-01-23,72.3417593528817,139.03962844159315,33.21352232459249,8.647252747252747,25.51191176470588,660.090811965812,12.5,66,0.0,23.2,993.5,202.10930735930737,228.13582417582415,150.632183908046,140.0351704545455,167.52896362933774,144.21298186165285,54.82555541816759,2020,1,3,Winter,Delhi,81.94917463542913
2020-01-23,120.47866666666664,196.4053333333333,55.81827956989248,14.809722222222222,30.466986301369865,1018.494623655914,19.4,79,0.9,8.4,1014.0,106.47283950617285,87.3641975308642,65.95421686746988,134.4880606060606,104.77190123456789,92.62872348615812,17.81619133918665,2020,1,3,Winter,Kolkata,85.52250000000001
2020-01-23,95.54018055555557,174.20492753623188,51.16063628762542,15.673333333333332,40.3258631840796,1010.574712643678,25.6,62,0.0,22.2,1013.0,91.11459325396824,106.0322077922078,92.4028738153738,34.36461172161172,97.56232720057722,89.569521910418,15.976452508254278,2020,1,3,Winter,Mumbai,79.53860415345592
2020-01-24,42.11940298507463,99.79185736079329,39.36140350877193,5.8491333333333335,30.079325842696623,785.6470588235294,22.3,56,0.0,16.3,914.7,36.57471264367816,29.21590909090909,36.31298285283587,35.655046103321965,35.970008239887285,32.98136266756803,6.146945663656158,2020,1,4,Winter,Bengaluru,45.33608695652174
2020-01-24,55.833307180851065,112.878375,12.32575,17.54975,33.89196471855642,1017.4468085106384,24.1,79,0.0,12.8,1012.9,49.812052845528456,41.65169642857143,31.2601875,32.52591365461848,49.09901881831697,35.23395729968687,14.155010500540117,2020,1,4,Winter,Chennai,45.40469512195122
2020-01-24,81.94917463542913,170.34285714285716,44.27306722689076,10.61311475409836,27.40919540229885,1081.579721776351,12.8,60,0.0,22.6,990.9,72.3417593528817,202.10930735930737,228.13582417582415,100.76121951219513,118.80008044920606,141.52554687925772,57.69635900268719,2020,1,4,Winter,Delhi,140.94971072931276
2020-01-24,85.52250000000001,155.50365853658536,64.86582278481012,12.907,29.69322580645161,1075.0526315789473,18.6,65,0.0,13.7,1014.1,120.47866666666664,106.47283950617285,87.3641975308642,99.83614457831324,104.15800205761316,90.58391711782765,17.671931156756678,2020,1,4,Winter,Kolkata,73.77473684210527
2020-01-24,79.53860415345592,161.2461971830986,45.67268893387315,11.401690140845073,38.8897647280256,1011.2328767123288,25.3,66,0.0,19.6,1012.6,95.54018055555557,91.11459325396824,106.0322077922078,55.59756014032743,88.73112598765992,92.98967105515064,8.125324525046775,2020,1,4,Winter,Mumbai,95.63438595290252
2020-01-25,45.33608695652174,111.55465489566612,42.71387096774193,6.370263888888888,29.255691844919788,869.4186046511628,22.1,45,0.0,17.0,914.5,42.11940298507463,36.57471264367816,29.21590909090909,28.325000000000003,41.34340086175818,35.41151794707114,7.260940734945107,2020,1,5,Winter,Bengaluru,43.53846153846154
2020-01-25,45.40469512195122,96.91658536585366,9.649024390243902,17.00146341463415,18.9815243902439,1054.5263157894738,23.3,82,0.0,12.9,1012.7,55.833307180851065,49.812052845528456,41.65169642857143,20.005357142857143,50.35001838277691,38.86243415384316,12.790352280573392,2020,1,5,Winter,Chennai,36.20796052631579
2020-01-25,140.94971072931276,258.6808510638298,55.12747252747253,12.717948717948715,23.81248606465998,1567.2282608695652,11.8,74,0.0,9.8,991.1,81.94917463542913,72.3417593528817,202.10930735930737,126.41822591822591,98.41354823920786,143.60147328084153,57.32241155761009,2020,1,5,Winter,Delhi,204.872327612165
2020-01-25,73.77473684210527,122.08735632183908,59.94827586206897,11.357619047619048,48.32113636363636,852.9885057471264,17.3,62,0.0,9.2,1013.6,85.52250000000001,120.47866666666664,106.47283950617285,83.1064935064935,93.25863450292398,89.25080902291505,18.654665824685924,2020,1,5,Winter,Kolkata,123.61904761904762
2020-01-25,95.63438595290252,179.55479751403368,43.86694823434992,12.693373493975905,48.81024539414074,1119.6699438202247,25.1,64,0.0,20.3,1012.5,79.53860415345592,95.54018055555557,91.11459325396824,97.3131458614702,90.23772355397135,92.74984821106955,8.000259051406486,2020,1,5,Winter,Mumbai,104.24760240963856
2020-01-26,43.53846153846154,101.28987240829346,44.09342105263158,6.808511904761904,35.07879047619048,583.452380952381,22.5,51,0.0,14.8,913.6,45.33608695652174,42.11940298507463,36.57471264367816,23.957894736842107,43.66465049335263,38.20874177587392,5.721568281440281,2020,1,6,Winter,Bengaluru,44.851851851851855
2020-01-26,36.20796052631579,93.23609375,10.276052631578947,12.978809523809524,19.12276315789473,1074.342105263158,23.5,83,0.0,11.6,1011.5,45.40469512195122,55.833307180851065,49.812052845528456,20.451166666666666,45.81532094303935,41.11340470522161,10.117328777561779,2020,1,6,Winter,Chennai,42.38426917057903
2020-01-26,204.872327612165,324.6363636363636,48.17994047619048,10.533347649186256,23.225357142857145,2116.988230348886,13.6,79,0.0,10.5,989.4,140.94971072931276,81.94917463542913,72.3417593528817,129.09235280508966,142.59040432563563,154.4271839675666,61.15333750919603,2020,1,6,Winter,Delhi,219.2165256875973
2020-01-26,123.61904761904762,197.0901234567901,79.11683544303797,9.929629629629629,42.22282051282051,1383.20987654321,17.7,65,0.0,9.9,1011.9,73.77473684210527,85.52250000000001,120.47866666666664,85.18850574712643,94.30542815371763,94.7408864331895,22.51542511511018,2020,1,6,Winter,Kolkata,117.49450549450547
2020-01-26,104.24760240963856,172.85897285343907,38.966783383534136,12.25801948051948,48.32565346956152,1348.5118250780902,24.4,71,0.0,15.5,1011.0,95.63438595290252,79.53860415345592,95.54018055555557,88.98609195402298,93.14019750533232,94.9300639904432,8.839155067779513,2020,1,6,Winter,Mumbai,49.7972126022126
2020-01-27,44.851851851851855,101.98974392474524,41.69879518072289,5.778451127819548,43.75529653401797,883.4146341463414,23.1,54,0.0,15.0,913.3,43.53846153846154,45.33608695652174,42.11940298507463,34.36363636363637,44.575466782278376,39.70705827419041,5.916776587827055,2020,1,0,Winter,Bengaluru,49.9493670886076
2020-01-27,42.38426917057903,75.5543661971831,9.267,7.222065217391304,18.938521126760563,1116.7777777777778,24.5,80,0.0,17.6,1011.1,36.20796052631579,45.40469512195122,55.833307180851065,27.623933333333333,41.33230827294867,43.22202411054242,8.19234782770406,2020,1,0,Winter,Chennai,45.74897849462366
2020-01-27,219.2165256875973,353.7093023255814,71.8569851806113,14.134408602150538,13.722666666666669,2161.636513157895,14.0,77,0.4,16.7,986.9,204.872327612165,140.94971072931276,81.94917463542913,150.632183908046,188.3461880096917,164.22494707893105,65.7643112083346,2020,1,0,Winter,Delhi,111.28787878787878
2020-01-27,117.49450549450547,192.4367088607595,75.23164556962026,15.016049382716048,36.843291139240506,1328.8461538461538,18.4,65,0.0,11.5,1011.5,123.61904761904762,73.77473684210527,85.52250000000001,65.95421686746988,104.96276331855279,102.1037848084803,19.795770326816207,2020,1,0,Winter,Kolkata,110.8025
2020-01-27,49.7972126022126,79.95461538461538,31.238644736842105,8.3525,41.12702000702001,855.7142857142857,23.7,77,0.0,15.1,1010.9,104.24760240963856,95.63438595290252,79.53860415345592,92.4028738153738,83.22640032158456,88.8435409599916,19.32205656722877,2020,1,0,Winter,Mumbai,27.407596153846157
2020-01-28,49.9493670886076,96.3,38.55291321388578,7.928888888888888,42.60916666666667,770.7404815229563,23.1,58,0.0,12.0,913.7,44.851851851851855,43.53846153846154,45.33608695652174,36.31298285283587,46.11322682630699,41.655113165014946,6.7930134209340105,2020,1,1,Winter,Bengaluru,41.28651685393258
2020-01-28,45.74897849462366,68.81155844155843,9.709462365591396,6.142553191489362,35.1939840804357,1081.720430107527,25.7,77,0.0,18.7,1011.3,42.38426917057903,36.20796052631579,45.40469512195122,31.2601875,41.44706939717282,45.29185139548866,6.271603277417496,2020,1,1,Winter,Chennai,44.70855749746707
2020-01-28,111.28787878787878,152.91228070175438,41.87162162162162,11.190243902439024,18.959156545209176,1087.6712328767123,14.2,83,16.0,20.7,985.3,219.2165256875973,204.872327612165,140.94971072931276,228.13582417582415,178.45891069588038,147.53238345208175,61.53171133264344,2020,1,1,Winter,Delhi,81.82782608695652
2020-01-28,110.8025,220.40879120879123,71.54086021505377,15.176875,46.80658536585366,1052.125,19.9,68,0.0,10.4,1011.7,117.49450549450547,123.61904761904762,73.77473684210527,87.3641975308642,117.30535103785104,105.45211373264256,18.84660979137621,2020,1,1,Winter,Kolkata,47.72790697674418
2020-01-28,27.407596153846157,64.65300489067894,24.13603846153846,7.264298734177215,24.75996452702703,491.6630355846042,22.8,79,1.0,18.8,1012.1,49.7972126022126,104.24760240963856,95.63438595290252,106.0322077922078,60.48413705523245,77.6114535830828,28.389721610647374,2020,1,1,Winter,Mumbai,23.998644986449865
2020-01-29,41.28651685393258,97.6629213483146,40.04624663978495,7.308255813953488,47.089651162790695,607.2419035029742,23.9,58,0.0,13.7,914.6,49.9493670886076,44.851851851851855,43.53846153846154,29.21590909090909,45.362578598130675,43.37948570258974,4.112137090914215,2020,1,2,Winter,Bengaluru,44.0
2020-01-29,44.70855749746707,65.4342857142857,7.639404761904762,5.824239130434783,15.509512195121951,1058.2978723404256,25.8,78,0.0,17.9,1012.1,45.74897849462366,42.38426917057903,36.20796052631579,41.65169642857143,44.28060172088991,45.72854583390233,6.079372711286232,2020,1,2,Winter,Chennai,36.53987614329269
2020-01-29,81.82782608695652,140.73809523809524,42.068998060762766,9.754255319148935,20.696202531645568,1063.184523809524,13.3,82,0.5,10.2,991.1,111.28787878787878,219.2165256875973,204.872327612165,202.10930735930737,137.4440768541442,130.34931469888872,60.537250612158616,2020,1,2,Winter,Delhi,90.97591692443658
2020-01-29,47.72790697674418,86.83369565217392,36.85952380952381,8.312941176470588,48.8510843373494,493.57142857142856,20.9,88,7.8,10.5,1013.1,110.8025,117.49450549450547,123.61904761904762,106.47283950617285,92.00830415708322,97.05998051415274,28.778507804045876,2020,1,2,Winter,Kolkata,65.02948717948718
2020-01-29,23.998644986449865,94.56197376267144,31.55567857142857,3.3190052910052907,36.88738948626045,335.6419427710844,21.8,63,0.0,21.9,1014.8,27.407596153846157,49.7972126022126,104.24760240963856,91.11459325396824,33.73448458083622,68.02346097343732,33.873167865460005,2020,1,2,Winter,Mumbai,59.76911616161617
2020-01-30,44.0,111.25333333333332,54.34244566210046,9.045205479452054,43.3836,844.5333333333333,23.9,54,0.0,12.7,913.8,41.28651685393258,49.9493670886076,44.851851851851855,36.57471264367816,45.078627980846726,44.44024103920713,2.818442748153084,2020,1,3,Winter,Bengaluru,46.62647763467664
2020-01-30,36.53987614329269,61.5103125,7.874634146341464,5.9228048780487805,9.85688679245283,1055.6097560975609,25.3,80,0.0,17.1,1011.2,44.70855749746707,45.74897849462366,42.38426917057903,49.812052845528456,42.332470711794464,43.832520590725785,6.637580815404815,2020,1,3,Winter,Chennai,26.79585144927536
2020-01-30,90.97591692443658,168.75641025641025,45.59266781083143,9.45757575757576,18.63636363636364,999.9472990777338,12.6,77,0.0,17.8,992.3,81.82782608695652,111.28787878787878,219.2165256875973,72.3417593528817,94.69720726642396,133.01133720911088,57.91421198382778,2020,1,3,Winter,Delhi,91.66666666666666
2020-01-30,65.02948717948718,116.93717948717948,39.690625,8.060294117647059,30.81974358974359,980.7352941176472,20.2,92,6.2,10.1,1011.7,47.72790697674418,110.8025,117.49450549450547,120.47866666666664,74.51996471874378,89.1386691588414,28.889163180458027,2020,1,3,Winter,Kolkata,74.54269662921348
2020-01-30,59.76911616161617,126.56,48.93615546218488,9.490338983050847,53.786166666666674,787.2881355932203,21.0,59,0.0,21.1,1013.8,23.998644986449865,27.407596153846157,49.7972126022126,95.54018055555557,37.058452433970736,62.91330891716026,31.65574666337165,2020,1,3,Winter,Mumbai,66.83487500000001
2020-01-31,46.62647763467664,107.57471264367815,37.48666149068323,9.512048192771084,45.45139534883721,673.625,24.3,54,0.0,20.5,912.9,44.0,41.28651685393258,49.9493670886076,42.11940298507463,43.97099816286973,45.08410884629314,2.712719977395031,2020,1,4,Winter,Bengaluru,55.33469572180279
2020-01-31,26.79585144927536,48.0141935483871,6.851847826086956,10.533406593406593,12.895550490883592,1025.7608695652175,25.7,77,0.0,14.8,1010.5,36.53987614329269,44.70855749746707,45.74897849462366,55.833307180851065,36.01476169667837,39.68431262907211,6.953664334816702,2020,1,4,Winter,Chennai,29.43631720430108
2020-01-31,91.66666666666666,169.24175824175825,45.02040930754135,9.198780487804877,21.474776119402986,1158.0487804878048,12.1,74,0.0,12.7,990.2,90.97591692443658,81.82782608695652,111.28787878787878,81.94917463542913,88.15680322601992,134.39955035643052,56.58751788691545,2020,1,4,Winter,Delhi,114.29628517501716
2020-01-31,74.54269662921348,140.22125,55.50919540229885,13.676623376623375,37.470793650793645,945.4545454545456,19.2,73,0.0,13.0,1012.7,65.02948717948718,47.72790697674418,110.8025,85.52250000000001,62.43336359514828,87.5701258201576,29.411579162142306,2020,1,4,Winter,Kolkata,64.05232558139535
2020-01-31,66.83487500000001,135.6273913043478,48.30230644686488,10.434545454545455,47.03413043478261,863.3333333333334,21.1,62,0.0,20.7,1011.7,59.76911616161617,23.998644986449865,27.407596153846157,79.53860415345592,50.200878716022025,61.098490466666554,30.898870145696566,2020,1,4,Winter,Mumbai,79.25403877731463
2020-02-01,55.33469572180279,108.56521739130434,31.175231005553584,10.1,40.60802197802198,668.1345029239766,23.0,62,0.0,16.8,913.4,46.62647763467664,44.0,41.28651685393258,45.33608695652174,48.6537244521598,46.51248152704757,4.741349962001075,2020,2,5,Winter,Bengaluru,34.82159810126582
2020-02-01,29.43631720430108,51.02,6.398191489361702,14.33764705882353,25.881357368753957,1035.483870967742,26.6,71,0.0,15.6,1011.2,26.79585144927536,36.53987614329269,44.70855749746707,45.40469512195122,30.924014932289705,37.40311578369353,7.37102782427644,2020,2,5,Winter,Chennai,27.387964135021097
2020-02-01,114.29628517501716,216.4367816091954,42.78386431784108,9.89255319148936,23.48967032967033,1353.194591728526,12.3,74,0.0,12.5,992.7,91.66666666666666,90.97591692443658,81.82782608695652,140.94971072931276,98.97962292204012,130.5919181343883,56.968753587218416,2020,2,5,Winter,Delhi,125.99144232483508
2020-02-01,64.05232558139535,121.97142857142858,60.01011235955056,10.878214285714284,46.01204545454545,952.093023255814,18.4,70,0.0,9.1,1014.3,74.54269662921348,65.02948717948718,47.72790697674418,73.77473684210527,67.87483646336534,86.18120992577046,30.385074440006917,2020,2,5,Winter,Kolkata,76.63203273696232
2020-02-01,79.25403877731463,140.43471264367815,57.7009714100065,9.80093023255814,49.53552631578947,994.4827586206897,22.3,61,0.0,22.2,1011.3,66.83487500000001,59.76911616161617,23.998644986449865,95.63438595290252,68.61934331297694,58.758440870154004,28.36372710084955,2020,2,5,Winter,Mumbai,92.14163421052632
2020-02-02,34.82159810126582,72.55,23.000542728876063,6.533493975903614,38.85723684210527,356.5876664552949,22.9,61,0.0,17.4,915.2,55.33469572180279,46.62647763467664,44.0,43.53846153846154,45.59425715258175,45.2672153217339,6.478934347831191,2020,2,6,Winter,Bengaluru,31.526940158952783
2020-02-02,27.387964135021097,37.485,4.543924050632911,14.727432432432431,23.329346561751624,958.1012658227849,26.4,72,0.0,16.9,1013.2,29.43631720430108,26.79585144927536,36.53987614329269,36.20796052631579,27.873377596199173,36.143116299222854,8.30415541228355,2020,2,6,Winter,Chennai,24.666646341463416
2020-02-02,125.99144232483508,211.6184210526316,45.017866917550464,9.27609756097561,22.199107142857144,1241.5631222620468,11.7,76,0.0,14.4,994.2,114.29628517501716,91.66666666666666,90.97591692443658,204.872327612165,110.65146472217297,119.32322023619828,46.70355730728775,2020,2,6,Winter,Delhi,143.61309523809524
2020-02-02,76.63203273696232,144.04271031594976,60.74140926640926,14.420563380281688,37.99457746478873,884.0910798122065,18.2,61,0.0,11.7,1016.5,64.05232558139535,74.54269662921348,65.02948717948718,123.61904761904762,71.74235164919038,79.46877922832971,25.539885490176736,2020,2,6,Winter,Kolkata,57.31309523809525
2020-02-02,92.14163421052632,166.4710294117647,46.37769047619048,13.728358208955225,47.22272596843615,1287.3333333333333,23.0,73,0.0,15.2,1012.8,79.25403877731463,66.83487500000001,59.76911616161617,104.24760240963856,79.41018266261365,57.0290168417094,25.33523079972837,2020,2,6,Winter,Mumbai,88.17718003357871
2020-02-03,31.526940158952783,84.6774193548387,33.178091016548464,8.275777777777778,30.778539325842697,636.710160686239,22.5,53,0.0,16.6,915.2,34.82159810126582,55.33469572180279,46.62647763467664,44.851851851851855,40.56107799400713,43.363656508462604,8.31782647239037,2020,2,0,Winter,Bengaluru,25.59110893991207
2020-02-03,24.666646341463416,57.86524390243902,4.803586956521739,14.640853658536583,12.73652306468717,930.108695652174,26.0,73,0.0,14.7,1013.5,27.387964135021097,29.43631720430108,26.79585144927536,42.38426917057903,27.16364256026186,33.61202732363491,8.771796436871478,2020,2,0,Winter,Chennai,26.6639247311828
2020-02-03,143.61309523809524,262.0,52.60993131483039,10.39787234042553,23.52409638554217,1633.7951807228917,12.0,74,0.0,11.8,993.1,125.99144232483508,114.29628517501716,91.66666666666666,219.2165256875973,127.96694091264915,108.52273017198372,21.91690764813607,2020,2,0,Winter,Delhi,192.3314393939394
2020-02-03,57.31309523809525,134.79012345679013,67.21309523809524,13.93456790123457,44.49559523809524,925.1190476190476,17.2,63,0.0,8.9,1016.7,76.63203273696232,64.05232558139535,74.54269662921348,117.49450549450547,65.99915118548431,70.8714349059854,20.171071176044904,2020,2,0,Winter,Kolkata,78.36707317073171
2020-02-03,88.17718003357871,141.4815,42.10188311688312,8.108987341772153,49.8146895149986,981.6279069767442,22.7,81,0.0,14.1,1013.6,92.14163421052632,79.25403877731463,66.83487500000001,49.7972126022126,86.52428434047323,62.511869331904556,27.564230733921796,2020,2,0,Winter,Mumbai,81.37843300110742
2020-02-04,25.59110893991207,72.36263736263736,30.77383732291158,7.519222222222222,31.00659574468085,618.8890232108317,22.0,59,0.0,18.8,913.9,31.526940158952783,34.82159810126582,55.33469572180279,49.9493670886076,30.646549066710218,39.88390534436324,10.023710303004826,2020,2,1,Winter,Bengaluru,26.48893247408237
2020-02-04,26.6639247311828,64.76051282051282,4.886989247311828,14.81051282051282,24.39960800326664,1014.1935483870968,26.0,75,1.0,13.7,1012.0,24.666646341463416,27.387964135021097,29.43631720430108,45.74897849462366,26.239511735889096,30.88559107171479,7.194938496809779,2020,2,1,Winter,Chennai,27.05530141843972
2020-02-04,192.3314393939394,350.0,62.95763721552878,14.07865168539326,30.251764705882355,1933.88664874552,13.0,74,0.0,10.4,991.3,143.61309523809524,125.99144232483508,114.29628517501716,111.28787878787878,153.97865898562324,120.10038168713524,38.643810710728864,2020,2,1,Winter,Delhi,130.41381723643318
2020-02-04,78.36707317073171,158.48679245283017,73.0,16.83238095238095,36.04238095238095,1009.6428571428572,18.2,64,0.0,9.5,1014.6,57.31309523809525,76.63203273696232,64.05232558139535,110.8025,70.77073371526309,66.23780250180421,11.199951361414975,2020,2,1,Winter,Kolkata,103.05758620689656
2020-02-04,81.37843300110742,126.80916666666666,43.99322482131254,9.453733333333332,55.62992324561404,738.9795918367347,23.2,70,0.0,19.1,1012.5,88.17718003357871,92.14163421052632,79.25403877731463,27.407596153846157,87.23241574840415,70.22198888151331,23.331797047365775,2020,2,1,Winter,Mumbai,68.28656960227272
2020-02-05,26.48893247408237,71.75581395348837,30.649952322986408,6.978,34.19828125,631.1765704584041,22.9,62,0.0,15.8,914.1,25.59110893991207,31.526940158952783,34.82159810126582,41.28651685393258,27.86899385764907,37.76996471867035,11.173073091123223,2020,2,2,Winter,Bengaluru,40.72194117647059
2020-02-05,27.05530141843972,60.44157303370787,5.111011235955056,14.92370786516854,12.668100047812574,1052.4468085106382,25.9,71,0.0,12.0,1012.0,26.6639247311828,24.666646341463416,27.387964135021097,44.70855749746707,26.128624163695303,28.36369734613945,3.866090232523682,2020,2,2,Winter,Chennai,25.949186046511628
2020-02-05,130.41381723643318,232.9375,52.81659574468085,12.162765957446808,25.141379310344828,1120.62194092827,12.9,74,0.0,16.0,991.7,192.3314393939394,143.61309523809524,125.99144232483508,81.82782608695652,155.45278395615594,127.04123756563192,34.795628834328646,2020,2,2,Winter,Delhi,116.06944444444446
2020-02-05,103.05758620689656,177.26813186813186,64.91685393258427,18.18068181818182,43.38275862068965,979.5454545454544,20.4,68,0.0,12.4,1012.7,78.36707317073171,57.31309523809525,76.63203273696232,47.72790697674418,79.5792515385745,74.14204239182598,14.879374119097657,2020,2,2,Winter,Kolkata,73.64594594594595
2020-02-05,68.28656960227272,133.94409638554217,48.25179261433114,13.311272727272728,60.67384615384615,800.5813953488372,23.1,52,0.0,20.0,1012.2,81.37843300110742,88.17718003357871,92.14163421052632,23.998644986449865,79.28072754565295,76.54883525520229,11.92463802698797,2020,2,2,Winter,Mumbai,44.53495341068917
2020-02-06,40.72194117647059,87.60975609756098,31.98172813990461,6.259047619047619,39.95907407407408,851.690290574061,23.0,60,0.0,16.1,914.0,26.48893247408237,25.59110893991207,31.526940158952783,44.0,30.933994196821672,37.3016706010233,10.934586591285514,2020,2,3,Winter,Bengaluru,53.84660535117057
2020-02-06,25.949186046511628,51.79942028985507,7.096162790697674,8.184823529411766,12.65485507246377,1041.7441860465117,25.6,75,0.0,16.1,1012.0,27.05530141843972,26.6639247311828,24.666646341463416,36.53987614329269,26.55613739871137,26.85074161802787,1.4512432579529393,2020,2,3,Winter,Chennai,29.36245495495496
2020-02-06,116.06944444444446,204.2948717948718,49.92335164835165,11.02676056338028,25.898611111111112,1188.996794871795,11.7,75,0.0,11.2,991.1,130.41381723643318,192.3314393939394,143.61309523809524,90.97591692443658,146.27156702493903,130.6260272113473,31.607310835659234,2020,2,3,Winter,Delhi,154.6411956521739
2020-02-06,73.64594594594595,146.28783783783783,58.925714285714285,14.494285714285716,40.89905660377359,911.625,20.4,69,0.0,9.7,1014.0,103.05758620689656,78.36707317073171,57.31309523809525,65.02948717948718,85.02353510785808,75.37296507274866,14.346752824926751,2020,2,3,Winter,Kolkata,74.21282051282051
2020-02-06,44.53495341068917,100.00045454545456,36.68475877192982,10.393513513513511,71.93941071428571,681.40625,22.6,61,0.0,18.7,1012.3,68.28656960227272,81.37843300110742,88.17718003357871,59.76911616161617,64.73331867135646,74.37252629078414,16.141857417816297,2020,2,3,Winter,Mumbai,51.72412911392405
2020-02-07,53.84660535117057,102.44565217391305,31.750333333333334,7.069565217391304,37.12386363636364,618.6342917251052,23.1,63,0.0,17.6,914.4,40.72194117647059,26.48893247408237,25.59110893991207,46.62647763467664,40.352493000574505,38.333117417665285,12.225156886905783,2020,2,4,Winter,Bengaluru,42.75824175824176
2020-02-07,29.36245495495496,57.19180555555556,8.852027027027026,9.238260869565217,28.19652027027027,769.4565217391304,26.5,67,0.0,22.2,1012.4,25.949186046511628,27.05530141843972,26.6639247311828,26.79585144927536,27.455647473302093,27.217399261696386,1.732111819195045,2020,2,4,Winter,Chennai,25.513634751773047
2020-02-07,154.6411956521739,259.4526774595268,53.95595238095238,13.16810293861937,29.43884990958409,1363.0063715627095,12.7,71,0.1,12.0,993.4,116.06944444444446,130.41381723643318,192.3314393939394,91.66666666666666,133.70815244435053,139.62238849499118,27.344979784053656,2020,2,4,Winter,Delhi,149.53250364093736
2020-02-07,74.21282051282051,150.95321933962265,53.23989937106919,15.840853658536586,40.97635,766.5373983739837,19.6,63,0.0,12.5,1015.6,73.64594594594595,103.05758620689656,78.36707317073171,74.54269662921348,83.63878422188768,75.32583991326395,14.350475857175537,2020,2,4,Winter,Kolkata,121.61141987829616
2020-02-07,51.72412911392405,108.07482352941176,46.21619417168198,13.488064516129032,49.74740196078432,893.5714285714286,21.5,59,0.0,22.9,1013.3,44.53495341068917,68.28656960227272,81.37843300110742,66.83487500000001,54.84855070896199,72.21384830705901,18.197398342529045,2020,2,4,Winter,Mumbai,72.92167635283482
2020-02-08,42.75824175824176,91.1153846153846,32.80674564796905,7.152127659574467,34.82827586206896,478.1083776595744,23.8,60,0.0,14.0,914.7,53.84660535117057,40.72194117647059,26.48893247408237,55.33469572180279,45.775596095294304,36.536481137156564,10.03875417721676,2020,2,5,Winter,Bengaluru,40.416440217391305
2020-02-08,25.513634751773047,49.066117647058825,6.455,9.123297872340428,34.57889756592292,903.5106382978724,26.5,69,0.0,20.5,1012.6,29.36245495495496,25.949186046511628,27.05530141843972,29.43631720430108,26.941758584413204,26.657016054192383,1.5156010589677522,2020,2,5,Winter,Chennai,26.44450354609929
2020-02-08,149.53250364093736,235.6292134831461,47.22249953951004,13.645454545454545,29.22087912087912,1137.2839229735782,12.4,75,0.0,10.7,995.3,154.6411956521739,116.06944444444446,130.41381723643318,114.29628517501716,140.08104791251859,144.65613399012267,25.052997935062375,2020,2,5,Winter,Delhi,152.26406593406594
2020-02-08,121.61141987829616,231.708210180624,58.89080459770115,14.644299339691855,12.16867816091954,1076.3809523809523,18.3,66,0.2,11.2,1016.7,74.21282051282051,73.64594594594595,103.05758620689656,64.05232558139535,89.82339544568754,83.54856766996407,21.51583513348239,2020,2,5,Winter,Kolkata,91.35615292712066
2020-02-08,72.92167635283482,137.85463414634145,45.74688725490197,9.855942028985508,43.24064745011086,951.2244897959184,22.7,63,0.0,25.8,1013.1,51.72412911392405,44.53495341068917,68.28656960227272,79.25403877731463,56.39358629248269,71.30922510356189,17.94473077406867,2020,2,5,Winter,Mumbai,75.28728682170544
2020-02-09,40.416440217391305,82.35555555555555,24.245479574773057,7.160752688172043,33.591818181818184,487.5076804915514,22.8,65,0.7,21.2,914.7,42.75824175824176,53.84660535117057,40.72194117647059,34.82159810126582,45.67376244226787,37.33574429660307,10.101988418414571,2020,2,6,Winter,Bengaluru,32.85271317829458
2020-02-09,26.44450354609929,43.598888888888894,4.9157142857142855,14.920987654320989,32.919803408480945,980.3260869565216,26.7,68,0.8,17.1,1013.0,25.513634751773047,29.36245495495496,25.949186046511628,27.387964135021097,27.106864417609092,26.522235970060695,1.4813280185554265,2020,2,6,Winter,Chennai,29.788832891246685
2020-02-09,152.26406593406594,251.2717391304348,50.18239913176711,13.624826007326009,28.14355555555556,1317.373188405797,12.8,75,0.0,10.2,995.7,149.53250364093736,154.6411956521739,116.06944444444446,125.99144232483508,152.1459217423924,148.4093659342985,23.723472541350905,2020,2,6,Winter,Delhi,177.91544943820224
2020-02-09,91.35615292712066,165.03662634408602,59.46677220230984,13.843838336460289,35.65489583333333,840.1875,19.3,67,0.0,13.3,1016.7,121.61141987829616,74.21282051282051,73.64594594594595,76.63203273696232,95.72679777274578,85.65201341141527,21.446582917817402,2020,2,6,Winter,Kolkata,79.10481927710843
2020-02-09,75.28728682170544,154.81320987654323,37.09405882352941,12.67453125,41.0617920929426,750.7246376811594,24.7,52,0.0,27.4,1013.1,72.92167635283482,51.72412911392405,44.53495341068917,92.14163421052632,66.64436409615477,68.90146119087319,15.670219056868913,2020,2,6,Winter,Mumbai,63.19175675675675
2020-02-10,32.85271317829458,71.61797752808988,21.86638888888889,6.847333333333333,34.80809523809524,675.932123655914,22.7,64,0.0,23.8,914.7,40.416440217391305,42.75824175824176,53.84660535117057,31.526940158952783,38.67579838464254,37.525140442223325,9.986701876604052,2020,2,0,Winter,Bengaluru,31.870192307692307
2020-02-10,29.788832891246685,61.27846153846154,4.808589743589743,14.754102564102563,35.64158709106985,863.4408602150538,26.8,62,0.0,16.9,1013.1,26.44450354609929,25.513634751773047,29.36245495495496,24.666646341463416,27.248990396373003,27.253976905744018,1.6655992509406847,2020,2,0,Winter,Chennai,24.94838461538462
2020-02-10,177.91544943820224,311.72151898734177,57.875478363261706,14.6775,26.456179775280894,1589.659090909091,13.2,73,0.0,11.1,993.8,152.26406593406594,149.53250364093736,154.6411956521739,143.61309523809524,159.90400633773518,153.3097022485995,26.00105951596546,2020,2,0,Winter,Delhi,173.88230072463767
2020-02-10,79.10481927710843,166.5688888888889,73.80240963855422,14.696111111111112,39.49344086021505,1091.125,18.1,59,0.0,12.1,1016.0,91.35615292712066,121.61141987829616,74.21282051282051,57.31309523809525,97.35746402750841,88.76511684556,17.942812349059132,2020,2,0,Winter,Kolkata,107.0094382022472
2020-02-10,63.19175675675675,125.0110905172414,42.68276315789473,11.656100146198831,55.12655172413793,809.4062244062244,25.8,56,0.0,19.6,1012.0,75.28728682170544,72.92167635283482,51.72412911392405,88.17718003357871,70.46690664376568,65.33211500847005,13.198486998987363,2020,2,0,Winter,Mumbai,73.51915584415585
2020-02-11,31.870192307692307,77.07692307692308,30.65550239234449,8.172,34.7804,584.2857142857142,21.9,63,0.0,21.3,914.9,32.85271317829458,40.416440217391305,42.75824175824176,25.59110893991207,35.04644856779272,38.422152351906206,8.965956020565505,2020,2,1,Winter,Bengaluru,30.63506012950971
2020-02-11,24.94838461538462,68.47589743589744,5.01076923076923,14.654871794871791,12.49474358974359,916.5555555555557,26.4,72,0.2,19.1,1013.4,29.788832891246685,26.44450354609929,25.513634751773047,26.6639247311828,27.060573684243522,27.008899746344277,1.8793828654928728,2020,2,1,Winter,Chennai,32.12529451010293
2020-02-11,173.88230072463767,312.6585365853659,60.9030950752394,12.9175,27.369397590361444,1703.95692358475,13.5,73,0.0,11.2,993.9,177.91544943820224,152.26406593406594,149.53250364093736,192.3314393939394,168.0206053656353,150.6741110101278,22.01606241549865,2020,2,1,Winter,Delhi,175.6578282828283
2020-02-11,107.0094382022472,206.49770114942527,85.53064516129032,14.09175824175824,37.09984375,1253.3720930232555,18.2,58,0.0,11.5,1016.1,79.10481927710843,91.35615292712066,121.61141987829616,78.36707317073171,92.49013680215876,92.85688327863365,18.43549642973185,2020,2,1,Winter,Kolkata,105.23882352941176
2020-02-11,73.51915584415585,169.8242168674699,47.33111904761905,17.425285714285714,49.86731434599156,1060.344827586207,26.8,59,0.0,17.3,1012.1,63.19175675675675,75.28728682170544,72.92167635283482,81.37843300110742,70.66606647420602,64.20936112890556,11.873778091382984,2020,2,1,Winter,Mumbai,69.10675989672978
2020-02-12,30.63506012950971,72.19148936170212,30.698503575076607,7.009523809523809,31.750493827160494,783.1442901234568,22.7,64,0.0,19.8,916.1,31.870192307692307,32.85271317829458,40.416440217391305,26.48893247408237,31.78598853849886,39.014456302681545,8.145668634445942,2020,2,2,Winter,Bengaluru,37.812631578947375
2020-02-12,32.12529451010293,82.6088524590164,8.325573770491804,14.168876404494382,30.74986084635913,985.0,26.7,72,0.5,18.7,1014.3,24.94838461538462,29.788832891246685,26.44450354609929,27.05530141843972,28.95417067224474,27.73318447372474,2.6986324755906996,2020,2,2,Winter,Chennai,42.91238584474885
2020-02-12,175.6578282828283,303.0,52.9437037037037,17.323880597014927,30.21098591549296,1209.6334388185653,15.9,68,0.0,19.5,993.3,173.88230072463767,177.91544943820224,152.26406593406594,130.41381723643318,175.8185261485561,157.13754115961282,21.71603534097831,2020,2,2,Winter,Delhi,90.88049095607236
2020-02-12,105.23882352941176,203.8903614457832,79.12535211267605,15.220705882352942,38.986626506024095,1636.6666666666667,19.1,59,0.0,12.0,1015.2,107.0094382022472,79.10481927710843,91.35615292712066,103.05758620689656,97.11769366958913,93.16848861042152,18.653791351123555,2020,2,2,Winter,Kolkata,99.94117647058825
2020-02-12,69.10675989672978,162.26118421052632,54.01851178172798,21.49128205128205,39.82070394736842,1047.25,27.9,56,0.0,17.1,1013.6,73.51915584415585,63.19175675675675,75.28728682170544,68.28656960227272,68.60589083254747,64.32653117097084,11.924655278070762,2020,2,2,Winter,Mumbai,78.08569607843137
2020-02-13,37.812631578947375,86.52941176470588,39.61314343551186,6.6625000000000005,36.01719101123595,600.7065217391305,23.5,57,0.0,21.1,915.9,30.63506012950971,31.870192307692307,32.85271317829458,40.72194117647059,33.43929467204979,38.598840645892516,8.118202063535595,2020,2,3,Winter,Bengaluru,47.4684472934473
2020-02-13,42.91238584474885,95.2686956521739,10.714130434782607,15.245434782608696,12.805198034544372,999.86301369863,26.3,74,0.0,17.3,1013.5,32.12529451010293,24.94838461538462,29.788832891246685,25.949186046511628,33.32868832341213,30.156498730615766,6.188888475729689,2020,2,3,Winter,Chennai,56.197903225806456
2020-02-13,90.88049095607236,180.82954545454547,41.24152661064426,17.08939393939394,29.93977272727273,877.0465337132003,19.2,57,0.0,20.6,990.6,175.6578282828283,173.88230072463767,177.91544943820224,116.06944444444446,146.80687332117944,153.53911923270257,30.11722872627142,2020,2,3,Winter,Delhi,70.8223276407337
2020-02-13,99.94117647058825,188.00941176470587,70.56593406593407,14.646451612903228,42.07677777777778,1144.942528735632,20.0,57,0.0,10.9,1012.5,105.23882352941176,107.0094382022472,79.10481927710843,73.64594594594595,104.06314606741573,96.92495011394188,16.601938632784645,2020,2,3,Winter,Kolkata,96.93950617283951
2020-02-13,78.08569607843137,156.69329411764707,45.17577450980392,10.962619047619048,40.63743312231978,1199.6629213483145,27.9,54,0.0,23.1,1013.8,69.10675989672978,73.51915584415585,63.19175675675675,44.53495341068917,73.57053727310567,69.11949440921973,9.036822943674279,2020,2,3,Winter,Mumbai,63.55147783251232
2020-02-14,47.4684472934473,116.26923076923076,51.8597080653142,3.866714285714286,43.6775,659.0735815602836,23.7,55,0.0,12.0,914.2,37.812631578947375,30.63506012950971,31.870192307692307,53.84660535117057,38.63871300063479,37.6876752090749,6.268908263119258,2020,2,4,Winter,Bengaluru,51.79857376665888
2020-02-14,56.197903225806456,104.49296296296296,10.195483870967742,15.055061728395062,39.43745121465552,1095.6989247311828,25.5,74,0.0,15.5,1011.3,42.91238584474885,32.12529451010293,24.94838461538462,29.36245495495496,43.745194526886074,33.990134197880266,11.579154831589335,2020,2,4,Winter,Chennai,45.351069182389935
2020-02-14,70.8223276407337,168.35632183908046,34.400704022988506,13.095,34.29233333333333,774.2417582417581,18.5,51,0.0,29.0,987.9,90.88049095607236,175.6578282828283,173.88230072463767,154.6411956521739,112.45354895987812,141.56499523106822,43.35796796532431,2020,2,4,Winter,Delhi,81.3405172413793
2020-02-14,96.93950617283951,189.56956521739133,61.23292682926829,20.97317073170732,47.1366265060241,1215.8024691358023,21.7,64,0.0,13.7,1008.6,99.94117647058825,105.23882352941176,107.0094382022472,74.21282051282051,100.70650205761318,100.17161949394456,13.317404305518611,2020,2,4,Winter,Kolkata,66.10978260869565
2020-02-14,63.55147783251232,137.6267441860465,49.12468837535014,12.931315789473684,60.2167355280601,852.4096385542168,27.7,43,0.0,22.2,1012.2,78.08569607843137,69.10675989672978,73.51915584415585,51.72412911392405,70.24797793589117,70.80911565473234,5.750439818840027,2020,2,4,Winter,Mumbai,65.50768292682926
2020-02-15,51.79857376665888,123.71739130434784,61.89802197802198,8.36279069767442,48.49430107526882,796.2637362637363,23.9,47,0.0,16.6,913.7,47.4684472934473,37.812631578947375,30.63506012950971,42.75824175824176,45.69321754635118,38.97915121027735,8.13968371631183,2020,2,5,Winter,Bengaluru,38.51745666008339
2020-02-15,45.351069182389935,49.33913043478261,10.496071428571428,5.840595238095238,5.343999999999999,1107.6190476190477,24.9,71,0.0,11.9,1011.3,56.197903225806456,42.91238584474885,32.12529451010293,25.513634751773047,48.15378608431507,36.82405340225411,11.586364645187311,2020,2,5,Winter,Chennai,32.4643115942029
2020-02-15,81.3405172413793,184.3939393939394,45.86965002868617,17.04567901234568,36.71142857142858,930.6345381526104,17.5,47,0.0,21.3,988.0,70.8223276407337,90.88049095607236,175.6578282828283,149.53250364093736,81.01444527939513,131.82328288827424,48.611864395045075,2020,2,5,Winter,Delhi,132.05479362591433
2020-02-15,66.10978260869565,144.09285714285713,62.14096385542168,10.146263736263736,49.01256097560976,950.1149425287356,21.6,62,0.0,13.2,1010.4,96.93950617283951,99.94117647058825,105.23882352941176,121.61141987829616,87.66348841737447,92.24281416971591,14.858227569317247,2020,2,5,Winter,Kolkata,92.07857142857142
2020-02-15,65.50768292682926,146.76602409638554,51.4496,13.611842105263158,50.172334051724135,898.25,25.6,46,0.0,22.3,1011.6,63.55147783251232,78.08569607843137,69.10675989672978,72.92167635283482,69.04828561259099,69.74997373673155,5.974880106309737,2020,2,5,Winter,Mumbai,73.00223935091277
2020-02-16,38.51745666008339,91.1219512195122,42.71625,6.990326086956522,50.804545454545455,828.1521739130435,23.8,38,0.0,17.7,914.8,51.79857376665888,47.4684472934473,37.812631578947375,40.416440217391305,45.92815924006319,38.70786784494765,8.115406187484064,2020,2,6,Winter,Bengaluru,36.70114942528736
2020-02-16,32.4643115942029,52.833636363636366,6.634239130434783,7.520243902439024,17.726347826086958,990.8695652173913,25.1,71,0.0,12.4,1012.9,45.351069182389935,56.197903225806456,42.91238584474885,26.44450354609929,44.67109466746641,37.68402598055462,10.890045130882479,2020,2,6,Winter,Chennai,25.847941960623466
2020-02-16,132.05479362591433,243.47191011235955,54.424077380952376,17.972857142857144,35.61477272727273,1428.3167613636365,17.1,60,0.0,12.2,990.9,81.3405172413793,70.8223276407337,90.88049095607236,152.26406593406594,94.73921283600912,128.9362439871097,47.788707156524204,2020,2,6,Winter,Delhi,160.21376811594203
2020-02-16,92.07857142857142,184.24285714285716,64.24285714285713,11.90787234042553,49.452528735632185,976.0,22.1,59,0.0,10.7,1013.1,66.10978260869565,96.93950617283951,99.94117647058825,91.35615292712066,85.04262007003553,92.34601681278032,14.853550703618895,2020,2,6,Winter,Kolkata,95.0220930232558
2020-02-16,73.00223935091277,141.25827160493827,49.31081840267233,14.102741935483872,65.63611296791443,1181.276595744681,25.1,61,0.0,17.9,1012.1,65.50768292682926,63.55147783251232,78.08569607843137,75.28728682170544,67.35380003675147,69.42353838376116,5.676921537463994,2020,2,6,Winter,Mumbai,128.30813725490196
2020-02-17,36.70114942528736,93.92682926829268,45.98660256410256,7.288913043478261,41.16857142857143,739.689608636977,22.8,46,0.0,17.3,915.3,38.51745666008339,51.79857376665888,47.4684472934473,32.85271317829458,42.339059950676535,39.2576444516609,7.77589446035501,2020,2,0,Winter,Bengaluru,39.12941176470588
2020-02-17,25.847941960623466,69.23566037735849,6.931868131868131,7.682075471698113,19.08412325676784,988.4782608695652,25.3,68,0.0,12.1,1013.7,32.4643115942029,45.351069182389935,56.197903225806456,29.788832891246685,34.554440912405425,37.12104156189417,11.45351946299896,2020,2,0,Winter,Chennai,35.23555555555556
2020-02-17,160.21376811594203,292.655737704918,60.19465909090909,18.328735632183907,28.21322222222222,1502.8246753246754,17.5,56,0.0,17.7,992.1,132.05479362591433,81.3405172413793,70.8223276407337,177.91544943820224,124.53635966107856,126.40743236964396,45.161045016299,2020,2,0,Winter,Delhi,131.59656862745098
2020-02-17,95.0220930232558,184.5247191011236,74.11428571428571,13.863265306122448,37.77978723404256,1185.178571428571,22.1,66,0.0,8.7,1013.5,92.07857142857142,66.10978260869565,96.93950617283951,79.10481927710843,84.40348235350763,94.61991306222994,13.658975398754158,2020,2,0,Winter,Kolkata,85.00052631578947
2020-02-17,128.30813725490196,206.4909523809524,64.29871212121212,11.142127659574466,42.43733542319749,1542.6415094339625,26.2,61,0.0,16.3,1012.5,73.00223935091277,65.50768292682926,63.55147783251232,63.19175675675675,88.93935317754801,78.72587845492477,22.420938113091932,2020,2,0,Winter,Mumbai,99.759076819407
2020-02-18,39.12941176470588,95.16129032258064,45.190468253968255,6.783333333333334,44.68846153846154,733.1111111111111,23.0,47,0.0,18.0,915.0,36.70114942528736,38.51745666008339,51.79857376665888,31.870192307692307,38.11600595002554,40.29467580266284,7.079326288959627,2020,2,1,Winter,Bengaluru,43.10349593495935
2020-02-18,35.23555555555556,84.14872727272727,12.16309090909091,7.786181818181818,8.366454545454545,1034.0,25.2,68,0.0,13.8,1013.2,25.847941960623466,32.4643115942029,45.351069182389935,24.94838461538462,31.182603036793964,38.59063741049001,10.225475907188837,2020,2,1,Winter,Chennai,38.54495035460993
2020-02-18,131.59656862745098,257.2063492063492,59.28684210526316,23.11948051948052,31.289555555555555,1447.5014343086632,17.0,48,0.0,20.2,989.3,160.21376811594203,132.05479362591433,81.3405172413793,173.88230072463767,141.2883767897691,120.36661349861728,40.32109349363628,2020,2,1,Winter,Delhi,138.7709919052797
2020-02-18,85.00052631578947,160.82000000000002,49.56923076923077,11.87241379310345,50.55692307692308,822.3529411764706,22.1,71,0.0,9.9,1012.6,95.0220930232558,92.07857142857142,66.10978260869565,107.0094382022472,90.7003969225389,91.47578279273598,12.840294880987377,2020,2,1,Winter,Kolkata,70.99217391304347
2020-02-18,99.759076819407,204.67365384615383,64.9352821969697,15.540444444444445,59.45134615384616,1265.3488372093022,27.2,57,0.0,19.3,1012.0,128.30813725490196,73.00223935091277,65.50768292682926,73.51915584415585,100.35648447507394,82.47443859424637,23.56945179143963,2020,2,1,Winter,Mumbai,96.17890109890112
2020-02-19,43.10349593495935,95.54945652173912,31.941328165374674,5.924249011857707,50.001625,830.6589310829818,23.1,54,0.0,19.2,914.7,39.12941176470588,36.70114942528736,38.51745666008339,30.63506012950971,39.644685708317525,42.075880917727076,5.672648090947479,2020,2,2,Winter,Bengaluru,46.59090909090909
2020-02-19,38.54495035460993,95.70382978723404,7.312444444444444,8.951333333333334,19.458772727272724,1003.4444444444443,25.7,65,0.0,14.2,1013.0,35.23555555555556,25.847941960623466,32.4643115942029,32.12529451010293,33.20948262359631,39.50773110256244,9.829175514577441,2020,2,2,Winter,Chennai,27.926423085363176
2020-02-19,138.7709919052797,304.7659574468085,57.47921195652174,17.082558139534882,36.23361111111112,1841.705758962624,18.2,54,0.0,21.5,988.1,131.59656862745098,160.21376811594203,132.05479362591433,175.6578282828283,143.52710954955757,115.09706544468177,33.76874600008137,2020,2,2,Winter,Delhi,104.8010155316607
2020-02-19,70.99217391304347,123.45172413793102,50.943678160919546,29.266666666666666,44.929375,602.0833333333334,23.0,73,0.0,12.3,1013.6,85.00052631578947,95.0220930232558,92.07857142857142,105.23882352941176,83.67159775069625,86.58340427611195,13.240395294650453,2020,2,2,Winter,Kolkata,52.56234042553192
2020-02-19,96.17890109890112,196.5158823529412,62.558693118756935,14.950975609756098,45.16928437667202,1368.076923076923,26.1,69,0.0,16.3,1011.5,99.759076819407,128.30813725490196,73.00223935091277,69.10675989672978,108.08203839107004,86.3418873374137,23.229046783457143,2020,2,2,Winter,Mumbai,69.3974363446111
2020-02-20,46.59090909090909,99.10227272727272,29.55473684210526,3.601622023809524,37.54770588235294,729.1666666666666,22.8,54,0.0,19.6,914.3,43.10349593495935,39.12941176470588,36.70114942528736,37.812631578947375,42.94127226352477,43.32992056229303,5.541893398640937,2020,2,3,Winter,Bengaluru,25.408450704225352
2020-02-20,27.926423085363176,70.18367346938776,6.2780645161290325,7.983673469387755,20.63656374807988,954.1935483870968,25.9,62,0.0,14.8,1012.7,38.54495035460993,35.23555555555556,25.847941960623466,42.91238584474885,33.90230966517621,37.36687927979306,10.568257847319487,2020,2,3,Winter,Chennai,28.52741573033708
2020-02-20,104.8010155316607,234.9591836734694,39.11204013377926,12.795454545454543,49.15079365079365,972.7525252525252,20.0,62,2.1,25.4,987.7,138.7709919052797,131.59656862745098,160.21376811594203,90.88049095607236,125.05619202146379,117.08571181262296,32.49064583773829,2020,2,3,Winter,Delhi,51.56584113560858
2020-02-20,52.56234042553192,93.77634408602152,38.75333333333334,22.48065217391304,32.333617021276595,496.05263157894734,24.3,71,0.0,13.1,1014.2,70.99217391304347,85.00052631578947,95.0220930232558,99.94117647058825,69.51834688478829,79.81499912681818,16.882791806167713,2020,2,3,Winter,Kolkata,75.5063492063492
2020-02-20,69.3974363446111,132.27892857142857,51.82261755485894,16.2885,26.858784893267654,1315.3703703703704,25.1,74,0.0,19.2,1011.0,96.17890109890112,99.759076819407,128.30813725490196,78.08569607843137,88.44513808763975,85.10070737543936,23.96420148980833,2020,2,3,Winter,Mumbai,44.35819502801121
2020-02-21,25.408450704225352,68.525,24.460425531914897,3.6044994944388273,40.00547348484848,784.8936170212766,22.8,56,0.0,19.8,915.5,46.59090909090909,43.10349593495935,39.12941176470588,47.4684472934473,38.36761857669793,40.17849247811847,8.354706061381236,2020,2,4,Winter,Bengaluru,32.4264367816092
2020-02-21,28.52741573033708,121.08863636363635,21.78227272727273,7.804772727272728,11.779265650080257,963.5955056179776,26.4,67,0.0,18.8,1013.9,27.926423085363176,38.54495035460993,35.23555555555556,56.197903225806456,31.666263056770052,33.413952494726004,6.883285133504052,2020,2,4,Winter,Chennai,26.09793560606061
2020-02-21,51.56584113560858,79.34883720930233,28.01424768842813,9.727058823529411,36.65537634408602,722.8789682539682,16.2,84,13.4,25.2,991.5,104.8010155316607,138.7709919052797,131.59656862745098,70.8223276407337,98.37928285751632,114.33478516903365,37.49095881771153,2020,2,4,Winter,Delhi,67.92948717948718
2020-02-21,75.5063492063492,156.6836956521739,61.92857142857143,18.89619047619048,36.22235294117647,1015.46875,23.7,68,0.0,10.5,1016.3,52.56234042553192,70.99217391304347,85.00052631578947,96.93950617283951,66.35362118164153,76.75311956017671,15.109941165923557,2020,2,4,Winter,Kolkata,93.1016393442623
2020-02-21,44.35819502801121,94.23636363636363,42.06412280701754,14.205434782608696,20.673755208333333,962.5,25.0,70,0.0,20.4,1013.1,69.3974363446111,96.17890109890112,99.759076819407,63.55147783251232,69.97817749050783,82.3588098319392,27.65457985511623,2020,2,4,Winter,Mumbai,84.57689196108551
2020-02-22,32.4264367816092,79.26666666666667,21.270565684899488,3.504494382022472,39.01617021276596,637.6053472827666,23.3,62,0.0,21.2,916.6,25.408450704225352,46.59090909090909,43.10349593495935,51.79857376665888,34.80859885891454,37.41104433739709,6.95537411072549,2020,2,5,Winter,Bengaluru,36.57608695652174
2020-02-22,26.09793560606061,52.09,5.1265217391304345,7.610652173913043,5.366356225296443,980.0,27.0,73,0.3,21.1,1014.7,28.52741573033708,27.926423085363176,38.54495035460993,45.351069182389935,27.517258140586947,30.663504840964674,4.87087085989203,2020,2,5,Winter,Chennai,26.05284090909091
2020-02-22,67.92948717948718,139.5142857142857,40.02977009832273,11.597752808988764,27.67808219178082,1305.7233704292528,17.8,79,0.7,11.9,995.1,51.56584113560858,104.8010155316607,138.7709919052797,81.3405172413793,74.76544794891882,112.41892373162048,39.73363027401609,2020,2,5,Winter,Delhi,106.48465753424658
2020-02-22,93.1016393442623,190.04901960784315,67.98813559322035,14.702441860465116,54.32770491803279,1127.2527472527472,24.3,61,0.0,11.3,1016.3,75.5063492063492,52.56234042553192,70.99217391304347,66.10978260869565,73.72344299204781,80.60909909382909,15.382757461664033,2020,2,5,Winter,Kolkata,80.52456140350877
2020-02-22,84.57689196108551,156.08365384615385,67.9567525083612,15.290188679245285,46.4043076923077,1196.4150943396226,25.7,58,0.0,18.6,1013.9,44.35819502801121,69.3974363446111,96.17890109890112,65.50768292682926,66.11084111123596,85.08298255111866,26.638525713428876,2020,2,5,Winter,Mumbai,93.72966666666667
2020-02-23,36.57608695652174,81.77346938775511,17.283978494623657,4.147158039509878,47.49444581280788,778.9655172413793,23.5,60,0.0,21.6,916.0,32.4264367816092,25.408450704225352,46.59090909090909,38.51745666008339,31.470324814118758,37.133705808316854,6.942597533860579,2020,2,6,Winter,Bengaluru,31.932496075353217
2020-02-23,26.05284090909091,53.62540540540541,4.462272727272727,7.389054054054053,24.99679207616708,984.6590909090908,26.8,74,0.8,18.0,1014.0,26.09793560606061,28.52741573033708,27.926423085363176,32.4643115942029,26.89273074849619,29.747580457377246,5.0743668274556715,2020,2,6,Winter,Chennai,25.4443085106383
2020-02-23,106.48465753424658,178.9229411764706,40.6752808988764,14.179727272727272,29.28617741935484,1069.2424242424242,17.5,82,2.6,17.8,993.1,67.92948717948718,51.56584113560858,104.8010155316607,132.05479362591433,75.32666194978079,108.76604714709653,38.791777105284744,2020,2,6,Winter,Delhi,68.98249385749386
2020-02-23,80.52456140350877,166.68295454545455,51.6609375,10.814186046511628,44.05939393939394,725.5056179775281,24.2,64,0.0,12.7,1014.6,93.1016393442623,75.5063492063492,52.56234042553192,92.07857142857142,83.04418331804008,78.95852623310586,14.543973427448995,2020,2,6,Winter,Kolkata,97.02673913043478
2020-02-23,93.72966666666667,181.0,80.55835820895523,15.638767123287671,36.83056818181818,1371.7460317460318,26.5,51,0.0,20.7,1012.6,84.57689196108551,44.35819502801121,69.3974363446111,73.00223935091277,74.22158455192114,88.04404359622637,26.22057692425562,2020,2,6,Winter,Mumbai,97.41324016563146
2020-02-24,31.932496075353217,79.93877551020408,22.39632971014493,4.813111111111112,44.07577777777778,684.2172284644196,23.5,58,0.0,19.5,913.9,36.57608695652174,32.4264367816092,25.408450704225352,36.70114942528736,33.64500660449471,36.45246961546912,7.220513157106155,2020,2,0,Winter,Bengaluru,39.855555555555554
2020-02-24,25.4443085106383,76.63574468085106,4.264086021505376,7.368297872340426,9.152872340425532,927.2043010752687,26.5,76,0.0,14.1,1011.4,26.05284090909091,26.09793560606061,28.52741573033708,25.847941960623466,25.86502834192993,29.689918535950792,5.128074475529183,2020,2,0,Winter,Chennai,33.151304347826084
2020-02-24,68.98249385749386,156.25882352941176,46.517980557593546,15.27037037037037,32.004705882352944,976.2248096730856,17.6,78,0.1,11.8,989.7,106.48465753424658,67.92948717948718,51.56584113560858,160.21376811594203,81.13221285707588,95.73300796731823,33.60469752267673,2020,2,0,Winter,Delhi,135.91210025929126
2020-02-24,97.02673913043478,186.035,66.44,17.96112359550562,23.526666666666667,1144.4117647058824,22.6,73,0.2,10.3,1012.3,80.52456140350877,93.1016393442623,75.5063492063492,95.0220930232558,90.21764662606863,79.24490424841713,14.927664647995423,2020,2,0,Winter,Kolkata,76.65384615384616
2020-02-24,97.41324016563146,170.25702702702702,67.04941085271318,15.023035714285712,46.81796964193046,1418.409090909091,25.6,54,0.0,22.1,1010.6,93.72966666666667,84.57689196108551,44.35819502801121,128.30813725490196,91.90659959779457,83.63048686918772,20.229269844983175,2020,2,0,Winter,Mumbai,58.61943722943723
2020-02-25,39.855555555555554,94.70652173913044,31.24831569664903,5.13493670886076,51.837857142857146,896.9318181818182,24.5,54,0.0,14.4,912.8,31.932496075353217,36.57608695652174,32.4264367816092,39.12941176470588,36.121379529143496,36.55620444273335,7.270425363028395,2020,2,1,Winter,Bengaluru,32.111612903225804
2020-02-25,33.151304347826084,61.682,7.135370370370371,7.301230769230769,29.053277591973245,431.38461538461536,27.1,75,0.1,17.1,1010.0,25.4443085106383,26.05284090909091,26.09793560606061,35.23555555555556,28.216151255851756,29.392168363418016,4.8025930945025435,2020,2,1,Winter,Chennai,31.70836879432624
2020-02-25,135.91210025929126,237.03030303030303,49.1213715614103,15.552542372881357,24.97054347826087,1235.1063829787236,18.0,74,0.0,16.3,988.6,68.98249385749386,106.48465753424658,67.92948717948718,131.59656862745098,103.79308388367724,96.34951248615255,34.40241780014702,2020,2,1,Winter,Delhi,141.8610855639442
2020-02-25,76.65384615384616,130.62363636363636,55.02,10.956363636363635,13.496222222222222,713.9285714285714,19.5,88,6.1,17.6,1011.9,97.02673913043478,80.52456140350877,93.1016393442623,85.00052631578947,84.73504889592989,78.05252136813952,14.723252523320822,2020,2,1,Winter,Kolkata,38.81434782608696
2020-02-25,58.61943722943723,136.59796296296295,54.46889123376624,14.50311111111111,38.19452830188679,1067.2972972972973,27.2,38,0.0,25.7,1009.8,97.41324016563146,93.72966666666667,84.57689196108551,99.759076819407,83.25411468724515,77.75339549919204,20.732341563636265,2020,2,1,Winter,Mumbai,45.54712605042017
2020-02-26,32.111612903225804,88.17934782608695,22.535368421052635,4.187534238822863,35.59038293969273,542.1052631578947,24.6,59,0.0,16.1,913.2,39.855555555555554,31.932496075353217,36.57608695652174,43.10349593495935,34.63322151137819,34.985935438199995,6.791927372487872,2020,2,2,Winter,Bengaluru,35.8823051948052
2020-02-26,31.70836879432624,63.560634920634925,7.431587301587301,7.913809523809523,22.84285714285714,517.7777777777778,27.2,75,0.4,15.8,1010.4,33.151304347826084,25.4443085106383,26.05284090909091,38.54495035460993,30.10132721759686,28.415513854806058,2.9805981122835385,2020,2,2,Winter,Chennai,34.74239361702128
2020-02-26,141.8610855639442,268.04761904761904,51.10906537282942,15.97246376811594,31.53695652173913,1469.1806722689075,18.6,74,0.0,11.2,989.2,135.91210025929126,68.98249385749386,106.48465753424658,138.7709919052797,115.5852265602431,96.79095443739035,35.05118964673617,2020,2,2,Winter,Delhi,104.3028846153846
2020-02-26,38.81434782608696,70.31057971014494,42.04768115942029,11.407692307692308,29.824492753623183,447.1590909090909,20.8,82,0.9,8.0,1012.0,76.65384615384616,97.02673913043478,80.52456140350877,70.99217391304347,70.83164437012263,73.45568907000286,20.986164790491706,2020,2,2,Winter,Kolkata,41.02430379746836
2020-02-26,45.54712605042017,134.63015625,60.30795815295815,16.141724137931035,43.45428571428571,755.4347826086956,27.1,37,0.0,22.2,1010.3,58.61943722943723,97.41324016563146,93.72966666666667,96.17890109890112,67.19326781516297,70.52028477798048,22.02460450092322,2020,2,2,Winter,Mumbai,59.18297245963913
2020-02-27,35.8823051948052,93.0,31.579080459770115,6.44,40.59301069518716,698.6587301587301,24.5,58,0.0,22.7,913.5,32.111612903225804,39.855555555555554,31.932496075353217,46.59090909090909,35.94982455119551,33.45613488161372,4.592161830388513,2020,2,3,Winter,Bengaluru,39.75
2020-02-27,34.74239361702128,70.59987654320987,4.316913580246914,7.747037037037037,21.299444444444447,415.8024691358025,27.2,74,0.2,16.6,1010.8,31.70836879432624,33.151304347826084,25.4443085106383,27.926423085363176,33.20068891972452,29.38922393075722,3.7959893133499394,2020,2,3,Winter,Chennai,26.24543103448276
2020-02-27,104.3028846153846,203.0681818181818,46.109653718374645,13.01341463414634,27.199285714285715,1075.3839037927846,19.1,76,0.0,12.1,989.7,141.8610855639442,135.91210025929126,68.98249385749386,104.8010155316607,127.35869014620668,96.71979287792233,35.032717903889704,2020,2,3,Winter,Delhi,85.96834279986635
2020-02-27,41.02430379746836,85.75243902439024,42.85121951219512,12.496428571428572,34.94848101265823,735.609756097561,21.4,75,0.0,10.0,1012.7,38.81434782608696,76.65384615384616,97.02673913043478,52.56234042553192,52.16416592580049,71.80739812313665,23.23345062433167,2020,2,3,Winter,Kolkata,70.97341772151898
2020-02-27,59.18297245963913,134.57500000000002,72.92982148653036,23.94662337662338,43.617209302325584,1204.8979591836735,26.3,47,0.0,18.2,1010.4,45.54712605042017,58.61943722943723,97.41324016563146,69.3974363446111,54.44984524649886,69.06107565155591,22.445742148602605,2020,2,3,Winter,Mumbai,87.83446009389672
2020-02-28,39.75,92.21687734082396,25.108695652173918,6.245951310861424,46.86180268199233,719.1111111111111,24.1,60,0.0,22.9,912.7,35.8823051948052,32.111612903225804,39.855555555555554,25.408450704225352,35.91463936601033,35.50492763815296,3.463917744731178,2020,2,4,Winter,Bengaluru,42.95652173913044
2020-02-28,26.24543103448276,50.12686567164179,5.079402985074627,7.914925373134328,22.77409090909091,382.8358208955224,27.0,72,0.3,17.4,1010.2,34.74239361702128,31.70836879432624,33.151304347826084,28.52741573033708,30.898731148610082,29.063226117063742,3.976053478451247,2020,2,4,Winter,Chennai,35.36751831501832
2020-02-28,85.96834279986635,158.76470588235293,32.07394094993582,11.606756756756756,32.66875,821.7437316834908,20.3,74,0.0,19.3,988.3,104.3028846153846,141.8610855639442,135.91210025929126,51.56584113560858,110.71077099306505,101.63443597281629,29.640586605709796,2020,2,4,Winter,Delhi,59.74898785425101
2020-02-28,70.97341772151898,134.75270270270272,49.99393939393939,9.119701492537311,45.89235294117647,541.4754098360655,21.9,68,0.0,9.3,1012.2,41.02430379746836,38.81434782608696,76.65384615384616,75.5063492063492,50.27068978169143,71.15983648244662,23.17627126726952,2020,2,4,Winter,Kolkata,73.21851851851852
2020-02-28,87.83446009389672,188.64945205479447,79.43271159874608,24.031186440677963,43.929538461538456,1425.8108108108108,25.6,54,0.0,19.4,1009.1,59.18297245963913,45.54712605042017,58.61943722943723,44.35819502801121,64.18818620131869,75.27197066096812,20.392192861495495,2020,2,4,Winter,Mumbai,89.55880494505494
2020-02-29,42.95652173913044,89.03357487922705,22.541304347826088,6.21846277665996,44.60764672036824,585.1162790697674,24.5,57,0.0,20.6,912.6,39.75,35.8823051948052,32.111612903225804,32.4264367816092,39.52960897797854,37.009225489227425,4.127168548618789,2020,2,5,Winter,Bengaluru,43.02431914893617
2020-02-29,35.36751831501832,91.2434375,6.6853125,7.603626373626373,44.18379979395604,494.0625,26.8,73,0.5,16.3,1010.1,26.24543103448276,34.74239361702128,31.70836879432624,26.09793560606061,32.118447655507445,30.387452218343412,4.349906828741635,2020,2,5,Winter,Chennai,29.389329710144928
2020-02-29,59.74898785425101,115.14285714285714,33.618320024570025,10.907142857142857,32.10878787878788,728.0280172413793,18.7,82,9.1,22.3,987.7,85.96834279986635,104.3028846153846,141.8610855639442,67.92948717948718,83.34007175650065,100.46579321206828,31.305466390605122,2020,2,5,Winter,Delhi,47.17307692307692
2020-02-29,73.21851851851852,133.9037037037037,65.31307692307692,12.5625,31.92,910.0,22.7,67,0.0,12.8,1010.7,70.97341772151898,41.02430379746836,38.81434782608696,93.1016393442623,61.73874667916863,68.3193906501975,21.17056065365948,2020,2,5,Winter,Kolkata,81.25862068965517
2020-02-29,89.55880494505494,193.8546428571429,59.412080314009664,19.8565,20.859047619047622,1553.2142857142858,25.5,61,0.0,22.4,1008.9,87.83446009389672,59.18297245963913,45.54712605042017,84.57689196108551,78.85874583286362,75.9836725158209,20.852800031613423,2020,2,5,Winter,Mumbai,45.23571428571429
2020-03-01,43.02431914893617,96.91489361702128,16.791894736842107,6.841607553366174,49.41477635396518,793.9560439560439,24.5,59,0.0,19.6,912.8,42.95652173913044,39.75,35.8823051948052,36.57608695652174,41.9102802960222,37.9304015167152,4.694942442023389,2020,3,6,Pre-Monsoon,Bengaluru,62.09441489361703
2020-03-01,29.389329710144928,44.68354838709678,5.903548387096774,7.456129032258064,22.774305750350628,329.03225806451616,26.8,71,0.2,15.1,1010.3,35.36751831501832,26.24543103448276,34.74239361702128,26.05284090909091,30.334093019881994,30.864093475636846,3.96121239088892,2020,3,6,Pre-Monsoon,Chennai,45.27060283687943
2020-03-01,47.17307692307692,104.5110056925996,43.86666666666667,12.043829787234042,39.59944305381728,1134.1379310344828,19.1,80,0.0,14.8,988.4,59.74898785425101,85.96834279986635,104.3028846153846,106.48465753424658,64.29680252573142,91.99271026761546,36.926793107545755,2020,3,6,Pre-Monsoon,Delhi,98.61306834742058
2020-03-01,81.25862068965517,156.20909090909092,63.02727272727272,10.616022727272728,47.54538461538462,1076.7567567567569,23.9,68,0.0,8.6,1010.7,73.21851851851852,70.97341772151898,41.02430379746836,80.52456140350877,75.1501856432309,68.42425626250413,21.242788320045847,2020,3,6,Pre-Monsoon,Kolkata,92.75625
2020-03-01,45.23571428571429,128.72208333333333,34.7978021978022,13.946923076923078,28.46077639751553,717.9310344827586,25.0,69,0.0,21.2,1010.1,89.55880494505494,87.83446009389672,59.18297245963913,93.72966666666667,74.20965977488866,69.0559650328277,21.998486027754385,2020,3,6,Pre-Monsoon,Mumbai,54.79571428571428
2020-03-02,62.09441489361703,123.07340425531912,28.72449848024316,6.111170212765958,59.30955555555556,1000.8593380614656,24.1,62,0.0,16.3,913.4,43.02431914893617,42.95652173913044,39.75,31.932496075353217,49.358418593894534,42.239247062181455,9.576155547819921,2020,3,0,Pre-Monsoon,Bengaluru,73.81818181818181
2020-03-02,45.27060283687943,64.45285714285714,11.487142857142857,8.455714285714285,21.37357142857143,359.2857142857143,26.4,71,0.0,15.6,1010.6,29.389329710144928,35.36751831501832,26.24543103448276,25.4443085106383,36.675816954014216,33.69642123652844,6.002306511213238,2020,3,0,Pre-Monsoon,Chennai,42.3491341991342
2020-03-02,98.61306834742058,204.3037974683544,52.81024350649351,14.19,29.57827956989247,1716.4313725490197,19.7,78,0.2,9.4,987.9,47.17307692307692,59.74898785425101,85.96834279986635,68.98249385749386,68.51171104158284,96.22564948046214,35.521033572733494,2020,3,0,Pre-Monsoon,Delhi,80.18038821954485
2020-03-02,92.75625,168.19799999999998,47.859375,17.269333333333332,41.10214285714285,1038.2857142857142,24.5,67,0.0,15.0,1010.1,81.25862068965517,73.21851851851852,70.97341772151898,97.02673913043478,82.41112973605789,67.81418638672774,20.325988823505487,2020,3,0,Pre-Monsoon,Kolkata,66.77499999999999
2020-03-02,54.79571428571428,121.246925,35.665,8.937047619047618,20.87809523809524,1031.0977564102564,24.4,78,0.0,15.8,1011.0,45.23571428571429,89.55880494505494,87.83446009389672,97.41324016563146,63.19674450549453,62.96774704998239,18.45424628663351,2020,3,0,Pre-Monsoon,Mumbai,42.598113207547165
2020-03-03,73.81818181818181,159.31905594405595,38.82325581395349,5.370928748670684,58.76609247311828,1099.247311827957,25.3,55,0.5,9.9,913.3,62.09441489361703,43.02431914893617,42.95652173913044,39.855555555555554,59.645638620244995,47.091050813985206,15.149167568214763,2020,3,1,Pre-Monsoon,Bengaluru,58.2412676056338
2020-03-03,42.3491341991342,98.52613636363635,15.100454545454545,7.940681818181818,25.20458498023716,550.6818181818181,27.0,70,0.0,15.7,1009.9,45.27060283687943,29.389329710144928,35.36751831501832,33.151304347826084,39.00302224871951,35.01039692957245,6.814844887753506,2020,3,1,Pre-Monsoon,Chennai,28.22489130434783
2020-03-03,80.18038821954485,186.4047619047619,45.477318799005545,13.639473684210524,28.46660314369175,1098.2969766551855,19.6,70,0.0,10.5,986.4,98.61306834742058,47.17307692307692,59.74898785425101,135.91210025929126,75.32217783001413,88.26397633192694,31.11586228569355,2020,3,1,Pre-Monsoon,Delhi,81.60524984187224
2020-03-03,66.77499999999999,115.06666666666666,30.816129032258065,10.730217391304349,64.79188679245283,645.2173913043479,23.9,76,1.3,20.5,1009.5,92.75625,81.25862068965517,73.21851851851852,76.65384615384616,80.26329022988504,66.40292265046399,19.949409331834513,2020,3,1,Pre-Monsoon,Kolkata,45.1910068302555
2020-03-03,42.598113207547165,126.42955555555557,35.864736842105266,8.811259183673469,41.02292682926829,464.0457769181173,24.4,80,0.1,15.7,1011.5,54.79571428571428,45.23571428571429,89.55880494505494,58.61943722943723,47.54318059299194,60.67898647542667,20.011248694389813,2020,3,1,Pre-Monsoon,Mumbai,45.250350877192986
2020-03-04,58.2412676056338,121.99803921568628,43.68409090909091,5.9161617647058815,50.16803921568627,1091.842105263158,25.4,58,1.1,14.5,913.1,73.81818181818181,62.09441489361703,43.02431914893617,32.111612903225804,64.71795477247754,50.82385862861492,14.02016680339931,2020,3,2,Pre-Monsoon,Bengaluru,52.15135869565218
2020-03-04,28.22489130434783,61.28,12.816153846153847,7.202307692307692,21.39246348588121,383.0769230769231,26.8,76,0.0,20.2,1009.3,42.3491341991342,45.27060283687943,29.389329710144928,31.70836879432624,38.61487611345382,34.512757288146965,7.211782550796202,2020,3,2,Pre-Monsoon,Chennai,18.350555555555555
2020-03-04,81.60524984187224,191.1976673180264,40.96417112299466,14.863076923076925,33.93888888888889,1014.760348583878,19.2,72,1.0,17.2,985.5,80.18038821954485,98.61306834742058,47.17307692307692,141.8610855639442,86.79956880294588,79.65599980020237,20.257463708219554,2020,3,2,Pre-Monsoon,Delhi,31.799850746268657
2020-03-04,45.1910068302555,77.51234848484849,24.9209751067904,12.686352962106389,39.598010273972605,497.81444582814447,24.2,81,7.0,15.2,1009.6,66.77499999999999,92.75625,81.25862068965517,38.81434782608696,68.24075227675183,67.31387393677379,18.578126396094913,2020,3,2,Pre-Monsoon,Kolkata,33.706896551724135
2020-03-04,45.250350877192986,113.37636363636364,32.66195299145299,13.188412698412698,27.531529239766083,676.1538461538462,24.5,76,0.0,18.0,1011.2,42.598113207547165,54.79571428571428,45.23571428571429,45.54712605042017,47.54805945681816,60.63659002210851,20.048929564687224,2020,3,2,Pre-Monsoon,Mumbai,28.79963831867057
2020-03-05,52.15135869565218,100.28,24.36762820512821,6.05125,55.35734939759036,860.3559782608695,25.1,62,1.8,16.7,912.1,58.2412676056338,73.81818181818181,62.09441489361703,35.8823051948052,61.40360270648926,53.148009128735914,12.383395951521424,2020,3,3,Pre-Monsoon,Bengaluru,40.39507422402159
2020-03-05,18.350555555555555,36.61571428571428,9.621724137931034,6.901481481481481,25.12948275862069,641.2345679012345,27.2,75,0.0,24.7,1008.7,28.22489130434783,42.3491341991342,45.27060283687943,34.74239361702128,29.641527019679184,32.171066136509005,9.441382801384172,2020,3,3,Pre-Monsoon,Chennai,16.27262002042901
2020-03-05,31.799850746268657,67.25581395348837,30.27380087209302,10.733,32.424,623.5227272727273,18.2,79,13.0,27.8,985.2,81.60524984187224,80.18038821954485,98.61306834742058,104.3028846153846,64.52849626922858,69.2984235331858,23.783661701642274,2020,3,3,Pre-Monsoon,Delhi,19.653805496828756
2020-03-05,33.706896551724135,66.51558823529412,29.88409090909091,9.453048780487803,29.7809375,647.0967741935484,24.5,78,0.4,12.3,1009.6,45.1910068302555,66.77499999999999,92.75625,41.02430379746836,48.55763446065988,66.26853004452462,20.418614490271743,2020,3,3,Pre-Monsoon,Kolkata,32.16404494382022
2020-03-05,28.79963831867057,109.51260869565218,32.574790521978024,15.994285714285716,22.657551319648093,437.2,24.4,75,0.0,18.8,1010.0,45.250350877192986,42.598113207547165,54.79571428571428,59.18297245963913,38.88270080113693,56.29611371625585,23.4213499751693,2020,3,3,Pre-Monsoon,Mumbai,20.838556626506023
2020-03-06,40.39507422402159,73.86842105263158,24.381791101055807,7.286538461538461,55.86238095238095,608.4890109890109,24.3,68,2.7,16.5,912.6,52.15135869565218,58.2412676056338,73.81818181818181,39.75,50.26256684176919,53.24016258931044,12.268946069929711,2020,3,4,Pre-Monsoon,Bengaluru,45.67428495054799
2020-03-06,16.27262002042901,22.6215,9.35530303030303,7.27123595505618,24.886748261102195,653.5955056179776,27.5,74,0.6,22.5,1009.4,18.350555555555555,28.22489130434783,42.3491341991342,26.24543103448276,20.949355626777457,30.74637884878704,11.092621839783074,2020,3,4,Pre-Monsoon,Chennai,18.38111721611721
2020-03-06,19.653805496828756,38.523809523809526,32.48088972431078,9.723333333333333,28.101298701298703,602.2735409953455,16.4,86,23.3,30.4,984.4,31.799850746268657,81.60524984187224,80.18038821954485,85.96834279986635,44.352968694989876,59.824918204180435,28.729909364969792,2020,3,4,Pre-Monsoon,Delhi,43.6625
2020-03-06,32.16404494382022,71.34382022471911,30.46222222222222,9.874074074074072,24.892417582417583,572.7397260273973,24.4,72,0.1,21.1,1010.8,33.706896551724135,45.1910068302555,66.77499999999999,70.97341772151898,37.02064944193329,60.724333933424795,23.900251283604753,2020,3,4,Pre-Monsoon,Kolkata,33.51732394366197
2020-03-06,20.838556626506023,88.64256756756757,26.13132641036972,13.082714285714284,18.83885494786903,431.8965517241379,24.9,68,0.0,20.3,1010.0,28.79963831867057,45.250350877192986,42.598113207547165,87.83446009389672,31.62951527412321,46.725270363771465,22.033011494680846,2020,3,4,Pre-Monsoon,Mumbai,26.22905583214793
2020-03-07,45.67428495054799,86.50574712643679,24.99875,7.297159090909091,32.33536585365854,632.4284160927872,24.2,72,2.2,14.0,913.7,40.39507422402159,52.15135869565218,58.2412676056338,42.95652173913044,46.07357262340725,53.6284144766558,11.927533166404709,2020,3,5,Pre-Monsoon,Bengaluru,35.63586956521739
2020-03-07,18.38111721611721,23.968055555555555,10.942682926829267,5.545714285714285,12.996093540605738,408.5365853658537,27.6,74,0.7,23.8,1010.7,16.27262002042901,18.350555555555555,28.22489130434783,35.36751831501832,17.66809759736725,28.319750120372596,11.7516143008925,2020,3,5,Pre-Monsoon,Chennai,12.973622729774352
2020-03-07,43.6625,94.55555555555556,33.45201800232288,10.997744360902256,29.55862068965517,846.3595068137573,15.9,85,1.7,18.9,988.7,19.653805496828756,31.799850746268657,81.60524984187224,59.74898785425101,31.705385414365804,57.52684851071599,29.373163146237523,2020,3,5,Pre-Monsoon,Delhi,70.39375000000001
2020-03-07,33.51732394366197,55.681720430107525,27.9,6.846052631578947,25.0374647887324,600.0,23.5,82,5.4,11.6,1012.2,32.16404494382022,33.706896551724135,45.1910068302555,73.21851851851852,33.129421813068774,55.05273470844528,25.12064074379157,2020,3,5,Pre-Monsoon,Kolkata,35.825842696629216
2020-03-07,26.22905583214793,120.00968253968252,33.131122828784115,10.528840579710144,26.82779838709677,503.75,24.0,65,0.0,18.2,1011.9,20.838556626506023,28.79963831867057,45.250350877192986,89.55880494505494,25.28908359244153,37.67816334764189,12.417418418090833,2020,3,5,Pre-Monsoon,Mumbai,30.075797966401417
2020-03-08,35.63586956521739,80.21621621621621,17.84297752808989,6.987234042553191,33.85340425531915,620.1275314022046,24.7,68,1.0,17.2,913.3,45.67428495054799,40.39507422402159,52.15135869565218,43.02431914893617,40.56840957992898,52.57292167898168,13.273298158102202,2020,3,6,Pre-Monsoon,Bengaluru,39.04307692307693
2020-03-08,12.973622729774352,26.38721518987342,3.952911392405064,6.715696202531645,24.59307649972482,339.7826086956522,27.3,74,0.2,19.4,1010.5,18.38111721611721,16.27262002042901,18.350555555555555,29.389329710144928,15.875786655440182,25.974649123176796,13.066916026374383,2020,3,6,Pre-Monsoon,Chennai,15.260714285714286
2020-03-08,70.39375000000001,138.07012750455374,37.44597701149426,11.046153846153846,28.62922098569157,1010.126582278481,16.5,79,0.0,16.4,990.7,43.6625,19.653805496828756,31.799850746268657,47.17307692307692,44.57001849894292,60.84408752170501,29.320141895253123,2020,3,6,Pre-Monsoon,Delhi,59.66038071517524
2020-03-08,35.825842696629216,70.39285714285714,25.876829268292685,7.990588235294118,33.211739130434786,673.5294117647059,24.6,75,0.8,15.3,1010.2,33.51732394366197,32.16404494382022,33.706896551724135,81.25862068965517,33.8357371947038,48.56233785229871,23.001187307012973,2020,3,6,Pre-Monsoon,Kolkata,57.21341463414634
2020-03-08,30.075797966401417,115.74060975609756,37.85175,13.582738095238096,32.42051839464883,615.9459459459459,23.3,67,0.0,18.6,1011.7,26.22905583214793,20.838556626506023,28.79963831867057,45.23571428571429,25.71447014168514,35.512461016311484,12.199734956905575,2020,3,6,Pre-Monsoon,Mumbai,41.51518755328219
2020-03-09,39.04307692307693,79.90666666666667,23.647738095238097,8.702702702702704,40.58558139534884,771.0958372165269,24.7,67,0.9,15.7,912.3,35.63586956521739,45.67428495054799,40.39507422402159,62.09441489361703,40.11774381294743,49.27987339747596,13.376418062866698,2020,3,0,Pre-Monsoon,Bengaluru,40.355715287517526
2020-03-09,15.260714285714286,30.730000000000004,4.1681395348837205,6.462987012987012,13.247558139534885,364.8809523809524,26.9,73,0.0,17.1,1009.4,12.973622729774352,18.38111721611721,16.27262002042901,45.27060283687943,15.538484743868608,21.68752218729606,10.313939879854171,2020,3,0,Pre-Monsoon,Chennai,16.30845422308188
2020-03-09,59.66038071517524,143.64864864864865,34.61494728800611,11.735714285714286,30.48409090909091,796.590909090909,17.0,67,0.0,20.3,988.1,70.39375000000001,43.6625,19.653805496828756,98.61306834742058,57.90554357172508,55.27941785995568,24.208024615219575,2020,3,0,Pre-Monsoon,Delhi,84.65544871794873
2020-03-09,57.21341463414634,114.57534246575342,32.91095890410959,9.197297297297297,40.7745945945946,608.082191780822,24.0,59,0.0,10.5,1009.9,35.825842696629216,33.51732394366197,32.16404494382022,92.75625,42.18552709147917,43.484789942891055,13.635716057191745,2020,3,0,Pre-Monsoon,Kolkata,62.17541176470588
2020-03-09,41.51518755328219,124.88545454545456,43.612385033090106,12.762763157894735,27.336098436298386,887.2727272727273,23.7,74,0.0,19.0,1010.6,30.075797966401417,26.22905583214793,20.838556626506023,54.79571428571428,32.60668045061053,33.61524291167832,9.4162449308128,2020,3,0,Pre-Monsoon,Mumbai,40.22589644291452
2020-03-10,40.355715287517526,82.82222222222222,20.19245833333333,7.730869565217391,43.61454545454546,693.3213238886175,25.3,58,0.5,17.8,912.7,39.04307692307693,35.63586956521739,45.67428495054799,73.81818181818181,38.34488725860395,44.49952103595249,8.07383632559632,2020,3,1,Pre-Monsoon,Bengaluru,36.10170807453416
2020-03-10,16.30845422308188,43.413209876543206,7.758765432098766,5.176595744680851,15.206543209876545,376.17021276595744,27.3,71,0.0,17.9,1009.6,15.260714285714286,12.973622729774352,18.38111721611721,42.3491341991342,14.847597079523501,17.96742504786002,4.889145072155553,2020,3,1,Pre-Monsoon,Chennai,15.95631976422914
2020-03-10,84.65544871794873,158.0595238095238,27.61340778474399,14.994252873563218,45.49569892473119,780.6321175111405,17.1,68,0.0,11.0,986.7,59.66038071517524,70.39375000000001,43.6625,80.18038821954485,71.56985981104133,55.91871221687052,25.02066718342925,2020,3,1,Pre-Monsoon,Delhi,54.74052287581699
2020-03-10,62.17541176470588,125.9010752688172,35.15853658536585,14.812048192771083,56.69903225806452,717.4193548387096,24.1,60,0.0,9.2,1009.9,57.21341463414634,35.825842696629216,33.51732394366197,66.77499999999999,51.73822303182715,42.82770590927761,12.37928146774127,2020,3,1,Pre-Monsoon,Kolkata,51.01777777777778
2020-03-10,40.22589644291452,96.202875,24.975741935483867,11.6120987654321,22.48372411412793,922.2222222222222,24.5,75,0.0,15.6,1010.5,41.51518755328219,30.075797966401417,26.22905583214793,42.598113207547165,37.27229398753273,33.27635480244509,9.075598023325437,2020,3,1,Pre-Monsoon,Mumbai,16.537894736842105
2020-03-11,36.10170807453416,79.13095238095238,24.180790043290045,8.227558139534885,43.6685,659.8555320648344,25.7,57,0.0,18.4,913.1,40.355715287517526,39.04307692307693,35.63586956521739,58.2412676056338,38.500166761709536,41.33672681722397,5.813573068469063,2020,3,2,Pre-Monsoon,Bengaluru,30.80263157894737
2020-03-11,15.95631976422914,39.19641791044776,12.825074626865671,7.336417910447762,30.171194029850746,356.85393258426967,26.9,73,0.0,22.6,1010.1,16.30845422308188,15.260714285714286,12.973622729774352,28.22489130434783,15.841829424341762,16.214771970700205,1.859606500320937,2020,3,2,Pre-Monsoon,Chennai,22.138586285915743
2020-03-11,54.74052287581699,113.5111111111111,26.775310813980763,12.241772151898736,43.19277108433735,678.8636363636364,18.7,74,2.6,20.9,984.6,84.65544871794873,59.66038071517524,70.39375000000001,81.60524984187224,66.35211743631366,52.08089407886263,22.340884406409792,2020,3,2,Pre-Monsoon,Delhi,59.89490161001789
2020-03-11,51.01777777777778,97.98888888888888,26.58735632183908,13.89088888888889,64.73988505747127,567.5824175824176,25.7,64,0.0,7.6,1009.9,62.17541176470588,57.21341463414634,35.825842696629216,45.1910068302555,56.80220139221,43.66010175892365,12.754878569655364,2020,3,2,Pre-Monsoon,Kolkata,49.973432835820894
2020-03-11,16.537894736842105,59.53,29.65659523809524,11.696333333333332,21.949096539162117,471.0,24.6,65,0.0,21.1,1011.3,40.22589644291452,41.51518755328219,30.075797966401417,45.250350877192986,32.75965957767962,29.17457535382354,9.248659161735281,2020,3,2,Pre-Monsoon,Mumbai,20.076172398875187
2020-03-12,30.80263157894737,76.5,28.96265015015015,6.042564102564103,44.884358974358975,871.0555555555557,25.8,51,0.0,17.4,914.1,36.10170807453416,40.355715287517526,39.04307692307693,52.15135869565218,35.75335164699968,38.28690865769471,4.68485067557083,2020,3,3,Pre-Monsoon,Bengaluru,31.086472791363736
2020-03-12,22.138586285915743,44.78238095238096,11.805396825396825,5.664111111111111,36.8760599078341,769.3548387096774,27.4,73,0.0,20.0,1011.1,15.95631976422914,16.30845422308188,15.260714285714286,18.350555555555555,18.134453424408914,16.75591921789452,2.8644062832754815,2020,3,3,Pre-Monsoon,Chennai,31.566444444444446
2020-03-12,59.89490161001789,165.2674418604651,37.96368986983588,12.075555555555557,27.966119402985075,963.716049382716,19.6,67,0.0,21.1,986.7,54.74052287581699,84.65544871794873,59.66038071517524,31.799850746268657,66.43029106792787,56.09447277368395,20.541287665841526,2020,3,3,Pre-Monsoon,Delhi,57.73095238095238
2020-03-12,49.973432835820894,100.19868421052632,33.847252747252746,15.50956043956044,37.4167032967033,622.2388059701492,26.0,72,0.5,8.6,1011.6,51.01777777777778,62.17541176470588,57.21341463414634,33.706896551724135,54.38887412610151,45.983892656651754,12.104499097410484,2020,3,3,Pre-Monsoon,Kolkata,54.9561797752809
2020-03-12,20.076172398875187,67.02194444444444,32.618448275862065,12.454492753623189,23.405376943881,466.1538461538461,23.6,71,0.0,20.1,1013.0,16.537894736842105,40.22589644291452,41.51518755328219,28.79963831867057,25.61332119287729,27.928365936709913,9.87416891786227,2020,3,3,Pre-Monsoon,Mumbai,27.56994222436206
2020-03-13,31.086472791363736,74.73809523809524,23.79183673469388,7.568522727272727,38.83494505494505,639.925,25.4,52,0.0,18.7,914.2,30.80263157894737,36.10170807453416,40.355715287517526,40.39507422402159,32.66360414828175,36.957108453029306,5.271152461498674,2020,3,4,Pre-Monsoon,Bengaluru,30.25311653116531
2020-03-13,31.566444444444446,45.897901002506266,11.826833333333331,5.686444444444445,0.0097777777777777,1078.0555555555557,27.5,73,0.0,16.9,1011.2,22.138586285915743,15.95631976422914,16.30845422308188,16.27262002042901,23.2204501648631,18.940751278468152,6.257430004611002,2020,3,4,Pre-Monsoon,Chennai,33.168404255319146
2020-03-13,57.73095238095238,187.61333333333332,38.51815355805243,13.82977602108037,33.00606060606061,653.9252479023646,18.7,65,10.0,23.2,988.4,59.89490161001789,54.74052287581699,84.65544871794873,19.653805496828756,57.45545895559576,61.5340651857016,12.905416617874728,2020,3,4,Pre-Monsoon,Delhi,40.718560606060606
2020-03-13,54.9561797752809,104.0965909090909,40.03409090909091,12.393055555555556,36.48513888888889,747.4468085106383,27.5,70,0.0,7.3,1011.7,49.973432835820894,51.01777777777778,62.17541176470588,32.16404494382022,51.982463462959856,49.239911918289,10.758062911939287,2020,3,4,Pre-Monsoon,Kolkata,44.15698924731184
2020-03-13,27.56994222436206,104.54943181818182,34.955732009925555,13.405531914893617,36.285348687596496,355.28735632183907,23.2,62,0.0,27.1,1013.3,20.076172398875187,16.537894736842105,40.22589644291452,20.838556626506023,21.39466978669314,28.88999245068934,9.384253331571514,2020,3,4,Pre-Monsoon,Mumbai,35.013301810865194
2020-03-14,30.25311653116531,74.17543859649123,22.03393939393939,7.645806451612904,31.484545454545454,728.3852428624398,25.3,52,0.0,17.6,913.2,31.086472791363736,30.80263157894737,36.10170807453416,45.67428495054799,30.714073633825468,34.75408439311749,4.116864222800627,2020,3,5,Pre-Monsoon,Bengaluru,32.84294211850835
2020-03-14,33.168404255319146,47.01342105263158,10.588157894736844,8.121052631578948,20.62184210526316,428.51063829787233,27.5,73,0.0,16.4,1010.2,31.566444444444446,22.138586285915743,15.95631976422914,18.38111721611721,28.957811661893107,21.053220855496996,8.224027870863955,2020,3,5,Pre-Monsoon,Chennai,25.91804029304029
2020-03-14,40.718560606060606,80.13698630136986,32.431074438202245,11.075757575757576,24.765714285714285,705.8421052631579,16.4,82,4.2,20.4,990.1,57.73095238095238,59.89490161001789,54.74052287581699,43.6625,52.78147153234363,61.11350241513884,13.61343053688705,2020,3,5,Pre-Monsoon,Delhi,59.333333333333336
2020-03-14,44.15698924731184,96.37761194029852,20.398507462686567,9.994594594594597,56.51430555555555,435.4166666666667,26.8,60,0.3,27.1,1011.7,54.9561797752809,49.973432835820894,51.01777777777778,33.51732394366197,49.695533952804546,50.75986410452469,8.72620625304042,2020,3,5,Pre-Monsoon,Kolkata,24.264843384759235
2020-03-14,35.013301810865194,127.07953125,46.45388942617666,11.79467741935484,44.39757560483871,648.1355932203389,24.7,50,0.0,27.7,1011.3,27.56994222436206,20.076172398875187,16.537894736842105,26.22905583214793,27.5531388113675,30.144884733363238,9.554896780284858,2020,3,5,Pre-Monsoon,Mumbai,56.56903571428572
2020-03-15,32.84294211850835,78.23404255319149,19.20528637770898,7.251612903225806,43.394888888888886,642.3655913978495,25.6,56,0.0,19.6,913.0,30.25311653116531,31.086472791363736,30.80263157894737,35.63586956521739,31.39417714701246,34.35509475787334,4.152348668217626,2020,3,6,Pre-Monsoon,Bengaluru,22.206593567251463
2020-03-15,25.91804029304029,47.4,5.606756756756757,7.648243243243243,25.379594594594597,571.505376344086,27.7,71,0.0,15.2,1010.0,33.168404255319146,31.566444444444446,22.138586285915743,12.973622729774352,30.21762966426795,22.90242336453499,7.530576774891083,2020,3,6,Pre-Monsoon,Chennai,23.70179775280899
2020-03-15,59.333333333333336,118.22104166666666,40.33552631578947,11.192957746478871,36.46164417791105,795.8904109589041,16.3,78,0.1,10.7,991.7,40.718560606060606,57.73095238095238,59.89490161001789,70.39375000000001,52.59428210678211,59.53344289132931,12.984111033155857,2020,3,6,Pre-Monsoon,Delhi,59.72
2020-03-15,24.264843384759235,53.17575617283951,28.865380434782608,12.218545524691358,46.18711684782609,434.429347826087,25.3,63,0.0,16.9,1011.4,44.15698924731184,54.9561797752809,49.973432835820894,35.825842696629216,41.126004135783994,49.108292774257556,12.360874874243384,2020,3,6,Pre-Monsoon,Kolkata,54.62183908045977
2020-03-15,56.56903571428572,151.26,52.506126119172585,15.682941176470589,42.7692766726944,1270.142857142857,26.2,40,0.0,18.1,1009.4,35.013301810865194,27.56994222436206,20.076172398875187,30.075797966401417,39.71742658317101,33.92963298306099,13.818689408294563,2020,3,6,Pre-Monsoon,Mumbai,65.96067777777778
2020-03-16,22.206593567251463,63.88505747126437,17.71527777777778,7.332530120481928,30.57052631578948,644.1566358024692,25.5,59,0.0,19.0,914.2,32.84294211850835,30.25311653116531,31.086472791363736,39.04307692307693,28.434217405641704,31.949882849898273,5.606032330090383,2020,3,0,Pre-Monsoon,Bengaluru,23.515606242497
2020-03-16,23.70179775280899,12.219736842105265,8.249736842105264,7.814473684210526,24.53407894736842,988.6516853932584,28.2,71,0.0,16.0,1011.0,25.91804029304029,33.168404255319146,31.566444444444446,15.260714285714286,27.596080767056133,24.108292431262807,6.736986958819627,2020,3,0,Pre-Monsoon,Chennai,24.53028985507246
2020-03-16,59.72,148.09962406015038,42.98318681318681,13.767678812415657,32.933539054966246,919.862644415918,18.0,75,0.0,12.0,991.2,59.333333333333336,40.718560606060606,57.73095238095238,59.66038071517524,53.25729797979798,59.54195993201857,12.984227730158592,2020,3,0,Pre-Monsoon,Delhi,63.30434782608695
2020-03-16,54.62183908045977,105.55,34.496428571428574,20.647272727272725,44.984,780.3703703703703,26.2,71,0.8,10.0,1011.6,24.264843384759235,44.15698924731184,54.9561797752809,57.21341463414634,41.01455723751028,48.73806769515948,12.114000799232578,2020,3,0,Pre-Monsoon,Kolkata,61.618085106382985
2020-03-16,65.96067777777778,154.7698,70.76686741573033,20.218695652173917,41.69072202797203,1185.2941176470588,27.3,45,0.0,21.1,1009.9,56.56903571428572,35.013301810865194,27.56994222436206,41.51518755328219,52.51433843430957,37.42184587227465,18.388471924168933,2020,3,0,Pre-Monsoon,Mumbai,74.19410594315246
2020-03-17,23.515606242497,62.65384615384615,17.095440729483283,7.567333333333333,30.1112,579.8573573573574,25.6,54,0.0,20.5,915.3,22.206593567251463,32.84294211850835,30.25311653116531,40.355715287517526,26.188380642752264,29.544152986323915,4.975470507089121,2020,3,1,Pre-Monsoon,Bengaluru,28.886124437781103
2020-03-17,24.53028985507246,23.935,8.488,6.338202247191012,27.995,1014.5652173913044,27.8,75,0.0,15.3,1012.4,23.70179775280899,25.91804029304029,33.168404255319146,16.30845422308188,24.71670930030724,25.28284037869003,5.802379185674596,2020,3,1,Pre-Monsoon,Chennai,30.671186274509807
2020-03-17,63.30434782608695,149.83720930232556,47.46774193548387,14.330735294117646,36.445650962512666,952.1338446313706,18.9,71,0.0,14.1,991.2,59.72,59.333333333333336,40.718560606060606,84.65544871794873,60.78589371980676,56.4918026617526,7.414906681168362,2020,3,1,Pre-Monsoon,Delhi,63.02435933539848
2020-03-17,61.618085106382985,125.75333333333332,48.82222222222222,10.161702127659575,56.61022222222222,842.5531914893617,26.8,66,0.7,8.5,1012.4,54.62183908045977,24.264843384759235,44.15698924731184,62.17541176470588,46.83492252386733,48.65844960111334,12.012371066020476,2020,3,1,Pre-Monsoon,Kolkata,72.17666666666666
2020-03-17,74.19410594315246,165.7558695652174,69.13931818181818,20.846875,56.65403805496829,1588.723404255319,27.3,54,0.0,20.5,1010.9,65.96067777777778,56.56903571428572,35.013301810865194,40.22589644291452,65.57460647840533,42.274447229451496,23.124004950957865,2020,3,1,Pre-Monsoon,Mumbai,54.8706789755807
2020-03-18,28.886124437781103,65.51648351648352,20.92030919661734,7.843764705882354,39.23236842105263,614.8214285714286,26.2,46,0.0,18.7,914.7,23.515606242497,22.206593567251463,32.84294211850835,36.10170807453416,24.869441415843184,28.51335532393062,4.052273162306544,2020,3,2,Pre-Monsoon,Bengaluru,38.41501976284585
2020-03-18,30.671186274509807,4.724098360655738,6.979344262295082,6.844235294117647,44.98795081967213,1064.3529411764705,27.7,78,0.0,16.3,1011.5,24.53028985507246,23.70179775280899,25.91804029304029,15.95631976422914,26.301091294130412,27.384964165872983,4.3421085333174565,2020,3,2,Pre-Monsoon,Chennai,22.67648148148148
2020-03-18,63.02435933539848,160.7865168539326,47.7176007751938,14.22121212121212,38.26451612903226,1072.357142857143,20.4,67,0.0,14.8,989.5,63.30434782608695,59.72,59.333333333333336,54.74052287581699,62.01623572049514,57.67520787026423,7.742622586863506,2020,3,2,Pre-Monsoon,Delhi,92.24545454545456
2020-03-18,72.17666666666666,150.34415584415584,39.35164835164835,16.073684210526313,51.66223684210527,872.5333333333333,27.1,59,0.0,14.3,1010.9,61.618085106382985,54.62183908045977,24.264843384759235,51.01777777777778,62.80553028450314,51.68114801381176,14.99647467687528,2020,3,2,Pre-Monsoon,Kolkata,85.72777777777777
2020-03-18,54.8706789755807,117.18185714285714,46.10815550839283,19.819615384615386,36.90057854852813,1108.404255319149,27.5,57,0.0,16.4,1011.3,74.19410594315246,65.96067777777778,56.56903571428572,16.537894736842105,65.00848756550367,47.750559263557015,20.39075741914447,2020,3,2,Pre-Monsoon,Mumbai,31.61362485725162
2020-03-19,38.41501976284585,82.64044943820225,22.37695578231293,9.02875,54.680217391304346,619.659090909091,26.8,44,0.0,15.1,914.0,28.886124437781103,23.515606242497,22.206593567251463,30.80263157894737,30.27225014770798,29.60083935020183,5.523424798513881,2020,3,3,Pre-Monsoon,Bengaluru,39.50034843205575
2020-03-19,22.67648148148148,6.39,8.735087719298246,6.300123456790123,60.71061403508772,1033.20987654321,28.1,77,0.0,21.6,1010.2,30.671186274509807,24.53028985507246,23.70179775280899,22.138586285915743,25.959319203687908,27.461806336668086,4.2372836107202785,2020,3,3,Pre-Monsoon,Chennai,21.954016064257026
2020-03-19,92.24545454545456,195.10638297872345,44.326393728223,17.071136310498012,37.64823529411765,1014.6666666666666,20.8,71,0.2,12.5,986.6,63.02435933539848,63.30434782608695,59.72,59.89490161001789,72.85805390231333,62.29671543246947,15.277193334009482,2020,3,3,Pre-Monsoon,Delhi,89.93699036918137
2020-03-19,85.72777777777777,147.28,66.11559139784946,17.915277777777778,60.8640625,709.53125,26.8,52,0.0,11.9,1009.7,72.17666666666666,61.618085106382985,54.62183908045977,49.973432835820894,73.17417651694247,56.78891157694846,19.676540529447994,2020,3,3,Pre-Monsoon,Kolkata,39.5758064516129
2020-03-19,31.61362485725162,77.10796875,33.70621212121212,14.481791044776118,33.250526176626124,793.4848484848485,26.0,67,0.0,18.5,1011.1,54.8706789755807,74.19410594315246,65.96067777777778,20.076172398875187,53.55946992532827,49.398766757610794,18.120939898597587,2020,3,3,Pre-Monsoon,Mumbai,23.303468670076725
2020-03-20,39.50034843205575,77.6,23.31423611111111,6.593655913978495,51.10441176470588,680.475023819246,25.3,56,0.4,17.3,913.9,38.41501976284585,28.886124437781103,23.515606242497,31.086472791363736,35.600497544227565,30.802821584586404,6.692398340988641,2020,3,4,Pre-Monsoon,Bengaluru,38.7968253968254
2020-03-20,21.954016064257026,3.83245283018868,5.3019277108433736,6.68566037735849,113.2504716981132,1041.9277108433737,27.8,77,0.0,23.2,1010.0,22.67648148148148,30.671186274509807,24.53028985507246,31.566444444444446,25.100561273416094,26.0886022823556,4.2429413628532595,2020,3,4,Pre-Monsoon,Chennai,19.5973717948718
2020-03-20,89.93699036918137,206.01388888888889,48.008,19.831784511784512,38.05555555555556,1165.873015873016,21.2,69,0.4,16.7,985.4,92.24545454545456,63.02435933539848,63.30434782608695,57.73095238095238,81.73560141667814,66.89757800221648,18.236039722770396,2020,3,4,Pre-Monsoon,Delhi,83.91114551083592
2020-03-20,39.5758064516129,78.80860215053764,31.6859375,17.992592592592594,56.20931818181818,577.741935483871,27.0,53,0.0,13.5,1008.9,85.72777777777777,72.17666666666666,61.618085106382985,54.9561797752809,65.82675029868578,54.59171538785302,20.745022968523635,2020,3,4,Pre-Monsoon,Kolkata,39.3054054054054
2020-03-20,23.303468670076725,54.95470588235294,19.61833333333333,12.46,12.487040229885055,700.0,25.4,76,0.0,14.8,1011.3,31.61362485725162,54.8706789755807,74.19410594315246,27.56994222436206,36.59592416763637,48.789270535570026,19.026636500411026,2020,3,4,Pre-Monsoon,Mumbai,19.5510162601626
2020-03-21,38.7968253968254,79.77777777777777,35.01115550239234,7.3355263157894735,60.19409090909091,753.5657894736842,26.9,51,0.1,15.9,913.3,39.50034843205575,38.41501976284585,28.886124437781103,30.25311653116531,38.90406453057566,32.02335142253785,7.324652927315978,2020,3,5,Pre-Monsoon,Bengaluru,27.12874243733794
2020-03-21,19.5973717948718,1.4235897435897438,8.822564102564103,6.800512820512822,63.99570512820513,988.5897435897436,28.1,75,0.0,25.4,1009.8,21.954016064257026,22.67648148148148,30.671186274509807,33.168404255319146,21.409289780203427,24.149883359434547,3.505171614492937,2020,3,5,Pre-Monsoon,Chennai,27.723333333333336
2020-03-21,83.91114551083592,175.10242105263157,45.16346153846153,17.75968875502008,37.61411764705882,1032.000710732054,21.7,70,1.6,9.2,985.7,89.93699036918137,92.24545454545456,63.02435933539848,40.718560606060606,88.69786347515729,73.06794727432722,14.904838126625327,2020,3,5,Pre-Monsoon,Delhi,71.89368421052632
2020-03-21,39.3054054054054,76.45333333333333,21.37837837837838,18.071555555555555,52.156976744186046,382.7906976744186,26.8,60,0.8,18.9,1009.4,39.5758064516129,85.72777777777777,72.17666666666666,44.15698924731184,54.8696632115987,53.898631981866394,21.227188064623025,2020,3,5,Pre-Monsoon,Kolkata,17.46
2020-03-21,19.5510162601626,52.16423913043478,17.43238425925926,12.890526315789472,25.691724828375285,488.2857142857143,25.0,78,0.0,18.5,1011.2,23.303468670076725,31.61362485725162,54.8706789755807,35.013301810865194,24.822703262497,46.58037259975537,21.614119487216566,2020,3,5,Pre-Monsoon,Mumbai,24.51617021276596
2020-03-22,27.12874243733794,49.13793103448276,11.482665805340224,6.939534883720929,51.759166666666665,626.6627906976744,26.3,54,0.1,15.0,913.4,38.7968253968254,39.50034843205575,38.41501976284585,32.84294211850835,35.14197208873969,31.207037182370645,7.533526494632857,2020,3,6,Pre-Monsoon,Bengaluru,42.89740896358544
2020-03-22,27.723333333333336,0.31,6.512043010752688,7.087999999999999,49.666,970.0,28.2,74,0.0,21.0,1009.7,19.5973717948718,21.954016064257026,22.67648148148148,25.91804029304029,23.091573730820713,24.4077823651907,3.716964504722261,2020,3,6,Pre-Monsoon,Chennai,32.601712765957444
2020-03-22,71.89368421052632,129.28439638318673,26.159701492537312,14.201875,51.47064492216457,741.1578947368421,22.0,68,0.0,13.8,987.5,83.91114551083592,89.93699036918137,92.24545454545456,59.333333333333336,81.91394003018121,74.86228311392622,13.681660373065121,2020,3,6,Pre-Monsoon,Delhi,67.31497705465165
2020-03-22,17.46,29.68021978021978,19.125274725274725,10.953076923076924,55.115,397.5,24.5,76,1.7,17.8,1010.8,39.3054054054054,39.5758064516129,85.72777777777777,24.264843384759235,32.11373728567278,52.926511498329354,22.900358167633964,2020,3,6,Pre-Monsoon,Kolkata,24.869565217391305
2020-03-22,24.51617021276596,59.0,8.853333333333333,9.48443396226415,32.800000000000004,400.0,25.9,78,0.0,23.7,1010.7,19.5510162601626,23.303468670076725,31.61362485725162,56.56903571428572,22.456885047668447,42.001391813823986,22.521497686059117,2020,3,6,Pre-Monsoon,Mumbai,22.75277777777778
2020-03-23,42.89740896358544,72.20833333333333,14.01155303030303,6.555319148936171,32.6488,483.031914893617,25.1,63,0.7,19.0,913.2,27.12874243733794,38.7968253968254,39.50034843205575,22.206593567251463,36.274325599249586,34.162867953275494,7.4724202567675295,2020,3,0,Pre-Monsoon,Bengaluru,50.08433734939759
2020-03-23,32.601712765957444,5.6115,2.6385,6.6255,39.035,1025.7446808510638,28.0,70,0.0,20.0,1009.8,27.723333333333336,19.5973717948718,21.954016064257026,23.70179775280899,26.64080596472085,25.679198795640477,4.799679394476211,2020,3,0,Pre-Monsoon,Chennai,14.167146118721462
2020-03-23,67.31497705465165,123.53191489361704,28.74826530612245,16.193478260869565,23.37333333333333,718.9767441860465,22.5,61,0.0,9.4,987.3,71.89368421052632,83.91114551083592,89.93699036918137,59.72,74.37326892533797,75.94727983601932,12.53368493982517,2020,3,0,Pre-Monsoon,Delhi,56.34177215189873
2020-03-23,24.869565217391305,50.4,17.09565217391304,8.3,35.068400000000004,336.8965517241379,25.7,69,0.0,12.9,1009.9,17.46,39.3054054054054,39.5758064516129,54.62183908045977,27.21165687426557,48.67618666074815,25.1807456060562,2020,3,0,Pre-Monsoon,Kolkata,33.617045454545455
2020-03-23,22.75277777777778,57.0638888888889,12.679601449275362,8.048,20.75067934782609,372.5,27.5,72,0.0,21.6,1009.4,24.51617021276596,19.5510162601626,23.303468670076725,65.96067777777778,22.27332141690213,35.828834670966835,20.70855569876172,2020,3,0,Pre-Monsoon,Mumbai,41.81717647058824
2020-03-24,50.08433734939759,79.28485370051635,11.608888888888888,8.31011463844797,37.604923389618506,865.7142857142857,26.7,55,0.0,16.4,912.0,42.89740896358544,27.12874243733794,38.7968253968254,23.515606242497,40.03682958344032,37.958400968547004,7.898405922148971,2020,3,1,Pre-Monsoon,Bengaluru,22.63636363636364
2020-03-24,14.167146118721462,1.3654285714285714,2.9385714285714286,6.905428571428572,42.095530332681015,523.6470588235294,27.9,72,0.0,16.5,1008.5,32.601712765957444,27.723333333333336,19.5973717948718,24.53028985507246,24.8307307393374,24.198749690447478,6.507518625271478,2020,3,1,Pre-Monsoon,Chennai,18.703323529411765
2020-03-24,56.34177215189873,109.1860975609756,22.888,15.916813380281692,35.76815157416424,649.7530864197531,23.6,64,0.7,10.8,985.8,67.31497705465165,71.89368421052632,83.91114551083592,63.30434782608695,65.18347780569223,74.95262616827814,13.905432987013164,2020,3,1,Pre-Monsoon,Delhi,38.59090909090909
2020-03-24,33.617045454545455,53.425,17.167045454545455,11.01732558139535,53.10545454545454,418.52272727272725,26.4,73,0.0,13.5,1008.3,24.869565217391305,17.46,39.3054054054054,61.618085106382985,25.315536890645593,44.67603813905707,25.005653949935763,2020,3,1,Pre-Monsoon,Kolkata,41.08
2020-03-24,41.81717647058824,84.34541666666667,11.460224358974358,15.235185185185186,44.45333333333333,757.7777777777778,28.3,65,0.0,22.7,1007.6,22.75277777777778,24.51617021276596,19.5510162601626,74.19410594315246,29.695374820377342,31.20355903202909,12.827572187414251,2020,3,1,Pre-Monsoon,Mumbai,35.405
2020-03-25,22.63636363636364,45.37857142857143,6.4252747252747255,6.143184865900383,34.04509099616858,717.0114942528736,26.1,51,0.0,19.6,912.0,50.08433734939759,42.89740896358544,27.12874243733794,28.886124437781103,38.539369983115556,37.06557799691594,9.320117964325503,2020,3,2,Pre-Monsoon,Bengaluru,24.266666666666666
2020-03-25,18.703323529411765,2.2891666666666666,2.6963291139240506,6.988333333333333,44.69958333333333,849.7647058823529,27.8,72,0.0,16.8,1008.5,14.167146118721462,32.601712765957444,27.723333333333336,30.671186274509807,21.824060804696884,22.489055012576333,6.0818401007347545,2020,3,2,Pre-Monsoon,Chennai,20.347967032967038
2020-03-25,38.59090909090909,71.66363022941971,17.17544303797468,10.888,27.19144939271255,566.4590285502411,23.8,62,0.0,21.8,986.6,56.34177215189873,67.31497705465165,71.89368421052632,63.02435933539848,54.08255276581983,71.46213327620823,19.385443568603222,2020,3,2,Pre-Monsoon,Delhi,44.39474242103032
2020-03-25,41.08,72.25164835164834,15.248,15.508604651162791,53.017,443.9080459770115,27.1,70,0.1,11.6,1007.2,33.617045454545455,24.869565217391305,17.46,72.17666666666666,33.188870223978924,40.23365718667612,21.871595194014642,2020,3,2,Pre-Monsoon,Kolkata,33.89
2020-03-25,35.405,83.81222222222222,11.85,12.574444444444444,36.29319767441861,515.8333333333334,28.2,75,0.0,15.7,1007.7,41.81717647058824,22.75277777777778,24.51617021276596,54.8706789755807,33.32498474945536,28.422747749803275,8.069167753588824,2020,3,2,Pre-Monsoon,Mumbai,23.445241379310342
2020-03-26,24.266666666666666,49.45490196078431,5.693723404255319,4.270014298787463,35.74337301587302,555.8064516129032,26.2,51,0.0,19.9,912.6,22.63636363636364,50.08433734939759,42.89740896358544,38.41501976284585,32.329122550809295,35.04438469746178,10.44495232873513,2020,3,3,Pre-Monsoon,Bengaluru,21.84397435897436
2020-03-26,20.347967032967038,1.2906666666666666,3.045333333333333,6.844666666666667,28.582,702.4175824175824,28.1,72,0.0,15.7,1009.2,18.703323529411765,14.167146118721462,32.601712765957444,22.67648148148148,17.73947889370008,22.156410091359984,6.133341050022355,2020,3,3,Pre-Monsoon,Chennai,21.569166666666668
2020-03-26,44.39474242103032,77.15094339622641,14.467943548387098,12.692812356979406,24.0280701754386,530.7347447073474,23.5,61,0.0,19.6,987.4,38.59090909090909,56.34177215189873,67.31497705465165,92.24545454545456,46.442474554612716,64.62631725843335,19.27161589156957,2020,3,3,Pre-Monsoon,Delhi,22.479440592875925
2020-03-26,33.89,68.9590909090909,17.97197802197802,8.55,50.1875,549.6428571428571,29.2,60,0.0,14.0,1007.8,41.08,33.617045454545455,24.869565217391305,85.72777777777777,36.195681818181825,32.8282603612793,8.725897481427078,2020,3,3,Pre-Monsoon,Kolkata,31.68947368421053
2020-03-26,23.445241379310342,60.29392857142857,9.055393103448276,7.73609756097561,37.30616758241759,401.6,28.0,80,0.0,18.3,1008.8,35.405,41.81717647058824,22.75277777777778,31.61362485725162,33.555805949966214,27.25583582438309,8.121277591148974,2020,3,3,Pre-Monsoon,Mumbai,27.84653246753247
2020-03-27,21.84397435897436,44.188259109311744,8.687837837837838,7.025501754385965,33.92549523809524,773.8947368421053,25.7,49,0.0,17.0,914.1,24.266666666666666,22.63636363636364,50.08433734939759,39.50034843205575,22.91566822066822,32.522045544164435,11.287471163255365,2020,3,4,Pre-Monsoon,Bengaluru,21.08823529411765
2020-03-27,21.569166666666668,1.252,1.6289010989010988,6.951666666666667,61.05274637681159,661.195652173913,27.8,71,0.0,16.5,1010.8,20.347967032967038,18.703323529411765,14.167146118721462,21.954016064257026,20.206819076348484,22.101431605989934,6.137181324734228,2020,3,4,Pre-Monsoon,Chennai,31.319666666666667
2020-03-27,22.479440592875925,42.35714285714285,12.772291666666668,10.325490196078432,25.856179775280896,447.93313069908817,21.4,74,6.0,16.2,989.1,44.39474242103032,38.59090909090909,56.34177215189873,89.93699036918137,35.155030701605114,54.98952443324686,21.268230149242065,2020,3,4,Pre-Monsoon,Delhi,19.905882352941177
2020-03-27,31.68947368421053,82.9358695652174,15.741304347826087,11.150684931506849,58.383258426966286,395.59322033898303,30.0,55,0.0,14.5,1008.5,33.89,41.08,33.617045454545455,39.5758064516129,35.55315789473685,31.701641394507526,8.20294952968053,2020,3,4,Pre-Monsoon,Kolkata,38.67191011235956
2020-03-27,27.84653246753247,71.04520000000001,7.474352534562213,7.827704918032787,44.57965256374335,414.2857142857143,28.6,65,0.0,25.0,1010.7,23.445241379310342,35.405,41.81717647058824,23.303468670076725,28.89892461561429,27.90484493830534,7.932109060301471,2020,3,4,Pre-Monsoon,Mumbai,30.55988235294118
2020-03-28,21.08823529411765,43.85110294117647,7.402941176470588,4.17777485380117,35.14875986842105,766.0,25.9,42,0.0,17.7,913.3,21.84397435897436,24.266666666666666,22.63636363636364,38.7968253968254,22.39962543991955,29.99224695806333,11.626134496605552,2020,3,5,Pre-Monsoon,Bengaluru,22.33333333333333
2020-03-28,31.319666666666667,3.965861111111111,2.274121722846442,4.534274656679151,0.0,660.3401997503122,27.3,73,0.0,16.5,1009.7,21.569166666666668,20.347967032967038,18.703323529411765,19.5973717948718,24.412266788766782,23.776045159103486,6.892812632328585,2020,3,5,Pre-Monsoon,Chennai,21.572837078651688
2020-03-28,19.905882352941177,35.45882352941177,14.394736842105264,10.020689655172417,25.223068475452195,452.8235294117647,21.3,69,0.1,17.3,989.5,22.479440592875925,44.39474242103032,38.59090909090909,83.91114551083592,28.926688455615807,45.84591541069046,20.506862088288457,2020,3,5,Pre-Monsoon,Delhi,23.189655172413797
2020-03-28,38.67191011235956,73.37865168539325,14.916666666666666,10.401777777777776,50.87879518072289,429.0,31.1,53,0.0,14.3,1007.0,31.68947368421053,33.89,41.08,39.3054054054054,34.75046126552337,31.61114206692955,8.108024563012794,2020,3,5,Pre-Monsoon,Kolkata,34.90859974424552
2020-03-28,30.55988235294118,63.45974683544304,10.800601343101343,7.814246575342467,48.41010939209251,437.5609756097561,28.8,55,0.0,28.3,1010.3,27.84653246753247,23.445241379310342,35.405,19.5510162601626,27.283885399928014,29.477540094416565,7.041061763896914,2020,3,5,Pre-Monsoon,Mumbai,23.83088800112139
2020-03-29,22.33333333333333,44.93849206349206,8.788235294117648,6.929356441430909,35.761809269162214,824.8351648351648,26.5,37,0.0,17.0,912.5,21.08823529411765,21.84397435897436,24.266666666666666,27.12874243733794,21.755180995475104,29.3071885146341,11.959488452503827,2020,3,6,Pre-Monsoon,Bengaluru,24.855547126436782
2020-03-29,21.572837078651688,6.679722222222222,4.150833333333334,6.413888888888889,23.56597222222222,649.0909090909091,27.6,74,0.0,18.9,1008.7,31.319666666666667,21.569166666666668,20.347967032967038,27.723333333333336,24.820556803995,22.897402837006105,6.694950230216049,2020,3,6,Pre-Monsoon,Chennai,28.061857142857143
2020-03-29,23.189655172413797,54.38172043010752,11.66326530612245,10.213050911854102,40.10008040500298,460.6547619047619,21.9,59,0.0,22.5,987.7,19.905882352941177,22.479440592875925,44.39474242103032,71.89368421052632,21.8583260394103,38.88819697667439,18.34456915154079,2020,3,6,Pre-Monsoon,Delhi,32.08775068546808
2020-03-29,34.90859974424552,65.60100644122383,15.177415026833632,9.79577633378933,65.69020060331825,424.99850924269526,30.3,49,0.0,14.7,1006.7,38.67191011235956,31.68947368421053,33.89,17.46,35.08999451360521,34.10379917325034,5.189177890474542,2020,3,6,Pre-Monsoon,Kolkata,35.06534787310743
2020-03-29,23.83088800112139,63.97132352941177,10.089288888888888,8.862777777777778,58.46606275303644,364.4,28.6,56,0.0,24.5,1008.7,30.55988235294118,27.84653246753247,23.445241379310342,24.51617021276596,27.41243427386503,29.3796426356102,7.125794762120065,2020,3,6,Pre-Monsoon,Mumbai,28.870967741935484
2020-03-30,24.855547126436782,47.62068965517241,5.82420878601795,7.107160730593607,43.43320000000001,783.9926940639269,26.9,42,0.0,18.6,913.1,22.33333333333333,21.08823529411765,21.84397435897436,42.89740896358544,22.75903858462925,26.729779680755716,10.382661423360025,2020,3,0,Pre-Monsoon,Bengaluru,21.97826086956522
2020-03-30,28.061857142857143,81.21157894736842,7.713947368421053,6.815263157894737,37.54801879699248,531.3157894736842,27.1,76,0.0,17.3,1009.4,21.572837078651688,31.319666666666667,21.569166666666668,32.601712765957444,26.984786962725156,22.24885203370606,5.751634283390988,2020,3,0,Pre-Monsoon,Chennai,29.71805413687436
2020-03-30,32.08775068546808,61.467952643396615,13.669333333333334,9.911184210526317,47.23333333333333,454.4186046511628,21.9,55,0.0,19.2,987.7,23.189655172413797,19.905882352941177,22.479440592875925,67.31497705465165,25.061096070274356,33.85573606679102,13.416556367819913,2020,3,0,Pre-Monsoon,Delhi,31.55128205128205
2020-03-30,35.06534787310743,68.73810867293626,16.917826614861582,11.302623355263158,72.33504310344827,402.4842156386595,29.7,49,0.0,16.1,1007.9,34.90859974424552,38.67191011235956,31.68947368421053,24.869565217391305,36.215285909904175,35.56033955263836,3.2240847044052963,2020,3,0,Pre-Monsoon,Kolkata,38.20682596513076
2020-03-30,28.870967741935484,65.263125,12.279756838905776,8.115892857142857,49.38622491638796,407.4468085106383,28.2,63,0.0,18.0,1009.2,23.83088800112139,30.55988235294118,27.84653246753247,22.75277777777778,27.75391269866604,30.253669773347013,6.527603620933243,2020,3,0,Pre-Monsoon,Mumbai,25.72457046413502
2020-03-31,21.97826086956522,46.05851619644723,6.403076923076923,4.35467032967033,36.16990632318501,750.4347826086956,26.8,39,0.0,18.1,913.7,24.855547126436782,22.33333333333333,21.08823529411765,50.08433734939759,23.055713776445106,22.71462589792252,1.3594911553807707,2020,3,1,Pre-Monsoon,Bengaluru,23.615934065934063
2020-03-31,29.71805413687436,44.111384615384615,3.909775280898877,6.828769230769231,32.033076923076926,538.3870967741935,27.5,76,0.0,15.8,1009.9,28.061857142857143,21.572837078651688,31.319666666666667,14.167146118721462,26.450916119461056,24.470410322013617,5.073058619519921,2020,3,1,Pre-Monsoon,Chennai,31.422183908045977
2020-03-31,31.55128205128205,65.6442207566817,12.735294117647058,12.157377049180328,45.58961180124224,486.1470840480274,22.7,56,0.1,20.1,986.3,32.08775068546808,23.189655172413797,19.905882352941177,56.34177215189873,28.94289596972131,30.314237480988634,9.05462232307785,2020,3,1,Pre-Monsoon,Delhi,30.94576388888889
2020-03-31,38.20682596513076,74.78582658779577,19.72726972130373,10.71991372053872,62.7436,480.8,29.9,52,0.0,16.6,1008.0,35.06534787310743,34.90859974424552,38.67191011235956,33.617045454545455,36.06025786082791,36.216022482721975,3.229715950701239,2020,3,1,Pre-Monsoon,Kolkata,41.66343697090965
2020-03-31,25.72457046413502,63.7925,11.018662605932205,8.248709677419354,33.20043871551334,386.5079365079365,27.6,67,0.0,22.4,1010.3,28.870967741935484,23.83088800112139,30.55988235294118,41.81717647058824,26.142142069063983,27.95472605813941,4.19244781656727,2020,3,1,Pre-Monsoon,Mumbai,22.396809523809523
2020-04-01,23.615934065934063,49.28747072599532,6.777586206896552,5.717629784009095,39.02038942695722,789.4565217391304,27.6,36,0.0,19.1,913.2,21.97826086956522,24.855547126436782,22.33333333333333,22.63636363636364,23.483247353978683,22.854564530718296,1.3999076692678691,2020,4,2,Pre-Monsoon,Bengaluru,32.66197183098591
2020-04-01,31.422183908045977,2.111923076923077,7.301923076923076,6.8494230769230775,42.96457559681697,721.7241379310345,28.0,76,0.0,18.2,1009.2,29.71805413687436,28.061857142857143,21.572837078651688,18.703323529411765,29.734031729259154,26.28739037610422,4.939188409071292,2020,4,2,Pre-Monsoon,Chennai,22.324237288135595
2020-04-01,30.94576388888889,68.12087912087912,13.923328754578757,13.68082191780822,39.35911306042885,477.7325581395349,23.9,56,0.0,13.0,985.5,31.55128205128205,32.08775068546808,23.189655172413797,38.59090909090909,31.528265541879676,29.222073880700037,8.321286918082665,2020,4,2,Pre-Monsoon,Delhi,26.49206349206349
2020-04-01,41.66343697090965,73.02205882352942,14.31359881031064,12.551027397260274,63.32132974316487,401.12193710206446,30.6,61,0.0,16.6,1006.5,38.20682596513076,35.06534787310743,34.90859974424552,41.08,38.311870269715946,36.29937062142335,3.380182679117607,2020,4,2,Pre-Monsoon,Kolkata,36.12290466212677
2020-04-01,22.396809523809523,55.58966101694915,8.62032196969697,5.346931818181818,37.34210112812248,390.6060606060606,27.4,70,0.0,23.7,1009.8,25.72457046413502,28.870967741935484,23.83088800112139,35.405,25.664115909960028,26.09641313296935,3.073279412036081,2020,4,2,Pre-Monsoon,Mumbai,32.67333333333333
2020-04-02,32.66197183098591,59.48062622309197,6.028152173913044,4.186590909090909,39.8179730458221,702.3611111111111,28.0,38,0.0,17.7,912.5,23.615934065934063,21.97826086956522,24.855547126436782,24.266666666666666,26.085388922161727,24.053893839906756,3.9975183731638015,2020,4,3,Pre-Monsoon,Bengaluru,34.53947368421053
2020-04-02,22.324237288135595,50.968474576271184,7.850677966101695,7.012542372881356,48.27046097969827,744.5054945054945,28.5,77,0.0,21.0,1008.1,31.422183908045977,29.71805413687436,28.061857142857143,20.347967032967038,27.8214917776853,26.56971469827116,4.5870356519086934,2020,4,3,Pre-Monsoon,Chennai,22.618936170212763
2020-04-02,26.49206349206349,60.84093309859155,12.057831325301205,11.097777777777775,46.638333333333335,524.2307692307693,23.3,53,0.0,20.9,985.9,30.94576388888889,31.55128205128205,32.08775068546808,44.39474242103032,29.66303647741148,26.664548319419062,4.948390697142789,2020,4,3,Pre-Monsoon,Delhi,29.632183908045977
2020-04-02,36.12290466212677,57.87965217391304,13.89202639751553,7.381195652173913,51.78999651567945,374.1208791208791,30.8,65,0.0,24.5,1005.5,41.66343697090965,38.20682596513076,35.06534787310743,33.89,38.66438919938906,36.618357001727176,3.216302663331435,2020,4,3,Pre-Monsoon,Kolkata,39.597499052671466
2020-04-02,32.67333333333333,72.1582905982906,9.691304347826089,6.025422771672771,45.206875,374.1774891774892,28.3,64,0.0,22.7,1008.1,22.396809523809523,25.72457046413502,28.870967741935484,23.445241379310342,26.93157110709264,27.41471198354406,3.668152639164111,2020,4,3,Pre-Monsoon,Mumbai,30.922380952380955
2020-04-03,34.53947368421053,61.35565110565111,5.884631578947368,8.195418889689979,46.20927517730496,484.3835616438356,27.9,42,0.0,18.9,912.9,32.66197183098591,23.615934065934063,21.97826086956522,21.84397435897436,30.27245986037683,25.86753660065478,5.445479149050484,2020,4,4,Pre-Monsoon,Bengaluru,34.20634920634921
2020-04-03,22.618936170212763,51.48,6.332553191489362,6.8885106382978725,50.518191489361705,731.9148936170212,28.8,75,0.0,22.0,1008.8,22.324237288135595,31.422183908045977,29.71805413687436,21.569166666666668,25.455119122131435,26.719681770206314,4.410047541958751,2020,4,4,Pre-Monsoon,Chennai,19.64968253968254
2020-04-03,29.632183908045977,63.30337078651685,14.450425712347354,12.81783764106298,61.15352112676056,493.05555555555554,22.4,44,0.0,19.1,987.3,26.49206349206349,30.94576388888889,31.55128205128205,22.479440592875925,29.023337096332785,27.686368793014783,4.670873181959932,2020,4,4,Pre-Monsoon,Delhi,36.33396488568903
2020-04-03,39.597499052671466,69.06779598393575,15.488112056737588,8.703758615522926,53.738540562249,467.8183908045977,29.9,65,0.1,22.0,1006.8,36.12290466212677,41.66343697090965,38.20682596513076,31.68947368421053,39.127946895235965,37.74807491150731,2.5071622619069447,2020,4,4,Pre-Monsoon,Kolkata,49.1622695035461
2020-04-03,30.922380952380955,89.1990625,7.995207386363635,3.682686567164179,36.99356175514626,375.0,28.0,71,0.0,22.2,1008.6,32.67333333333333,22.396809523809523,25.72457046413502,27.84653246753247,28.664174603174626,27.854118909950984,3.9050775972010388,2020,4,4,Pre-Monsoon,Mumbai,35.787976190476186
2020-04-04,34.20634920634921,58.54207021791768,5.945978260869565,8.698268888096935,39.65355895915678,416.3333333333333,27.5,43,0.0,17.1,913.5,34.53947368421053,32.66197183098591,23.615934065934063,21.08823529411765,33.802598240515216,27.74155287383072,5.773935323586854,2020,4,5,Pre-Monsoon,Bengaluru,28.65217391304348
2020-04-04,19.64968253968254,122.16507936507936,4.6401587301587295,5.557222222222222,49.58627777777778,745.1612903225806,28.6,74,0.0,18.6,1009.8,22.618936170212763,22.324237288135595,31.422183908045977,31.319666666666667,21.530951999343625,25.052541180637153,4.583678286199098,2020,4,5,Pre-Monsoon,Chennai,16.82831168831169
2020-04-04,36.33396488568903,72.6046511627907,18.699734432234436,12.61905237904838,52.80684782608695,532.439024390244,23.2,48,0.0,17.2,987.2,29.632183908045977,26.49206349206349,30.94576388888889,19.905882352941177,30.81940409526617,30.033237726264474,4.214908660548786,2020,4,5,Pre-Monsoon,Delhi,52.340599250936336
2020-04-04,49.1622695035461,91.2332281205165,16.777441258462765,10.58706851971558,70.72795279593319,464.5917960971725,30.4,60,0.0,17.3,1008.4,39.597499052671466,36.12290466212677,41.66343697090965,38.67191011235956,41.627557739448115,39.246697681676814,5.023684751602195,2020,4,5,Pre-Monsoon,Kolkata,38.60964357937311
2020-04-04,35.787976190476186,78.32139240506329,8.930276755852844,3.5974736842105264,33.237656393322325,377.9268292682927,27.6,72,0.0,22.1,1009.1,30.922380952380955,32.67333333333333,22.396809523809523,30.55988235294118,33.127896825396846,28.600989458170268,4.885659499472373,2020,4,5,Pre-Monsoon,Mumbai,32.85136363636364
2020-04-05,28.65217391304348,55.55789707187223,6.468297872340425,7.2034782608695656,37.92423835125448,654.3333333333334,27.8,51,0.1,16.5,914.4,34.20634920634921,34.53947368421053,32.66197183098591,22.33333333333333,32.465998934534404,28.644244385217885,5.258428203869639,2020,4,6,Pre-Monsoon,Bengaluru,22.983606557377048
2020-04-05,16.82831168831169,30.841818181818184,5.897662337662338,5.1040217391304346,45.605706605222736,574.5652173913044,29.3,76,1.0,19.7,1010.2,19.64968253968254,22.618936170212763,22.324237288135595,21.572837078651688,19.698976799402324,24.37475183916001,5.4524376987631245,2020,4,6,Pre-Monsoon,Chennai,10.372222222222222
2020-04-05,52.340599250936336,103.82998021838898,18.82446646341464,16.33372093023256,55.38917647058823,650.9638554216867,24.0,53,0.0,15.5,987.8,36.33396488568903,29.632183908045977,26.49206349206349,23.189655172413797,39.435582681557115,34.197658308910555,8.52427606503426,2020,4,6,Pre-Monsoon,Delhi,61.40604395604395
2020-04-05,38.60964357937311,68.05751804330393,11.556005733397038,9.52782867494824,62.27336644177911,448.0182002022244,30.2,66,0.0,15.7,1008.5,49.1622695035461,39.597499052671466,36.12290466212677,34.90859974424552,42.45647071186357,39.77541822955219,4.673584940763343,2020,4,6,Pre-Monsoon,Kolkata,33.792405063291135
2020-04-05,32.85136363636364,71.4862962962963,8.244119674185463,4.026951219512195,34.75689506172839,356.53846153846155,27.3,77,0.0,18.2,1010.0,35.787976190476186,30.922380952380955,32.67333333333333,23.83088800112139,33.18724025974028,29.889628834633445,4.599015929428483,2020,4,6,Pre-Monsoon,Mumbai,22.48064935064935
2020-04-06,22.983606557377048,44.40983606557377,7.729310344827587,3.797356321839081,35.21983793103449,578.0459770114943,27.4,59,0.3,13.7,914.5,28.65217391304348,34.20634920634921,34.53947368421053,24.855547126436782,28.61404322558991,28.376824303923637,5.524104787982111,2020,4,0,Pre-Monsoon,Bengaluru,15.444632768361584
2020-04-06,10.372222222222222,27.811016949152545,8.06,2.6811111111111114,41.44289171374765,752.8888888888889,29.4,78,1.3,22.5,1009.9,16.82831168831169,19.64968253968254,22.618936170212763,28.061857142857143,15.61673881673881,21.847661136212167,7.258870887398742,2020,4,0,Pre-Monsoon,Chennai,8.064146141215108
2020-04-06,61.40604395604395,119.4356179775281,17.82935846321131,15.866551724137931,52.45168604651163,627.2583559168925,26.2,46,0.0,18.0,986.6,52.340599250936336,36.33396488568903,29.632183908045977,32.08775068546808,50.0268693642231,38.38598591899282,13.222642302477036,2020,4,0,Pre-Monsoon,Delhi,29.354924841772156
2020-04-06,33.792405063291135,66.79367088607594,15.441772151898736,9.05125,49.26522222222222,412.7586206896552,31.0,52,0.0,16.1,1007.6,38.60964357937311,49.1622695035461,39.597499052671466,35.06534787310743,40.52143938207012,39.59356925672129,4.906366232317206,2020,4,0,Pre-Monsoon,Kolkata,38.82325581395349
2020-04-06,22.48064935064935,55.69357142857143,5.07691570881226,3.509264705882353,26.40176388888889,295.2054794520548,27.3,80,0.0,17.4,1010.9,32.85136363636364,35.787976190476186,30.922380952380955,28.870967741935484,30.373329725829745,28.976726207306857,5.39949462509044,2020,4,0,Pre-Monsoon,Mumbai,32.053552631578945
2020-04-07,15.444632768361584,22.08108108108108,9.19478021978022,4.907482004429679,41.0497619047619,530.9590792838875,25.3,70,6.1,11.3,913.5,22.983606557377048,28.65217391304348,34.20634920634921,21.97826086956522,22.3601377462607,27.443448860894545,7.109805882453793,2020,4,1,Pre-Monsoon,Bengaluru,19.21875
2020-04-07,8.064146141215108,59.183142857142855,9.79,3.2074647887323944,44.92285385878489,736.6666666666666,29.3,77,0.6,24.6,1008.6,10.372222222222222,16.82831168831169,19.64968253968254,29.71805413687436,11.754893350582998,18.754245708260843,7.928901835718646,2020,4,1,Pre-Monsoon,Chennai,11.060264681555005
2020-04-07,29.354924841772156,92.7806089221752,13.235268817204302,14.783333333333337,46.149617977528095,441.3856960408684,25.0,46,0.4,19.6,984.8,61.40604395604395,52.340599250936336,36.33396488568903,31.55128205128205,47.70052268291749,38.07222060334855,13.436190948725084,2020,4,1,Pre-Monsoon,Delhi,26.027027027027028
2020-04-07,38.82325581395349,70.42439024390244,9.325641025641024,8.2675,52.785555555555554,399.44444444444446,30.9,55,0.0,19.8,1005.9,33.792405063291135,38.60964357937311,49.1622695035461,38.20682596513076,37.07510148553925,39.68163066369596,4.882803494532013,2020,4,1,Pre-Monsoon,Kolkata,24.642391304347825
2020-04-07,32.053552631578945,63.28794117647059,4.786707466340269,4.173333333333333,16.642033468559838,592.25,26.8,80,0.0,16.4,1010.1,22.48064935064935,32.85136363636364,35.787976190476186,25.72457046413502,29.128521872863995,29.8808665169417,5.293003388263146,2020,4,1,Pre-Monsoon,Mumbai,37.52857142857143
2020-04-08,19.21875,30.700344279661017,10.055737704918032,5.134351916783544,46.60599206349207,649.0625,26.2,61,0.6,15.2,913.7,15.444632768361584,22.983606557377048,28.65217391304348,23.615934065934063,19.215663108579538,26.815279708618252,7.676041347125759,2020,4,2,Pre-Monsoon,Bengaluru,22.04482706766917
2020-04-08,11.060264681555005,1.6592307692307693,6.493076923076923,2.548191489361702,32.615,722.5531914893617,29.6,77,0.8,24.9,1008.8,8.064146141215108,10.372222222222222,16.82831168831169,31.422183908045977,9.832211014997439,15.845400104476417,6.009657678852113,2020,4,2,Pre-Monsoon,Chennai,7.995989583333333
2020-04-08,26.027027027027028,78.41025641025641,13.36060606060606,13.147843035343035,60.35735511258768,393.0769230769231,24.9,46,0.0,16.7,985.3,29.354924841772156,61.40604395604395,52.340599250936336,30.94576388888889,38.92933194161438,37.36954390879685,13.988277142498871,2020,4,2,Pre-Monsoon,Delhi,32.643926661573715
2020-04-08,24.642391304347825,55.06307692307692,9.546153846153846,9.709673913043478,67.32967391304348,382.3529411764706,31.0,53,0.0,20.7,1006.5,38.82325581395349,33.792405063291135,38.60964357937311,41.66343697090965,32.41935072719749,37.250052711329985,7.347491461906256,2020,4,2,Pre-Monsoon,Kolkata,23.93947368421053
2020-04-08,37.52857142857143,101.27230769230768,6.469461538461538,8.003636363636362,25.853668831168832,332.3076923076923,27.2,76,0.0,18.5,1011.0,32.053552631578945,22.48064935064935,32.85136363636364,22.396809523809523,30.687591136933264,32.04254678905055,4.793425347218391,2020,4,2,Pre-Monsoon,Mumbai,35.71454260651629
2020-04-09,22.04482706766917,36.25771939328277,8.587082670906199,5.886947368421053,50.275217391304345,715.8158822309765,25.4,67,3.1,19.5,913.5,19.21875,15.444632768361584,22.983606557377048,32.66197183098591,18.902736612010248,25.29854474243015,7.371111172440739,2020,4,3,Pre-Monsoon,Bengaluru,15.302342342342342
2020-04-09,7.995989583333333,0.0,13.454166666666667,2.5921590909090906,26.07229166666667,667.5,29.3,78,1.5,20.0,1009.2,11.060264681555005,8.064146141215108,10.372222222222222,22.324237288135595,9.040133468701143,13.79850757521895,5.873747293319567,2020,4,3,Pre-Monsoon,Chennai,19.19598567193676
2020-04-09,32.643926661573715,76.64152941176471,16.899285714285714,12.240425531914893,58.61948483589531,557.0260747004933,24.4,46,0.0,15.8,985.9,26.027027027027028,29.354924841772156,61.40604395604395,26.49206349206349,29.3419595101243,38.24838150444117,13.370594439579895,2020,4,3,Pre-Monsoon,Delhi,59.28200371057514
2020-04-09,23.93947368421053,47.05307692307692,10.274358974358972,12.981818181818182,85.71568181818182,372.95454545454544,30.3,57,0.0,15.5,1007.1,24.642391304347825,38.82325581395349,33.792405063291135,36.12290466212677,29.135040267503953,35.50956257162766,8.931309110131192,2020,4,3,Pre-Monsoon,Kolkata,18.534375
2020-04-09,35.71454260651629,91.07323529411764,6.114425675675676,4.075675675675676,19.97691176470588,298.1081081081081,26.8,77,0.0,23.5,1010.4,37.52857142857143,32.053552631578945,22.48064935064935,32.67333333333333,35.098888888888915,32.47700525664811,4.993761806072015,2020,4,3,Pre-Monsoon,Mumbai,33.95238095238095
2020-04-10,15.302342342342342,26.068493150684933,6.70929186228482,6.029861111111111,44.38301075268817,630.8552631578948,25.8,61,0.0,16.0,913.7,22.04482706766917,19.21875,15.444632768361584,34.53947368421053,18.855306470003836,22.550383122163264,6.924139274759667,2020,4,4,Pre-Monsoon,Bengaluru,27.032294117647066
2020-04-10,19.19598567193676,0.0,7.068405797101449,6.565652173913044,44.06792557111275,595.5681818181819,29.0,74,0.1,20.2,1010.0,7.995989583333333,11.060264681555005,8.064146141215108,22.618936170212763,12.75074664560836,13.309514646893808,5.10986715763684,2020,4,4,Pre-Monsoon,Chennai,11.59594298245614
2020-04-10,59.28200371057514,116.08163265306122,21.47849887556222,16.311195652173915,51.60751617440225,692.8879310344828,25.7,47,0.0,17.2,986.7,32.643926661573715,26.027027027027028,29.354924841772156,29.632183908045977,39.31765246639196,42.48407004765962,14.80553823208584,2020,4,4,Pre-Monsoon,Delhi,52.65448529411765
2020-04-10,18.534375,40.34367088607595,8.594488636363636,7.897977528089887,50.03255555555555,350.63291139240505,30.0,68,0.0,18.3,1009.1,23.93947368421053,24.642391304347825,38.82325581395349,39.597499052671466,22.37207999618612,32.50054484981745,10.697944891364202,2020,4,4,Pre-Monsoon,Kolkata,18.830337078651688
2020-04-10,33.95238095238095,89.94125,5.2360759493670885,3.536027397260274,26.638181818181817,346.5,27.5,76,0.0,23.0,1009.9,35.71454260651629,37.52857142857143,32.053552631578945,30.922380952380955,35.731831662489576,32.90986239950526,4.967800677496126,2020,4,4,Pre-Monsoon,Mumbai,38.22950617283951
2020-04-11,27.032294117647066,42.24719101123596,7.548780487804878,6.356900352733686,41.03988235294118,643.0870870870871,26.3,58,0.0,15.0,914.9,15.302342342342342,22.04482706766917,19.21875,34.20634920634921,21.45982117588619,21.525518109491525,5.236661960542728,2020,4,5,Pre-Monsoon,Bengaluru,22.696525653174497
2020-04-11,11.59594298245614,0.0,3.536052631578948,6.678421052631579,38.56103216374269,623.9325842696629,29.0,73,0.3,15.7,1011.1,19.19598567193676,7.995989583333333,11.060264681555005,19.64968253968254,12.929306079242073,12.158980424432894,4.284408752932191,2020,4,5,Pre-Monsoon,Chennai,13.303896396396397
2020-04-11,52.65448529411765,112.6029411764706,18.8275,19.0,59.08113972234662,664.3333333333333,27.7,42,0.0,13.8,987.8,59.28200371057514,32.643926661573715,26.027027027027028,36.33396488568903,48.193471888755504,44.81557296314942,14.95986845930394,2020,4,5,Pre-Monsoon,Delhi,37.04797762478485
2020-04-11,18.830337078651688,41.47777777777778,7.875,7.06,42.94144736842105,340.0,29.5,72,0.8,18.3,1009.7,18.534375,23.93947368421053,24.642391304347825,49.1622695035461,20.434728587620743,28.16741164626111,8.798724888147401,2020,4,5,Pre-Monsoon,Kolkata,21.476315789473684
2020-04-11,38.22950617283951,87.13018181818181,5.282727272727272,3.772222222222223,25.789603174603176,383.2051282051282,28.9,71,0.0,20.1,1010.6,33.95238095238095,35.71454260651629,37.52857142857143,35.787976190476186,35.965476577245596,33.25865239698573,5.27948468244433,2020,4,5,Pre-Monsoon,Mumbai,510.4583333333333
2020-04-12,22.696525653174497,43.97701149425287,7.394107142857143,4.984139373655271,42.58935064935065,643.0341008452347,26.5,48,0.0,16.5,914.2,27.032294117647066,15.302342342342342,22.04482706766917,28.65217391304348,21.677054037721295,20.67471121522453,4.282730827787866,2020,4,6,Pre-Monsoon,Bengaluru,27.817073170731707
2020-04-12,13.303896396396397,0.0,5.3448648648648645,6.533918918918919,39.12006756756757,750.4444444444445,28.3,76,0.0,17.8,1010.2,11.59594298245614,19.19598567193676,7.995989583333333,16.82831168831169,14.698608350263092,11.655492525587851,3.826892295632956,2020,4,6,Pre-Monsoon,Chennai,18.461622807017545
2020-04-12,37.04797762478485,87.24096385542168,15.286611433305715,15.034065934065934,59.92183098591549,556.0792192881745,28.0,42,0.0,15.0,985.6,52.65448529411765,59.28200371057514,32.643926661573715,52.340599250936336,49.66148887649255,42.63091273084207,14.793502629602756,2020,4,6,Pre-Monsoon,Delhi,61.36403846153846
2020-04-12,21.476315789473684,61.45333333333333,7.979740259740259,6.900666666666666,38.776818181818186,337.7922077922078,29.2,72,0.6,14.1,1008.1,18.830337078651688,18.534375,23.93947368421053,38.60964357937311,19.6136759560418,25.719793390561193,7.7276566961810635,2020,4,6,Pre-Monsoon,Kolkata,22.70843373493976
2020-04-12,510.4583333333333,82.69320440693858,7.338444370419721,3.482766726943942,24.725949367088607,355.01666666666665,29.0,75,0.0,18.4,1009.9,38.22950617283951,33.95238095238095,35.71454260651629,32.85136363636364,194.21340681951793,101.48821949655283,180.41604260085913,2020,4,6,Pre-Monsoon,Mumbai,509.6875
2020-04-13,27.817073170731707,59.072493224932245,14.136708860759493,7.349777093149692,55.46869047619048,646.4179104477612,27.1,37,0.0,16.9,912.8,22.696525653174497,27.032294117647066,15.302342342342342,22.983606557377048,25.84863098051775,21.365206445703766,5.039767703293606,2020,4,0,Pre-Monsoon,Bengaluru,34.025
2020-04-13,18.461622807017545,0.0,5.41,6.608157894736842,41.038407054871215,734.6808510638298,28.2,77,0.0,19.3,1008.6,13.303896396396397,11.59594298245614,19.19598567193676,10.372222222222222,14.453820728623354,12.811121180558613,4.531352106402988,2020,4,0,Pre-Monsoon,Chennai,17.7227
2020-04-13,61.36403846153846,130.64615384615385,21.527023564401738,18.55613055978353,45.32266666666666,703.1150793650793,29.3,41,0.0,20.6,983.6,37.04797762478485,52.65448529411765,59.28200371057514,61.40604395604395,50.35550046014699,42.62491194591272,14.78462329226423,2020,4,0,Pre-Monsoon,Delhi,53.41958779617008
2020-04-13,22.70843373493976,51.43536585365853,6.67,7.109756097560975,35.40648351648352,365.625,30.1,74,0.8,14.8,1006.3,21.476315789473684,18.830337078651688,18.534375,33.792405063291135,21.00502886768838,24.136368915082425,6.887799168991793,2020,4,0,Pre-Monsoon,Kolkata,25.758108108108107
2020-04-13,509.6875,75.01599924585219,5.70215991902834,3.6499723587223594,17.383116883116884,343.1436599929751,28.7,80,0.0,19.0,1008.6,510.4583333333333,38.22950617283951,33.95238095238095,22.48064935064935,352.79177983539097,171.08919816074578,231.5793864648464,2020,4,0,Pre-Monsoon,Mumbai,509.9375
2020-04-14,34.025,63.84572784810126,14.377922077922078,7.927994994438265,43.00368987341773,608.8888888888889,27.1,34,0.0,19.8,912.8,27.817073170731707,22.696525653174497,27.032294117647066,15.444632768361584,28.179532941302067,24.01954462165211,6.168389216014359,2020,4,1,Pre-Monsoon,Bengaluru,37.015625
2020-04-14,17.7227,0.0,4.1498,6.766,47.78406170212766,739.7872340425532,28.2,75,0.0,17.2,1009.0,18.461622807017545,13.303896396396397,11.59594298245614,8.064146141215108,16.49607306780464,14.190914588956456,4.310103189013092,2020,4,1,Pre-Monsoon,Chennai,15.835806451612903
2020-04-14,53.41958779617008,136.33758865248228,22.650060054907343,16.470588235294116,43.17256097560976,787.9120879120879,30.1,41,0.0,22.0,984.0,61.36403846153846,37.04797762478485,52.65448529411765,29.354924841772156,50.6105346274978,46.062720939398126,13.959544343108186,2020,4,1,Pre-Monsoon,Delhi,61.550561797752806
2020-04-14,25.758108108108107,53.08624999999999,5.631935483870968,5.266666666666667,32.30168831168831,375.8108108108109,29.5,76,3.6,16.2,1007.5,22.70843373493976,21.476315789473684,18.830337078651688,38.82325581395349,23.31428587750719,22.269919242818798,2.8044790048093375,2020,4,1,Pre-Monsoon,Kolkata,23.59638554216868
2020-04-14,509.9375,77.80514069264069,10.479230949041607,4.596219715956558,20.2464,371.0,29.5,75,0.0,22.4,1008.4,509.6875,510.4583333333333,38.22950617283951,32.053552631578945,510.0277777777778,239.35833349909166,253.19182795702704,2020,4,1,Pre-Monsoon,Mumbai,34.90852941176471
2020-04-15,37.015625,60.5390625,10.891803278688524,7.754318181818182,45.86551724137932,563.2075471698113,27.0,40,0.0,16.1,913.8,34.025,27.817073170731707,22.696525653174497,19.21875,32.95256605691056,26.561955335937824,7.403801542021559,2020,4,2,Pre-Monsoon,Bengaluru,26.19298245614035
2020-04-15,15.835806451612903,0.0,3.0650617283950616,6.829516129032259,48.52805535190616,601.9753086419753,28.7,73,0.0,19.3,1010.0,17.7227,18.461622807017545,13.303896396396397,11.060264681555005,17.34004308621014,14.873134841821868,4.105051077287335,2020,4,2,Pre-Monsoon,Chennai,11.12411971830986
2020-04-15,61.550561797752806,192.55357142857144,26.24914893617021,14.185686769089658,34.20445990806946,815.1190476190476,30.4,38,0.0,20.6,983.6,53.41958779617008,61.36403846153846,37.04797762478485,26.027027027027028,58.77806268515379,51.13751162093039,11.742962078603759,2020,4,2,Pre-Monsoon,Delhi,71.30917721518988
2020-04-15,23.59638554216868,59.01328571428572,8.459154929577466,5.967605633802817,31.833913043478265,358.57142857142856,28.2,81,10.4,17.1,1007.8,25.758108108108107,22.70843373493976,21.476315789473684,24.642391304347825,24.020975795072186,22.12048984822178,2.682200591656224,2020,4,2,Pre-Monsoon,Kolkata,30.172941176470587
2020-04-15,34.90852941176471,54.870666666666665,6.264482758620689,4.487894736842105,17.967727272727274,465.7894736842105,29.7,75,0.0,20.3,1009.2,509.9375,509.6875,510.4583333333333,37.52857142857143,351.5111764705883,238.98404178240497,253.5416137241919,2020,4,2,Pre-Monsoon,Mumbai,27.8125
2020-04-16,26.19298245614035,51.57552447552448,10.096610169491528,8.176542553191489,41.662106498640966,664.5744680851064,27.5,46,0.0,16.9,913.0,37.015625,34.025,27.817073170731707,22.04482706766917,32.41120248538011,27.154548962862282,7.143425723339127,2020,4,3,Pre-Monsoon,Bengaluru,32.47761194029851
2020-04-16,11.12411971830986,0.0,7.025070422535211,4.553548387096774,39.54629335150689,659.3617021276596,28.9,77,0.0,23.6,1008.7,15.835806451612903,17.7227,18.461622807017545,7.995989583333333,14.89420872330758,15.320010575389944,3.3284322666993913,2020,4,3,Pre-Monsoon,Chennai,8.084801075268818
2020-04-16,71.30917721518988,187.2428864569084,22.79036144578313,19.380246913580248,46.67142857142857,687.7345629510826,30.3,36,0.0,16.9,982.3,61.550561797752806,53.41958779617008,61.36403846153846,32.643926661573715,62.093108936370925,56.66111884287555,10.635590418327938,2020,4,3,Pre-Monsoon,Delhi,25.6231963562753
2020-04-16,30.172941176470587,58.60487804878049,12.096739130434784,7.756129032258064,35.350434782608694,416.4634146341463,28.1,78,0.3,13.7,1006.2,23.59638554216868,25.758108108108107,22.70843373493976,23.93947368421053,26.509144942249126,23.01098520425893,4.065046051966438,2020,4,3,Pre-Monsoon,Kolkata,22.31086956521739
2020-04-16,27.8125,51.19682926829269,6.787375,3.687027027027027,18.365897435897438,263.6619718309859,29.1,81,0.0,18.6,1008.8,34.90852941176471,509.9375,509.6875,35.71454260651629,190.88617647058825,237.85517855290263,254.61281382307038,2020,4,3,Pre-Monsoon,Mumbai,26.01928571428571
2020-04-17,32.47761194029851,59.829912424740016,8.594117647058823,6.544979321753516,42.82027173913043,603.1372549019608,28.2,44,0.0,16.2,912.6,26.19298245614035,37.015625,34.025,15.302342342342342,31.895406465479613,29.608158905427445,5.031400928562736,2020,4,4,Pre-Monsoon,Bengaluru,28.216666666666665
2020-04-17,8.084801075268818,0.0,7.369230769230769,4.676129032258064,37.415,647.0,29.6,75,0.0,25.3,1008.0,11.12411971830986,15.835806451612903,17.7227,19.19598567193676,11.681575748397186,13.732698490151666,3.789435404164698,2020,4,4,Pre-Monsoon,Chennai,7.071331679073615
2020-04-17,25.6231963562753,87.23684210526316,13.714281674208143,13.9,61.26976744186047,439.0,29.6,34,0.0,20.4,982.1,71.30917721518988,61.550561797752806,53.41958779617008,59.28200371057514,52.827645123072664,51.85271779226129,15.670211929157189,2020,4,4,Pre-Monsoon,Delhi,26.167115384615386
2020-04-17,22.31086956521739,45.92272727272727,7.7625,6.940714285714286,30.549130434782608,315.0,30.3,71,0.0,20.2,1004.5,30.172941176470587,23.59638554216868,25.758108108108107,18.534375,25.360065427952225,23.550484427861413,3.59537442484389,2020,4,4,Pre-Monsoon,Kolkata,20.215730337078654
2020-04-17,26.01928571428571,61.34666666666666,3.941917808219178,3.699,12.425384615384615,292.22222222222223,29.0,78,0.0,18.3,1008.3,27.8125,34.90852941176471,509.9375,33.95238095238095,29.580105042016825,236.72187923317477,255.68705280459125,2020,4,4,Pre-Monsoon,Mumbai,23.08333333333333
2020-04-18,28.216666666666665,53.34166666666667,7.130645161290323,5.931213622291022,35.47779661016949,574.4,28.1,51,0.0,15.6,912.8,32.47761194029851,26.19298245614035,37.015625,27.032294117647066,28.962420354368504,29.777354983858817,4.94959176563348,2020,4,5,Pre-Monsoon,Bengaluru,22.94018987341772
2020-04-18,7.071331679073615,0.0,6.931538461538461,6.803076923076923,28.88653846153846,751.7204301075269,29.5,75,0.2,23.2,1008.4,8.084801075268818,11.12411971830986,15.835806451612903,11.59594298245614,8.760084157550757,13.086325446811305,4.528473271202754,2020,4,5,Pre-Monsoon,Chennai,6.912380059970015
2020-04-18,26.167115384615386,98.91128205128206,13.18505376344086,10.955330851943756,55.347142857142856,467.5,29.0,38,0.0,25.1,983.3,25.6231963562753,71.30917721518988,61.550561797752806,52.65448529411765,41.033162985360185,48.068807805189536,18.403870823882865,2020,4,5,Pre-Monsoon,Delhi,37.12
2020-04-18,20.215730337078654,35.895,9.883333333333333,9.785,37.23684210526316,341.42857142857144,29.5,80,4.2,21.5,1005.9,22.31086956521739,30.172941176470587,23.59638554216868,18.830337078651688,24.233180359588886,23.748397750493837,3.3198119824708474,2020,4,5,Pre-Monsoon,Kolkata,13.247826086956522
2020-04-18,23.08333333333333,62.60502083333333,4.234490131578948,4.478666666666667,18.758666666666667,200.515873015873,29.3,77,0.0,20.8,1008.6,26.01928571428571,27.8125,34.90852941176471,38.22950617283951,25.638373015873032,234.55814025610243,257.7028804644139,2020,4,5,Pre-Monsoon,Mumbai,26.541666666666668
2020-04-19,22.94018987341772,50.063291139240505,8.507714370195151,7.096136363636364,37.69611775864585,683.143349039507,27.9,51,0.0,17.3,912.5,28.216666666666665,32.47761194029851,26.19298245614035,22.696525653174497,27.878156160127627,29.81216415817928,4.892016504220526,2020,4,6,Pre-Monsoon,Bengaluru,17.323076923076922
2020-04-19,6.912380059970015,0.0,4.955517241379311,4.326483516483517,39.17818965517242,731.123595505618,29.7,75,0.2,20.5,1008.3,7.071331679073615,8.084801075268818,11.12411971830986,13.303896396396397,7.3561709381041425,12.17325168446468,5.087185856987161,2020,4,6,Pre-Monsoon,Chennai,8.549765258215963
2020-04-19,37.12,84.41071428571429,19.64392857142857,11.900205058099797,40.35,602.9411764705883,27.9,43,0.0,14.4,983.3,26.167115384615386,25.6231963562753,71.30917721518988,37.04797762478485,29.636770580296893,48.07909671593456,18.396701340507,2020,4,6,Pre-Monsoon,Delhi,50.16403983656792
2020-04-19,13.247826086956522,31.49347826086957,7.972898550724637,7.091956521739131,47.41605633802817,322.3188405797101,29.7,75,0.3,16.6,1006.5,20.215730337078654,22.31086956521739,30.172941176470587,21.476315789473684,18.59147532975086,22.572899221562814,5.188994457448681,2020,4,6,Pre-Monsoon,Kolkata,14.760714285714286
2020-04-19,26.541666666666668,70.9871334971335,6.732276119402986,4.973384484228474,21.639319196428573,248.66268382352945,30.1,71,0.0,22.8,1008.2,23.08333333333333,26.01928571428571,27.8125,510.4583333333333,25.214761904761918,165.42718787515008,235.28740025154508,2020,4,6,Pre-Monsoon,Mumbai,65.50272727272727
2020-04-20,17.323076923076922,34.35431235431236,6.751666666666667,8.072761146899078,31.509193548387096,602.1978021978022,27.4,51,0.0,17.8,912.6,22.94018987341772,28.216666666666665,32.47761194029851,27.817073170731707,22.82664448772043,28.31302183708574,6.829542089224602,2020,4,0,Pre-Monsoon,Bengaluru,12.48148148148148
2020-04-20,8.549765258215963,0.0,5.975352112676056,4.48876404494382,42.06316901408451,541.6279069767442,29.6,75,0.2,19.9,1008.3,6.912380059970015,7.071331679073615,8.084801075268818,18.461622807017545,7.511158999086525,10.75727203463588,4.374696438732025,2020,4,0,Pre-Monsoon,Chennai,7.268851674641148
2020-04-20,50.16403983656792,107.75848214285716,23.523404255319143,12.679057071960298,33.40953846153846,725.7115384615385,26.8,45,0.4,14.5,984.1,37.12,26.167115384615386,25.6231963562753,61.36403846153846,37.81705174039444,46.47909691236733,17.514608361322995,2020,4,0,Pre-Monsoon,Delhi,35.189655172413794
2020-04-20,14.760714285714286,30.076753246753245,7.607532467532467,6.729740259740259,27.75840579710145,313.38709677419354,29.4,79,0.5,20.0,1006.7,13.247826086956522,20.215730337078654,22.31086956521739,22.70843373493976,16.074756903249824,21.437510728816317,5.965764767096125,2020,4,0,Pre-Monsoon,Kolkata,11.131666666666666
2020-04-20,65.50272727272727,90.01436327561328,9.227423861852431,8.221997076800426,27.52617207792208,509.2028985507246,31.0,58,0.0,24.8,1007.5,26.541666666666668,23.08333333333333,26.01928571428571,509.6875,38.375909090909104,101.97222034268255,180.48313369645058,2020,4,0,Pre-Monsoon,Mumbai,22.875
2020-04-21,12.48148148148148,29.482919254658384,7.626666666666667,5.250454545454545,31.3368,650.0,27.4,47,0.0,14.2,912.5,17.323076923076922,22.94018987341772,28.216666666666665,34.025,17.581582759325368,25.235376334440236,8.480993785211536,2020,4,1,Pre-Monsoon,Bengaluru,19.12504285714286
2020-04-21,7.268851674641148,0.0,6.209736842105263,4.256481481481481,59.80756822612086,742.4074074074074,29.5,74,0.0,19.0,1008.2,8.549765258215963,6.912380059970015,7.071331679073615,17.7227,7.576998997609035,9.263865131013189,3.2369701418446244,2020,4,1,Pre-Monsoon,Chennai,8.055944444444444
2020-04-21,35.189655172413794,81.53879310344828,16.43846153846154,12.885714285714286,49.86315789473685,676.3414634146342,26.1,51,0.0,14.8,984.4,50.16403983656792,37.12,26.167115384615386,53.41958779617008,40.8245650029939,43.8748208232593,17.665287712331526,2020,4,1,Pre-Monsoon,Delhi,60.58461538461538
2020-04-21,11.131666666666666,23.96481481481481,12.055555555555555,5.475740740740741,41.54731707317073,316.27906976744185,27.8,79,19.9,25.2,1007.3,14.760714285714286,13.247826086956522,20.215730337078654,25.758108108108107,13.046735679779163,19.348019094324684,6.714699405323137,2020,4,1,Pre-Monsoon,Kolkata,14.065217391304348
2020-04-21,22.875,54.67363636363636,6.731071878940732,5.803928571428571,21.67742222222222,496.8550368550369,28.7,73,0.0,19.2,1008.7,65.50272727272727,26.541666666666668,23.08333333333333,509.9375,38.30646464646466,32.39186319982538,15.142035599162522,2020,4,1,Pre-Monsoon,Mumbai,21.20037037037037
2020-04-22,19.12504285714286,37.528985507246375,5.904545454545455,7.548231292517007,31.996530612244896,518.9473684210526,28.0,48,0.0,17.7,912.4,12.48148148148148,17.323076923076922,22.94018987341772,37.015625,16.309867087233748,22.679578885460643,6.884774819467765,2020,4,2,Pre-Monsoon,Bengaluru,17.263809523809524
2020-04-22,8.055944444444444,0.0,7.17,5.503111111111111,45.06444444444445,626.1904761904761,29.6,76,0.2,27.1,1007.7,7.268851674641148,8.549765258215963,6.912380059970015,15.835806451612903,7.958187125767178,8.152456272846267,1.4427927957444782,2020,4,2,Pre-Monsoon,Chennai,5.782090909090909
2020-04-22,60.58461538461538,136.56666666666666,24.932250000000003,16.516875,45.14615384615384,747.4261083743843,27.5,41,0.0,13.8,983.0,35.189655172413794,50.16403983656792,37.12,61.550561797752806,48.64610346453236,43.736828478525375,17.50726735687977,2020,4,2,Pre-Monsoon,Delhi,53.671521739130434
2020-04-22,14.065217391304348,26.713478260869564,11.28086956521739,8.58095238095238,29.668571428571425,315.45454545454544,25.9,84,12.9,15.1,1007.2,11.131666666666666,14.760714285714286,13.247826086956522,23.59638554216868,13.319199447895103,17.986423644201206,6.67588832781539,2020,4,2,Pre-Monsoon,Kolkata,14.418571428571427
2020-04-22,21.20037037037037,62.76227272727272,3.6421861471861474,5.150746753246753,20.49954545454545,601.9230769230769,28.8,80,0.0,22.3,1008.0,22.875,65.50272727272727,26.541666666666668,34.90852941176471,36.52603254769923,30.43355476534048,15.64053788490682,2020,4,2,Pre-Monsoon,Mumbai,21.249333333333333
2020-04-23,17.263809523809524,34.81583333333333,6.913636363636363,6.646130952380952,39.42214285714285,525.7692307692307,28.7,50,0.0,15.1,912.3,19.12504285714286,12.48148148148148,17.323076923076922,26.19298245614035,16.29011128747795,21.403982752270526,6.952185274570523,2020,4,3,Pre-Monsoon,Bengaluru,17.25314814814815
2020-04-23,5.782090909090909,0.0,7.930000000000001,4.546,35.949333333333335,588.6666666666666,29.8,76,0.0,24.5,1007.3,8.055944444444444,7.268851674641148,8.549765258215963,11.12411971830986,7.03562900939216,7.3893093001007015,0.9310389822866705,2020,4,3,Pre-Monsoon,Chennai,5.033815789473684
2020-04-23,53.671521739130434,122.8695652173913,22.082608695652173,15.563333333333333,49.59069565217391,775.925925925926,28.9,38,0.0,20.2,982.4,60.58461538461538,35.189655172413794,50.16403983656792,71.30917721518988,49.815264098719865,41.21716341051689,13.74196245551727,2020,4,3,Pre-Monsoon,Delhi,73.88784584980237
2020-04-23,14.418571428571427,27.9,9.592857142857143,6.569285714285714,24.21,278.3333333333333,26.7,85,33.1,20.6,1006.6,14.065217391304348,11.131666666666666,14.760714285714286,30.172941176470587,13.205151828847486,15.735799394501328,4.003458985004421,2020,4,3,Pre-Monsoon,Kolkata,9.7925
2020-04-23,21.249333333333333,52.32000000000001,5.014615384615385,4.197,20.357337662337663,461.25,29.4,75,0.0,20.2,1008.3,21.20037037037037,22.875,65.50272727272727,27.8125,21.77490123456792,29.49595952724524,16.0160594060616,2020,4,3,Pre-Monsoon,Mumbai,22.625
2020-04-24,17.25314814814815,27.354166666666664,6.705882352941177,6.883173076923077,39.243,459.1891891891892,27.5,57,0.0,13.4,912.3,17.263809523809524,19.12504285714286,12.48148148148148,32.47761194029851,17.880666843033506,19.229059353391904,5.024762059567885,2020,4,4,Pre-Monsoon,Bengaluru,17.331682433207202
2020-04-24,5.033815789473684,0.0,9.48,2.794166666666667,39.10625,753.1578947368421,30.1,75,0.2,26.9,1006.8,5.782090909090909,8.055944444444444,7.268851674641148,8.084801075268818,6.290617047669673,6.953454259272826,1.2203725573363755,2020,4,4,Pre-Monsoon,Chennai,2.0
2020-04-24,73.88784584980237,131.91666666666669,22.060185185185183,14.992857142857144,39.486666666666665,850.0,28.9,41,0.0,11.4,980.8,53.671521739130434,60.58461538461538,35.189655172413794,25.6231963562753,62.71466099118273,48.11211333816362,16.45432331131476,2020,4,4,Pre-Monsoon,Delhi,59.77725625823452
2020-04-24,9.7925,23.31388888888889,7.75375,5.743055555555555,29.44233333333333,370.0,25.1,91,26.2,17.4,1005.8,14.418571428571427,14.065217391304348,11.131666666666666,22.31086956521739,12.758762939958595,13.947460885184556,3.3133638658010893,2020,4,4,Pre-Monsoon,Kolkata,7.1
2020-04-24,22.625,48.011428571428574,5.819117647058824,5.743055555555555,17.265,300.0,29.0,79,0.0,19.9,1007.5,21.249333333333333,21.20037037037037,22.875,26.01928571428571,21.69156790123459,29.011061568061564,16.189306631222895,2020,4,4,Pre-Monsoon,Mumbai,18.25
2020-04-25,17.331682433207202,33.0498106060606,8.232941176470588,1.2,39.709755813953485,0.31,26.4,68,6.3,16.8,912.2,17.25314814814815,17.263809523809524,19.12504285714286,28.216666666666665,17.282880035054955,17.674061605754837,3.092631849120376,2020,4,5,Pre-Monsoon,Bengaluru,17.410216718266255
2020-04-25,2.0,0.0,10.61,4.632083333333333,39.041425,774.978947368421,30.6,76,0.0,26.3,1006.4,5.033815789473684,5.782090909090909,8.055944444444444,7.071331679073615,4.271968899521524,6.228978305119453,2.2280264521089204,2020,4,5,Pre-Monsoon,Chennai,4.6967
2020-04-25,59.77725625823452,124.72222222222224,17.205092592592592,12.825279581529582,45.30942307692308,721.824942791762,28.5,43,0.5,17.1,981.5,73.88784584980237,53.671521739130434,60.58461538461538,26.167115384615386,62.44554128238911,52.91356203439492,13.647855697790744,2020,4,5,Pre-Monsoon,Delhi,45.66666666666666
2020-04-25,7.1,26.1,2.7,2.54,37.33,230.0,26.8,82,8.0,16.9,1005.9,9.7925,14.418571428571427,14.065217391304348,20.215730337078654,10.437023809523815,12.07378512274475,2.8545920098582953,2020,4,5,Pre-Monsoon,Kolkata,16.45
2020-04-25,18.25,51.75501428571428,5.113308823529412,5.626227777777778,25.2025,270.0,29.1,74,0.0,17.5,1008.5,22.625,21.249333333333333,21.20037037037037,23.08333333333333,20.708111111111133,28.320585377585378,16.582556485948626,2020,4,5,Pre-Monsoon,Mumbai,17.055
2020-04-26,17.410216718266255,38.74545454545455,9.76,5.346,40.176511627906976,758.4810874704492,26.5,64,2.5,11.3,912.7,17.331682433207202,17.25314814814815,17.263809523809524,22.94018987341772,17.331682433207195,16.8840654407332,2.055686427656048,2020,4,6,Pre-Monsoon,Bengaluru,18.15833333333333
2020-04-26,4.6967,0.0,11.74,6.47,38.976600000000005,796.8,30.0,76,0.5,25.7,1007.6,2.0,5.033815789473684,5.782090909090909,6.912380059970015,3.9101719298245547,5.912452582266593,2.271714856703212,2020,4,6,Pre-Monsoon,Chennai,5.407571428571428
2020-04-26,45.66666666666666,117.52777777777776,12.35,10.65770202020202,51.132179487179485,593.6498855835241,26.9,58,1.0,29.5,984.0,59.77725625823452,73.88784584980237,53.671521739130434,37.12,59.77725625823451,54.134514415347304,12.316855717585852,2020,4,6,Pre-Monsoon,Delhi,27.0
2020-04-26,16.45,27.1,7.1,7.386808510638298,48.07191489361703,300.0,25.3,90,22.5,13.0,1008.5,7.1,9.7925,14.418571428571427,13.247826086956522,11.114166666666671,12.531238538893819,3.296468118231963,2020,4,6,Pre-Monsoon,Kolkata,11.815
2020-04-26,17.055,55.4986,4.4075,5.5094,33.14,240.0,28.4,78,0.0,23.1,1008.7,18.25,22.625,21.249333333333333,26.541666666666668,19.310000000000016,26.965347282347278,17.130767873985185,2020,4,6,Pre-Monsoon,Mumbai,20.416666666666668
2020-04-27,18.15833333333333,40.78461538461538,11.828571428571427,5.577970779220779,33.123333333333335,685.0,26.6,65,0.2,18.7,913.4,17.410216718266255,17.331682433207202,17.25314814814815,17.323076923076922,17.633410828268925,17.003387785055544,2.1089666885545166,2020,4,0,Pre-Monsoon,Bengaluru,18.625106382978725
2020-04-27,5.407571428571428,0.0,4.521428571428571,4.3915,39.81714285714286,761.75,30.1,76,2.9,19.4,1008.4,4.6967,2.0,5.033815789473684,8.549765258215963,4.034757142857136,5.463567749460231,1.9516289784760443,2020,4,0,Pre-Monsoon,Chennai,5.866474747474747
2020-04-27,27.0,50.78896103896104,11.66898148148148,10.155555555555557,58.87041666666667,575.1428571428571,25.4,69,2.8,21.1,986.8,45.66666666666666,59.77725625823452,73.88784584980237,50.16403983656792,44.147974308300384,50.825365867266164,16.093961414093833,2020,4,0,Pre-Monsoon,Delhi,37.151315789473685
2020-04-27,11.815,20.48095238095238,8.446666666666667,4.98,32.493,302.5,25.5,88,6.3,14.5,1010.2,16.45,7.1,9.7925,14.760714285714286,11.788333333333336,12.110422212363206,3.149154468565906,2020,4,0,Pre-Monsoon,Kolkata,8.204333333333333
2020-04-27,20.416666666666668,47.073,4.752,3.643482142857143,22.294285714285717,179.07142857142856,28.7,75,0.1,21.3,1010.0,17.055,18.25,22.625,65.50272727272727,18.573888888888906,20.52448148148148,2.1657001617678486,2020,4,0,Pre-Monsoon,Mumbai,18.866764705882357
2020-04-28,18.625106382978725,47.5,7.37625,6.13014880952381,39.32809659090909,476.3541666666666,26.6,64,0.5,15.3,912.6,18.15833333333333,17.410216718266255,17.331682433207202,12.48148148148148,18.06455214485943,17.881048485269435,0.7612226371922166,2020,4,1,Pre-Monsoon,Bengaluru,9.580645161290322
2020-04-28,5.866474747474747,0.0,5.722727272727273,2.2206976744186044,44.71931818181818,760.2222222222222,30.0,75,0.9,19.2,1008.0,5.407571428571428,4.6967,2.0,7.268851674641148,5.323582058682051,5.263228188436459,1.8016412165170739,2020,4,1,Pre-Monsoon,Chennai,8.989989583333333
2020-04-28,37.151315789473685,71.6470588235294,13.77300853485064,11.18421052631579,67.56589743589744,644.5454545454545,26.4,64,0.2,14.8,986.8,27.0,45.66666666666666,59.77725625823452,35.189655172413794,36.605994152046776,51.10560309827473,15.790545854230835,2020,4,1,Pre-Monsoon,Delhi,57.61628571428571
2020-04-28,8.204333333333333,16.17837837837838,9.816666666666666,4.994285714285715,29.58810810810811,292.3333333333333,25.1,89,13.6,12.2,1009.1,11.815,16.45,7.1,11.131666666666666,12.156444444444446,11.69223173617273,3.4779885995918636,2020,4,1,Pre-Monsoon,Kolkata,18.476
2020-04-28,18.866764705882357,51.7475,5.286165501165501,5.749117647058823,28.383663194444445,260.64516129032256,29.3,75,0.0,27.2,1008.3,20.416666666666668,17.055,18.25,22.875,18.77947712418303,19.951876439464677,1.960845693711869,2020,4,1,Pre-Monsoon,Mumbai,23.65235294117647
2020-04-29,9.580645161290322,16.294117647058822,11.328290640394089,4.485571428571428,32.006360887096776,504.0297619047619,23.6,77,8.1,10.6,912.8,18.625106382978725,18.15833333333333,17.410216718266255,19.12504285714286,15.454694959200786,16.517563100147644,3.1040910101463615,2020,4,2,Pre-Monsoon,Bengaluru,19.765037593984964
2020-04-29,8.989989583333333,0.0,6.682666666666666,3.1106451612903228,46.90466666666667,757.8125,29.8,74,0.0,14.8,1007.8,5.866474747474747,5.407571428571428,4.6967,8.055944444444444,6.754678586459829,5.3966632082777295,2.059138918520753,2020,4,2,Pre-Monsoon,Chennai,15.507375
2020-04-29,57.61628571428571,105.43142857142855,16.45111111111111,12.422,53.32586206896552,690.3225806451613,28.6,55,0.0,12.6,984.3,37.151315789473685,27.0,45.66666666666666,60.58461538461538,40.589200501253124,50.68155600251334,15.53129439161068,2020,4,2,Pre-Monsoon,Delhi,50.583333333333336
2020-04-29,18.476,31.929032258064517,11.99032258064516,6.78,26.529310344827586,363.84615384615387,25.9,86,10.0,10.8,1007.6,8.204333333333333,11.815,16.45,14.065217391304348,12.831777777777782,12.322343537414964,4.285393660578189,2020,4,2,Pre-Monsoon,Kolkata,13.120689655172416
2020-04-29,23.65235294117647,60.12769230769231,4.356178571428572,4.5656,17.379008620689653,393.2142857142857,29.8,77,0.0,18.5,1008.0,18.866764705882357,20.416666666666668,17.055,21.20037037037037,20.978594771241852,20.30215966386555,2.3925368645862957,2020,4,2,Pre-Monsoon,Mumbai,21.593783783783785
2020-04-30,19.765037593984964,51.95979532163743,19.593333333333334,4.803571428571429,35.544210526315794,753.6363636363636,26.3,57,0.2,12.2,912.8,9.580645161290322,18.625106382978725,18.15833333333333,17.263809523809524,15.990263046084664,16.874881395886995,3.3393551849529803,2020,4,3,Pre-Monsoon,Bengaluru,21.2625
2020-04-30,15.507375,0.0,9.466,5.9085,53.455,770.75,29.9,78,0.3,21.4,1008.1,8.989989583333333,5.866474747474747,5.407571428571428,5.782090909090909,10.121279776936019,6.7859895069790275,4.359026343643677,2020,4,3,Pre-Monsoon,Chennai,15.048059440559442
2020-04-30,50.583333333333336,120.23928571428571,16.44324324324324,12.805714285714286,60.38486802413273,680.7384823848238,29.4,51,0.2,23.2,984.0,57.61628571428571,37.151315789473685,27.0,53.671521739130434,48.45031161236424,50.24038623025661,15.475970460061568,2020,4,3,Pre-Monsoon,Delhi,58.42146636432351
2020-04-30,13.120689655172416,29.343589743589742,10.385142857142858,7.527142857142857,37.00972222222222,286.57142857142856,26.4,87,13.6,10.0,1007.9,18.476,8.204333333333333,11.815,14.418571428571427,13.267007662835255,12.13693185550082,4.206941400160114,2020,4,3,Pre-Monsoon,Kolkata,9.547058823529412
2020-04-30,21.593783783783785,63.63175,5.511013888888889,7.742702702702703,22.296486486486486,236.4705882352941,29.8,77,0.0,18.1,1009.4,23.65235294117647,18.866764705882357,20.416666666666668,21.249333333333333,21.370967143614223,20.351366871072752,2.418663589421512,2020,4,3,Pre-Monsoon,Mumbai,17.458333333333332
2020-05-01,21.2625,49.849038461538456,9.29,5.5434921568627455,48.00288563829787,483.2258064516129,27.2,54,0.0,13.2,912.9,19.765037593984964,9.580645161290322,18.625106382978725,17.25314814814815,16.869394251758422,17.447645946151543,3.7354039267672308,2020,5,4,Pre-Monsoon,Bengaluru,18.235294117647054
2020-05-01,15.048059440559442,0.0,4.192727272727272,4.150232558139535,52.53031305903399,809.0697674418604,30.3,76,0.0,21.0,1007.4,15.507375,8.989989583333333,5.866474747474747,5.033815789473684,13.18180800796425,8.21659574284842,5.242008384575765,2020,5,4,Pre-Monsoon,Chennai,13.371813725490195
2020-05-01,58.42146636432351,127.4090909090909,15.74826923076923,12.602941176470589,57.52798387096775,672.0833333333334,30.5,54,0.0,17.3,982.2,50.583333333333336,57.61628571428571,37.151315789473685,73.88784584980237,55.54036180398085,48.030903446616776,12.319287023388428,2020,5,4,Pre-Monsoon,Delhi,32.494897959183675
2020-05-01,9.547058823529412,25.00294117647059,9.0484375,5.67027027027027,34.96612244897959,253.68421052631575,26.2,87,4.1,10.8,1007.4,13.120689655172416,18.476,8.204333333333333,9.7925,13.714582826233945,12.101868830290739,4.230693626203124,2020,5,4,Pre-Monsoon,Kolkata,18.811904761904763
2020-05-01,17.458333333333332,49.26428571428572,5.27287012987013,7.269142857142858,20.2268,213.2258064516129,29.7,76,0.1,18.3,1009.5,21.593783783783785,23.65235294117647,18.866764705882357,22.625,20.90149001943121,19.61327163297752,2.39744116141903,2020,5,4,Pre-Monsoon,Mumbai,12.914421542553193
2020-05-02,18.235294117647054,39.64705882352941,12.501797385620916,5.797986425339367,38.83225,649.7426470588235,27.8,52,0.1,12.8,911.8,21.2625,19.765037593984964,9.580645161290322,17.331682433207202,19.75427723721067,17.576733329642952,3.746326027241835,2020,5,5,Pre-Monsoon,Bengaluru,22.584602272727277
2020-05-02,13.371813725490195,0.0,2.4314285714285715,2.9575,59.831365546218485,777.5,30.4,78,0.0,20.9,1006.2,15.048059440559442,15.507375,8.989989583333333,2.0,14.642416055349871,9.84114056077559,4.731597689719435,2020,5,5,Pre-Monsoon,Chennai,13.064924242424244
2020-05-02,32.494897959183675,97.3170731707317,11.329946524064171,11.47837837837838,64.38037990196078,619.2385444743935,29.3,57,0.9,29.5,981.6,58.42146636432351,50.583333333333336,57.61628571428571,59.77725625823452,47.1665658856135,44.133423689609515,12.29937138992842,2020,5,5,Pre-Monsoon,Delhi,34.330769230769235
2020-05-02,18.811904761904763,31.93584905660377,11.430769230769233,6.323076923076924,27.695510204081632,377.1794871794872,26.4,82,4.1,10.0,1005.7,9.547058823529412,13.120689655172416,18.476,7.1,13.826551080202202,13.774998081991416,4.238768911500454,2020,5,5,Pre-Monsoon,Kolkata,14.6
2020-05-02,12.914421542553193,43.78007779646762,6.244782608695652,5.829219001610306,19.95777777777778,332.1011396011396,29.7,78,0.0,21.7,1008.1,17.458333333333332,21.593783783783785,23.65235294117647,18.25,17.322179553223453,18.851046139056542,3.4984642773273236,2020,5,5,Pre-Monsoon,Mumbai,13.8125
2020-05-03,22.584602272727277,47.54545454545455,16.005142857142857,5.414583333333333,39.919,576.6666666666667,28.0,52,0.0,12.2,911.6,18.235294117647054,21.2625,19.765037593984964,17.410216718266255,20.69413213012477,18.315931265994525,4.191974090645059,2020,5,6,Pre-Monsoon,Bengaluru,28.125
2020-05-03,13.064924242424244,0.0,2.071212121212121,3.093529411764706,71.89563725490197,746.7647058823529,30.3,78,0.0,23.2,1006.1,13.371813725490195,15.048059440559442,15.507375,4.6967,13.82826580282462,11.036601166836201,4.247582259402821,2020,5,6,Pre-Monsoon,Chennai,9.134087837837836
2020-05-03,34.330769230769235,74.44516129032257,12.45657142857143,10.225,49.8,603.5714285714286,27.7,64,21.8,25.5,982.5,32.494897959183675,58.42146636432351,50.583333333333336,45.66666666666666,41.749044518092134,42.514009770195585,12.799940819136125,2020,5,6,Pre-Monsoon,Delhi,27.06710526315789
2020-05-03,14.6,27.346666666666664,10.523529411764706,5.866666666666667,43.2375,280.0,26.9,82,7.9,8.2,1005.5,18.811904761904763,9.547058823529412,13.120689655172416,16.45,14.319654528478063,13.510712367705704,4.099573873029491,2020,5,6,Pre-Monsoon,Kolkata,22.2
2020-05-03,13.8125,40.60475,4.786470588235294,4.702205882352941,12.107499999999998,203.75,29.7,77,0.0,20.8,1007.8,12.914421542553193,17.458333333333332,21.593783783783785,17.055,14.728418291962194,18.387831853342256,3.9601074677918633,2020,5,6,Pre-Monsoon,Mumbai,13.526315789473683
2020-05-04,28.125,76.14285714285714,19.722619047619048,8.899871794871794,44.4915,566.8181818181818,28.1,50,0.0,12.7,912.6,22.584602272727277,18.235294117647054,21.2625,18.15833333333333,22.98163213012477,19.73974078980405,5.5892491752659526,2020,5,0,Pre-Monsoon,Bengaluru,31.9375
2020-05-04,9.134087837837836,0.0,1.520232558139535,3.0291891891891893,30.53875,759.0697674418604,29.9,76,0.0,23.7,1007.2,13.064924242424244,13.371813725490195,15.048059440559442,5.407571428571428,11.85694193525075,11.568960653874257,3.610204636652259,2020,5,0,Pre-Monsoon,Chennai,6.115211810012837
2020-05-04,27.06710526315789,57.93044189852701,14.5217673992674,10.895744680851063,63.7007196969697,536.3636363636364,27.2,66,0.0,14.6,983.9,34.330769230769235,32.494897959183675,58.42146636432351,27.0,31.297590817703593,42.52359623636101,12.786403105368123,2020,5,0,Pre-Monsoon,Delhi,51.943953488372095
2020-05-04,22.2,47.23333333333333,8.799999999999999,6.595121951219512,39.232,344.0,27.2,87,5.6,9.1,1006.9,14.6,18.811904761904763,9.547058823529412,11.815,18.53730158730159,14.99428379627713,5.132582609817311,2020,5,0,Pre-Monsoon,Kolkata,18.125
2020-05-04,13.526315789473683,44.064651162790696,4.909000000000001,3.7775,28.612,256.25,29.2,80,0.0,20.0,1008.7,13.8125,12.914421542553193,17.458333333333332,20.416666666666668,13.417745777342311,17.40349601374326,4.2196061301663885,2020,5,0,Pre-Monsoon,Mumbai,11.143333333333333
2020-05-05,31.9375,84.25,17.298717948717947,7.86702034883721,47.57536434108528,610.8333333333334,28.2,48,0.0,11.2,912.2,28.125,22.584602272727277,18.235294117647054,18.625106382978725,27.54903409090909,21.641511306521373,7.18405688846863,2020,5,1,Pre-Monsoon,Bengaluru,24.67944444444444
2020-05-05,6.115211810012837,0.0,4.391578947368421,3.064878048780488,65.12666666666667,752.1951219512196,30.1,77,0.0,23.5,1006.9,9.134087837837836,13.064924242424244,13.371813725490195,5.866474747474747,9.438074630091632,11.604494519951126,3.545364519594541,2020,5,1,Pre-Monsoon,Chennai,9.040096153846154
2020-05-05,51.943953488372095,100.66428571428573,19.360975609756096,14.881003752345215,53.62214285714286,671.4285714285713,28.8,50,0.0,25.6,983.1,27.06710526315789,34.330769230769235,32.494897959183675,37.151315789473685,37.78060932743307,44.63683019334649,12.97159753393686,2020,5,1,Pre-Monsoon,Delhi,52.43636363636364
2020-05-05,18.125,34.013888888888886,10.645945945945943,5.633333333333333,25.8975,316.6666666666667,28.7,83,0.8,14.3,1005.9,22.2,14.6,18.811904761904763,8.204333333333333,18.308333333333337,16.41152189151523,4.23671325849921,2020,5,1,Pre-Monsoon,Kolkata,16.619999999999997
2020-05-05,11.143333333333333,48.12674418604651,5.385,6.032500000000001,17.72,400.0,29.6,79,0.0,22.8,1007.9,13.526315789473683,13.8125,12.914421542553193,18.866764705882357,12.827383040935691,16.300148674807684,4.749689628980604,2020,5,1,Pre-Monsoon,Mumbai,14.005555555555556
2020-05-06,24.67944444444444,64.86666666666666,17.102666666666664,8.044814814814815,41.17255797101449,638.3333333333334,28.4,48,0.2,12.4,911.8,31.9375,28.125,22.584602272727277,9.580645161290322,28.247314814814803,23.798482632686248,4.845288239182304,2020,5,2,Pre-Monsoon,Bengaluru,28.67857142857143
2020-05-06,9.040096153846154,0.0,7.664999999999999,7.0616666666666665,40.36320512820513,753.3333333333334,30.2,74,0.0,23.7,1006.6,6.115211810012837,9.134087837837836,13.064924242424244,8.989989583333333,8.096465267232269,11.61165260145296,3.5392513735338276,2020,5,2,Pre-Monsoon,Chennai,9.685020380434782
2020-05-06,52.43636363636364,153.44444444444446,18.72127659574468,14.255555555555556,66.68441674975075,714.2857142857143,28.6,45,0.0,18.8,982.1,51.943953488372095,27.06710526315789,34.330769230769235,57.61628571428571,43.8158074626312,43.89684132507192,12.234564609656337,2020,5,2,Pre-Monsoon,Delhi,32.94246031746032
2020-05-06,16.619999999999997,28.7,10.6,8.33,47.136,362.5,27.4,82,0.1,11.0,1006.2,18.125,22.2,14.6,18.476,18.98166666666667,16.14637903437237,4.143020708108706,2020,5,2,Pre-Monsoon,Kolkata,14.8875
2020-05-06,14.005555555555556,69.48571428571428,5.41047619047619,7.496603773584906,30.224088050314464,232.22222222222223,29.8,80,0.0,23.0,1006.8,11.143333333333333,13.526315789473683,13.8125,23.65235294117647,12.891734892787545,14.922034762576127,3.494595201945893,2020,5,2,Pre-Monsoon,Mumbai,13.5
2020-05-07,28.67857142857143,63.22222222222222,17.79888888888889,5.233333333333333,31.999455128205128,678.5714285714286,28.0,55,0.1,14.0,912.0,24.67944444444444,31.9375,28.125,19.765037593984964,28.431838624338614,25.071844609055745,4.779423630522915,2020,5,3,Pre-Monsoon,Bengaluru,21.5
2020-05-07,9.685020380434782,0.0,8.12375,3.2725,20.45,830.0,30.3,77,0.2,25.0,1006.8,9.040096153846154,6.115211810012837,9.134087837837836,15.507375,8.280109448097917,10.779887655800787,3.131831997015495,2020,5,3,Pre-Monsoon,Chennai,10.763793103448275
2020-05-07,32.94246031746032,78.20588235294117,17.246428571428574,13.242316017316018,65.41,569.8076923076924,28.6,44,0.0,17.7,982.8,52.43636363636364,51.943953488372095,27.06710526315789,50.583333333333336,45.77425914739868,41.37671660851862,12.442799222184885,2020,5,3,Pre-Monsoon,Delhi,47.333333333333336
2020-05-07,14.8875,35.4390625,8.209999999999999,5.825,46.78367647058823,264.55882352941177,28.1,84,1.3,15.3,1006.2,16.619999999999997,18.125,22.2,13.120689655172416,16.54416666666667,16.398780512204883,3.9785206251528558,2020,5,3,Pre-Monsoon,Kolkata,20.496666666666663
2020-05-07,13.5,45.08,3.685,10.349583333333332,21.89125,480.4166666666667,28.9,81,0.0,20.5,1007.6,14.005555555555556,11.143333333333333,13.526315789473683,21.593783783783785,12.882962962962983,13.7657799363213,1.8896492202745658,2020,5,3,Pre-Monsoon,Mumbai,15.16777777777778
2020-05-08,21.5,43.833333333333336,17.85,8.740582010582012,22.194772727272728,345.0,27.7,59,0.1,11.6,912.1,28.67857142857143,24.67944444444444,31.9375,21.2625,24.95267195767195,25.105773180484313,4.748618237006587,2020,5,4,Pre-Monsoon,Bengaluru,21.12
2020-05-08,10.763793103448275,0.0,7.482758620689655,6.819310344827586,56.387327586206894,802.7586206896551,30.4,76,0.2,21.2,1006.8,9.685020380434782,9.040096153846154,6.115211810012837,15.048059440559442,9.82963654590973,10.167849607642045,2.516977836905076,2020,5,4,Pre-Monsoon,Chennai,8.633665413533834
2020-05-08,47.333333333333336,124.58333333333334,16.07741935483871,12.957142857142856,80.195,716.5898617511521,30.7,40,0.0,13.7,981.2,32.94246031746032,52.43636363636364,51.943953488372095,58.42146636432351,44.23738576238576,39.79269760409146,10.45891557496326,2020,5,4,Pre-Monsoon,Delhi,52.117261904761904
2020-05-08,20.496666666666663,39.89107142857143,8.578125,6.89372619047619,50.47428571428571,352.05357142857144,28.4,81,0.0,18.6,1005.4,14.8875,16.619999999999997,18.125,9.547058823529412,17.334722222222226,17.96301020408163,2.819297705748188,2020,5,4,Pre-Monsoon,Kolkata,23.93060344827586
2020-05-08,15.16777777777778,67.16571428571429,3.0365,33.614583333333336,26.16,422.2077922077922,29.3,77,0.0,18.8,1007.8,13.5,14.005555555555556,11.143333333333333,17.458333333333332,14.224444444444464,13.438557714099078,1.2251375251209362,2020,5,4,Pre-Monsoon,Mumbai,12.713205128205129
2020-05-09,21.12,51.763333333333335,15.928571428571429,8.23913043478261,32.483636363636364,418.75,28.5,54,0.0,15.1,912.1,21.5,28.67857142857143,24.67944444444444,18.235294117647054,23.766190476190474,25.51787402082045,4.139049136781136,2020,5,5,Pre-Monsoon,Bengaluru,20.55410628019324
2020-05-09,8.633665413533834,0.0,5.93,2.775357142857143,56.10847744360903,800.5263157894736,30.5,76,0.0,20.5,1006.9,10.763793103448275,9.685020380434782,9.040096153846154,13.371813725490195,9.69415963247229,9.490971277362565,2.1170832822465715,2020,5,5,Pre-Monsoon,Chennai,7.955416666666667
2020-05-09,52.117261904761904,122.6251920122888,14.79,12.857142857142858,80.49166666666667,709.0909090909091,31.6,41,0.0,14.7,981.8,47.333333333333336,32.94246031746032,52.43636363636364,32.494897959183675,44.131018518518516,42.595892453459776,10.800965898356226,2020,5,5,Pre-Monsoon,Delhi,44.5625
2020-05-09,23.93060344827586,45.34988157894737,8.936118421052631,5.524666666666667,46.09759803921569,320.66666666666663,29.4,82,14.7,16.7,1006.0,20.496666666666663,14.8875,16.619999999999997,18.811904761904763,19.771590038314176,18.694252873563215,3.62489479359928,2020,5,5,Pre-Monsoon,Kolkata,20.159113712374584
2020-05-09,12.713205128205129,57.21379629629629,3.067037037037037,19.46442307692308,19.496666666666663,464.44444444444446,29.5,76,0.0,20.6,1008.0,15.16777777777778,13.5,14.005555555555556,12.914421542553193,13.793660968660987,13.409812512049355,1.2417330210778543,2020,5,5,Pre-Monsoon,Mumbai,11.743478260869566
2020-05-10,20.55410628019324,49.8235294117647,15.486358695652171,7.1970843989769815,32.11184210526316,240.51473214285716,28.3,51,0.0,15.5,911.9,21.12,21.5,28.67857142857143,22.584602272727277,21.058035426731074,25.22780316474416,4.439149427988203,2020,5,6,Pre-Monsoon,Bengaluru,21.917582417582416
2020-05-10,7.955416666666667,0.0,6.161666666666667,4.801666666666666,107.76291666666668,872.5,30.2,76,0.0,17.3,1006.8,8.633665413533834,10.763793103448275,9.685020380434782,13.064924242424244,9.117625061216252,8.761041623682912,1.4575925822234754,2020,5,6,Pre-Monsoon,Chennai,6.948508158508158
2020-05-10,44.5625,93.48888888888888,16.08375,11.980555555555556,59.25067401960784,626.6666666666666,29.6,54,0.8,17.7,982.8,52.117261904761904,47.333333333333336,32.94246031746032,34.330769230769235,48.00436507936507,44.057568277635596,10.169931136080482,2020,5,6,Pre-Monsoon,Delhi,45.02666666666667
2020-05-10,20.159113712374584,43.51805,7.770016666666667,5.192721739130435,39.48191666666666,314.3142857142857,29.5,83,12.7,23.0,1006.0,23.93060344827586,20.496666666666663,14.8875,14.6,21.528794609105706,19.488411975331015,3.1571945225663307,2020,5,6,Pre-Monsoon,Kolkata,21.71972549019608
2020-05-10,11.743478260869566,54.08722943722944,3.099230769230769,19.386150793650792,19.49375,484.9166666666667,29.5,78,0.0,23.5,1007.5,12.713205128205129,15.16777777777778,13.5,13.8125,13.208153722284175,13.114237977887864,1.36957218750967,2020,5,6,Pre-Monsoon,Mumbai,16.800151515151512
2020-05-11,21.917582417582416,52.833333333333336,16.138995726495725,7.419705882352941,35.46076923076923,492.2222222222222,27.9,49,0.0,14.7,912.1,20.55410628019324,21.12,21.5,28.125,21.197229565925213,24.341029224398792,4.383596727343156,2020,5,0,Pre-Monsoon,Bengaluru,12.833333333333334
2020-05-11,6.948508158508158,0.0,5.098461538461539,5.36060606060606,53.198455710955706,833.4615384615385,30.3,75,0.3,14.8,1007.2,7.955416666666667,8.633665413533834,10.763793103448275,9.134087837837836,7.8458634129028795,8.448815955207243,1.5922299259536865,2020,5,0,Pre-Monsoon,Chennai,8.360435897435897
2020-05-11,45.02666666666667,97.23076923076924,20.40909090909091,11.8,62.14735294117648,747.8285714285714,29.1,57,0.3,15.3,984.1,44.5625,52.117261904761904,47.333333333333336,27.06710526315789,47.235476190476184,46.623219906708286,6.9131557693123735,2020,5,0,Pre-Monsoon,Delhi,40.81818181818182
2020-05-11,21.71972549019608,40.7849376114082,10.166131907308376,6.024945533769063,54.485454545454544,371.7745098039216,29.1,81,0.0,9.0,1007.1,20.159113712374584,23.93060344827586,20.496666666666663,22.2,21.936480883615513,19.41980133107331,3.093012608081051,2020,5,0,Pre-Monsoon,Kolkata,28.121153846153845
2020-05-11,16.800151515151512,62.57722916666667,5.156060606060606,19.554951298701297,19.293529411764705,506.313025210084,29.8,76,0.0,23.0,1007.9,11.743478260869566,12.713205128205129,15.16777777777778,13.526315789473683,13.752278301408756,13.581928795841838,1.9638132732769833,2020,5,0,Pre-Monsoon,Mumbai,13.32777478448276
2020-05-12,12.833333333333334,33.25,11.5,4.224318181818182,18.52984848484849,392.5,27.6,55,0.0,18.2,911.6,21.917582417582416,20.55410628019324,21.12,31.9375,18.43500734370299,21.611862557732127,4.793707041935492,2020,5,1,Pre-Monsoon,Bengaluru,42.5
2020-05-12,8.360435897435897,0.0,5.682692307692308,2.8956666666666666,49.489038461538456,831.0,29.3,80,1.0,16.5,1006.9,6.948508158508158,7.955416666666667,8.633665413533834,6.115211810012837,7.7547869075369,8.76956225341054,1.2283547421978893,2020,5,1,Pre-Monsoon,Chennai,8.285
2020-05-12,40.81818181818182,84.41176470588235,17.874193548387098,12.879411764705882,61.473333333333336,674.375,29.4,55,0.0,17.0,983.4,45.02666666666667,44.5625,52.117261904761904,51.943953488372095,43.469116161616164,45.033823953823955,6.763324392653156,2020,5,1,Pre-Monsoon,Delhi,54.44
2020-05-12,28.121153846153845,53.71724137931034,10.127524630541874,8.435606060606059,60.73965517241379,355.7575757575757,29.6,78,0.0,12.0,1006.2,21.71972549019608,20.159113712374584,23.93060344827586,18.125,23.333331016241505,20.847823309095286,4.418948964011741,2020,5,1,Pre-Monsoon,Kolkata,16.7
2020-05-12,13.32777478448276,51.82222527472528,4.043333333333333,20.71838133640553,21.03642857142857,428.9047619047619,29.1,77,0.0,20.8,1007.3,16.800151515151512,11.743478260869566,12.713205128205129,11.143333333333333,13.957134853501296,13.893991860291758,1.662104006581166,2020,5,1,Pre-Monsoon,Mumbai,9.515
2020-05-13,42.5,80.0,8.25,6.0600000000000005,33.44,455.0,27.4,58,0.0,14.3,911.0,12.833333333333334,21.917582417582416,20.55410628019324,24.67944444444444,25.750305250305246,24.157656208525776,9.30425111809875,2020,5,2,Pre-Monsoon,Bengaluru,23.557692307692307
2020-05-13,8.285,0.0,4.69,2.9,56.45,590.0,30.0,76,0.0,15.8,1005.9,8.360435897435897,6.948508158508158,7.955416666666667,9.040096153846154,7.864648018648011,8.661691374289658,1.2337808649492459,2020,5,2,Pre-Monsoon,Chennai,7.882272727272728
2020-05-13,54.44,106.0,24.555,10.225,23.11,880.0,29.7,55,0.3,14.9,982.2,40.81818181818182,45.02666666666667,44.5625,52.43636363636364,46.76161616161616,45.32005772005772,7.159613429032533,2020,5,2,Pre-Monsoon,Delhi,52.53333333333333
2020-05-13,16.7,42.6,7.31,4.7,21.92,250.0,29.6,78,0.0,13.3,1005.2,28.121153846153845,21.71972549019608,20.159113712374584,16.619999999999997,22.180293112116644,20.85925188052386,4.406277598761285,2020,5,2,Pre-Monsoon,Kolkata,16.064276556776555
2020-05-13,9.515,48.26,10.84,14.84,14.535,300.0,29.5,79,0.0,20.1,1006.7,13.32777478448276,16.800151515151512,11.743478260869566,14.005555555555556,13.214308766544775,13.252483923783819,2.340154360946467,2020,5,2,Pre-Monsoon,Mumbai,13.8
2020-05-14,23.557692307692307,55.84615384615385,18.330123626373627,3.85,35.28775384615385,483.9880952380952,28.7,49,0.0,15.0,910.4,42.5,12.833333333333334,21.917582417582416,28.67857142857143,26.29700854700854,23.426102048400185,9.08835899234963,2020,5,3,Pre-Monsoon,Bengaluru,15.204545454545451
2020-05-14,7.882272727272728,0.0,4.939545454545455,3.322,43.38090909090909,821.6666666666666,30.2,75,0.2,16.7,1005.2,8.285,8.360435897435897,6.948508158508158,9.685020380434782,8.175902874902867,8.404155995266509,1.1711327286469981,2020,5,3,Pre-Monsoon,Chennai,12.827897435897436
2020-05-14,52.53333333333333,126.42532467532467,21.866666666666667,12.893636363636364,54.77208534621578,693.3333333333334,30.5,53,0.0,13.2,981.6,54.44,40.81818181818182,45.02666666666667,32.94246031746032,49.26383838383838,48.118753865182434,5.025898154264547,2020,5,3,Pre-Monsoon,Delhi,58.5
2020-05-14,16.064276556776555,38.576337792642136,7.469423076923077,7.169146153846153,25.29631304347826,250.05714285714288,29.9,78,0.0,17.2,1004.6,16.7,28.121153846153845,21.71972549019608,14.8875,20.29514346764347,21.027362817206228,4.155795802002565,2020,5,3,Pre-Monsoon,Kolkata,13.171794871794871
2020-05-14,13.8,54.85908333333333,7.409999999999999,13.843914141414142,17.55225,276.5,30.0,77,0.0,24.3,1005.9,9.515,13.32777478448276,16.800151515151512,13.5,12.214258261494273,13.295341066640963,2.348176139802023,2020,5,3,Pre-Monsoon,Mumbai,16.820625
2020-05-15,15.204545454545451,49.25,19.03181818181818,7.907058823529413,29.3175,524.8484848484849,28.8,51,0.0,15.4,909.5,23.557692307692307,42.5,12.833333333333334,21.5,27.087412587412583,22.526751399049534,9.607392272226518,2020,5,4,Pre-Monsoon,Bengaluru,26.35279069767441
2020-05-15,12.827897435897436,0.0,7.391538461538461,3.228666666666667,30.342692307692307,906.6666666666666,30.4,75,0.7,20.0,1003.7,7.882272727272728,8.285,8.360435897435897,10.763793103448275,9.665056721056715,8.699028042759245,1.898344260539874,2020,5,4,Pre-Monsoon,Chennai,12.306641876430206
2020-05-15,58.5,131.07142857142858,23.782608695652176,11.025,74.66214285714285,915.0,31.4,41,0.0,20.4,980.9,52.53333333333333,54.44,40.81818181818182,47.333333333333336,55.157777777777774,49.71399196042053,6.336373928604092,2020,5,4,Pre-Monsoon,Delhi,78.35197368421052
2020-05-15,13.171794871794871,34.66607843137255,7.298,9.2808125,30.132666666666665,260.54166666666663,30.1,77,0.0,18.2,1003.0,16.064276556776555,16.7,28.121153846153845,20.496666666666663,15.312023809523813,19.98095256079597,5.121642328644617,2020,5,4,Pre-Monsoon,Kolkata,10.338963414634147
2020-05-15,16.820625,73.01714285714286,7.117692307692308,11.524335664335664,20.30307692307692,271.9230769230769,30.3,75,0.0,23.6,1006.0,13.8,9.515,13.32777478448276,15.16777777777778,13.378541666666687,13.531462098386996,2.6335945867252137,2020,5,4,Pre-Monsoon,Mumbai,32.227763157894735
2020-05-16,26.35279069767441,56.90909090909091,18.805,6.83093023255814,31.508000000000003,735.4444444444445,28.4,53,0.5,16.5,909.7,15.204545454545451,23.557692307692307,42.5,21.12,21.705009486637383,23.274292927288734,9.68297317025635,2020,5,5,Pre-Monsoon,Bengaluru,21.81818181818182
2020-05-16,12.306641876430206,0.0,3.161578947368421,3.0845,50.732512531328325,925.7142857142856,30.9,72,0.1,21.9,1002.9,12.827897435897436,7.882272727272728,8.285,8.633665413533834,11.005604013200115,9.223738966030156,2.3347241099590437,2020,5,5,Pre-Monsoon,Chennai,8.269675925925926
2020-05-16,78.35197368421052,144.21951219512195,24.018809523809523,15.937782805429864,62.28333333333333,879.1547518923466,31.5,33,0.0,18.4,980.2,58.5,52.53333333333333,54.44,52.117261904761904,63.12843567251462,53.461807928913196,12.628890334133999,2020,5,5,Pre-Monsoon,Delhi,92.0
2020-05-16,10.338963414634147,26.89900426742532,6.66135472972973,6.574512012012012,24.601375,242.36111111111111,30.6,77,0.0,18.9,1002.1,13.171794871794871,16.064276556776555,16.7,23.93060344827586,13.191678281068528,18.039289698847153,5.8930064586595385,2020,5,5,Pre-Monsoon,Kolkata,6.7696969696969695
2020-05-16,32.227763157894735,105.74770676691728,6.375675675675676,11.6154375,21.45243243243243,236.25,30.3,75,0.0,19.1,1006.0,16.820625,13.8,9.515,12.713205128205129,20.949462719298264,16.319256102628366,7.48436685867372,2020,5,5,Pre-Monsoon,Mumbai,31.29002450980392
2020-05-17,21.81818181818182,51.0,12.434935897435896,7.32,36.11846153846154,519.9417249417249,27.5,63,5.7,15.6,908.8,26.35279069767441,15.204545454545451,23.557692307692307,20.55410628019324,21.125172656800554,23.454875147001392,9.635458742719686,2020,5,6,Pre-Monsoon,Bengaluru,16.3219696969697
2020-05-17,8.269675925925926,0.0,2.9840740740740745,3.1358333333333333,41.83351851851852,861.8518518518518,30.7,74,0.0,20.1,1001.4,12.306641876430206,12.827897435897436,7.882272727272728,7.955416666666667,11.134738412751181,9.268633145924337,2.3091523132763077,2020,5,6,Pre-Monsoon,Chennai,25.02313725490196
2020-05-17,92.0,183.87878787878788,30.40666666666667,22.5258064516129,57.4,1034.5535714285716,31.8,32,0.0,16.0,978.9,78.35197368421052,58.5,52.53333333333333,44.5625,76.28399122807018,60.23859364319891,18.44565902230312,2020,5,6,Pre-Monsoon,Delhi,103.02060606060606
2020-05-17,6.7696969696969695,23.53333333333333,7.33030303030303,5.6375,17.959714285714288,225.41666666666663,30.9,76,0.0,17.3,1001.9,10.338963414634147,13.171794871794871,16.064276556776555,20.159113712374584,10.093485085375335,16.126515878464637,7.132838277383231,2020,5,6,Pre-Monsoon,Kolkata,9.232074074074074
2020-05-17,31.29002450980392,119.579,4.987508403361344,10.531892156862744,24.491764705882357,236.61764705882356,30.0,75,0.0,21.7,1005.5,32.227763157894735,16.820625,13.8,11.743478260869566,26.779470889232908,19.11161985247613,8.987951011541227,2020,5,6,Pre-Monsoon,Mumbai,21.976436781609195
2020-05-18,16.3219696969697,42.0,11.088034188034188,5.577894736842105,33.59466666666667,555.7142857142858,26.3,72,5.1,25.5,907.6,21.81818181818182,26.35279069767441,15.204545454545451,21.917582417582416,21.497647404275302,22.655501901199575,10.009116504603528,2020,5,0,Pre-Monsoon,Bengaluru,21.1
2020-05-18,25.02313725490196,0.0,8.259642857142858,4.0215625,39.565892857142856,981.1764705882352,32.1,65,0.4,18.5,999.0,8.269675925925926,12.306641876430206,12.827897435897436,6.948508158508158,15.199818352419356,11.850723016837735,6.1663631838075235,2020,5,0,Pre-Monsoon,Chennai,27.88636904761905
2020-05-18,103.02060606060606,200.94259259259255,36.75976244343892,24.58298319327731,41.04790322580645,986.969696969697,31.4,30,0.0,17.2,978.0,92.0,78.35197368421052,58.5,45.02666666666667,91.12419324827219,68.52344212804739,22.948786764692656,2020,5,0,Pre-Monsoon,Delhi,91.47826086956522
2020-05-18,9.232074074074074,23.956840934371524,7.874650537634409,5.084516129032258,15.104666666666668,256.8125,30.1,74,0.0,14.7,1000.4,6.7696969696969695,10.338963414634147,13.171794871794871,21.71972549019608,8.7802448194684,14.342565676161495,7.062061515722603,2020,5,0,Pre-Monsoon,Kolkata,5.875
2020-05-18,21.976436781609195,82.0392,6.2044,10.62640625,23.722987179487177,223.09788654060063,30.2,73,0.0,23.0,1005.0,31.29002450980392,32.227763157894735,16.820625,16.800151515151512,28.498074816435963,19.8510891762558,8.979014109879632,2020,5,0,Pre-Monsoon,Mumbai,15.39222222222222
2020-05-19,21.1,63.0,10.685,6.021206896551724,24.89,513.0,26.3,67,0.3,24.6,907.6,16.3219696969697,21.81818181818182,26.35279069767441,12.833333333333334,19.74671717171717,23.83645428215195,9.103813581158144,2020,5,1,Pre-Monsoon,Bengaluru,19.5
2020-05-19,27.88636904761905,0.0,12.8225,3.0379310344827584,56.876702586206896,1013.75,34.1,54,0.1,25.1,997.5,25.02313725490196,8.269675925925926,12.306641876430206,8.360435897435897,20.39306074281564,14.640142038292472,8.353023799754364,2020,5,1,Pre-Monsoon,Chennai,25.18445945945946
2020-05-19,91.47826086956522,198.6727272727273,41.641666666666666,18.725,46.82255376344087,1087.5,32.1,22,0.0,14.3,977.5,103.02060606060606,92.0,78.35197368421052,40.81818181818182,95.49962231005709,75.76059627824502,20.62598820699454,2020,5,1,Pre-Monsoon,Delhi,60.16666666666666
2020-05-19,5.875,20.9375,6.975,3.9916666666666663,16.970833333333335,265.0,28.4,83,5.5,17.3,999.1,9.232074074074074,6.7696969696969695,10.338963414634147,28.121153846153845,7.292257014590352,11.164543698139516,4.289282919545356,2020,5,1,Pre-Monsoon,Kolkata,9.44375
2020-05-19,15.39222222222222,60.653,6.44875,8.773375000000001,19.855375,244.16666666666669,29.9,72,0.1,19.4,1004.6,21.976436781609195,31.29002450980392,32.227763157894735,13.32777478448276,22.886227837878465,20.14601023879001,8.76028139902367,2020,5,1,Pre-Monsoon,Mumbai,12.75875
2020-05-20,19.5,58.5,12.525,8.1,27.735,650.0,26.7,61,0.0,19.2,908.4,21.1,16.3219696969697,21.81818181818182,42.5,18.973989898989895,20.55073999643767,3.919651318047678,2020,5,2,Pre-Monsoon,Bengaluru,18.0
2020-05-20,25.18445945945946,0.0,15.495,2.258055555555556,19.9675,1022.7027027027028,34.1,54,0.0,23.8,999.0,27.88636904761905,25.02313725490196,8.269675925925926,8.285,26.03132192066015,17.05435053250097,8.647099904712482,2020,5,2,Pre-Monsoon,Chennai,22.37435370152761
2020-05-20,60.16666666666666,144.2470588235294,28.54191176470588,16.506060606060608,64.28373366013072,780.0,30.8,26,0.0,21.2,977.1,91.47826086956522,103.02060606060606,92.0,54.44,84.88851119894598,76.57869151634024,19.733669169853055,2020,5,2,Pre-Monsoon,Delhi,48.27333333333333
2020-05-20,9.44375,20.6375,5.725,4.933333333333334,34.52775,272.2177419354839,25.4,91,99.1,68.9,986.4,5.875,9.232074074074074,6.7696969696969695,16.7,8.183608024691361,10.127936555282373,3.539907288918119,2020,5,2,Pre-Monsoon,Kolkata,6.123749999999999
2020-05-20,12.75875,50.8,6.786250000000001,9.5925,25.444166666666668,255.0,29.8,71,0.0,17.4,1004.6,15.39222222222222,21.976436781609195,31.29002450980392,9.515,16.70913633461049,20.60940309593287,8.170121232255099,2020,5,2,Pre-Monsoon,Mumbai,11.83822463768116
2020-05-21,18.0,55.8125,12.52,4.999810606060606,27.936904761904763,612.5,27.3,59,0.0,15.8,909.7,19.5,21.1,16.3219696969697,23.557692307692307,19.533333333333328,19.756783952481623,3.7690393926384855,2020,5,3,Pre-Monsoon,Bengaluru,22.0
2020-05-21,22.37435370152761,0.0,17.148000000000003,7.184,29.315,992.0,32.9,58,0.0,29.7,1001.4,25.18445945945946,27.88636904761905,25.02313725490196,7.882272727272728,25.148394069535367,19.12464781453738,7.7761014993988,2020,5,3,Pre-Monsoon,Chennai,13.59091304347826
2020-05-21,48.27333333333333,156.61875,30.29122807017544,14.3475,52.64220189701897,896.6666666666666,32.2,26,0.0,22.7,976.2,60.16666666666666,91.47826086956522,103.02060606060606,52.53333333333333,66.63942028985507,75.97012008776883,20.64351282632859,2020,5,3,Pre-Monsoon,Delhi,96.94681818181816
2020-05-21,6.123749999999999,15.829999999999998,6.7225,4.8225,25.099,383.33333333333337,25.7,81,8.4,37.5,995.7,9.44375,5.875,9.232074074074074,16.064276556776555,7.147500000000004,8.707861332885724,2.6414246023728554,2020,5,3,Pre-Monsoon,Kolkata,20.386666666666667
2020-05-21,11.83822463768116,43.7075,9.333,9.018333333333333,23.25666666666667,268.3333333333333,29.8,72,0.0,18.6,1005.8,12.75875,15.39222222222222,21.976436781609195,13.8,13.32973228663448,20.32914947274446,8.470744674750664,2020,5,3,Pre-Monsoon,Mumbai,12.026818181818182
2020-05-22,22.0,67.5,14.2,4.788846153846154,42.91,640.0,28.0,58,0.0,17.7,910.3,18.0,19.5,21.1,15.204545454545451,19.83333333333333,20.727563173260847,3.238986582375192,2020,5,4,Pre-Monsoon,Bengaluru,22.90447368421053
2020-05-22,13.59091304347826,0.0,14.28,7.278,77.65093103448277,1039.3103448275865,32.3,66,0.0,21.2,1002.6,22.37435370152761,25.18445945945946,27.88636904761905,12.827897435897436,20.383242068155102,19.233650044191783,7.677852477057551,2020,5,4,Pre-Monsoon,Chennai,23.01473684210526
2020-05-22,96.94681818181816,221.47267441860464,43.595238095238095,21.96,54.392932692307696,1128.642857142857,34.0,26,0.0,11.8,976.2,48.27333333333333,60.16666666666666,91.47826086956522,58.5,68.46227272727272,81.46252268517142,20.332974425256893,2020,5,4,Pre-Monsoon,Delhi,60.05379310344827
2020-05-22,20.386666666666667,45.1,6.911111111111111,4.033333333333333,30.64,294.0,28.2,80,0.0,18.4,1001.6,6.123749999999999,9.44375,5.875,13.171794871794871,11.984722222222226,9.738557303581695,5.0148811165140215,2020,5,4,Pre-Monsoon,Kolkata,19.2
2020-05-22,12.026818181818182,42.97772727272727,6.0604545454545455,8.032727272727273,21.224,234.0,29.8,74,0.0,17.7,1007.0,11.83822463768116,12.75875,15.39222222222222,16.820625,12.207930939833133,19.644319927289917,8.980136528407709,2020,5,4,Pre-Monsoon,Mumbai,14.053333333333333
2020-05-23,22.90447368421053,70.62857142857143,11.64,6.117162162162162,42.49690789473685,650.0,29.1,53,0.0,19.4,910.5,22.0,18.0,19.5,26.35279069767441,20.968157894736837,20.234946457051723,2.392462488472272,2020,5,5,Pre-Monsoon,Bengaluru,17.416666666666668
2020-05-23,23.01473684210526,0.0,17.626216216216214,7.33,74.81,961.6216216216216,31.3,75,0.0,24.4,1003.4,13.59091304347826,22.37435370152761,25.18445945945946,12.306641876430206,19.660001195703703,20.763377896431077,7.113709956373636,2020,5,5,Pre-Monsoon,Chennai,15.3585
2020-05-23,60.05379310344827,204.673014354067,35.432352941176475,15.27560975609756,50.425,864.4090056285178,34.6,28,0.0,18.1,977.6,96.94681818181816,48.27333333333333,60.16666666666666,78.35197368421052,68.42464820619993,78.84849688791967,21.914247135155364,2020,5,5,Pre-Monsoon,Delhi,60.92772727272728
2020-05-23,19.2,53.2,5.7,4.166666666666667,38.7975,255.0,29.5,82,0.0,22.3,1002.8,20.386666666666667,6.123749999999999,9.44375,10.338963414634147,15.236805555555557,11.004419672919672,6.175701759169964,2020,5,5,Pre-Monsoon,Kolkata,17.78
2020-05-23,14.053333333333333,46.99916666666667,5.72,5.335,23.745,516.6666666666666,29.5,78,0.0,22.1,1006.7,12.026818181818182,11.83822463768116,12.75875,32.227763157894735,12.639458717610912,17.04797280949543,7.183152412374897,2020,5,5,Pre-Monsoon,Mumbai,11.666666666666666
2020-05-24,17.416666666666668,44.016666666666666,9.961538461538462,4.725416666666666,25.512705128205127,472.4390243902439,27.9,61,0.0,17.4,911.3,22.90447368421053,22.0,18.0,21.81818181818182,20.773713450292394,19.60615857826384,2.4836702661272487,2020,5,6,Pre-Monsoon,Bengaluru,22.48619047619048
2020-05-24,15.3585,0.0,12.239302325581397,7.220000000000001,46.714,1012.5581395348836,30.9,78,0.2,23.4,1004.6,23.01473684210526,13.59091304347826,22.37435370152761,8.269675925925926,17.3213832951945,21.77606704987023,5.316179031308237,2020,5,6,Pre-Monsoon,Chennai,19.044378019323677
2020-05-24,60.92772727272728,192.6538888888889,26.95,19.073780487804875,53.94520186335404,754.0,35.6,25,0.0,23.7,977.9,60.05379310344827,96.94681818181816,48.27333333333333,92.0,72.64277951933123,74.40960078402358,21.953248522521086,2020,5,6,Pre-Monsoon,Delhi,65.85
2020-05-24,17.78,52.1725,5.555,4.071666666666667,35.1875,270.4166666666667,29.7,81,0.0,26.6,1002.5,19.2,20.386666666666667,6.123749999999999,6.7696969696969695,19.122222222222224,12.577320105820107,6.3178748444669495,2020,5,6,Pre-Monsoon,Kolkata,14.546666666666669
2020-05-24,11.666666666666666,46.68833333333333,5.241386363636364,7.42675,16.928666666666665,283.33333333333337,30.1,75,0.0,21.3,1007.2,14.053333333333333,12.026818181818182,11.83822463768116,31.29002450980392,12.582272727272747,14.244635974761538,3.667369829141826,2020,5,6,Pre-Monsoon,Mumbai,13.0
2020-05-25,22.48619047619048,44.24423076923077,12.023076923076925,4.608563909774436,30.325769230769232,725.8974358974359,28.2,59,0.0,13.8,912.0,17.416666666666668,22.90447368421053,22.0,16.3219696969697,20.93577694235589,20.486761546723955,2.201975020812806,2020,5,0,Pre-Monsoon,Bengaluru,16.571428571428573
2020-05-25,19.044378019323677,0.0,12.02,7.325,62.58541666666666,1085.0,30.7,77,0.1,21.7,1005.9,15.3585,23.01473684210526,13.59091304347826,25.02313725490196,19.13920495380964,20.92195858764476,5.1862431512610945,2020,5,0,Pre-Monsoon,Chennai,17.95961038961039
2020-05-25,65.85,173.20833333333331,28.62430769230769,24.59736842105263,59.3974358974359,827.9411764705883,35.7,22,0.0,23.1,977.6,60.92772727272728,60.05379310344827,96.94681818181816,103.02060606060606,62.27717345872518,69.09951420393699,18.022988701371375,2020,5,0,Pre-Monsoon,Delhi,50.44712070874861
2020-05-25,14.546666666666669,46.156666666666666,5.1066666666666665,3.08,26.395166666666668,228.0,29.8,81,0.0,32.5,1002.8,17.78,19.2,20.386666666666667,9.232074074074074,17.17555555555556,13.33654761904762,6.166386370855083,2020,5,0,Pre-Monsoon,Kolkata,12.828571428571427
2020-05-25,13.0,52.44625,5.804,5.1444117647058825,19.87333333333333,260.0,30.1,76,0.2,18.9,1007.8,11.666666666666666,14.053333333333333,12.026818181818182,21.976436781609195,12.906666666666686,12.962287863103082,1.3512381370913413,2020,5,0,Pre-Monsoon,Mumbai,12.45901515151515
2020-05-26,16.571428571428573,39.8125,10.383333333333336,6.6,32.375,750.2564102564103,27.5,63,0.8,13.8,911.9,22.48619047619048,17.416666666666668,22.90447368421053,21.1,18.8247619047619,19.83982277121375,2.617767063922662,2020,5,1,Pre-Monsoon,Bengaluru,18.666666666666668
2020-05-26,17.95961038961039,290.4714285714286,12.962857142857144,7.164285714285714,49.20549450549451,1004.102564102564,30.7,77,1.1,25.3,1005.7,19.044378019323677,15.3585,23.01473684210526,27.88636904761905,17.454162802978015,19.503850207929236,4.2343433630863,2020,5,1,Pre-Monsoon,Chennai,14.434090909090909
2020-05-26,50.44712070874861,173.29761904761904,36.83636363636364,11.985384615384614,27.105172413793102,830.0,36.9,19,0.0,19.7,976.0,65.85,60.92772727272728,60.05379310344827,91.47826086956522,59.074949327158635,63.23792275239176,16.1015756513648,2020,5,1,Pre-Monsoon,Delhi,37.06779202279202
2020-05-26,12.828571428571427,48.26666666666667,5.2,7.53,30.577252747252743,265.0,29.5,81,0.0,33.8,1002.3,14.546666666666669,17.78,19.2,5.875,15.051746031746035,14.329914965986394,5.2570876187142215,2020,5,1,Pre-Monsoon,Kolkata,14.15
2020-05-26,12.45901515151515,52.84215909090909,5.066454545454546,6.958701298701298,17.034166666666664,252.5,30.0,76,0.0,18.0,1007.8,13.0,11.666666666666666,14.053333333333333,15.39222222222222,12.375227272727292,12.543258281573499,0.82408220868265,2020,5,1,Pre-Monsoon,Mumbai,12.10875
2020-05-27,18.666666666666668,33.25,15.3,5.865217391304348,22.58,890.0,26.3,77,11.0,12.2,911.3,16.571428571428573,22.48619047619048,17.416666666666668,19.5,19.241428571428568,19.720775152166134,2.6544878911742393,2020,5,2,Pre-Monsoon,Bengaluru,23.177
2020-05-27,14.434090909090909,0.0,8.32,7.63,28.175,1085.0,31.2,77,0.2,26.4,1004.9,17.95961038961039,19.044378019323677,15.3585,25.18445945945946,17.14602643934165,17.9680832721623,3.75280027916266,2020,5,2,Pre-Monsoon,Chennai,20.49416666666667
2020-05-27,37.06779202279202,156.8625,23.248114285714287,13.116666666666664,75.66296296296296,610.7142857142858,36.5,21,0.0,17.1,974.4,50.44712070874861,65.85,60.92772727272728,60.16666666666666,51.121637577180216,59.93808351755252,18.950747506670584,2020,5,2,Pre-Monsoon,Delhi,31.065
2020-05-27,14.15,45.78333333333333,7.0,3.5500000000000003,25.59,306.6666666666667,29.1,81,8.4,32.2,1001.9,12.828571428571427,14.546666666666669,17.78,9.44375,13.841746031746036,15.002236394557825,4.809980422378192,2020,5,2,Pre-Monsoon,Kolkata,11.783333333333331
2020-05-27,12.10875,49.75,6.558,4.805,25.954,225.0,30.0,74,0.2,17.5,1007.4,12.45901515151515,13.0,11.666666666666666,12.75875,12.522588383838404,12.450401138716357,0.8323333209710336,2020,5,2,Pre-Monsoon,Mumbai,10.465
2020-05-28,23.177,53.0,12.744,6.9795,13.15,749.1363636363636,26.6,73,0.9,16.2,910.5,18.666666666666668,16.571428571428573,22.48619047619048,18.0,19.47169841269841,20.46034658073756,2.8116868476385535,2020,5,3,Pre-Monsoon,Bengaluru,18.666666666666668
2020-05-28,20.49416666666667,0.0,14.87,7.65,67.11916666666667,972.2222222222222,31.7,75,0.0,26.9,1003.3,14.434090909090909,17.95961038961039,19.044378019323677,22.37435370152761,17.629289321789315,17.699485124325022,3.4390386998849993,2020,5,3,Pre-Monsoon,Chennai,23.75404891304348
2020-05-28,31.065,222.7,13.41315789473684,10.7,42.79875,600.0,33.0,41,0.1,29.8,975.8,37.06779202279202,50.44712070874861,65.85,48.27333333333333,39.52663757718022,57.47975018421919,21.641278928151657,2020,5,3,Pre-Monsoon,Delhi,19.0
2020-05-28,11.783333333333331,28.416666666666668,7.773333333333333,4.806666666666667,33.364999999999995,260.0,28.4,85,3.1,27.0,1002.4,14.15,12.828571428571427,14.546666666666669,6.123749999999999,12.920634920634924,15.810748299319728,3.3109275070134294,2020,5,3,Pre-Monsoon,Kolkata,16.057142857142857
2020-05-28,10.465,39.535,4.356249999999999,4.0125,15.435,295.0,30.4,70,0.0,17.7,1006.6,12.10875,12.45901515151515,13.0,11.83822463768116,11.677588383838403,12.25422619047619,1.1146253394578547,2020,5,3,Pre-Monsoon,Mumbai,5.533888888888889
2020-05-29,18.666666666666668,33.625,11.75,7.034736842105263,23.44388888888889,566.6666666666666,25.7,78,8.5,14.8,910.6,23.177,18.666666666666668,16.571428571428573,22.0,20.170111111111108,19.984156104547083,2.7896520383521812,2020,5,4,Pre-Monsoon,Bengaluru,13.0
2020-05-29,23.75404891304348,0.0,16.915,7.17,66.88979166666667,1136.6666666666667,31.7,68,0.0,24.2,1003.5,20.49416666666667,14.434090909090909,17.95961038961039,13.59091304347826,19.560768829600345,19.151361677120057,3.558643995777412,2020,5,4,Pre-Monsoon,Chennai,19.29
2020-05-29,19.0,49.54761904761905,16.217435064935067,9.6,44.98857142857143,500.0,30.1,58,4.2,27.5,978.7,31.065,37.06779202279202,50.44712070874861,96.94681818181816,29.044264007597345,46.34449044395945,17.631190985522576,2020,5,4,Pre-Monsoon,Delhi,19.46
2020-05-29,16.057142857142857,35.275,7.355555555555556,3.911111111111112,43.452,314.2857142857143,27.9,87,9.9,12.2,1003.7,11.783333333333331,14.15,12.828571428571427,20.386666666666667,13.9968253968254,15.192244897959183,2.6525868478156935,2020,5,4,Pre-Monsoon,Kolkata,13.9
2020-05-29,5.533888888888889,26.28736111111111,5.134777777777778,4.89,13.652,288.0,30.5,72,0.3,18.7,1006.6,10.465,12.10875,12.45901515151515,12.026818181818182,9.369212962962981,11.326664862914862,2.7851680623785655,2020,5,4,Pre-Monsoon,Mumbai,7.93
2020-05-30,13.0,26.0,13.9,6.97,14.17,670.0,25.0,81,1.7,13.4,910.8,18.666666666666668,23.177,18.666666666666668,22.90447368421053,18.281222222222215,18.569231292517006,3.48637938103885,2020,5,5,Pre-Monsoon,Bengaluru,18.921829545454543
2020-05-30,19.29,0.0,16.12,2.68,59.155,1040.0,31.0,75,0.0,21.6,1004.8,23.75404891304348,20.49416666666667,14.434090909090909,23.01473684210526,21.179405193236708,18.61925641396216,3.1383457259539327,2020,5,5,Pre-Monsoon,Chennai,11.101798418972333
2020-05-30,19.46,52.58,18.075000000000003,9.3,31.65,600.0,28.2,61,5.4,20.0,981.0,19.0,31.065,37.06779202279202,60.05379310344827,23.175000000000008,40.545377143466844,18.993754302077225,2020,5,5,Pre-Monsoon,Delhi,20.9375
2020-05-30,13.9,36.575,5.85,4.15,22.115,280.0,28.8,85,3.9,16.9,1004.5,16.057142857142857,11.783333333333331,14.15,19.2,13.913492063492066,14.435102040816327,1.9921613341100564,2020,5,5,Pre-Monsoon,Kolkata,16.655638888888888
2020-05-30,7.93,22.9,5.73,4.9350000000000005,11.785,280.0,30.3,75,0.4,17.5,1007.0,5.533888888888889,10.465,12.10875,14.053333333333333,7.976296296296315,10.451902958152958,2.747396322805425,2020,5,5,Pre-Monsoon,Mumbai,9.272602339181288
2020-05-31,18.921829545454543,48.84848484848485,9.385431488801052,6.917054347826087,29.16757575757576,567.0535714285714,25.4,78,0.2,14.3,911.3,13.0,18.666666666666668,23.177,17.416666666666668,16.862832070707068,18.78425456091528,3.4496696073861295,2020,5,6,Pre-Monsoon,Bengaluru,7.923076923076923
2020-05-31,11.101798418972333,35.86409090909091,10.663636363636364,5.327727272727272,28.14636363636364,1014.2857142857144,30.8,74,0.0,25.7,1005.8,19.29,23.75404891304348,20.49416666666667,15.3585,18.048615777338597,18.011156188101065,4.130908384687214,2020,5,6,Pre-Monsoon,Chennai,12.08967741935484
2020-05-31,20.9375,37.5,15.51086956521739,9.36,41.79866359447004,564.6875,26.8,69,0.2,16.2,982.6,19.46,19.0,31.065,60.92772727272728,19.799166666666675,34.832487533077234,17.819208317169547,2020,5,6,Pre-Monsoon,Delhi,38.0084541062802
2020-05-31,16.655638888888888,35.87086111111111,6.563725490196079,5.008333333333333,45.81494444444444,302.6890756302521,28.8,85,3.6,14.8,1006.0,13.9,16.057142857142857,11.783333333333331,17.78,15.537593915343919,14.27447902494331,1.7016699616572175,2020,5,6,Pre-Monsoon,Kolkata,11.906060606060606
2020-05-31,9.272602339181288,41.5165625,4.533125,4.276428571428571,15.44111111111111,203.74493927125508,30.8,71,0.3,23.4,1007.1,7.93,5.533888888888889,10.465,11.666666666666666,7.578830409356745,10.10989376851219,2.7198476185619396,2020,5,6,Pre-Monsoon,Mumbai,12.52155330882353
2020-06-01,7.923076923076923,16.45,8.34863157894737,6.960066067653278,19.21315789473684,511.1038961038961,24.6,80,4.3,14.0,911.9,18.921829545454543,13.0,18.666666666666668,22.48619047619048,13.281635489510483,16.70380976761334,4.92213400187995,2020,6,0,Monsoon,Bengaluru,5.410714285714286
2020-06-01,12.08967741935484,137.20032258064515,14.684883720930234,7.232903225806451,50.0508870967742,1035.0,31.1,73,0.0,23.0,1006.3,11.101798418972333,19.29,23.75404891304348,19.044378019323677,14.16049194610905,17.01762753096266,4.645303965734022,2020,6,0,Monsoon,Chennai,10.05163492063492
2020-06-01,38.0084541062802,72.34444444444443,22.775,13.255263157894737,35.40333333333333,766.8803418803418,27.8,67,0.0,9.6,983.2,20.9375,19.46,19.0,65.85,26.13531803542674,30.855123833974403,11.849119801191373,2020,6,0,Monsoon,Delhi,52.8175
2020-06-01,11.906060606060606,32.1375,7.974375,6.109375,25.755,290.0,29.3,83,2.0,17.1,1005.8,16.655638888888888,13.9,16.057142857142857,14.546666666666669,14.153899831649836,13.897249587713873,1.9110768913035963,2020,6,0,Monsoon,Kolkata,12.762907268170428
2020-06-01,12.52155330882353,37.64876016260163,5.680018796992481,4.603,16.96125,250.0,29.0,78,6.9,13.8,1007.5,9.272602339181288,7.93,5.533888888888889,13.0,9.90805188266829,10.041544241201265,2.639953046081405,2020,6,0,Monsoon,Mumbai,23.309473684210527
2020-06-02,5.410714285714286,16.678571428571427,8.269522144522146,7.181111111111111,15.7828,473.57142857142856,23.7,80,1.6,22.7,911.2,7.923076923076923,18.921829545454543,13.0,16.571428571428573,10.75187358474858,15.109422012511299,6.520306656664064,2020,6,1,Monsoon,Bengaluru,6.800000000000001
2020-06-02,10.05163492063492,12.651904761904762,12.902380952380952,7.664761904761905,74.25933333333333,1170.952380952381,30.9,71,0.7,22.8,1005.7,12.08967741935484,11.101798418972333,19.29,17.95961038961039,11.081036919654025,15.887916749680448,5.29429078977413,2020,6,1,Monsoon,Chennai,10.443284371327849
2020-06-02,52.8175,108.53772727272728,23.453333333333333,11.995,38.959545454545456,747.5961538461538,29.0,62,0.0,14.1,981.4,38.0084541062802,20.9375,19.46,50.44712070874861,37.25448470209341,31.193749447010315,12.517366566455664,2020,6,1,Monsoon,Delhi,55.333333333333336
2020-06-02,12.762907268170428,31.717045454545456,9.158890909090909,6.021861471861472,28.630277777777778,300.92105263157896,29.1,84,4.6,19.1,1004.3,11.906060606060606,16.655638888888888,13.9,12.828571428571427,13.77486892103998,13.887868993370873,1.917347683132232,2020,6,1,Monsoon,Kolkata,14.82808712121212
2020-06-02,23.309473684210527,48.4652,11.754166666666668,5.41,20.888,548.5714285714286,27.9,81,11.6,19.7,1004.5,12.52155330882353,9.272602339181288,7.93,12.45901515151515,15.034543110738468,11.591609745872034,5.70366807610322,2020,6,1,Monsoon,Mumbai,8.811612903225807
2020-06-03,6.800000000000001,18.428571428571427,8.265476190476189,6.5737171052631584,20.24714285714285,534.4285714285714,24.0,76,0.3,25.5,910.6,5.410714285714286,7.923076923076923,18.921829545454543,18.666666666666668,6.7112637362637315,13.414183917273203,6.9685253418171955,2020,6,2,Monsoon,Bengaluru,10.486363636363636
2020-06-03,10.443284371327849,2.2205263157894737,15.68578947368421,4.1016216216216215,84.63357041251778,1256.842105263158,31.3,64,0.0,26.1,1004.7,10.05163492063492,12.08967741935484,11.101798418972333,14.434090909090909,10.861532237105862,15.317801530000013,5.6779145586911834,2020,6,2,Monsoon,Chennai,11.93439393939394
2020-06-03,55.333333333333336,120.0,27.19,16.12434210526316,48.03921052631578,830.0,29.9,58,0.0,11.3,979.4,52.8175,38.0084541062802,20.9375,37.06779202279202,48.71976247987118,33.80311249137336,15.495485902330014,2020,6,2,Monsoon,Delhi,64.88937931034482
2020-06-03,14.82808712121212,37.08119047619047,7.008199643493761,13.461206896551724,33.527959001782534,346.90177638453497,29.0,85,6.1,16.8,1003.6,12.762907268170428,11.906060606060606,16.655638888888888,14.15,13.165684998481055,13.98473858211546,1.9496557076740202,2020,6,2,Monsoon,Kolkata,14.162592592592592
2020-06-03,8.811612903225807,19.399252173913045,6.29925925925926,8.537777777777778,20.971,293.1578947368421,26.4,85,144.5,58.6,996.9,23.309473684210527,12.52155330882353,9.272602339181288,12.10875,14.880879965419973,11.120590160618576,5.789342354548153,2020,6,2,Monsoon,Mumbai,17.75681818181818
2020-06-04,10.486363636363636,28.2,10.564756493506492,6.078376623376624,16.200909090909093,622.9137931034483,24.2,77,3.4,25.1,910.9,6.800000000000001,5.410714285714286,7.923076923076923,23.177,7.565692640692636,11.601235865325151,5.501729453787101,2020,6,3,Monsoon,Bengaluru,12.952380952380953
2020-06-04,11.93439393939394,18.34090909090909,13.990000000000002,5.054230769230769,56.706608391608384,1363.6363636363635,31.6,66,0.0,25.1,1004.7,10.443284371327849,10.05163492063492,12.08967741935484,20.49416666666667,10.809771077118896,14.094976854675338,5.285481245903351,2020,6,3,Monsoon,Chennai,13.094699488491049
2020-06-04,64.88937931034482,129.95732142857145,34.22443181818182,14.457142857142856,37.5584,894.4444444444445,29.6,57,0.0,11.8,978.6,55.333333333333336,52.8175,38.0084541062802,31.065,57.68007088122605,38.63516667856548,19.304912980659417,2020,6,3,Monsoon,Delhi,42.82142857142857
2020-06-04,14.162592592592592,38.345,7.860740740740741,8.720370370370372,24.55931851851852,261.71296296296293,29.6,84,8.2,19.5,1002.8,14.82808712121212,12.762907268170428,11.906060606060606,11.783333333333331,13.917862327325052,14.32463276200964,1.6923206392303953,2020,6,3,Monsoon,Kolkata,11.496296296296295
2020-06-04,17.75681818181818,45.29653846153846,14.434074074074076,10.808888888888887,16.375384615384615,441.8518518518519,27.6,84,10.0,21.5,1004.4,8.811612903225807,23.309473684210527,12.52155330882353,10.465,16.62596825641819,12.16227847230689,6.286398432445108,2020,6,3,Monsoon,Mumbai,9.39
2020-06-05,12.952380952380953,31.55555555555556,10.1328125,7.110882352941177,18.641111111111112,547.6190476190476,23.9,81,9.4,18.6,911.0,10.486363636363636,6.800000000000001,5.410714285714286,18.666666666666668,10.079581529581526,10.784909334712907,4.634197512365194,2020,6,4,Monsoon,Bengaluru,14.833333333333332
2020-06-05,13.094699488491049,30.0025,15.013333333333334,6.917083333333333,37.00155637254902,1227.5,31.9,64,0.7,21.9,1004.7,11.93439393939394,10.443284371327849,10.05163492063492,23.75404891304348,11.824125933070938,12.572212651167847,3.138180949981002,2020,6,4,Monsoon,Chennai,16.363402173913045
2020-06-05,42.82142857142857,86.97999999999999,21.97142857142857,12.038697318007664,46.8325,716.6666666666666,29.0,60,0.0,12.2,978.5,64.88937931034482,55.333333333333336,52.8175,19.0,54.34804707170225,42.03822790305527,17.25783507764035,2020,6,4,Monsoon,Delhi,32.241190476190475
2020-06-05,11.496296296296295,35.28333333333333,5.907407407407407,5.770370370370371,29.23033333333333,266.55172413793105,29.5,85,9.1,19.8,1001.9,14.162592592592592,14.82808712121212,12.762907268170428,16.057142857142857,13.495658670033672,13.673083253317277,1.789318933439739,2020,6,4,Monsoon,Kolkata,14.83125
2020-06-05,9.39,36.20285714285714,11.570714285714288,6.461666666666666,25.890666666666668,272.5,27.5,86,7.9,25.2,1005.7,17.75681818181818,8.811612903225807,23.309473684210527,5.533888888888889,11.98614369501468,12.713151488179905,5.755266912574124,2020,6,4,Monsoon,Mumbai,8.11
2020-06-06,14.833333333333332,32.8,9.178583333333332,6.265473684210527,13.53,489.5,23.8,80,14.5,17.7,910.6,12.952380952380953,10.486363636363636,6.800000000000001,13.0,12.757359307359303,11.046814096617668,4.828002882294702,2020,6,5,Monsoon,Bengaluru,16.0
2020-06-06,16.363402173913045,49.63923076923077,12.765384615384615,7.132307692307692,76.73026923076922,1296.1538461538462,31.3,65,2.2,21.7,1004.1,13.094699488491049,11.93439393939394,10.443284371327849,19.29,13.79749853393267,12.15412724744114,2.125635644088624,2020,6,5,Monsoon,Chennai,13.7375
2020-06-06,32.241190476190475,81.32523809523809,21.36746031746032,9.930769230769233,31.8,740.8333333333333,29.5,58,0.0,13.1,978.1,42.82142857142857,64.88937931034482,55.333333333333336,19.46,46.65066611932129,43.86411225679677,14.999254541424285,2020,6,5,Monsoon,Delhi,45.44444444444444
2020-06-06,14.83125,39.016666666666666,6.111111111111111,4.766666666666667,26.75,232.77777777777777,30.0,83,1.9,18.8,1001.2,11.496296296296295,14.162592592592592,14.82808712121212,13.9,13.496712962962967,13.80611896760299,1.8428213409363896,2020,6,5,Monsoon,Kolkata,22.327777777777776
2020-06-06,8.11,37.2175,10.949285714285711,9.51875,11.5325,288.2352941176471,27.1,87,8.2,23.3,1005.4,9.39,17.75681818181818,8.811612903225807,7.93,11.752272727272745,12.73886577389419,5.730683791408165,2020,6,5,Monsoon,Mumbai,9.212857142857144
2020-06-07,16.0,32.5,9.30625,6.874722222222222,12.774,324.0,23.5,79,8.3,22.7,910.4,14.833333333333332,12.952380952380953,10.486363636363636,18.921829545454543,14.59523809523809,10.629409875838448,4.10601731767032,2020,6,6,Monsoon,Bengaluru,18.181946022727274
2020-06-07,13.7375,185.07857142857145,12.792857142857144,7.7155555555555555,66.65285714285714,1400.909090909091,31.9,59,0.0,25.2,1003.3,16.363402173913045,13.094699488491049,11.93439393939394,11.101798418972333,14.398533887468025,12.530656044730806,2.141542166777672,2020,6,6,Monsoon,Chennai,18.61182926829268
2020-06-07,45.44444444444444,100.25753246753246,25.762727272727272,12.956031746031748,23.70892857142857,750.0,30.6,59,1.2,15.0,977.9,32.241190476190475,42.82142857142857,64.88937931034482,20.9375,40.16902116402117,47.365104320288836,11.112568732745764,2020,6,6,Monsoon,Delhi,51.60548850574713
2020-06-07,22.327777777777776,48.10714285714286,10.18,4.21875,29.81571428571429,327.22222222222223,29.5,86,5.7,11.9,1000.7,14.83125,11.496296296296295,14.162592592592592,16.655638888888888,16.218441358024695,14.616424523158546,3.6578382142402663,2020,6,6,Monsoon,Kolkata,24.46590909090909
2020-06-07,9.212857142857144,38.628,8.195,9.543,10.2,286.25,27.2,87,5.4,23.3,1005.6,8.11,9.39,17.75681818181818,9.272602339181288,8.904285714285734,12.730330745847885,5.7367479905582295,2020,6,6,Monsoon,Mumbai,7.774375
2020-06-08,18.181946022727274,45.0,10.300680566483084,6.717738001573564,13.74,435.2325581395349,24.8,67,0.2,18.4,910.1,16.0,14.833333333333332,12.952380952380953,7.923076923076923,16.338426452020197,12.094962604359926,4.758114470326349,2020,6,0,Monsoon,Bengaluru,19.80087517934003
2020-06-08,18.61182926829268,42.43884615384616,16.857692307692307,7.986923076923077,37.402115384615385,1258.4615384615386,32.0,58,0.1,18.0,1002.9,13.7375,16.363402173913045,13.094699488491049,12.08967741935484,16.237577147401904,13.462392023150498,3.115191251621544,2020,6,0,Monsoon,Chennai,15.832261904761904
2020-06-08,51.60548850574713,110.8846153846154,27.52842105263158,14.56346153846154,51.746428571428574,817.5057208237986,30.8,60,0.1,13.2,977.5,45.44444444444444,32.241190476190475,42.82142857142857,38.0084541062802,43.09704114212735,49.30753780592697,10.367880874203689,2020,6,0,Monsoon,Delhi,65.94068796068797
2020-06-08,24.46590909090909,48.675,15.559285714285716,8.238461538461538,26.6044,446.8,29.5,86,15.4,10.9,1000.3,22.327777777777776,14.83125,11.496296296296295,11.906060606060606,20.541645622895626,16.410688592422613,4.956633118775011,2020,6,0,Monsoon,Kolkata,20.47030360531309
2020-06-08,7.774375,27.706296296296298,13.121,8.713333333333333,18.61758620689655,308.1481481481481,27.0,87,8.0,19.3,1005.9,9.212857142857144,8.11,9.39,12.52155330882353,8.365744047619067,12.05216241601595,6.0382142558117025,2020,6,0,Monsoon,Mumbai,8.25125
2020-06-09,19.80087517934003,49.05882352941177,10.23823886639676,6.7686153846153845,15.274375,484.4939271255061,24.9,71,0.0,19.8,909.8,18.181946022727274,16.0,14.833333333333332,5.410714285714286,17.994273734022432,14.150699874877889,4.489941403227838,2020,6,1,Monsoon,Bengaluru,19.5
2020-06-09,15.832261904761904,26.98,11.589565217391304,5.135652173913043,61.18299689440994,1011.904761904762,31.4,65,0.0,19.1,1002.2,18.61182926829268,13.7375,16.363402173913045,10.05163492063492,16.060530391018187,14.28819587802578,2.811756698856804,2020,6,1,Monsoon,Chennai,27.65833333333333
2020-06-09,65.94068796068797,137.34615384615384,31.224285714285717,14.961111111111112,47.134878048780486,828.0021141649049,33.0,51,0.0,12.3,977.4,51.60548850574713,45.44444444444444,32.241190476190475,52.8175,54.33020697029318,51.18227894316811,12.142878517025432,2020,6,1,Monsoon,Delhi,57.372454212454215
2020-06-09,20.47030360531309,47.53765508684864,10.200691244239632,5.852109181141439,26.3135,287.3602941176471,29.8,85,0.5,11.2,1000.4,24.46590909090909,22.327777777777776,14.83125,12.762907268170428,22.42133015799999,17.511745212014425,4.866503826350732,2020,6,1,Monsoon,Kolkata,13.89
2020-06-09,8.25125,24.355,8.985000000000001,9.19425,11.51325,252.8125,27.5,89,4.8,14.5,1005.8,7.774375,9.212857142857144,8.11,23.309473684210527,8.4128273809524,9.900987603985877,3.5139530232190146,2020,6,1,Monsoon,Mumbai,11.610555555555557
2020-06-10,19.5,48.29166666666667,10.298204633204634,6.373843843843844,11.891666666666666,602.822299651568,23.7,78,1.2,19.6,908.8,19.80087517934003,18.181946022727274,16.0,6.800000000000001,19.160940400689096,15.964985589163604,3.47606668120715,2020,6,2,Monsoon,Bengaluru,15.166666666666668
2020-06-10,27.65833333333333,0.0,3.25,1.903823529411765,0.0,920.0,30.8,64,0.8,17.7,1001.6,15.832261904761904,18.61182926829268,13.7375,10.443284371327849,20.700808168795962,16.74748858688371,5.3084247676999885,2020,6,2,Monsoon,Chennai,16.040681818181817
2020-06-10,57.372454212454215,162.71428571428572,30.297222222222224,13.816315789473684,42.05291666666667,776.9736842105262,33.7,52,0.0,19.4,976.8,65.94068796068797,51.60548850574713,45.44444444444444,55.333333333333336,58.306210226296436,51.473581925899666,12.282711477218427,2020,6,2,Monsoon,Delhi,57.83333333333333
2020-06-10,13.89,36.13391608391608,11.999561403508771,4.94949494949495,21.65673076923077,358.5,29.1,85,3.4,13.6,1000.1,20.47030360531309,24.46590909090909,22.327777777777776,14.82808712121212,19.6087375654074,17.37773276612698,4.964649353750465,2020,6,2,Monsoon,Kolkata,6.26
2020-06-10,11.610555555555557,43.78791666666666,7.434444444444445,6.155083333333334,10.20375,319.16666666666663,27.7,90,9.7,14.6,1004.9,8.25125,7.774375,9.212857142857144,8.811612903225807,9.212060185185203,10.300836554318696,3.5285484777063485,2020,6,2,Monsoon,Mumbai,7.672777777777778
2020-06-11,15.166666666666668,29.33333333333333,11.0,7.733333333333334,10.545,632.1276595744681,22.7,84,7.3,21.2,907.4,19.5,19.80087517934003,18.181946022727274,10.486363636363636,18.155847282002227,16.63360030777832,2.5816962298673714,2020,6,3,Monsoon,Bengaluru,17.75
2020-06-11,16.040681818181817,8.58,4.65,3.835476190476191,26.229204545454543,997.0454545454544,30.0,65,1.2,24.5,1000.9,27.65833333333333,15.832261904761904,18.61182926829268,11.93439393939394,19.84375901875901,17.33410114099626,4.898998822686036,2020,6,3,Monsoon,Chennai,13.947368421052632
2020-06-11,57.83333333333333,147.0909090909091,30.8375,12.110869565217392,36.95,967.8491436100132,33.5,53,0.0,11.6,975.7,57.372454212454215,65.94068796068797,51.60548850574713,64.88937931034482,60.3821585021585,50.46557535775516,11.243815227414812,2020,6,3,Monsoon,Delhi,62.94285714285714
2020-06-11,6.26,19.6625,7.84,4.733333333333333,14.15125,270.0,28.0,89,16.9,19.0,998.8,13.89,20.47030360531309,24.46590909090909,14.162592592592592,13.540101201771035,16.24879096718518,6.483719966962415,2020,6,3,Monsoon,Kolkata,8.1
2020-06-11,7.672777777777778,29.86063888888889,8.036249999999999,4.92875,10.821555555555555,225.0,27.5,89,8.1,15.3,1002.7,11.610555555555557,8.25125,7.774375,17.75681818181818,9.178194444444463,8.860259353741498,1.383962810478552,2020,6,3,Monsoon,Mumbai,12.580454545454549
2020-06-12,17.75,34.0,10.038947368421052,7.117470288624788,12.35,541.0135135135135,22.6,80,5.1,27.1,906.9,15.166666666666668,19.5,19.80087517934003,12.952380952380953,17.472222222222218,17.318974457438184,2.0165044340374076,2020,6,4,Monsoon,Bengaluru,14.24592105263158
2020-06-12,13.947368421052632,39.763333333333335,13.490569852941176,4.942472426470589,37.2864705882353,1554.8161764705883,31.4,56,0.0,27.8,1000.3,16.040681818181817,27.65833333333333,15.832261904761904,13.094699488491049,19.21546119085592,17.45591098850506,4.785302245078101,2020,6,4,Monsoon,Chennai,17.75
2020-06-12,62.94285714285714,139.64285714285714,24.02388888888889,11.044251336898396,36.77,885.8901098901099,33.8,52,0.0,16.6,974.7,57.83333333333333,57.372454212454215,65.94068796068797,42.82142857142857,59.38288156288156,53.340065153673535,11.532208698218009,2020,6,4,Monsoon,Delhi,51.1219512195122
2020-06-12,8.1,17.1,9.736,4.333333333333333,18.31,510.0,27.7,90,14.6,15.9,997.7,6.26,13.89,20.47030360531309,11.496296296296295,9.41666666666667,15.763605781999994,7.00476627783435,2020,6,4,Monsoon,Kolkata,12.915384615384616
2020-06-12,12.580454545454549,30.0,20.34,5.07,11.477105263157895,480.0,27.5,88,4.2,12.8,1000.6,7.672777777777778,11.610555555555557,8.25125,9.39,10.621262626262647,9.316038574520718,1.9831457582258072,2020,6,4,Monsoon,Mumbai,12.118216276477144
2020-06-13,14.24592105263158,37.25,9.94,6.297632432432432,14.972,613.5135135135135,23.6,78,1.3,25.4,907.4,17.75,15.166666666666668,19.5,14.833333333333332,15.72086257309941,17.235058417337935,2.1452930224643216,2020,6,5,Monsoon,Bengaluru,14.875
2020-06-13,17.75,70.94666666666667,12.442307692307692,5.0120512820512815,0.0,996.025641025641,31.2,59,0.7,26.8,1001.0,13.947368421052632,16.040681818181817,27.65833333333333,16.363402173913045,15.912683413078142,17.653996392231765,4.761179012020567,2020,6,5,Monsoon,Chennai,13.406319648093842
2020-06-13,51.1219512195122,124.0858585858586,22.62348837209302,9.50322966507177,31.36,752.5,33.6,55,0.0,15.3,975.1,62.94285714285714,57.83333333333333,57.372454212454215,32.241190476190475,57.29938056523422,56.03731668843378,7.150552200494149,2020,6,5,Monsoon,Delhi,66.4359375
2020-06-13,12.915384615384616,24.03076923076923,10.524615384615384,6.4,19.61730769230769,382.0,28.3,88,10.2,20.5,998.2,8.1,6.26,13.89,14.83125,9.091794871794875,15.489910727054939,7.084245634628634,2020,6,5,Monsoon,Kolkata,8.774999999999999
2020-06-13,12.118216276477144,19.85333333333333,1.1294871794871797,0.0317948717948717,11.496153846153849,983.3333333333334,27.2,89,12.0,13.3,1000.5,12.580454545454549,7.672777777777778,11.610555555555557,8.11,10.79048286656984,9.88864089973174,2.148633653451446,2020,6,5,Monsoon,Mumbai,9.1965625
2020-06-14,14.875,32.333333333333336,9.55,5.866516129032258,13.590000000000002,456.6666666666667,24.0,78,3.4,27.7,908.9,14.24592105263158,17.75,15.166666666666668,16.0,15.623640350877189,17.07434413162365,2.2904655924428106,2020,6,6,Monsoon,Bengaluru,14.712121212121213
2020-06-14,13.406319648093842,102.13,14.11,4.600322580645161,46.8675,1095.0,31.6,64,0.7,22.1,1002.0,17.75,13.947368421052632,16.040681818181817,13.7375,15.034562689715484,17.60668491338803,4.807998519951656,2020,6,6,Monsoon,Chennai,15.608695652173912
2020-06-14,66.4359375,139.88557692307694,21.87777777777778,12.929202586206896,40.76769230769231,852.2222222222222,33.6,56,0.0,12.1,976.6,51.1219512195122,62.94285714285714,57.83333333333333,45.44444444444444,60.16691528745645,59.036101410655995,6.3213366778128925,2020,6,6,Monsoon,Delhi,47.44097222222222
2020-06-14,8.774999999999999,21.835,8.795833333333334,5.050000000000001,20.48577586206897,345.0,28.2,88,12.5,18.9,999.4,12.915384615384616,8.1,6.26,22.327777777777776,9.930128205128208,13.553799615943829,6.748001357161373,2020,6,6,Monsoon,Kolkata,9.5125
2020-06-14,9.1965625,22.16984375,14.61,8.94,11.4628125,287.5,27.8,88,4.6,15.6,1002.0,12.118216276477144,12.580454545454549,7.672777777777778,9.212857142857144,11.298411107310583,9.88631309360929,2.149496466423976,2020,6,6,Monsoon,Mumbai,8.047894736842105
2020-06-15,14.712121212121213,32.5,9.852272727272728,7.60670045045045,14.248333333333331,610.952380952381,24.8,72,0.6,28.9,909.0,14.875,14.24592105263158,17.75,18.181946022727274,14.611014088250926,16.57865487296564,2.3843502282309554,2020,6,0,Monsoon,Bengaluru,18.0
2020-06-15,15.608695652173912,82.483375,7.362904761904762,2.36343253968254,37.88777777777778,1478.2103174603176,32.4,57,1.9,22.0,1002.0,13.406319648093842,17.75,13.947368421052632,18.61182926829268,15.588338433422578,17.17766582537106,4.837257192454105,2020,6,0,Monsoon,Chennai,23.428571428571427
2020-06-15,47.44097222222222,107.7838621794872,23.225772727272727,9.633333333333333,35.66428571428572,819.4444444444445,34.3,47,0.0,18.2,974.7,66.4359375,51.1219512195122,62.94285714285714,51.60548850574713,54.999620313911464,58.44117051300958,7.263048002372755,2020,6,0,Monsoon,Delhi,37.36
2020-06-15,9.5125,38.13472222222222,7.722777777777778,4.65,21.45267857142857,314.44444444444446,28.0,90,22.7,15.1,999.0,8.774999999999999,12.915384615384616,8.1,24.46590909090909,10.400961538461543,11.41759831724253,4.804990658501146,2020,6,0,Monsoon,Kolkata,9.2
2020-06-15,8.047894736842105,26.0,3.392368421052632,14.32,11.441052631578946,994.2105263157896,27.5,90,19.4,14.8,1001.9,9.1965625,12.118216276477144,12.580454545454549,7.774375,9.787557837773102,9.925387341729591,2.106767758131411,2020,6,0,Monsoon,Mumbai,13.11111111111111
2020-06-16,18.0,42.0,10.37782608695652,6.999090909090909,9.34,629.1304347826087,24.3,76,0.7,27.1,908.3,14.712121212121213,14.875,14.24592105263158,19.80087517934003,15.862373737373732,16.32138699020278,2.052842216213652,2020,6,1,Monsoon,Bengaluru,14.25
2020-06-16,23.428571428571427,62.83675,17.234318181818182,2.628409090909091,0.0,1707.7272727272727,31.9,65,0.0,24.0,1001.3,15.608695652173912,13.406319648093842,17.75,15.832261904761904,17.48119557627972,18.262852900200993,5.313734328990918,2020,6,1,Monsoon,Chennai,26.26086956521739
2020-06-16,37.36,93.54764705882351,23.57,10.1,38.08205741626794,813.9130434782609,33.8,48,0.1,14.3,972.5,47.44097222222222,66.4359375,51.1219512195122,65.94068796068797,50.412303240740734,54.35821509005416,9.899415058967616,2020,6,1,Monsoon,Delhi,28.371794871794872
2020-06-16,9.2,21.681818181818183,9.960454545454546,4.17,23.09,320.0,27.7,90,18.4,14.8,997.5,9.5125,8.774999999999999,12.915384615384616,20.47030360531309,9.162500000000001,9.807554945054946,2.687880299027459,2020,6,1,Monsoon,Kolkata,15.704166666666667
2020-06-16,13.11111111111111,24.94,8.48,4.5600000000000005,19.294090909090908,615.0,27.2,89,27.9,15.5,1001.0,8.047894736842105,9.1965625,12.118216276477144,8.25125,10.118522782651091,10.619653214745464,2.2584244765986803,2020,6,1,Monsoon,Mumbai,16.330000000000002
2020-06-17,14.25,47.875,9.866666666666667,7.576428571428571,12.310416666666669,688.3720930232558,23.4,80,0.4,28.9,908.8,18.0,14.712121212121213,14.875,19.5,15.6540404040404,15.57138699020278,1.6090644479087273,2020,6,2,Monsoon,Bengaluru,21.02472527472528
2020-06-17,26.26086956521739,43.190125,20.23352307692308,5.9324102564102565,48.3964,1374.246153846154,31.7,64,0.5,23.8,1002.0,23.428571428571427,15.608695652173912,13.406319648093842,27.65833333333333,21.766045548654233,18.063215219041574,4.913058563544638,2020,6,2,Monsoon,Chennai,25.07901913875598
2020-06-17,28.371794871794872,74.50171052631579,14.420000000000002,8.866666666666667,45.12636363636364,671.3931623931624,33.9,52,0.0,17.6,972.1,37.36,47.44097222222222,66.4359375,57.372454212454215,37.72425569800569,50.21526375567425,13.748033732246672,2020,6,2,Monsoon,Delhi,36.86363636363637
2020-06-17,15.704166666666667,38.65277777777778,7.145714285714286,5.140000000000001,21.65,360.0,27.5,92,33.3,18.4,996.9,9.2,9.5125,8.774999999999999,13.89,11.472222222222223,10.066721611721613,3.18804285971883,2020,6,2,Monsoon,Kolkata,17.44070512820513
2020-06-17,16.330000000000002,19.58955555555556,4.173333333333333,4.97,24.15,1065.7777777777778,26.9,91,18.9,20.6,1001.1,13.11111111111111,8.047894736842105,9.1965625,11.610555555555557,12.496335282651094,11.293859563951813,3.137068170778603,2020,6,2,Monsoon,Mumbai,8.56875
2020-06-18,21.02472527472528,67.0,12.81868131868132,7.39866341991342,12.724285714285712,768.2142857142858,23.9,75,0.1,27.6,910.1,14.25,18.0,14.712121212121213,15.166666666666668,17.758241758241756,16.408252505639727,2.5886683530921815,2020,6,3,Monsoon,Bengaluru,20.933333333333334
2020-06-18,25.07901913875598,23.5435,14.296,7.005,60.79422222222222,1230.0,32.0,61,0.3,17.2,1003.5,26.26086956521739,23.428571428571427,15.608695652173912,16.040681818181817,24.92282004418159,19.35440626483788,5.451139173879017,2020,6,3,Monsoon,Chennai,25.821055555555557
2020-06-18,36.86363636363637,100.625,17.666666666666668,11.545454545454543,48.76444444444445,745.4545454545455,34.6,50,0.0,18.4,972.6,28.371794871794872,37.36,47.44097222222222,57.83333333333333,34.198477078477076,47.21959276000326,14.091742534451301,2020,6,3,Monsoon,Delhi,53.4
2020-06-18,17.44070512820513,44.0947463768116,8.053532608695651,7.023369565217392,26.367366220735786,376.9836956521739,29.0,85,0.8,19.5,997.9,15.704166666666667,9.2,9.5125,6.26,14.114957264957269,11.663965201465201,3.719495878247675,2020,6,3,Monsoon,Kolkata,18.13783783783784
2020-06-18,8.56875,26.286428571428573,17.27300395256917,6.874560810810811,10.624782608695652,351.8303571428571,26.9,90,30.1,27.2,1003.1,16.330000000000002,13.11111111111111,8.047894736842105,7.672777777777778,12.669953703703724,11.421855595697846,2.9789955855694745,2020,6,3,Monsoon,Mumbai,15.675453003875967
2020-06-19,20.933333333333334,52.375,12.82295321637427,6.396690476190477,10.94125,711.0,24.3,76,6.2,26.3,910.6,21.02472527472528,14.25,18.0,17.75,18.736019536019533,16.86301441040163,3.0939627901820206,2020,6,4,Monsoon,Bengaluru,18.12461672473868
2020-06-19,25.821055555555557,47.907777777777774,13.375555555555556,7.202564102564102,45.54222222222222,1042.0,31.9,60,0.3,20.7,1003.8,25.07901913875598,26.26086956521739,23.428571428571427,13.947368421052632,25.7203147531763,21.050647284052587,5.334328595617543,2020,6,4,Monsoon,Chennai,20.608464912280706
2020-06-19,53.4,196.38404255319148,16.5,11.22857142857143,38.27810776942356,817.5,34.9,53,0.0,19.3,974.4,36.86363636363637,28.371794871794872,37.36,62.94285714285714,39.54514374514375,45.8563274538808,12.711085651761655,2020,6,4,Monsoon,Delhi,33.59090909090909
2020-06-19,18.13783783783784,47.02222222222223,10.512978723404256,8.61111111111111,28.642222222222223,352.1951219512195,28.8,88,24.1,13.3,999.2,17.44070512820513,15.704166666666667,9.2,8.1,17.094236544236548,13.097942035442035,4.037801579280748,2020,6,4,Monsoon,Kolkata,10.42142857142857
2020-06-19,15.675453003875967,48.46239130434783,7.169345153664303,9.803125,9.745331395348838,339.7826086956522,27.5,90,5.3,20.5,1005.0,8.56875,16.330000000000002,13.11111111111111,12.580454545454549,13.524734334625341,11.86399823261519,3.3820308691148733,2020,6,4,Monsoon,Mumbai,13.361375000000002
2020-06-20,18.12461672473868,49.0,12.596681922196796,6.300287679799876,15.644782608695651,579.5940170940171,24.5,75,2.4,21.2,910.5,20.933333333333334,21.02472527472528,14.25,14.24592105263158,20.02755844426576,17.417113792131214,2.887585911120519,2020,6,5,Monsoon,Bengaluru,17.621428571428574
2020-06-20,20.608464912280706,49.91789473684211,13.454736842105264,5.505675675675676,50.61811877667141,995.5263157894736,31.5,63,0.4,22.1,1003.6,25.821055555555557,25.07901913875598,26.26086956521739,17.75,23.836179868864075,21.458999414378404,5.145618879459963,2020,6,5,Monsoon,Chennai,21.796039952996477
2020-06-20,33.59090909090909,118.53571428571428,22.96666666666667,10.20625,37.550703564727954,730.0,33.7,54,1.2,19.9,976.0,53.4,36.86363636363637,28.371794871794872,51.1219512195122,41.28484848484848,43.35189286408036,13.2176557197431,2020,6,5,Monsoon,Delhi,42.83007575757576
2020-06-20,10.42142857142857,34.21860465116279,7.668717948717949,5.61,17.9075,276.0,28.2,89,8.0,15.4,999.1,18.13783783783784,17.44070512820513,15.704166666666667,12.915384615384616,15.33332384582385,12.741662600591171,4.164630864462387,2020,6,5,Monsoon,Kolkata,12.363194444444446
2020-06-20,13.361375000000002,47.22688259109312,7.823046052631579,5.256192307692308,6.573947368421052,314.2434210526316,27.6,89,4.9,19.4,1005.7,15.675453003875967,8.56875,16.330000000000002,12.118216276477144,12.535192667958675,12.041592335975597,3.429905963451369,2020,6,5,Monsoon,Mumbai,10.845757575757576
2020-06-21,17.621428571428574,42.78947368421053,10.09469814241486,7.688181818181818,15.991428571428573,529.8333333333334,23.7,79,1.8,22.4,909.6,18.12461672473868,20.933333333333334,21.02472527472528,14.875,18.89312620983352,17.809460730906725,2.662416306006644,2020,6,6,Monsoon,Bengaluru,15.3489010989011
2020-06-21,21.796039952996477,43.589459459459455,11.767027027027028,6.917142857142857,39.43121621621621,1028.529411764706,31.0,65,0.4,14.6,1002.9,20.608464912280706,25.821055555555557,25.07901913875598,13.406319648093842,22.741853473610906,22.65753088650735,3.743371096451409,2020,6,6,Monsoon,Chennai,24.4725
2020-06-21,42.83007575757576,97.7865994623656,20.37222222222222,9.99,38.08333333333333,797.5675675675676,33.4,54,0.0,13.8,975.7,33.59090909090909,53.4,36.86363636363637,66.4359375,43.27366161616161,39.9796269008769,8.524791968208486,2020,6,6,Monsoon,Delhi,48.66666666666666
2020-06-21,12.363194444444446,30.722303921568624,6.538137254901962,5.831836248012719,27.286127450980395,348.26555023923447,27.9,89,6.5,21.5,997.3,10.42142857142857,18.13783783783784,17.44070512820513,8.774999999999999,13.640820284570289,13.254261806940379,3.799877668145732,2020,6,6,Monsoon,Kolkata,11.888
2020-06-21,10.845757575757576,45.02388888888888,8.923703703703703,5.1000000000000005,9.86104797979798,244.57142857142856,27.1,91,9.9,19.1,1004.8,13.361375000000002,15.675453003875967,8.56875,9.1965625,13.2941951932112,12.277191632512395,3.2540438000322416,2020,6,6,Monsoon,Mumbai,11.83
2020-06-22,15.3489010989011,34.642857142857146,10.862307692307692,7.068,13.881538461538462,410.8333333333333,23.3,80,8.4,22.6,908.3,17.621428571428574,18.12461672473868,20.933333333333334,14.712121212121213,17.031648798356112,17.900429286160996,2.5473410379141828,2020,6,0,Monsoon,Bengaluru,23.529411764705884
2020-06-22,24.4725,31.986666666666665,12.006666666666668,6.466799999999999,72.10375,1035.8333333333333,30.4,69,7.1,18.2,1001.6,21.796039952996477,20.608464912280706,25.821055555555557,15.608695652173912,22.292334955092386,23.923788650482503,2.1000451043905044,2020,6,0,Monsoon,Chennai,13.01163671373556
2020-06-22,48.66666666666666,97.02083333333334,22.60833333333333,10.196153846153846,38.28227586206897,907.9310344827586,31.9,61,1.0,10.9,975.7,42.83007575757576,33.59090909090909,53.4,47.44097222222222,41.69588383838383,40.15472610722611,8.714077082236853,2020,6,0,Monsoon,Delhi,26.36602870813397
2020-06-22,11.888,31.728,6.767619047619048,6.8,27.141666666666666,332.5,28.4,86,10.5,25.9,998.4,12.363194444444446,10.42142857142857,18.13783783783784,9.5125,11.557541005291009,13.593618949797522,3.5046200167209047,2020,6,0,Monsoon,Kolkata,16.942500000000003
2020-06-22,11.83,41.65269230769231,8.716363636363637,5.406666666666667,6.15,346.5217391304348,27.2,89,5.8,20.5,1003.1,10.845757575757576,13.361375000000002,15.675453003875967,8.047894736842105,12.012377525252546,12.817492384392093,2.701924009610566,2020,6,0,Monsoon,Mumbai,10.163076923076924
2020-06-23,23.529411764705884,59.86974789915966,14.072222222222225,6.688977272727273,19.0834593837535,648.25,24.7,70,0.2,15.5,909.4,15.3489010989011,17.621428571428574,18.12461672473868,18.0,18.83324714501185,18.69034525254755,3.322685584475668,2020,6,1,Monsoon,Bengaluru,20.035714285714285
2020-06-23,13.01163671373556,24.7019512195122,12.901707317073171,6.792439024390244,40.09548780487805,1013.75,29.2,77,8.1,16.5,1003.6,24.4725,21.796039952996477,20.608464912280706,23.428571428571427,19.760058888910674,22.43565511979167,4.650970626303993,2020,6,1,Monsoon,Chennai,18.65770833333333
2020-06-23,26.36602870813397,58.468979591836735,14.0375,9.478260869565217,26.773488372093027,702.5,31.5,64,2.0,21.0,977.9,48.66666666666666,42.83007575757576,33.59090909090909,37.36,39.28759037745879,38.584158779816676,10.170723886158335,2020,6,1,Monsoon,Delhi,31.8936170212766
2020-06-23,16.942500000000003,41.7475,8.073589743589745,5.007105263157895,21.025526315789477,396.8421052631579,29.1,85,4.8,19.2,1002.2,11.888,12.363194444444446,10.42142857142857,9.2,13.731231481481487,14.69969037836895,3.0833295733204853,2020,6,1,Monsoon,Kolkata,16.660172727272727
2020-06-23,10.163076923076924,36.81189946018893,14.74157894736842,5.031842105263158,8.70513157894737,285.5731707317073,27.2,87,4.9,28.0,1003.8,11.83,10.845757575757576,13.361375000000002,13.11111111111111,10.946278166278185,12.396344643244351,2.872876365472186,2020,6,1,Monsoon,Mumbai,8.63856719367589
2020-06-24,20.035714285714285,53.5,11.410504201680672,7.055563685636857,20.465,569.7777777777777,24.0,78,14.9,11.8,909.4,23.529411764705884,15.3489010989011,17.621428571428574,14.25,19.638009049773753,19.516875864792446,2.694213517350087,2020,6,2,Monsoon,Bengaluru,18.854166666666664
2020-06-24,18.65770833333333,31.15027027027027,13.653783783783783,6.938648648648649,69.77458896396396,1015.945945945946,28.9,79,2.5,13.2,1004.0,13.01163671373556,24.4725,21.796039952996477,26.26086956521739,18.713948349022953,21.349489229522515,4.4939123374476155,2020,6,2,Monsoon,Chennai,15.830728900255757
2020-06-24,31.8936170212766,61.45481395348837,16.824137931034482,9.418005952380952,20.61382978723404,767.6144422952934,30.3,72,3.1,15.1,978.7,26.36602870813397,48.66666666666666,42.83007575757576,28.371794871794872,35.642104132025736,39.087276229742635,9.655402878395705,2020,6,2,Monsoon,Delhi,45.72291666666667
2020-06-24,16.660172727272727,45.75238642898218,8.297866666666668,9.984583333333331,26.592895256917,346.9305019305019,29.8,81,0.6,21.1,1003.3,16.942500000000003,11.888,12.363194444444446,15.704166666666667,15.16355757575758,14.836262672741244,3.1555633948038566,2020,6,2,Monsoon,Kolkata,16.708
2020-06-24,8.63856719367589,36.55063829787234,8.319583333333334,4.9094444444444445,6.523402777777777,362.1245421245421,27.7,86,3.0,21.7,1004.4,10.163076923076924,11.83,10.845757575757576,16.330000000000002,10.210548038917624,11.297568528055194,2.5728258103789683,2020,6,2,Monsoon,Mumbai,14.122272727272726
2020-06-25,18.854166666666664,34.9375,19.919583333333332,6.6541,15.55375,457.8205128205128,23.7,83,27.7,9.7,908.2,20.035714285714285,23.529411764705884,15.3489010989011,21.02472527472528,20.806430905695606,19.206796063641214,2.615506519430584,2020,6,3,Monsoon,Bengaluru,16.047619047619047
2020-06-25,15.830728900255757,34.50608695652174,10.14391304347826,6.90391304347826,50.63130434782609,1062.608695652174,28.4,80,1.3,15.8,1003.3,18.65770833333333,13.01163671373556,24.4725,25.07901913875598,15.833357982441541,20.028304909736768,4.573476335715005,2020,6,3,Monsoon,Chennai,20.404555555555557
2020-06-25,45.72291666666667,80.9,22.750166666666665,8.076,16.30892857142857,854.8076923076924,31.9,66,0.0,10.2,976.2,31.8936170212766,26.36602870813397,48.66666666666666,36.86363636363637,34.66085413202574,40.352887701604104,9.893057931657982,2020,6,3,Monsoon,Delhi,47.66909090909091
2020-06-25,16.708,44.35238095238096,6.340909090909091,8.67090909090909,14.930909090909092,355.90909090909093,30.0,79,0.0,23.7,1002.4,16.660172727272727,16.942500000000003,11.888,17.44070512820513,16.77022424242425,14.731590511569083,3.0656448022375344,2020,6,3,Monsoon,Kolkata,8.965625
2020-06-25,14.122272727272726,44.15830263157895,7.593690476190476,5.05,6.3174,343.66666666666663,28.1,85,10.2,18.1,1003.8,8.63856719367589,10.163076923076924,11.83,8.56875,10.974638948008533,12.090928917665583,2.444147915692847,2020,6,3,Monsoon,Mumbai,14.259027777777778
2020-06-26,16.047619047619047,27.642857142857142,13.383169705469848,7.028181818181818,19.92758620689655,501.1363636363636,23.5,85,14.9,14.2,907.8,18.854166666666664,20.035714285714285,23.529411764705884,20.933333333333334,18.312499999999996,18.50883687996775,2.7274739668635726,2020,6,4,Monsoon,Bengaluru,15.818181818181818
2020-06-26,20.404555555555557,39.41484848484848,10.793939393939391,6.582222222222222,69.39441414141415,1070.909090909091,28.6,80,3.3,20.6,1002.9,15.830728900255757,18.65770833333333,13.01163671373556,25.821055555555557,18.297664263048205,19.254519195451053,3.827412288184786,2020,6,4,Monsoon,Chennai,19.5834731934732
2020-06-26,47.66909090909091,109.96486397748592,21.25483870967742,10.694010889292196,21.162028368794324,776.6666666666666,32.4,65,1.4,18.8,975.3,45.72291666666667,31.8936170212766,26.36602870813397,53.4,41.76187486567806,39.53418640290281,8.811388074207017,2020,6,4,Monsoon,Delhi,36.15384615384615
2020-06-26,8.965625,28.14375,7.075862068965517,6.664864864864865,15.523513513513514,344.5945945945946,30.0,80,1.1,23.6,1001.1,16.708,16.660172727272727,16.942500000000003,18.13783783783784,14.111265909090912,13.421274391877962,3.3169867706285863,2020,6,4,Monsoon,Kolkata,8.39655172413793
2020-06-26,14.259027777777778,48.50992467718795,9.2807474429583,5.566451612903226,4.747700892857143,384.0,28.0,87,10.5,12.7,1003.5,14.122272727272726,8.63856719367589,10.163076923076924,15.675453003875967,12.339955899575484,11.888582456794413,2.137303024597504,2020,6,4,Monsoon,Mumbai,18.03672307692308
2020-06-27,15.818181818181818,25.682263814616757,10.95483870967742,7.003611111111111,15.373333333333331,345.625,23.6,83,2.5,14.3,908.3,16.047619047619047,18.854166666666664,20.035714285714285,18.12461672473868,16.90665584415584,18.179346179031054,2.9145250075931384,2020,6,5,Monsoon,Bengaluru,15.2
2020-06-27,19.5834731934732,34.55533333333334,11.367,6.449666666666667,74.29787179487178,985.3846153846154,29.8,79,2.1,15.3,1002.7,20.404555555555557,15.830728900255757,18.65770833333333,20.608464912280706,18.606252549761496,19.108091807049984,3.7863672962058477,2020,6,5,Monsoon,Chennai,28.09664935064935
2020-06-27,36.15384615384615,139.07735294117646,22.01025641025641,9.83030303030303,13.201878787878789,675.0,33.7,57,0.1,29.5,974.5,47.66909090909091,45.72291666666667,31.8936170212766,33.59090909090909,43.18195124320124,39.900320269036676,8.573302900110786,2020,6,5,Monsoon,Delhi,53.20689655172414
2020-06-27,8.39655172413793,26.28666666666667,6.636666666666667,5.826666666666667,16.161379310344827,311.6216216216216,28.9,86,9.0,20.7,1000.8,8.965625,16.708,16.660172727272727,10.42142857142857,11.356725574712648,13.132006270836444,3.6895672293514976,2020,6,5,Monsoon,Kolkata,13.26627363737486
2020-06-27,18.03672307692308,63.37746621621622,8.697600186393291,5.6684,4.251792803970224,404.6447230929989,28.2,85,5.2,15.9,1003.9,14.259027777777778,14.122272727272726,8.63856719367589,13.361375000000002,15.472674527324548,12.556489324926284,3.160068655155882,2020,6,5,Monsoon,Mumbai,11.23512707722385
2020-06-28,15.2,26.704761904761902,9.882142857142856,7.042564102564104,16.268789868667916,310.0,23.5,85,14.4,11.5,908.5,15.818181818181818,16.047619047619047,18.854166666666664,17.621428571428574,15.688600288600284,17.833427811684114,3.1276815454601747,2020,6,6,Monsoon,Bengaluru,17.641711229946523
2020-06-28,28.09664935064935,41.86027777777778,12.47888888888889,6.449714285714285,42.77305555555555,869.4285714285714,29.5,80,2.8,15.6,1002.6,19.5834731934732,20.404555555555557,15.830728900255757,21.796039952996477,22.694892699892694,20.008178863857534,5.0648703228074785,2020,6,6,Monsoon,Chennai,14.276375291375292
2020-06-28,53.20689655172414,280.9259259259259,22.774074074074072,10.87951219512195,16.236036036036037,751.2723214285714,35.0,51,0.2,26.2,973.8,36.15384615384615,47.66909090909091,45.72291666666667,42.83007575757576,45.67661120488706,41.3827232396293,9.950778955070897,2020,6,6,Monsoon,Delhi,38.71428571428572
2020-06-28,13.26627363737486,29.331666666666663,11.716436781609197,6.991190476190476,24.206831797235026,367.9642857142857,29.0,87,7.4,17.1,1000.7,8.39655172413793,8.965625,16.708,12.363194444444446,10.209483453837601,13.261017584112215,3.673959868862476,2020,6,6,Monsoon,Kolkata,17.476470588235294
2020-06-28,11.23512707722385,38.98486111111112,7.899388888888888,5.761388888888889,4.2346875,351.6969696969697,28.1,86,14.9,18.2,1004.0,18.03672307692308,14.259027777777778,14.122272727272726,10.845757575757576,14.510292643974921,12.612113539421463,3.1282034282519686,2020,6,6,Monsoon,Mumbai,6.579816849816851
2020-06-29,17.641711229946523,33.6,10.451583229036297,6.9505,20.474,505.0,23.4,85,13.8,14.5,907.7,15.2,15.818181818181818,16.047619047619047,15.3489010989011,16.21996434937611,18.160972116119176,2.938458679321491,2020,6,0,Monsoon,Bengaluru,13.924242424242424
2020-06-29,14.276375291375292,22.884,10.89525,6.603333333333334,61.528625,1034.1025641025642,29.0,81,5.7,13.7,1002.1,28.09664935064935,19.5834731934732,20.404555555555557,24.4725,20.652165945165937,18.551589619768293,5.033045991677938,2020,6,0,Monsoon,Chennai,15.142129629629627
2020-06-29,38.71428571428572,158.13636363636363,19.81428571428572,11.319148936170214,26.37333333333333,694.72049689441,34.4,54,0.5,24.6,975.6,53.20689655172414,36.15384615384615,47.66909090909091,48.66666666666666,42.691676139952,39.96095453214631,9.434182123634487,2020,6,0,Monsoon,Delhi,39.83875
2020-06-29,17.476470588235294,38.0575,15.534146341463414,11.199024390243904,33.65658536585366,498.5365853658537,27.8,91,9.9,16.8,1001.4,13.26627363737486,8.39655172413793,8.965625,11.888,13.046431983249368,14.059370525288687,3.924520809834941,2020,6,0,Monsoon,Kolkata,14.38888888888889
2020-06-29,6.579816849816851,23.574983277591976,7.2066236933797905,6.130731707317073,4.473142857142857,340.1732991014121,27.2,89,17.9,11.6,1003.3,11.23512707722385,18.03672307692308,14.259027777777778,11.83,11.950555667987947,11.862087375109585,3.8848652306947438,2020,6,0,Monsoon,Mumbai,4.586666666666666
2020-06-30,13.924242424242424,27.09090909090909,11.165833333333332,7.035925925925926,17.400000000000002,458.8333333333333,23.3,84,7.8,20.2,907.6,17.641711229946523,15.2,15.818181818181818,23.529411764705884,15.588651218062978,16.788805067481537,2.150855404113373,2020,6,1,Monsoon,Bengaluru,18.5625
2020-06-30,15.142129629629627,11.588235294117649,12.146470588235294,6.775882352941176,58.75162309368192,956.6666666666666,28.4,83,10.3,15.9,1002.1,14.276375291375292,28.09664935064935,19.5834731934732,13.01163671373556,19.171718090551416,18.8559457506103,4.695285265893511,2020,6,1,Monsoon,Chennai,14.837045454545455
2020-06-30,39.83875,101.7840909090909,16.134375,9.842857142857143,32.78,813.939393939394,32.2,63,0.0,17.1,977.0,38.71428571428572,53.20689655172414,36.15384615384615,26.36602870813397,43.919977422003285,41.885629002412884,7.340357361001295,2020,6,1,Monsoon,Delhi,51.266666666666666
2020-06-30,14.38888888888889,38.52666666666667,9.61111111111111,5.512777777777778,20.33333333333333,368.8888888888889,28.6,87,11.3,16.0,1001.4,17.476470588235294,13.26627363737486,8.39655172413793,16.942500000000003,15.04387770483302,13.6945689379871,3.7254925159474173,2020,6,1,Monsoon,Kolkata,14.23125
2020-06-30,4.586666666666666,21.186764705882357,6.244301470588235,9.8945,5.5484210526315785,310.0,27.3,89,18.2,18.1,1001.9,6.579816849816851,11.23512707722385,18.03672307692308,10.163076923076924,7.467203531235808,11.065457338479549,4.763679271771991,2020,6,1,Monsoon,Mumbai,6.257777777777778
2020-07-01,18.5625,33.666666666666664,11.726875,6.9818181818181815,14.776666666666667,377.46753246753246,23.3,82,3.3,18.7,908.5,13.924242424242424,17.641711229946523,15.2,20.035714285714285,16.70948455139631,16.578345883808066,1.8280498070654196,2020,7,2,Monsoon,Bengaluru,13.255263157894738
2020-07-01,14.837045454545455,27.937,13.851,6.733,44.452,990.0,29.0,83,7.1,13.6,1002.7,15.142129629629627,14.276375291375292,28.09664935064935,18.65770833333333,14.751850125183452,18.31013676792632,4.9379673916459454,2020,7,2,Monsoon,Chennai,15.761904761904765
2020-07-01,51.266666666666666,116.4047619047619,18.7413768115942,9.546153846153846,32.806666666666665,841.7857142857143,33.4,59,0.0,14.2,975.9,39.83875,38.71428571428572,53.20689655172414,31.8936170212766,43.27323412698413,44.6532075231829,6.5553058061113125,2020,7,2,Monsoon,Delhi,61.02670731707317
2020-07-01,14.23125,36.93381818181818,9.22943181818182,8.79042105263158,24.735294117647054,284.11764705882354,29.9,81,0.9,21.4,1000.1,14.38888888888889,17.476470588235294,13.26627363737486,16.660172727272727,15.365536492374732,13.34757997694814,3.510132435108373,2020,7,2,Monsoon,Kolkata,10.855212355212355
2020-07-01,6.257777777777778,22.0,6.147777777777778,7.959705882352942,4.285882352941177,252.77777777777777,27.1,90,12.3,22.5,1002.8,4.586666666666666,6.579816849816851,11.23512707722385,8.63856719367589,5.8080870980871175,10.725344564779817,5.042652928063908,2020,7,2,Monsoon,Mumbai,6.911764705882353
2020-07-02,13.255263157894738,23.105263157894736,12.84695652173913,6.968684210526316,11.151333333333334,345.5882352941176,22.1,88,6.1,19.6,908.2,18.5625,13.924242424242424,17.641711229946523,18.854166666666664,15.247335194045718,15.77850252541208,1.8901441463749296,2020,7,3,Monsoon,Bengaluru,11.857142857142858
2020-07-02,15.761904761904765,13.972071428571429,20.110142857142858,4.929403361344538,27.726857142857146,1691.857142857143,28.8,79,4.9,18.5,1002.3,14.837045454545455,15.142129629629627,14.276375291375292,15.830728900255757,15.247026615359943,18.300304748161892,4.943792034253824,2020,7,3,Monsoon,Chennai,11.292604166666669
2020-07-02,61.02670731707317,133.66666666666666,19.665,9.535829959514173,36.61571428571428,820.4448621553885,35.1,53,0.1,15.7,973.5,51.266666666666666,39.83875,38.71428571428572,45.72291666666667,50.71070799457994,46.83946333038382,9.049138282520367,2020,7,3,Monsoon,Delhi,57.71428571428572
2020-07-02,10.855212355212355,35.02319548872181,7.122251082251083,7.677763157894736,23.326655348047534,274.15413533834584,30.4,80,0.6,16.6,998.5,14.23125,14.38888888888889,17.476470588235294,16.708,13.15845041470042,12.51146745626419,3.264762953922707,2020,7,3,Monsoon,Kolkata,9.9
2020-07-02,6.911764705882353,22.38026315789474,5.137297297297297,8.191390977443609,4.181818181818182,271.6216216216216,27.2,89,18.1,20.8,1002.6,6.257777777777778,4.586666666666666,6.579816849816851,14.122272727272726,5.918736383442284,9.69527199029548,4.969020949100301,2020,7,3,Monsoon,Mumbai,6.672004830917874
2020-07-03,11.857142857142858,16.660714285714285,8.5,7.024375,9.217,194.28571428571428,22.6,86,42.8,26.6,908.0,13.255263157894738,18.5625,13.924242424242424,16.047619047619047,14.55830200501253,15.179863069629764,2.3885812708146994,2020,7,4,Monsoon,Bengaluru,13.446428571428571
2020-07-03,11.292604166666669,0.0071428571428571,12.907142857142857,6.937142857142858,42.99316964285715,944.375,28.8,76,1.8,17.1,1001.8,15.761904761904765,14.837045454545455,15.142129629629627,20.404555555555557,13.963851461038956,16.998597406892053,5.469085542559049,2020,7,4,Monsoon,Chennai,10.251309523809525
2020-07-03,57.71428571428572,120.11714285714284,19.764705882352946,9.7921568627451,24.865357142857142,833.3333333333334,35.0,56,0.0,22.9,973.0,61.02670731707317,51.266666666666666,39.83875,47.66909090909091,56.66921989934185,48.27449115969737,9.953891766563686,2020,7,4,Monsoon,Delhi,44.77777777777778
2020-07-03,9.9,29.05,10.475,4.7875,15.040625,310.0,30.0,82,2.0,14.9,998.9,10.855212355212355,14.23125,14.38888888888889,8.965625,11.662154118404123,12.644949599121333,3.111111913905966,2020,7,4,Monsoon,Kolkata,9.649412442396311
2020-07-03,6.672004830917874,20.204264705882352,5.865758513931889,6.474210526315789,4.4374448529411765,329.95614035087715,27.1,89,34.2,20.2,1001.9,6.911764705882353,6.257777777777778,4.586666666666666,14.259027777777778,6.613849104859354,8.611411569315495,4.623058487978314,2020,7,4,Monsoon,Mumbai,6.242413793103448
2020-07-04,13.446428571428571,26.928571428571427,9.34604761904762,6.9957142857142856,15.8725,361.7857142857143,22.5,86,6.2,24.2,907.7,11.857142857142858,13.255263157894738,18.5625,15.818181818181818,12.852944862155388,14.841041177236445,2.4503627396491896,2020,7,5,Monsoon,Bengaluru,17.291666666666668
2020-07-04,10.251309523809525,17.457,12.720666666666666,4.491785714285714,31.078988095238092,935.3571428571428,28.5,76,1.7,19.9,1002.0,11.292604166666669,15.761904761904765,14.837045454545455,19.5834731934732,12.43527281746031,15.665431168368668,5.857592870786588,2020,7,5,Monsoon,Chennai,13.704274193548388
2020-07-04,44.77777777777778,93.05875,14.341379310344829,8.49922619047619,33.93333333333333,723.0238095238095,33.1,64,0.0,21.4,973.4,57.71428571428572,61.02670731707317,51.266666666666666,36.15384615384615,54.50625693637888,49.5064813916876,8.652284259066894,2020,7,5,Monsoon,Delhi,30.125
2020-07-04,9.649412442396311,24.617701149425287,8.536206896551725,11.247478354978355,21.267333333333333,317.6930596285435,28.7,88,9.1,14.0,998.3,9.9,10.855212355212355,14.23125,8.39655172413793,10.134874932536228,12.823929701729671,2.8511467066876435,2020,7,5,Monsoon,Kolkata,8.434375
2020-07-04,6.242413793103448,15.809114942528735,6.014827586206897,7.1866666666666665,5.681285714285714,285.05561735261404,26.7,92,169.8,35.5,999.9,6.672004830917874,6.911764705882353,6.257777777777778,18.03672307692308,6.608727776634577,6.926510243055546,2.0469255316709805,2020,7,5,Monsoon,Mumbai,9.40456043956044
2020-07-05,17.291666666666668,34.53846153846154,6.797115384615385,6.977142857142858,16.64090909090909,285.58333333333337,22.7,85,2.7,21.9,907.5,13.446428571428571,11.857142857142858,13.255263157894738,15.2,14.198412698412696,15.139850701045969,2.6228918286100744,2020,7,6,Monsoon,Bengaluru,17.166666666666668
2020-07-05,13.704274193548388,36.185806451612905,11.077096774193548,4.29609756097561,34.11803379416283,944.047619047619,29.0,77,0.0,17.7,1001.7,10.251309523809525,11.292604166666669,15.761904761904765,28.09664935064935,11.74939596134152,13.609377574497103,2.0650997537509888,2020,7,6,Monsoon,Chennai,21.51869047619048
2020-07-05,30.125,55.206896551724135,16.075,9.183636363636364,43.1249591503268,684.0909090909091,29.9,70,4.1,18.1,973.7,44.77777777777778,57.71428571428572,61.02670731707317,53.20689655172414,44.20568783068783,46.209067598584156,11.06804952643149,2020,7,6,Monsoon,Delhi,43.333333333333336
2020-07-05,8.434375,22.70833333333333,10.508333333333333,6.720588235294118,21.17054054054054,295.1351351351352,28.0,89,11.0,15.8,995.5,9.649412442396311,9.9,10.855212355212355,13.26627363737486,9.327929147465442,12.133658467818979,3.27900968143985,2020,7,6,Monsoon,Kolkata,8.68625
2020-07-05,9.40456043956044,31.85071428571429,4.158648648648649,7.018783783783784,6.078823529411765,207.64705882352945,26.9,90,59.5,28.9,1000.0,6.242413793103448,6.672004830917874,6.911764705882353,11.23512707722385,7.439659687860607,6.665000723389345,1.428126274985639,2020,7,6,Monsoon,Mumbai,15.004375
2020-07-06,17.166666666666668,40.333333333333336,10.333333333333334,8.754393939393939,21.49333333333333,300.0,22.6,86,5.3,20.8,907.9,17.291666666666668,13.446428571428571,11.857142857142858,17.641711229946523,15.968253968253967,15.07198719200599,2.5525741232772208,2020,7,0,Monsoon,Bengaluru,16.0
2020-07-06,21.51869047619048,56.97714285714285,15.825714285714286,5.37,21.23914746543779,983.8709677419356,29.4,76,1.4,18.2,1001.8,13.704274193548388,10.251309523809525,11.292604166666669,14.276375291375292,15.158091397849455,14.6439940294707,3.656208147747061,2020,7,0,Monsoon,Chennai,16.12538043478261
2020-07-06,43.333333333333336,80.0,17.9,8.58222222222222,26.5375,811.6216216216217,30.6,70,0.3,16.3,973.8,30.125,44.77777777777778,57.71428571428572,38.71428571428572,39.41203703703703,46.86893154416238,10.67755021061833,2020,7,0,Monsoon,Delhi,17.0
2020-07-06,8.68625,23.1375,13.8625,9.4,23.704285714285717,346.25,28.0,90,9.5,21.3,995.7,8.434375,9.649412442396311,9.9,17.476470588235294,8.923345814132109,10.87791266949965,2.4769648149096892,2020,7,0,Monsoon,Kolkata,12.675
2020-07-06,15.004375,49.8225,6.074285714285714,6.770267857142857,5.99,190.0,27.3,88,24.9,37.7,998.9,9.40456043956044,6.242413793103448,6.672004830917874,6.579816849816851,10.217116410887982,7.868509030558365,3.4553376404950518,2020,7,0,Monsoon,Mumbai,10.8
2020-07-07,16.0,36.0,13.3,6.997826086956521,18.75,350.0,23.0,83,2.2,22.6,909.3,17.166666666666668,17.291666666666668,13.446428571428571,13.924242424242424,16.819444444444443,15.368523988542787,2.5173451341614204,2020,7,1,Monsoon,Bengaluru,15.0
2020-07-07,16.12538043478261,88.5325,17.564999999999998,3.2950000000000004,33.335,1013.181818181818,29.7,75,2.6,17.4,1003.5,21.51869047619048,13.704274193548388,10.251309523809525,15.142129629629627,17.116115034840487,14.784458430206842,3.6971926960080146,2020,7,1,Monsoon,Chennai,14.573333333333334
2020-07-07,17.0,40.88,13.36,7.128333333333334,18.95,583.3333333333334,29.3,74,1.5,23.8,976.5,43.333333333333336,30.125,44.77777777777778,39.83875,30.15277777777777,43.606252972733806,15.557820058438004,2020,7,1,Monsoon,Delhi,27.025
2020-07-07,12.675,31.655,9.683333333333334,6.4,29.32,427.5,28.7,86,7.2,20.3,1000.2,8.68625,8.434375,9.649412442396311,14.38888888888889,9.931875000000003,10.63307139965838,2.1328801456484943,2020,7,1,Monsoon,Kolkata,22.2375
2020-07-07,10.8,26.30185185185185,7.133684210526315,9.325,9.43,260.0,27.1,91,41.8,28.2,1000.0,15.004375,9.40456043956044,6.242413793103448,4.586666666666666,11.736311813186832,8.756128078177413,3.2645629172867445,2020,7,1,Monsoon,Mumbai,12.571428571428571
2020-07-08,15.0,30.5,9.875,6.971666666666667,16.805,511.61764705882354,22.7,84,10.3,18.7,910.2,16.0,17.166666666666668,17.291666666666668,18.5625,16.055555555555554,14.859595417114216,2.087399829116357,2020,7,2,Monsoon,Bengaluru,11.333333333333332
2020-07-08,14.573333333333334,0.0,19.096060606060604,3.2984848484848484,36.39208333333333,940.0,28.6,83,5.8,15.9,1004.8,16.12538043478261,21.51869047619048,13.704274193548388,14.837045454545455,17.405801414768803,14.74678527003368,3.6979110438847567,2020,7,2,Monsoon,Chennai,12.0775
2020-07-08,27.025,44.010384615384616,14.375,8.357142857142858,17.9875,675.9615384615385,28.8,82,5.4,19.0,977.6,17.0,43.333333333333336,30.125,51.266666666666666,29.11944444444444,40.14315773463857,16.251048179585162,2020,7,2,Monsoon,Delhi,34.58333333333333
2020-07-08,22.2375,44.82758620689656,16.83103448275862,9.625,33.11222222222222,457.77777777777777,28.9,88,20.9,16.1,1001.6,12.675,8.68625,8.434375,14.23125,14.53291666666667,11.77682139965838,4.8279359246849225,2020,7,2,Monsoon,Kolkata,15.85
2020-07-08,12.571428571428571,37.32864171864172,6.510653153153152,6.344189189189189,5.53875,320.95238095238096,26.9,91,26.4,24.7,1003.5,10.8,15.004375,9.40456043956044,6.257777777777778,12.791934523809543,9.658078191556099,3.33077548094213,2020,7,2,Monsoon,Mumbai,10.368888888888888
2020-07-09,11.333333333333332,20.4,8.645,9.5,12.52891891891892,224.7297297297297,22.0,87,13.4,13.7,909.4,15.0,16.0,17.166666666666668,13.255263157894738,14.111111111111107,14.58503401360544,2.431610673848076,2020,7,3,Monsoon,Bengaluru,13.848026315789475
2020-07-09,12.0775,25.03333333333333,14.57,3.95,52.07984848484848,979.0909090909092,28.1,82,17.0,13.8,1004.4,14.573333333333334,16.12538043478261,21.51869047619048,15.761904761904765,14.258737922705308,14.220441732618715,3.790396420897199,2020,7,3,Monsoon,Chennai,9.918685897435896
2020-07-09,34.58333333333333,62.723,21.926052631578944,8.5,21.55555555555556,822.3111111111111,30.2,78,2.2,12.8,974.4,27.025,17.0,43.333333333333336,61.02670731707317,26.202777777777772,36.365532879818595,13.41314814536007,2020,7,3,Monsoon,Delhi,24.853
2020-07-09,15.85,35.24375,10.79142857142857,9.376923076923076,32.36846153846154,430.0,29.3,86,15.4,20.3,999.9,22.2375,12.675,8.68625,10.855212355212355,16.920833333333338,12.4903624917709,5.033739931795641,2020,7,3,Monsoon,Kolkata,11.28125
2020-07-09,10.368888888888888,38.688541666666666,8.875555555555556,10.236452991452992,5.323968253968253,325.7142857142857,26.9,91,10.7,20.9,1003.6,12.571428571428571,10.8,15.004375,6.911764705882353,11.246772486772507,10.151953074842746,3.1042986086535804,2020,7,3,Monsoon,Mumbai,10.363333333333332
2020-07-10,13.848026315789475,24.0,11.35,8.755526315789472,9.135,165.39473684210526,21.4,90,10.2,19.2,909.6,11.333333333333332,15.0,16.0,11.857142857142858,13.393786549707599,14.869445936269244,2.1607075233162023,2020,7,4,Monsoon,Bengaluru,19.32208333333333
2020-07-10,9.918685897435896,19.71,13.73,3.555263157894737,28.49125,990.5128205128206,28.2,80,22.2,15.8,1004.8,12.0775,14.573333333333334,16.12538043478261,11.292604166666669,12.189839743589738,14.024167694157175,3.997203942153673,2020,7,4,Monsoon,Chennai,10.2925
2020-07-10,24.853,69.73944805194805,17.713749999999997,7.4,25.17692307692308,665.340909090909,32.7,63,1.6,17.0,972.2,34.58333333333333,27.025,17.0,57.71428571428572,28.820444444444437,31.671063492063492,10.016470809871146,2020,7,4,Monsoon,Delhi,18.79861111111111
2020-07-10,11.28125,28.03333333333333,8.8,9.354878048780488,29.562857142857144,327.5,30.0,81,2.4,23.7,999.4,15.85,22.2375,12.675,9.9,16.456250000000004,12.687683920342332,4.941501984240091,2020,7,4,Monsoon,Kolkata,11.65
2020-07-10,10.363333333333332,42.7,7.51425,7.71452380952381,5.373333333333334,160.0,27.0,90,12.3,23.5,1004.0,10.368888888888888,12.571428571428571,10.8,6.672004830917874,11.101216931216948,10.679285718044955,2.7021011246592566,2020,7,4,Monsoon,Mumbai,8.27125
2020-07-11,19.32208333333333,46.5,10.576666666666666,7.81268115942029,13.545625,684.5833333333334,22.9,83,1.3,16.0,909.3,13.848026315789475,11.333333333333332,15.0,13.446428571428571,14.834480994152043,15.708825187969925,2.610269484162127,2020,7,5,Monsoon,Bengaluru,16.524827586206897
2020-07-11,10.2925,27.922222222222224,15.68,4.085555555555555,36.29333333333333,1056.0,27.8,82,5.4,15.5,1004.4,9.918685897435896,12.0775,14.573333333333334,10.251309523809525,10.762895299145294,14.030052047898673,3.9907492771353477,2020,7,5,Monsoon,Chennai,13.753833333333333
2020-07-11,18.79861111111111,48.16172348484848,16.27857142857143,8.480869565217391,39.05,641.0,31.9,64,0.9,19.2,972.8,24.853,34.58333333333333,27.025,44.77777777777778,26.078314814814807,27.95975396825397,9.123919727579702,2020,7,5,Monsoon,Delhi,21.78985507246377
2020-07-11,11.65,30.666666666666668,14.37142857142857,6.8375,25.855,391.6666666666667,28.7,88,20.3,20.0,999.1,11.28125,15.85,22.2375,9.649412442396311,12.927083333333337,12.973482142857142,4.792086899921247,2020,7,5,Monsoon,Kolkata,20.613636363636363
2020-07-11,8.27125,34.37982142857143,7.27225,8.211285714285713,4.974285714285714,180.0,26.7,90,10.9,23.7,1004.1,10.363333333333332,10.368888888888888,12.571428571428571,6.242413793103448,9.667824074074092,10.969119461887319,2.2110661559101374,2020,7,5,Monsoon,Mumbai,8.375
2020-07-12,16.524827586206897,21.0,9.2,5.122903225806452,17.193225806451615,507.9310344827586,23.1,86,3.4,18.7,909.0,19.32208333333333,13.848026315789475,11.333333333333332,17.291666666666668,16.56497907844323,15.599276747904243,2.548120464901136,2020,7,6,Monsoon,Bengaluru,20.209375
2020-07-12,13.753833333333333,25.702,21.204,3.8536,41.653,818.0,29.2,80,5.7,14.1,1003.3,10.2925,9.918685897435896,12.0775,13.704274193548388,11.321673076923071,14.037131925010808,3.990118909109715,2020,7,6,Monsoon,Chennai,17.52948717948718
2020-07-12,21.78985507246377,50.52777777777778,16.6375,8.157142857142857,27.90714285714285,623.8333333333334,31.7,66,0.5,14.7,974.2,18.79861111111111,24.853,34.58333333333333,30.125,21.813822061191626,26.769018978605935,9.335683160765335,2020,7,6,Monsoon,Delhi,29.75
2020-07-12,20.613636363636363,43.60984848484848,8.868977272727273,9.3275,37.86861742424242,362.5,29.0,88,17.9,14.8,999.5,11.65,11.28125,15.85,8.434375,14.514962121212127,14.713376623376623,5.072185826937925,2020,7,6,Monsoon,Kolkata,22.53333333333333
2020-07-12,8.375,19.274444444444445,10.716666666666669,9.094444444444443,5.941111111111111,267.3809523809524,26.7,90,19.3,19.0,1004.3,8.27125,10.363333333333332,10.368888888888888,9.40456043956044,9.003194444444462,10.82203939909297,2.361604832487304,2020,7,6,Monsoon,Mumbai,10.263333333333335
2020-07-13,20.209375,41.5,11.59390625,7.93625,24.58,465.0,22.7,84,11.5,16.5,908.4,16.524827586206897,19.32208333333333,13.848026315789475,17.166666666666668,18.68542863984674,16.033949366951862,3.0667904003528488,2020,7,0,Monsoon,Bengaluru,20.11575
2020-07-13,17.52948717948718,25.1175,15.2525,4.345,31.37375,1016.5384615384615,28.4,82,5.8,13.7,1002.8,13.753833333333333,10.2925,9.918685897435896,21.51869047619048,13.858606837606834,13.46724573976748,2.871577048499951,2020,7,0,Monsoon,Chennai,21.42906862745098
2020-07-13,29.75,83.0,20.60757575757576,9.326363636363638,32.935,571.4285714285714,31.9,65,0.1,15.3,974.6,21.78985507246377,18.79861111111111,24.853,43.333333333333336,23.446155394524954,24.82854278812974,6.205931079167098,2020,7,0,Monsoon,Delhi,41.71428571428572
2020-07-13,22.53333333333333,41.37875,12.816956521739131,10.975,37.509565217391305,377.8571428571428,28.8,88,7.0,11.7,998.8,20.613636363636363,11.65,11.28125,8.68625,18.26565656565657,16.691531385281387,5.029847713980286,2020,7,0,Monsoon,Kolkata,15.587096774193547
2020-07-13,10.263333333333335,22.884411764705884,13.737142857142857,9.74625,6.236750000000001,372.0,26.6,91,34.6,18.2,1003.6,8.375,8.27125,10.363333333333332,15.004375,8.96986111111113,10.144747732426305,1.4760430033320786,2020,7,0,Monsoon,Mumbai,7.353
2020-07-14,20.11575,37.0,14.83,8.287307692307692,12.856,497.88461538461536,22.2,89,6.8,19.2,908.2,20.209375,16.524827586206897,19.32208333333333,16.0,18.949984195402298,16.621913652666148,3.4319880049733484,2020,7,1,Monsoon,Bengaluru,14.283333333333331
2020-07-14,21.42906862745098,0.0,9.41,4.139117647058823,51.01328431372549,964.4117647058824,28.9,78,0.8,12.1,1002.5,17.52948717948718,13.753833333333333,10.2925,16.12538043478261,17.570796380090492,14.224915481577245,4.118701819085904,2020,7,1,Monsoon,Chennai,26.0375
2020-07-14,41.71428571428572,157.9521096345515,18.9625,8.459651162790697,49.7,770.0,33.2,60,0.0,13.6,975.3,29.75,21.78985507246377,18.79861111111111,17.0,31.084713595583157,28.3591550330277,7.828017581867049,2020,7,1,Monsoon,Delhi,36.333333333333336
2020-07-14,15.587096774193547,29.986,11.0,6.6375,38.96666666666667,365.1612903225807,27.8,90,10.3,15.0,999.6,22.53333333333333,20.613636363636363,11.65,12.675,19.57802215705442,17.107545210166176,4.755207445155042,2020,7,1,Monsoon,Kolkata,11.49090909090909
2020-07-14,7.353,17.82442857142857,10.240238095238094,9.794285714285714,5.398333333333333,364.1666666666666,26.7,91,35.7,15.9,1003.0,10.263333333333335,8.375,8.27125,10.8,8.663777777777797,9.652319160997733,1.7672632452347485,2020,7,1,Monsoon,Mumbai,6.148461538461539
2020-07-15,14.283333333333331,26.2,8.436666666666667,7.0103125,15.87,489.25,21.9,91,9.1,20.4,907.6,20.11575,20.209375,16.524827586206897,15.0,18.20281944444444,16.519532700285193,3.4984813608926224,2020,7,2,Monsoon,Bengaluru,13.0
2020-07-15,26.0375,43.27333333333333,17.63,3.969375,46.56963541666666,1034.375,28.8,79,4.0,15.6,1002.2,21.42906862745098,17.52948717948718,13.753833333333333,14.573333333333334,21.665351935646047,15.862653576815342,6.088550505834004,2020,7,2,Monsoon,Chennai,27.1825
2020-07-15,36.333333333333336,90.56088235294118,16.008333333333333,7.76986111111111,38.084973262032086,745.0,31.9,68,0.1,18.3,976.2,41.71428571428572,29.75,21.78985507246377,27.025,35.93253968253968,29.68891693778961,8.337633941168383,2020,7,2,Monsoon,Delhi,28.0
2020-07-15,11.49090909090909,20.78235294117647,10.9,6.929411764705883,24.522727272727277,341.1764705882353,28.0,88,9.2,21.3,1000.4,15.587096774193547,22.53333333333333,20.613636363636363,22.2375,16.537113066145327,15.572317937438905,4.553454600203245,2020,7,2,Monsoon,Kolkata,9.3
2020-07-15,6.148461538461539,10.085833333333332,13.421854395604395,8.823333333333334,5.91,353.125,26.3,92,45.5,19.8,1001.3,7.353,10.263333333333335,8.375,12.571428571428571,7.921598290598311,8.734752442002442,1.6634118536925924,2020,7,2,Monsoon,Mumbai,6.0
2020-07-16,13.0,20.0,7.5,6.446336996336996,13.303076923076922,482.5,21.6,91,10.2,21.6,907.0,14.283333333333331,20.11575,20.209375,11.333333333333332,15.799694444444441,16.757627938380434,3.1232955926088213,2020,7,3,Monsoon,Bengaluru,14.6
2020-07-16,27.1825,37.625,16.38,3.15875,43.45333333333333,991.6666666666666,28.3,79,0.8,17.0,1001.9,26.0375,21.42906862745098,17.52948717948718,12.0775,24.88302287581699,18.020510719672483,7.113833786762479,2020,7,3,Monsoon,Chennai,26.57872023809524
2020-07-16,28.0,63.72392857142857,20.235,8.99109195402299,23.57,743.75,30.7,73,4.6,21.1,975.3,36.333333333333336,41.71428571428572,29.75,34.58333333333333,35.34920634920635,28.74844074731342,8.06021607172491,2020,7,3,Monsoon,Delhi,48.65656565656566
2020-07-16,9.3,20.450000000000003,9.1075,6.65,23.756666666666664,262.5,29.0,82,1.1,19.3,1000.2,11.49090909090909,15.587096774193547,22.53333333333333,15.85,12.126001955034218,14.636603651724618,5.124119911192776,2020,7,3,Monsoon,Kolkata,5.6
2020-07-16,6.0,14.246538461538462,9.79375,8.894166666666667,7.230833333333333,370.0,26.2,92,45.8,28.0,998.6,6.148461538461539,7.353,10.263333333333335,10.368888888888888,6.500487179487198,8.110625457875457,1.7646227885782195,2020,7,3,Monsoon,Mumbai,8.6125
2020-07-17,14.6,24.6,8.32,6.505741758241758,14.38669172932331,520.0,21.4,91,4.2,23.8,907.5,13.0,14.283333333333331,20.11575,13.848026315789475,13.961111111111107,16.86505275041051,3.017688084154164,2020,7,4,Monsoon,Bengaluru,13.58592132505176
2020-07-17,26.57872023809524,34.017857142857146,19.18285714285714,4.916666666666667,49.263958333333335,906.25,29.0,77,1.1,15.4,1002.0,27.1825,26.0375,21.42906862745098,9.918685897435896,26.59957341269841,20.40051562548096,6.727954222538058,2020,7,4,Monsoon,Chennai,28.48453778982234
2020-07-17,48.65656565656566,92.90681697612732,22.741315789473685,8.205882352941178,15.873684210526314,855.5,31.1,74,10.8,17.7,976.0,28.0,36.333333333333336,41.71428571428572,24.853,37.66329966329966,32.1489501268228,10.723939180193977,2020,7,4,Monsoon,Delhi,37.25714285714286
2020-07-17,5.6,19.273333333333333,10.132352941176473,6.05,20.634705882352943,298.8235294117647,29.0,83,2.8,22.0,1000.9,9.3,11.49090909090909,15.587096774193547,11.28125,8.796969696969702,13.824996508867475,6.1009629504360126,2020,7,4,Monsoon,Kolkata,11.535275962236746
2020-07-17,8.6125,19.91095238095238,15.16637254901961,9.1,7.966856617647059,337.72916666666663,26.6,91,22.7,30.1,998.5,6.0,6.148461538461539,7.353,10.363333333333332,6.920320512820531,7.860506410256411,1.4956954922837236,2020,7,4,Monsoon,Mumbai,9.698275862068966
2020-07-18,13.58592132505176,34.41304347826087,7.714448051948052,6.9762637362637365,12.6075,371.59090909090907,22.4,88,12.4,16.4,908.6,14.6,13.0,14.283333333333331,19.32208333333333,13.728640441683917,16.045601034941715,3.0181076869715304,2020,7,5,Monsoon,Bengaluru,11.108695652173912
2020-07-18,28.48453778982234,51.940975609756094,15.082073170731707,5.579066666666667,37.31896341463415,986.79012345679,28.8,77,0.0,15.3,1003.4,26.57872023809524,27.1825,26.0375,10.2925,27.41525267597252,22.999378166884156,5.590066144931271,2020,7,5,Monsoon,Chennai,21.67603009259259
2020-07-18,37.25714285714286,77.5925925925926,18.595348837209304,9.627153110047846,18.39098275862069,764.0,31.6,74,2.5,15.1,976.8,48.65656565656566,28.0,36.333333333333336,18.79861111111111,37.971236171236164,34.78588323339876,9.029630824114237,2020,7,5,Monsoon,Delhi,25.785964912280704
2020-07-18,11.535275962236746,28.44168198529412,8.176728395061728,9.53148493543759,27.70570853462158,272.2164351851852,29.3,83,6.1,21.4,1001.8,5.6,9.3,11.49090909090909,11.65,8.81175865407892,13.808607360615582,6.107929595675494,2020,7,5,Monsoon,Kolkata,12.108371080139374
2020-07-18,9.698275862068966,30.991228410513145,14.353125,9.3511875,7.7568125,277.5406504065041,26.7,91,11.7,26.1,1002.3,8.6125,6.0,6.148461538461539,8.27125,8.103591954023008,8.064367247694834,1.650272785937701,2020,7,5,Monsoon,Mumbai,13.154075579644688
2020-07-19,11.108695652173912,26.280921052631577,9.746153846153849,6.502958801498128,12.89572072072072,499.7826086956522,22.8,88,10.0,13.5,909.2,13.58592132505176,14.6,13.0,16.524827586206897,13.09820565907522,15.271867901508429,3.5262487149825463,2020,7,6,Monsoon,Bengaluru,15.6
2020-07-19,21.67603009259259,42.907375,13.103,4.288875,53.17177700617284,980.2469135802468,28.3,83,3.9,15.8,1004.2,28.48453778982234,26.57872023809524,27.1825,13.753833333333333,25.579762706836718,24.131120561064048,3.974885783627102,2020,7,6,Monsoon,Chennai,21.469
2020-07-19,25.785964912280704,49.1875,19.228571428571428,8.001785714285713,19.094147727272727,900.0,30.5,80,14.1,17.2,975.4,37.25714285714286,48.65656565656566,28.0,21.78985507246377,37.23322447532974,35.35675606765833,8.155017966416711,2020,7,6,Monsoon,Delhi,27.22222222222222
2020-07-19,12.108371080139374,28.2923721340388,6.50533244087461,6.433661547726588,24.49932098765432,309.0006178560395,29.7,82,4.3,22.8,1001.3,11.535275962236746,5.6,9.3,20.613636363636363,9.747882347458711,12.593569462973154,5.324299448486373,2020,7,6,Monsoon,Kolkata,11.765238095238097
2020-07-19,13.154075579644688,36.46048192771084,11.485189873417722,9.435060240963857,8.792530120481928,263.1707317073171,27.2,89,6.3,18.2,1005.0,9.698275862068966,8.6125,6.0,8.375,10.488283813904571,8.747092330501218,2.5457888441733196,2020,7,6,Monsoon,Mumbai,14.628961904761905
2020-07-20,15.6,23.05555555555556,4.91,8.619814814814815,19.756642857142857,318.8888888888889,23.0,86,12.6,15.9,908.4,11.108695652173912,13.58592132505176,14.6,20.209375,13.431538992408553,14.613385758651285,2.807729901500197,2020,7,0,Monsoon,Bengaluru,10.854545454545455
2020-07-20,21.469,26.630625,16.174583333333334,4.681875,45.5825,1000.0,28.4,83,6.6,22.9,1003.7,21.67603009259259,28.48453778982234,26.57872023809524,17.52948717948718,23.876522627471633,24.69390810685159,3.0574094639721796,2020,7,0,Monsoon,Chennai,21.94660028449502
2020-07-20,27.22222222222222,64.36,29.636,7.326086956521739,21.709,784.2105263157895,29.3,79,15.3,17.4,973.9,25.785964912280704,37.25714285714286,48.65656565656566,29.75,30.08844333054859,34.99564495654722,8.49360570109286,2020,7,0,Monsoon,Delhi,21.864406779661017
2020-07-20,11.765238095238097,30.15833333333333,13.1,8.231818181818182,14.192083333333334,273.0,29.5,82,4.2,21.8,1000.7,12.108371080139374,11.535275962236746,5.6,22.53333333333333,11.802961712538076,11.055270143245266,3.03895983245482,2020,7,0,Monsoon,Kolkata,15.52016129032258
2020-07-20,14.628961904761905,43.87,11.318695652173911,9.687916666666666,6.209199999999999,245.65217391304347,27.1,91,5.5,14.3,1003.6,13.154075579644688,9.698275862068966,8.6125,10.263333333333335,12.493771115491873,9.370753554991014,3.377893196558166,2020,7,0,Monsoon,Mumbai,15.711666666666668
2020-07-21,10.854545454545455,24.20408163265306,9.484905660377358,7.423014279339581,21.22557312252965,324.90909090909093,23.9,80,0.2,12.2,909.0,15.6,11.108695652173912,13.58592132505176,20.11575,12.521080368906453,13.290356537872066,1.7748289660657999,2020,7,1,Monsoon,Bengaluru,28.125
2020-07-21,21.94660028449502,33.8840350877193,8.253684210526316,3.8919298245614034,41.490312944523474,985.8108108108108,28.9,81,0.5,18.9,1004.5,21.469,21.67603009259259,28.48453778982234,21.42906862745098,21.697210125695864,24.767841200715026,2.9703191890847664,2020,7,1,Monsoon,Chennai,22.383876055638357
2020-07-21,21.864406779661017,38.28182926829268,21.663636363636364,7.230136986301369,24.986585365853657,777.4358974358975,28.2,82,13.5,11.9,976.6,27.22222222222222,25.785964912280704,37.25714285714286,41.71428571428572,24.95753130472131,32.159947965886545,9.163778944850362,2020,7,1,Monsoon,Delhi,24.568627450980397
2020-07-21,15.52016129032258,35.770175438596496,13.238888888888887,6.893220338983051,20.728305084745763,496.6101694915254,28.5,88,31.6,19.1,1001.9,11.765238095238097,12.108371080139374,11.535275962236746,15.587096774193547,13.131256821900022,11.045707931263697,3.0223837576388393,2020,7,1,Monsoon,Kolkata,17.801492537313433
2020-07-21,15.711666666666668,42.139721698113206,9.974935064935066,9.586660256410257,6.721997126436781,313.90662650602405,27.0,89,5.9,16.2,1004.1,14.628961904761905,13.154075579644688,9.698275862068966,7.353,14.498234717024438,10.564848793086254,3.9710573802152793,2020,7,1,Monsoon,Mumbai,10.553725602755453
2020-07-22,28.125,50.72916666666666,13.334,8.03335035460993,29.578366666666668,345.4,24.7,77,0.4,12.4,909.4,10.854545454545455,15.6,11.108695652173912,14.283333333333331,18.193181818181817,15.267737490253017,5.9246730271098125,2020,7,2,Monsoon,Bengaluru,24.07894736842105
2020-07-22,22.383876055638357,29.565757575757573,8.565762711864407,2.817457627118644,36.09280303030303,949.8360655737704,28.8,80,0.7,21.2,1004.9,21.94660028449502,21.469,21.67603009259259,26.0375,21.933158780044455,24.245894922949077,3.0304300420483163,2020,7,2,Monsoon,Chennai,24.96690635451505
2020-07-22,24.568627450980397,38.45454545454545,22.74186046511628,7.25279860069965,15.021041666666669,868.530701754386,27.2,86,14.4,15.6,977.9,21.864406779661017,27.22222222222222,25.785964912280704,36.333333333333336,24.55175215095454,30.47927569697898,9.34779344825102,2020,7,2,Monsoon,Delhi,33.246887379739675
2020-07-22,17.801492537313433,31.090000000000003,15.883275862068968,9.33293103448276,24.75641791044776,422.46153846153845,27.4,92,32.5,12.4,1001.4,15.52016129032258,11.765238095238097,12.108371080139374,11.49090909090909,15.028963974291374,11.947219852178605,3.969932342760215,2020,7,2,Monsoon,Kolkata,10.53108108108108
2020-07-22,10.553725602755453,31.78712121212121,13.17153846153846,9.924615384615384,9.398939393939395,301.94029850746267,27.6,88,2.7,14.8,1005.3,15.711666666666668,14.628961904761905,13.154075579644688,6.148461538461539,13.631451391394693,11.194172230842526,3.4722493122652636,2020,7,2,Monsoon,Mumbai,9.826265649452267
2020-07-23,24.07894736842105,44.48571428571429,13.6,8.061162280701755,29.71436293436293,498.2051282051282,23.4,84,64.9,9.7,909.0,28.125,10.854545454545455,15.6,13.0,21.0194976076555,16.850444257170313,6.652951276076431,2020,7,3,Monsoon,Bengaluru,14.709090909090907
2020-07-23,24.96690635451505,37.28269230769231,8.646984126984126,2.14768115942029,38.371730769230766,926.5217391304348,28.7,79,11.9,18.8,1004.3,22.383876055638357,21.94660028449502,21.469,27.1825,23.099127564882803,23.929381545022657,2.7777683043388333,2020,7,3,Monsoon,Chennai,23.12948275862069
2020-07-23,33.246887379739675,68.14217443249701,22.42442396313364,8.214285714285714,28.74117647058824,905.9102674719586,28.5,79,0.2,8.4,977.0,24.568627450980397,21.864406779661017,27.22222222222222,28.0,26.559973870127028,31.228831036941788,9.32619508068755,2020,7,3,Monsoon,Delhi,43.3960113960114
2020-07-23,10.53108108108108,25.464864864864865,6.382432432432433,5.723733333333334,28.857297297297297,286.4,27.5,90,22.3,10.4,1001.0,17.801492537313433,15.52016129032258,11.765238095238097,9.3,14.617578302905704,12.123088578047328,3.8588284977142124,2020,7,3,Monsoon,Kolkata,18.05952380952381
2020-07-23,9.826265649452267,27.84365853658536,11.950714285714286,12.01943396226415,8.078333333333333,392.3684210526316,27.3,90,5.2,9.7,1004.7,10.553725602755453,15.711666666666668,14.628961904761905,6.0,12.030552639624815,11.740781609335707,2.7428501685387428,2020,7,3,Monsoon,Mumbai,14.02
2020-07-24,14.709090909090907,28.040816326530614,11.545454545454543,7.470765449438202,18.51568917668825,163.72093023255815,22.7,85,50.2,16.3,909.5,24.07894736842105,28.125,10.854545454545455,14.6,22.304346092503987,16.866028672754727,6.646926091306145,2020,7,4,Monsoon,Bengaluru,12.88888888888889
2020-07-24,23.12948275862069,36.80264367816092,8.880714285714285,4.078620689655172,85.06970114942528,921.0,28.2,83,9.7,19.6,1004.8,24.96690635451505,22.383876055638357,21.94660028449502,26.57872023809524,23.493421722924694,23.436633333669153,2.523794018102769,2020,7,4,Monsoon,Chennai,22.510486111111117
2020-07-24,43.3960113960114,86.15450464396285,22.711648351648357,8.75937675070028,24.9034398782344,792.8409090909091,28.8,78,1.6,13.1,979.8,33.246887379739675,24.568627450980397,21.864406779661017,48.65656565656566,33.73717540891049,30.477323285434043,7.769904382855504,2020,7,4,Monsoon,Delhi,30.87676056338028
2020-07-24,18.05952380952381,36.38831168831169,17.348589743589745,10.718428571428571,21.26202380952381,433.2584269662921,27.0,90,12.9,15.8,1003.6,10.53108108108108,17.801492537313433,15.52016129032258,5.6,15.464032475972777,13.903020550836446,3.158502232461694,2020,7,4,Monsoon,Kolkata,14.4
2020-07-24,14.02,36.6894172413793,15.40169642857143,10.514545454545456,7.688157894736841,463.5344827586207,26.8,90,18.9,11.5,1005.3,9.826265649452267,10.553725602755453,15.711666666666668,8.6125,11.466663750735925,12.513281609335706,2.462070916164977,2020,7,4,Monsoon,Mumbai,12.091904761904765
2020-07-25,12.88888888888889,23.906976744186046,9.4,7.576610088453263,21.6831462585034,199.54545454545453,22.8,85,10.2,15.5,910.6,14.709090909090907,24.07894736842105,28.125,13.58592132505176,17.22564238880028,16.766452610445743,6.709183851040515,2020,7,5,Monsoon,Bengaluru,18.068988764044946
2020-07-25,22.510486111111117,35.4475,10.71720588235294,5.125625,113.29034722222222,912.7777777777778,28.4,83,2.3,13.8,1005.8,23.12948275862069,24.96690635451505,22.383876055638357,28.48453778982234,23.535625074748946,22.583197379567544,1.1898988934636132,2020,7,5,Monsoon,Chennai,26.74967741935484
2020-07-25,30.87676056338028,58.50529277408638,16.8,8.3,18.835475230414747,696.551724137931,28.8,82,1.9,14.2,981.2,43.3960113960114,33.246887379739675,24.568627450980397,37.25714285714286,35.839886446377115,29.565840100610814,7.194980544945687,2020,7,5,Monsoon,Delhi,40.55148148148148
2020-07-25,14.4,32.513888888888886,11.496714285714283,9.383142857142856,25.301617647058823,269.02777777777777,28.8,83,2.1,13.6,1004.9,18.05952380952381,10.53108108108108,17.801492537313433,11.535275962236746,14.330201630201636,14.312266841945483,2.9811970348428627,2020,7,5,Monsoon,Kolkata,19.298125
2020-07-25,12.091904761904765,37.76826666666666,12.469268292682926,11.578148148148149,4.9375757575757575,447.5757575757576,27.0,88,7.6,17.1,1005.4,14.02,9.826265649452267,10.553725602755453,9.698275862068966,11.979390137119028,12.855228595026535,2.1527333818735963,2020,7,5,Monsoon,Mumbai,4.5
2020-07-26,18.068988764044946,48.0,13.0,4.716382449153747,16.6001875,550.2247191011236,22.4,83,2.2,17.7,911.6,12.88888888888889,14.709090909090907,24.07894736842105,11.108695652173912,15.222322854008246,17.76078019785589,6.229559412689134,2020,7,6,Monsoon,Bengaluru,9.0
2020-07-26,26.74967741935484,34.44541666666667,7.364847507331378,9.23780938416422,19.591290322580647,1205.6554252199414,28.3,78,0.3,13.6,1006.6,22.510486111111117,23.12948275862069,24.96690635451505,21.67603009259259,24.12988209636221,23.30800414053358,1.8865464836657377,2020,7,6,Monsoon,Chennai,26.938494623655917
2020-07-26,40.55148148148148,78.36065573770492,23.21808510638298,8.600000000000001,24.87263736263736,920.0,29.9,80,2.6,11.3,981.0,30.87676056338028,43.3960113960114,33.246887379739675,25.785964912280704,38.27475114695772,31.675199610496637,8.019326110185382,2020,7,6,Monsoon,Delhi,36.34125
2020-07-26,19.298125,34.804081632653066,9.245,10.11709693877551,32.6075,328.75,30.0,84,3.0,11.8,1003.9,14.4,18.05952380952381,10.53108108108108,12.108371080139374,17.25254960317461,15.339374544782714,3.3151718903166527,2020,7,6,Monsoon,Kolkata,23.275
2020-07-26,4.5,11.5,8.015,8.40625,5.2275,260.0,26.9,87,10.8,18.7,1006.3,12.091904761904765,14.02,9.826265649452267,13.154075579644688,10.203968253968272,11.618932083648724,3.8041008133157246,2020,7,6,Monsoon,Mumbai,4.028214285714285
2020-07-27,9.0,23.0,7.3,6.99,3.381733333333333,646.4666666666667,22.7,82,1.3,19.1,911.0,18.068988764044946,12.88888888888889,14.709090909090907,15.6,13.319292550977943,16.81792305499875,7.0557766443081125,2020,7,0,Monsoon,Bengaluru,18.49688888888889
2020-07-27,26.938494623655917,33.443333333333335,8.573333333333332,2.608709677419355,63.00666666666666,1020.1612903225806,29.0,79,5.5,8.6,1005.3,26.74967741935484,22.510486111111117,23.12948275862069,21.469,25.39955271804062,24.08936051534157,2.1165713720606356,2020,7,0,Monsoon,Chennai,42.342092760181
2020-07-27,36.34125,89.5,23.90833333333333,7.445173611111111,19.33886075949367,707.1589882565493,31.0,75,2.7,16.3,978.5,40.55148148148148,30.87676056338028,43.3960113960114,27.22222222222222,35.92316401495392,32.97791786446489,7.915396834033368,2020,7,0,Monsoon,Delhi,26.55
2020-07-27,23.275,43.785714285714285,17.927142857142858,5.85,28.892000000000003,405.69444444444446,29.6,87,15.7,9.2,1002.1,19.298125,14.4,18.05952380952381,11.765238095238097,18.99104166666667,16.983626245462982,4.025273125169553,2020,7,0,Monsoon,Kolkata,24.86590909090909
2020-07-27,4.028214285714285,17.740000000000002,7.037999999999999,9.5125,4.344666666666667,287.1428571428572,26.6,90,21.4,17.2,1007.2,4.5,12.091904761904765,14.02,14.628961904761905,6.873373015873035,10.10453956664192,4.459673423808447,2020,7,0,Monsoon,Mumbai,19.56261363636364
2020-07-28,18.49688888888889,39.66666666666666,16.144444444444442,7.4,11.032222222222222,333.2857142857143,22.7,85,6.9,17.3,909.3,9.0,18.068988764044946,12.88888888888889,10.854545454545455,15.188625884311277,17.909686402762098,6.552573638646747,2020,7,1,Monsoon,Bengaluru,20.63636363636364
2020-07-28,42.342092760181,66.99625,9.40523076923077,5.32375,36.259375,1026.764705882353,28.7,78,13.2,13.3,1003.4,26.938494623655917,26.74967741935484,22.510486111111117,21.94660028449502,32.01008826773058,27.003002297582423,7.024064589994947,2020,7,1,Monsoon,Chennai,44.407902097902095
2020-07-28,26.55,89.72654008438818,27.19375,7.583333333333333,18.279238095238096,883.75,31.8,67,0.4,19.6,976.3,36.34125,40.55148148148148,30.87676056338028,21.864406779661017,34.48091049382715,33.64728832451332,6.959318022049085,2020,7,1,Monsoon,Delhi,21.166666666666668
2020-07-28,24.86590909090909,51.26818181818182,12.632386363636362,6.629318181818181,25.10925,446.4772727272728,28.6,89,15.5,13.8,1001.9,23.275,19.298125,14.4,15.52016129032258,22.479678030303035,18.3187330741182,4.9113478100298655,2020,7,1,Monsoon,Kolkata,9.444444444444445
2020-07-28,19.56261363636364,34.00015625,19.344166666666663,12.329166666666666,3.751565656565656,590.0,27.0,89,7.5,14.8,1006.0,4.028214285714285,4.5,12.091904761904765,15.711666666666668,9.363609307359326,10.6546748480272,5.404147655271778,2020,7,1,Monsoon,Mumbai,10.209
2020-07-29,20.63636363636364,47.8,13.19,7.005,10.442,393.125,22.1,90,13.1,12.3,908.0,18.49688888888889,9.0,18.068988764044946,28.125,16.044417508417506,16.839881207956903,5.04460243728931,2020,7,2,Monsoon,Bengaluru,13.797619047619047
2020-07-29,44.407902097902095,146.64272727272726,13.04076923076923,3.725454545454545,42.85,1090.0,27.3,87,25.1,13.2,1002.8,42.342092760181,26.938494623655917,26.74967741935484,22.383876055638357,37.89616316057967,30.149291732191532,9.20439342164333,2020,7,2,Monsoon,Chennai,26.46039835164835
2020-07-29,21.166666666666668,57.5,39.425,9.432708333333334,11.02,1066.6666666666667,30.5,72,0.1,18.4,976.8,26.55,36.34125,40.55148148148148,24.568627450980397,28.01930555555555,33.16129392675422,7.770490587464257,2020,7,2,Monsoon,Delhi,18.6625
2020-07-29,9.444444444444445,18.93,8.841111111111111,4.067777777777778,7.546666666666667,265.55555555555554,29.2,83,3.0,16.1,1002.6,24.86590909090909,23.275,19.298125,17.801492537313433,19.19511784511785,17.124869060851204,5.961491784795925,2020,7,2,Monsoon,Kolkata,6.6574193548387095
2020-07-29,10.209,32.655833333333334,12.577777777777778,9.547692307692309,3.8765,530.0,26.9,90,27.4,14.9,1003.9,19.56261363636364,4.028214285714285,4.5,10.553725602755453,11.266609307359326,10.60542833334785,5.406790946970661,2020,7,2,Monsoon,Mumbai,8.303214285714285
2020-07-30,13.797619047619047,30.0,10.44873366013072,7.018028169014084,11.67921052631579,370.0,22.9,87,4.4,15.1,908.1,20.63636363636364,18.49688888888889,9.0,24.07894736842105,17.643623857623854,15.371120019270903,3.967336358161593,2020,7,3,Monsoon,Bengaluru,15.954545454545451
2020-07-30,26.46039835164835,140.1388,10.0975,3.395178571428571,53.819115625,1022.4615384615385,28.5,82,8.9,13.6,1003.0,44.407902097902095,42.342092760181,26.938494623655917,24.96690635451505,37.736797736577145,30.362647731782,9.080724275947352,2020,7,3,Monsoon,Chennai,16.489685714285713
2020-07-30,18.6625,51.888888888888886,23.153846153846157,8.621243386243385,18.320875,808.3333333333334,28.9,79,3.9,12.8,978.4,21.166666666666668,26.55,36.34125,33.246887379739675,22.126388888888886,31.077810015362832,9.5053012090388,2020,7,3,Monsoon,Delhi,36.95946886446886
2020-07-30,6.6574193548387095,20.029411764705884,7.455172413793103,7.899361702127659,12.408085106382975,269.09090909090907,29.3,83,2.6,13.0,1003.2,9.444444444444445,24.86590909090909,23.275,10.53108108108108,13.655924296730753,16.57148881424515,6.796839478090037,2020,7,3,Monsoon,Kolkata,7.487999999999999
2020-07-30,8.303214285714285,46.20111111111111,8.634444444444444,10.565357142857142,4.203729246487868,527.1428571428571,26.5,92,107.7,15.9,1003.6,10.209,19.56261363636364,4.028214285714285,9.826265649452267,12.691609307359327,10.387849567099568,5.47360395385518,2020,7,3,Monsoon,Mumbai,13.758535353535354
2020-07-31,15.954545454545451,23.65714285714286,9.14047379032258,6.428571428571429,11.058,223.93939393939397,22.7,87,5.2,17.3,908.1,13.797619047619047,20.63636363636364,18.49688888888889,14.709090909090907,16.796176046176043,15.54904209719298,3.9606198064583316,2020,7,4,Monsoon,Bengaluru,24.636363636363637
2020-07-31,16.489685714285713,30.027600000000003,7.7644,2.76,40.3068,991.7142857142856,28.6,83,5.2,17.3,1002.7,26.46039835164835,44.407902097902095,42.342092760181,23.12948275862069,29.119328721278716,29.414105296877004,10.235555599712994,2020,7,4,Monsoon,Chennai,15.02342683982684
2020-07-31,36.95946886446886,74.57738095238095,23.48333333333333,8.283039215686275,8.7,851.7647058823529,29.2,84,8.5,9.5,977.7,18.6625,21.166666666666668,26.55,43.3960113960114,25.596211843711842,30.158303939428183,8.35705183307902,2020,7,4,Monsoon,Delhi,29.0
2020-07-31,7.487999999999999,27.38055555555556,12.36782608695652,5.36,9.264,228.3783783783784,29.0,86,10.2,17.7,1002.2,6.6574193548387095,9.444444444444445,24.86590909090909,18.05952380952381,7.863287933094388,15.06127112717032,7.544450278189114,2020,7,4,Monsoon,Kolkata,20.65866666666667
2020-07-31,13.758535353535354,40.87384615384615,9.091818181818182,11.1608,4.183930769230769,424.1025641025641,27.2,89,9.2,15.4,1003.3,8.303214285714285,10.209,19.56261363636364,14.02,10.756916546416564,10.350497474747476,5.4455070335398865,2020,7,4,Monsoon,Mumbai,10.735687229437229
2020-08-01,24.636363636363637,40.1047619047619,9.72698252688172,6.785714285714286,12.218666666666666,149.5729292929293,22.1,87,2.7,22.5,908.4,15.954545454545451,13.797619047619047,20.63636363636364,12.88888888888889,18.129509379509376,17.22725277540366,4.998455021458507,2020,8,5,Monsoon,Bengaluru,33.31818181818181
2020-08-01,15.02342683982684,27.090342857142858,8.127188888888888,2.968055555555556,38.555635714285714,989.063492063492,28.7,80,0.6,17.7,1002.9,16.489685714285713,26.46039835164835,44.407902097902095,22.510486111111117,19.32450363525363,28.34452540097925,11.401924187939132,2020,8,5,Monsoon,Chennai,13.557167965367965
2020-08-01,29.0,66.0,1.4,5.7,80.8,1170.0,29.4,84,5.6,8.4,977.1,36.95946886446886,18.6625,21.166666666666668,30.87676056338028,28.207322954822946,29.89019528751672,8.360265191124842,2020,8,5,Monsoon,Delhi,22.92857142857143
2020-08-01,20.65866666666667,37.58703703703704,11.245217391304347,5.6066666666666665,21.506,352.2522522522523,29.8,85,4.6,13.3,1000.5,7.487999999999999,6.6574193548387095,9.444444444444445,14.4,11.601362007168463,15.95536636526556,7.818888382829314,2020,8,5,Monsoon,Kolkata,33.82933333333334
2020-08-01,10.735687229437229,48.45192307692308,10.91090909090909,6.4704,7.496965384615384,402.0512820512821,27.5,88,3.1,20.0,1002.6,13.758535353535354,8.303214285714285,10.209,12.091904761904765,10.932478956228975,10.1567521129664,5.397134919950057,2020,8,5,Monsoon,Mumbai,7.712839105339105
2020-08-02,33.31818181818181,56.55238095238095,10.31349126344086,7.142857142857143,13.379333333333332,75.20646464646464,21.4,91,20.7,26.8,908.7,24.636363636363637,15.954545454545451,13.797619047619047,18.068988764044946,24.63636363636363,19.40570892599464,7.904609364099711,2020,8,6,Monsoon,Bengaluru,42.0
2020-08-02,13.557167965367965,24.15308571428572,8.489977777777778,3.176111111111111,36.80447142857143,986.4126984126984,29.0,77,8.2,15.8,1002.8,15.02342683982684,16.489685714285713,26.46039835164835,26.74967741935484,15.023426839826834,26.459881193266842,12.723223284224915,2020,8,6,Monsoon,Chennai,12.090909090909092
2020-08-02,22.92857142857143,62.55555555555556,7.296296296296296,9.66,46.7,967.5,31.1,75,0.2,15.3,975.2,29.0,36.95946886446886,18.6625,40.55148148148148,29.629346764346764,27.372636708529566,7.185618500971129,2020,8,6,Monsoon,Delhi,16.857142857142858
2020-08-02,33.82933333333334,47.79351851851852,10.122608695652174,5.8533333333333335,33.748,476.1261261261261,29.8,86,7.5,8.7,997.6,20.65866666666667,7.487999999999999,6.6574193548387095,19.298125,20.658666666666672,18.031253270027463,10.367815649521775,2020,8,6,Monsoon,Kolkata,47.0
2020-08-02,7.712839105339105,56.03,12.73,1.78,10.81,380.0,27.6,86,1.7,26.8,1001.7,10.735687229437229,13.758535353535354,8.303214285714285,4.5,10.735687229437248,10.615729128014843,4.954352279961641,2020,8,6,Monsoon,Mumbai,4.689990981240982
2020-08-03,42.0,73.0,10.9,7.5,14.54,0.84,22.2,85,3.0,28.8,907.6,33.31818181818181,24.636363636363637,15.954545454545451,9.0,33.31818181818181,24.119994640280357,10.177989957968153,2020,8,0,Monsoon,Bengaluru,16.2
2020-08-03,12.090909090909092,21.21582857142857,8.852766666666668,3.3841666666666663,35.05330714285714,983.7619047619048,28.0,78,1.5,18.9,1001.6,13.557167965367965,15.02342683982684,16.489685714285713,26.938494623655917,13.557167965367961,24.33879754573158,13.820442479802367,2020,8,0,Monsoon,Chennai,20.210277777777776
2020-08-03,16.857142857142858,59.11111111111111,13.192592592592591,13.62,8.82,765.0,31.7,72,1.3,15.5,971.4,22.92857142857143,29.0,36.95946886446886,36.34125,22.928571428571427,24.589192830978543,6.900547650721504,2020,8,0,Monsoon,Delhi,18.0
2020-08-03,47.0,58.0,9.0,6.1,45.99,600.0,29.9,86,14.0,10.0,993.7,33.82933333333334,20.65866666666667,7.487999999999999,23.275,33.829333333333345,21.420538984313175,15.145022349607036,2020,8,0,Monsoon,Kolkata,31.372222222222224
2020-08-03,4.689990981240982,32.77,11.105,6.332500000000001,9.352,273.75,26.7,90,37.3,34.4,999.5,7.712839105339105,10.735687229437229,13.758535353535354,4.028214285714285,7.712839105339124,10.710268655947228,4.81196591519474,2020,8,0,Monsoon,Mumbai,1.667142857142857
2020-08-04,16.2,27.916666666666664,8.566666666666666,6.41611111111111,14.192083333333333,286.6666666666667,22.1,82,3.1,36.0,905.9,42.0,33.31818181818181,24.636363636363637,18.49688888888889,30.5060606060606,23.791867656153368,10.42354868469911,2020,8,1,Monsoon,Bengaluru,14.909999999999998
2020-08-04,20.210277777777776,18.27857142857143,9.215555555555556,3.592222222222222,33.30214285714286,981.1111111111112,28.7,70,0.7,15.8,999.8,12.090909090909092,13.557167965367965,15.02342683982684,42.342092760181,15.286118278018273,21.177109691102547,11.320924051582258,2020,8,1,Monsoon,Chennai,23.75583333333333
2020-08-04,18.0,55.66666666666666,19.08888888888889,7.358730158730159,20.550763888888888,657.1428571428571,31.7,73,0.9,11.7,969.6,16.857142857142858,22.92857142857143,29.0,26.55,19.26190476190476,23.367764259549972,7.2437884931768375,2020,8,1,Monsoon,Delhi,36.66666666666666
2020-08-04,31.372222222222224,49.2875,15.985714285714286,4.728571428571429,20.22222222222222,530.0,28.3,93,38.3,21.9,990.1,47.0,33.82933333333334,20.65866666666667,24.86590909090909,37.400518518518524,22.35001228878648,15.584972417635392,2020,8,1,Monsoon,Kolkata,11.3
2020-08-04,1.667142857142857,9.51,9.48,10.885000000000002,7.894,167.5,26.8,90,153.3,45.9,996.0,4.689990981240982,7.712839105339105,10.735687229437229,19.56261363636364,4.689990981241,8.15377283034426,4.012366550852386,2020,8,1,Monsoon,Mumbai,5.433333333333334
2020-08-05,14.909999999999998,22.0,8.146666666666667,7.976666666666667,17.54,275.0,22.4,81,4.9,42.6,904.5,16.2,42.0,33.31818181818181,20.63636363636364,24.369999999999994,22.97381570810142,10.925109515914004,2020,8,2,Monsoon,Bengaluru,17.660040040040037
2020-08-05,23.75583333333333,38.175,12.78,4.29,26.3975,986.6666666666666,27.6,74,3.5,23.7,998.6,20.210277777777776,12.090909090909092,13.557167965367965,44.407902097902095,18.685673400673394,18.22681415330701,5.401085103060202,2020,8,2,Monsoon,Chennai,22.686666666666667
2020-08-05,36.66666666666666,77.66666666666667,25.6,10.5,13.75,800.0,30.5,79,2.1,19.3,971.0,18.0,16.857142857142858,22.92857142857143,21.166666666666668,23.841269841269835,25.582049973835687,8.684558868594268,2020,8,2,Monsoon,Delhi,15.835658238884044
2020-08-05,11.3,18.366666666666664,7.27,4.9,24.865,270.0,27.7,91,22.0,27.2,991.5,31.372222222222224,47.0,33.82933333333334,9.444444444444445,29.890740740740743,22.61509165386585,15.342780127580184,2020,8,2,Monsoon,Kolkata,9.426136363636363
2020-08-05,5.433333333333334,36.835,6.35,7.97,6.585833333333333,245.0,26.5,92,144.1,40.2,994.4,1.667142857142857,4.689990981240982,7.712839105339105,10.209,3.930155723905743,7.471534735106164,4.010677470582773,2020,8,2,Monsoon,Mumbai,5.188070175438597
2020-08-06,17.660040040040037,38.55405405405405,9.17423076923077,6.908447293447294,13.911666666666669,108.21017647058824,23.0,81,3.4,29.7,906.1,14.909999999999998,16.2,42.0,13.797619047619047,16.256680013346678,23.525590135590132,10.47258762337106,2020,8,3,Monsoon,Bengaluru,16.3
2020-08-06,22.686666666666667,34.2052,10.5928,3.660877192982456,22.8726,947.0175438596492,29.3,72,0.0,21.3,1000.2,23.75583333333333,20.210277777777776,12.090909090909092,26.46039835164835,22.217592592592585,17.687709626881055,4.5660752950399806,2020,8,3,Monsoon,Chennai,19.05548245614035
2020-08-06,15.835658238884044,53.68,16.944942611190818,9.851851851851851,16.735962732919255,611.2280701754386,30.9,71,0.1,34.1,973.7,36.66666666666666,18.0,16.857142857142858,18.6625,23.500774968516897,25.178215436533407,9.115003932423482,2020,8,3,Monsoon,Delhi,19.08114035087719
2020-08-06,9.426136363636363,16.086899224806203,10.722568163592625,4.195316537467701,25.03752642706131,446.5235109717868,27.7,89,11.3,18.4,998.3,11.3,31.372222222222224,47.0,6.6574193548387095,17.366119528619535,23.01062265512266,14.891896763528054,2020,8,3,Monsoon,Kolkata,13.625
2020-08-06,5.188070175438597,26.68654054054054,10.356345029239764,8.718576203208556,11.686749644381225,289.7265221878225,27.2,89,55.4,48.1,994.8,5.433333333333334,1.667142857142857,4.689990981240982,8.303214285714285,4.096182121971615,7.026514147923922,4.075320414754467,2020,8,3,Monsoon,Mumbai,8.321428571428571
2020-08-07,16.3,29.95,8.515789473684212,7.478020050125314,11.558118421052631,181.33333333333331,22.4,85,4.6,22.5,908.8,17.660040040040037,14.909999999999998,16.2,15.954545454545451,16.29001334668001,23.574940784940786,10.431697976313439,2020,8,4,Monsoon,Bengaluru,18.2
2020-08-07,19.05548245614035,39.2235294117647,10.43,3.328095238095238,36.36911764705882,888.421052631579,29.9,71,1.3,18.9,1003.0,22.686666666666667,23.75583333333333,20.210277777777776,16.489685714285713,21.832660818713446,18.054252018574577,4.556850695067035,2020,8,4,Monsoon,Chennai,20.25190476190476
2020-08-07,19.08114035087719,43.06284722222222,17.376391304347827,10.168181818181818,20.388449074074074,633.3333333333334,29.9,76,0.9,26.4,976.6,15.835658238884044,36.66666666666666,18.0,36.95946886446886,23.861155085475957,22.62416850602031,7.650861414819228,2020,8,4,Monsoon,Delhi,42.4
2020-08-07,13.625,29.124,8.0195,6.290454545454545,20.158636363636365,325.0,28.9,85,4.7,17.7,1000.1,9.426136363636363,11.3,31.372222222222224,7.487999999999999,11.450378787878792,23.887336940836946,13.978371616256904,2020,8,4,Monsoon,Kolkata,18.11875
2020-08-07,8.321428571428571,33.3995,10.635909090909092,10.09875,10.218,254.0,27.1,89,12.5,32.1,1000.9,5.188070175438597,5.433333333333334,1.667142857142857,13.758535353535354,6.314277360066853,6.249784607622955,2.9377698825654615,2020,8,4,Monsoon,Mumbai,8.474444444444444
2020-08-08,18.2,31.8,9.9,6.779999999999999,11.97975,207.14285714285717,22.4,85,2.3,24.8,909.6,16.3,17.660040040040037,14.909999999999998,24.636363636363637,17.386680013346677,22.655460265460267,10.60477247128464,2020,8,5,Monsoon,Bengaluru,16.11111111111111
2020-08-08,20.25190476190476,59.22714285714285,9.46,3.53,50.845952380952376,781.4285714285714,30.0,71,0.8,22.1,1003.4,19.05548245614035,22.686666666666667,23.75583333333333,15.02342683982684,20.664684628237254,18.801177436014278,4.403177315008079,2020,8,5,Monsoon,Chennai,17.19666666666667
2020-08-08,42.4,82.0,26.433928571428574,10.441785714285714,19.69183333333333,816.6666666666667,30.8,78,3.3,8.9,974.9,19.08114035087719,15.835658238884044,36.66666666666666,29.0,25.772266196587072,24.538454220306026,10.614415809013746,2020,8,5,Monsoon,Delhi,27.75
2020-08-08,18.11875,44.67916666666667,9.47375,4.944545454545454,23.595681818181816,364.3939393939394,29.1,87,1.6,13.1,998.2,13.625,9.426136363636363,11.3,20.65866666666667,13.72329545454546,23.524491702741702,14.10850762920542,2020,8,5,Monsoon,Kolkata,9.501875
2020-08-08,8.474444444444444,38.49055555555556,6.925833333333333,10.0955,5.908875,265.3888888888889,27.2,86,8.9,30.4,1004.0,8.321428571428571,5.188070175438597,5.433333333333334,10.735687229437229,7.327981063770557,5.926749924052556,2.4453452553471338,2020,8,5,Monsoon,Mumbai,11.978
2020-08-09,16.11111111111111,31.526785714285715,7.866666666666667,5.871428571428572,20.54625,0.39,21.6,89,13.6,22.2,908.7,18.2,16.3,17.660040040040037,33.31818181818181,16.870370370370367,20.197307307307305,9.674747698602822,2020,8,6,Monsoon,Bengaluru,18.11111111111111
2020-08-09,17.19666666666667,15.071428571428571,9.2,3.3525,35.3252380952381,543.5714285714286,28.0,78,5.4,20.6,1002.9,20.25190476190476,19.05548245614035,22.686666666666667,13.557167965367965,18.834684628237255,19.321105821914095,3.862433680118533,2020,8,6,Monsoon,Chennai,18.598
2020-08-09,27.75,45.53846153846154,19.726666666666667,8.654166666666665,19.95,807.1428571428571,29.8,83,22.8,12.9,974.1,42.4,19.08114035087719,15.835658238884044,22.92857142857143,29.743713450292393,25.227229730510107,10.648915121328827,2020,8,6,Monsoon,Delhi,29.25
2020-08-09,9.501875,25.043541666666663,7.428333333333334,4.712,27.965208333333333,283.4375,28.8,86,6.4,19.5,998.1,18.11875,13.625,9.426136363636363,33.82933333333334,13.74854166666667,20.049140512265513,14.143299249824464,2020,8,6,Monsoon,Kolkata,7.8375
2020-08-09,11.978,51.848125,8.07154761904762,11.77402380952381,6.4540625,273.58333333333337,27.2,86,5.0,23.1,1003.5,8.474444444444444,8.321428571428571,5.188070175438597,7.712839105339105,9.591291005291025,6.536058623289827,3.334341358961173,2020,8,6,Monsoon,Mumbai,11.501931818181818
2020-08-10,18.11111111111111,40.66666666666666,11.465,8.84,23.104285714285712,226.30666666666667,21.5,90,6.5,23.8,909.0,16.11111111111111,18.2,16.3,42.0,17.47407407407407,16.78460889460889,1.2297486812699472,2020,8,0,Monsoon,Bengaluru,20.2915
2020-08-10,18.598,41.92363636363637,8.884545454545455,2.72,24.41181818181818,704.5454545454545,28.0,82,9.9,17.8,1003.5,17.19666666666667,20.25190476190476,19.05548245614035,12.090909090909092,18.68219047619047,20.250690237498507,2.298862420149459,2020,8,0,Monsoon,Chennai,30.472500000000004
2020-08-10,29.25,54.30041666666667,17.857142857142858,9.52,14.913142857142857,743.6363636363636,28.8,87,2.4,13.8,975.3,27.75,42.4,19.08114035087719,16.857142857142858,33.133333333333326,26.997637893775416,10.038096354132398,2020,8,0,Monsoon,Delhi,43.55142857142857
2020-08-10,7.8375,25.21,11.19,5.15,17.18166666666667,363.6363636363636,28.9,86,4.9,16.2,999.0,9.501875,18.11875,13.625,47.0,11.819375000000003,14.454497655122655,8.204395346406818,2020,8,0,Monsoon,Kolkata,11.845757575757574
2020-08-10,11.501931818181818,44.266666666666666,10.639916666666666,12.924583333333334,8.090833333333334,241.77777777777777,26.2,92,15.0,17.4,1003.4,11.978,8.474444444444444,8.321428571428571,4.689990981240982,10.651458754208774,7.509193028567089,3.681711346689682,2020,8,0,Monsoon,Mumbai,9.782727272727271
2020-08-11,20.2915,46.125,13.299107142857142,8.783333333333333,20.17,179.42928571428573,22.4,85,3.5,23.0,910.2,18.11111111111111,16.11111111111111,18.2,16.2,18.17124074074074,17.369108894608896,1.7625136798488772,2020,8,1,Monsoon,Bengaluru,21.125
2020-08-11,30.472500000000004,45.122,9.176666666666668,4.233333333333333,37.16533333333333,866.6666666666666,29.1,76,4.7,20.0,1004.5,18.598,17.19666666666667,20.25190476190476,20.210277777777776,22.089055555555557,21.716721983530253,4.493469866593676,2020,8,1,Monsoon,Chennai,21.0275
2020-08-11,43.55142857142857,74.25,24.020000000000003,8.74,20.42,900.0,28.9,87,15.8,11.7,975.1,29.25,27.75,42.4,18.0,33.51714285714285,30.647841975408067,10.834996075665781,2020,8,1,Monsoon,Delhi,14.4125
2020-08-11,11.845757575757574,30.23454545454545,9.426666666666666,6.231363636363636,40.84945454545455,382.9090909090909,29.4,86,2.6,15.6,998.4,7.8375,9.501875,18.11875,31.372222222222224,9.72837752525253,11.665002705627703,3.4156444916854705,2020,8,1,Monsoon,Kolkata,11.2
2020-08-11,9.782727272727271,48.11,6.971666666666667,15.311000000000002,5.078333333333333,213.63636363636363,26.1,91,27.5,19.9,1005.0,11.501931818181818,11.978,8.474444444444444,1.667142857142857,11.087553030303049,8.668562230793432,2.6758313277215424,2020,8,1,Monsoon,Mumbai,7.158388888888888
2020-08-12,21.125,44.55555555555556,9.213194444444444,8.377777777777778,12.901111111111112,105.94491071428573,22.5,82,0.4,25.9,911.0,20.2915,18.11111111111111,16.11111111111111,14.909999999999998,19.842537037037033,18.25696603746604,1.8788381217781496,2020,8,2,Monsoon,Bengaluru,24.28833333333333
2020-08-12,21.0275,26.652,10.098666666666666,4.206,57.894,888.0,28.4,79,0.5,16.6,1005.4,30.472500000000004,18.598,17.19666666666667,23.75583333333333,23.365999999999996,21.326960078768348,4.404567328368222,2020,8,2,Monsoon,Chennai,37.67444444444445
2020-08-12,14.4125,35.333333333333336,15.97232142857143,7.144736842105263,9.0,584.7767857142858,29.8,83,3.4,15.5,974.2,43.55142857142857,29.25,27.75,36.66666666666666,29.071309523809518,27.468675308741403,11.979101338660515,2020,8,2,Monsoon,Delhi,18.0
2020-08-12,11.2,36.53333333333334,7.7,5.273888888888889,29.07,330.0,29.6,84,4.6,15.0,998.3,11.845757575757574,7.8375,9.501875,11.3,10.294419191919195,11.65071699134199,3.4176340678697774,2020,8,2,Monsoon,Kolkata,7.62
2020-08-12,7.158388888888888,29.375,7.625294117647059,11.202352941176471,6.194705882352942,193.57142857142856,26.3,91,27.5,25.1,1006.1,9.782727272727271,11.501931818181818,11.978,5.433333333333334,9.481015993266011,8.914998738729942,2.392670774226539,2020,8,2,Monsoon,Mumbai,9.86
2020-08-13,24.28833333333333,69.25,11.475,7.525,16.8975,247.5,23.0,78,0.0,24.7,909.6,21.125,20.2915,18.11111111111111,17.660040040040037,21.90161111111111,19.203865079365077,2.9133297779199476,2020,8,3,Monsoon,Bengaluru,23.93
2020-08-13,37.67444444444445,68.54666666666667,11.884444444444444,4.633333333333334,47.26222222222222,1056.6666666666667,29.1,74,0.1,17.0,1003.6,21.0275,30.472500000000004,18.598,22.686666666666667,29.72481481481481,23.46807118987946,7.634376482406825,2020,8,3,Monsoon,Chennai,30.947222222222223
2020-08-13,18.0,32.3,25.489342105263155,8.618437499999999,13.4,966.6666666666666,26.6,95,84.6,12.8,973.5,14.4125,43.55142857142857,29.25,15.835658238884044,25.32130952380952,27.777866988900826,11.65227261653713,2020,8,3,Monsoon,Delhi,19.75
2020-08-13,7.62,24.86,9.47,7.084999999999999,28.48,312.0,29.4,83,4.1,18.9,997.1,11.2,11.845757575757574,7.8375,9.426136363636363,10.221919191919197,11.392697510822511,3.6722662816491085,2020,8,3,Monsoon,Kolkata,6.790909090909091
2020-08-13,9.86,33.63285714285714,9.60125,7.5,4.675,198.75,26.2,91,28.5,26.7,1004.1,7.158388888888888,9.782727272727271,11.501931818181818,5.188070175438597,8.933705387205405,9.582417285095856,1.7432794219860444,2020,8,3,Monsoon,Mumbai,12.8
2020-08-14,23.93,57.1,11.32361111111111,7.32,17.427777777777777,314.7619047619048,22.3,81,0.4,24.0,908.3,24.28833333333333,21.125,20.2915,16.3,23.11444444444444,20.29386507936508,3.0689890099287225,2020,8,4,Monsoon,Bengaluru,21.931666666666665
2020-08-14,30.947222222222223,65.26,8.096,4.062222222222222,38.59255555555556,875.5555555555555,28.6,77,0.3,15.1,1002.6,37.67444444444445,21.0275,30.472500000000004,19.05548245614035,29.883055555555547,25.166891156462587,7.809898223090579,2020,8,4,Monsoon,Chennai,26.70833333333333
2020-08-14,19.75,38.060208333333335,15.7,8.244444444444445,16.602708333333332,687.5,27.6,89,5.0,19.4,972.9,18.0,14.4125,43.55142857142857,19.08114035087719,17.387499999999996,27.87341836734694,11.571534229119603,2020,8,4,Monsoon,Delhi,33.0
2020-08-14,6.790909090909091,20.25555555555556,7.953333333333333,6.21090909090909,24.65909090909091,350.0,28.9,86,7.3,21.2,994.9,7.62,11.2,11.845757575757574,13.625,8.5369696969697,10.41639880952381,3.8823190243156724,2020,8,4,Monsoon,Kolkata,6.472727272727273
2020-08-14,12.8,36.913125,11.321666666666664,6.550000000000001,5.515000000000001,167.08333333333331,25.7,92,57.1,27.6,1002.1,9.86,7.158388888888888,9.782727272727271,8.321428571428571,9.939462962962983,10.222213203463204,2.005472227425803,2020,8,4,Monsoon,Mumbai,17.165526315789474
2020-08-15,21.931666666666665,50.16666666666666,9.32,7.15,14.225,313.0,22.0,81,0.2,27.1,908.6,23.93,24.28833333333333,21.125,18.2,23.38333333333333,20.826960317460316,2.967067873535649,2020,8,5,Monsoon,Bengaluru,24.0
2020-08-15,26.70833333333333,58.61818181818182,8.143181818181818,2.3395454545454544,41.15681818181818,616.3636363636364,28.7,74,0.0,16.3,1003.2,30.947222222222223,37.67444444444445,21.0275,20.25190476190476,31.77666666666666,26.089238095238095,7.508117242112786,2020,8,5,Monsoon,Chennai,29.75264705882353
2020-08-15,33.0,57.91666666666667,16.38,6.826477272727272,14.734204545454546,647.5,28.9,86,2.6,14.6,972.9,19.75,18.0,14.4125,42.4,23.58333333333333,26.530561224489798,10.05020592373928,2020,8,5,Monsoon,Delhi,20.75
2020-08-15,6.472727272727273,16.3575,7.536363636363637,6.213333333333334,25.886666666666667,262.5,28.2,87,5.3,23.1,993.0,6.790909090909091,7.62,11.2,18.11875,6.961212121212125,8.752681277056277,2.1324885764918973,2020,8,5,Monsoon,Kolkata,9.05
2020-08-15,17.165526315789474,37.623333333333335,9.735454545454546,5.755454545454546,5.98,181.8181818181818,25.9,92,48.6,25.6,1002.0,12.8,9.86,7.158388888888888,8.474444444444444,13.275175438596511,11.463796327941067,3.1223846091766743,2020,8,5,Monsoon,Mumbai,15.46
2020-08-16,24.0,57.333333333333336,12.133333333333336,6.928333333333333,14.358333333333333,250.0,21.8,83,1.7,26.8,909.2,21.931666666666665,23.93,24.28833333333333,16.11111111111111,23.287222222222223,21.953944444444442,2.300697181639813,2020,8,6,Monsoon,Bengaluru,20.54357142857143
2020-08-16,29.75264705882353,67.2575,8.0925,3.5700000000000003,39.59,735.0,28.3,72,1.4,13.0,1003.9,26.70833333333333,30.947222222222223,37.67444444444445,17.19666666666667,29.136067538126355,27.882949579831937,6.4556419706635175,2020,8,6,Monsoon,Chennai,41.72916666666667
2020-08-16,20.75,45.46333333333333,18.566666666666663,8.366666666666667,17.85,745.8333333333333,28.7,87,6.2,14.2,974.1,33.0,19.75,18.0,27.75,24.499999999999996,25.530561224489798,10.254817500409597,2020,8,6,Monsoon,Delhi,27.403333333333336
2020-08-16,9.05,21.6,8.753333333333334,6.933333333333334,32.97,370.0,28.6,85,6.5,21.7,995.2,6.472727272727273,6.790909090909091,7.62,9.501875,7.437878787878792,8.688127705627705,2.1127778798158903,2020,8,6,Monsoon,Kolkata,9.133333333333333
2020-08-16,15.46,52.50083333333333,9.9625,7.359999999999999,4.775,160.0,26.2,91,34.6,23.9,1002.8,17.165526315789474,12.8,9.86,11.978,15.141842105263178,11.961224899369636,3.4753634335669266,2020,8,6,Monsoon,Mumbai,14.456011904761905
2020-08-17,20.54357142857143,41.888888888888886,13.377222222222224,8.23,12.288888888888888,246.0,22.3,84,7.2,25.1,908.8,24.0,21.931666666666665,23.93,18.11111111111111,22.158412698412693,22.301438775510203,1.738570436445675,2020,8,0,Monsoon,Bengaluru,19.51
2020-08-17,41.72916666666667,86.36846153846153,11.488461538461538,4.176153846153846,51.01865384615385,897.6923076923077,28.1,78,2.8,14.9,1003.5,29.75264705882353,26.70833333333333,30.947222222222223,18.598,32.73004901960784,31.187401960784314,6.8205996763507235,2020,8,0,Monsoon,Chennai,21.73333333333333
2020-08-17,27.403333333333336,54.941,22.02857142857143,8.181333333333333,16.483666666666668,846.6666666666667,29.1,86,2.1,14.2,974.4,20.75,33.0,19.75,29.25,27.05111111111111,25.266751700680278,10.16655935008797,2020,8,0,Monsoon,Delhi,33.0
2020-08-17,9.133333333333333,28.025,11.470833333333337,5.9625,21.1725,505.0,28.2,87,4.8,18.6,996.8,9.05,6.472727272727273,6.790909090909091,7.8375,8.218686868686873,8.873246753246752,2.082376020377347,2020,8,0,Monsoon,Kolkata,14.666666666666666
2020-08-17,14.456011904761905,47.46222222222222,10.49875,6.269203296703298,5.386785714285714,211.15384615384616,25.8,91,33.4,23.2,1002.7,15.46,17.165526315789474,12.8,11.501931818181818,15.693846073517145,12.383236340309649,3.5878327359308435,2020,8,0,Monsoon,Mumbai,10.89111111111111
2020-08-18,19.51,41.5,9.375,9.3625,16.855000000000004,227.5,22.0,85,7.9,22.7,909.2,20.54357142857143,24.0,21.931666666666665,20.2915,21.351190476190478,22.189795918367345,1.9061650260039,2020,8,1,Monsoon,Bengaluru,20.083333333333336
2020-08-18,21.73333333333333,17.251666666666665,9.245,4.165,33.160833333333336,775.0,28.9,75,3.3,13.9,1003.6,41.72916666666667,29.75264705882353,26.70833333333333,30.472500000000004,31.071715686274505,29.93894957983193,7.7145033868756325,2020,8,1,Monsoon,Chennai,21.480833333333337
2020-08-18,33.0,67.5,23.14,7.612142857142857,16.944285714285712,900.0,29.8,84,9.7,10.6,975.0,27.403333333333336,20.75,33.0,43.55142857142857,27.05111111111111,23.75940476190476,7.413081135708336,2020,8,1,Monsoon,Delhi,17.93375
2020-08-18,14.666666666666666,28.0,14.066666666666666,6.175,26.89272727272727,410.0,27.8,90,20.9,14.2,997.4,9.133333333333333,9.05,6.472727272727273,11.845757575757574,10.950000000000005,9.276233766233767,2.8754374541470105,2020,8,1,Monsoon,Kolkata,10.316666666666668
2020-08-18,10.89111111111111,35.758,9.412,7.5,5.84,198.88888888888889,25.9,92,17.5,22.5,1004.0,14.456011904761905,15.46,17.165526315789474,9.782727272727271,13.602374338624358,12.541576888650196,3.476673473077227,2020,8,1,Monsoon,Mumbai,7.928571428571429
2020-08-19,20.083333333333336,40.0,10.468333333333334,7.07,8.26,235.0,22.5,83,3.3,22.3,908.6,19.51,20.54357142857143,24.0,21.125,20.04563492063492,22.040986394557823,2.0391654743997663,2020,8,2,Monsoon,Bengaluru,29.3475
2020-08-19,21.480833333333337,28.23333333333333,12.115,2.46,34.12583333333333,871.6666666666666,29.3,72,0.0,15.8,1002.6,21.73333333333333,41.72916666666667,29.75264705882353,21.0275,28.314444444444444,30.00371148459384,7.6286500895410905,2020,8,2,Monsoon,Chennai,27.030833333333334
2020-08-19,17.93375,33.0,22.49320512820513,7.716785714285715,8.9,751.3333333333334,27.1,92,16.7,9.4,974.9,33.0,27.403333333333336,20.75,14.4125,26.11236111111111,24.262440476190477,6.764181914262631,2020,8,2,Monsoon,Delhi,20.18125
2020-08-19,10.316666666666668,16.1,8.63,4.457142857142857,23.346666666666668,403.3333333333333,27.1,91,39.9,26.9,994.8,14.666666666666666,9.133333333333333,9.05,11.2,11.372222222222227,9.150043290043289,2.79520420125926,2020,8,2,Monsoon,Kolkata,5.35
2020-08-19,7.928571428571429,25.512,7.614285714285714,7.533666666666666,5.421666666666667,151.66666666666669,26.4,90,12.1,27.1,1003.5,10.89111111111111,14.456011904761905,15.46,7.158388888888888,11.091898148148166,12.651602965747703,3.2848114304285754,2020,8,2,Monsoon,Mumbai,8.178571428571429
2020-08-20,29.3475,41.66666666666666,4.4,2.765,9.435,792.5,22.2,83,1.0,21.1,908.5,20.083333333333336,19.51,20.54357142857143,24.28833333333333,22.980277777777776,22.76372448979592,3.4065450560901533,2020,8,3,Monsoon,Bengaluru,23.1645
2020-08-20,27.030833333333334,84.96000000000001,10.42,4.54,90.475,1190.0,29.0,76,0.0,14.5,1002.7,21.480833333333337,21.73333333333333,41.72916666666667,37.67444444444445,23.414999999999996,28.483195611577965,6.867700899284308,2020,8,3,Monsoon,Chennai,24.480833333333337
2020-08-20,20.18125,41.5,20.188333333333333,8.51,15.648333333333332,919.8333333333331,26.5,93,8.8,14.3,977.1,17.93375,33.0,27.403333333333336,18.0,23.704999999999995,24.574047619047615,6.471517129187303,2020,8,3,Monsoon,Delhi,18.5
2020-08-20,5.35,12.9,4.6,5.815,27.635,282.5,26.7,91,74.5,29.8,997.0,10.316666666666668,14.666666666666666,9.133333333333333,7.62,10.111111111111116,8.825757575757576,3.115610350204073,2020,8,3,Monsoon,Kolkata,6.533333333333332
2020-08-20,8.178571428571429,29.86541666666667,8.11,9.0,5.1,285.0,26.0,92,36.8,20.8,1002.7,7.928571428571429,10.89111111111111,14.456011904761905,9.86,8.999417989418008,12.41139888411505,3.57190413293378,2020,8,3,Monsoon,Mumbai,6.066666666666666
2020-08-21,23.1645,43.333333333333336,10.5555,4.865,10.61,665.5,22.6,82,0.8,21.2,910.1,29.3475,20.083333333333336,19.51,23.93,24.198444444444444,22.654367346938777,3.3750062929831204,2020,8,4,Monsoon,Bengaluru,22.75
2020-08-21,24.480833333333337,76.19,10.26,4.98,100.46,990.0,29.2,80,0.9,16.9,1004.9,27.030833333333334,21.480833333333337,21.73333333333333,30.947222222222223,24.33083333333333,27.55942577030812,6.9157539415821905,2020,8,4,Monsoon,Chennai,22.059166666666663
2020-08-21,18.5,46.42454545454545,21.790681818181817,8.541363636363636,18.34730769230769,900.4545454545455,28.6,79,0.2,18.9,978.4,20.18125,17.93375,33.0,19.75,18.87166666666666,24.395476190476188,6.641819636240417,2020,8,4,Monsoon,Delhi,14.07
2020-08-21,6.533333333333332,5.533333333333334,4.533333333333334,1.4916666666666665,12.906666666666666,150.0,26.9,91,15.6,23.7,1002.0,5.35,10.316666666666668,14.666666666666666,6.790909090909091,7.400000000000005,8.78896103896104,3.14503020072715,2020,8,4,Monsoon,Kolkata,18.38
2020-08-21,6.066666666666666,18.97,7.119999999999999,15.9555,3.8225,492.5,26.1,92,42.8,22.8,1003.6,8.178571428571429,7.928571428571429,10.89111111111111,12.8,7.39126984126986,11.449494122210286,4.2852223881663205,2020,8,4,Monsoon,Mumbai,8.474444444444444
2020-08-22,22.75,45.0,12.725,6.45,12.82,82.98,23.0,83,3.9,15.1,911.0,23.1645,29.3475,20.083333333333336,21.931666666666665,25.087333333333333,22.771272108843537,3.3599401565510982,2020,8,5,Monsoon,Bengaluru,15.0
2020-08-22,22.059166666666663,71.7,5.095,4.52,48.9375,575.0,28.9,82,6.3,16.8,1006.0,24.480833333333337,27.030833333333334,21.480833333333337,26.70833333333333,24.523611111111105,26.895259103641454,7.227339134912136,2020,8,5,Monsoon,Chennai,17.29
2020-08-22,14.07,46.0,18.56571428571429,7.3,16.0,686.25,28.6,75,0.1,26.6,977.8,18.5,20.18125,17.93375,33.0,17.583749999999995,21.691190476190478,6.404010572577314,2020,8,5,Monsoon,Delhi,16.375
2020-08-22,18.38,41.35,33.7,6.5,8.0,855.0,27.4,90,17.9,16.2,1002.9,6.533333333333332,5.35,10.316666666666668,6.472727272727273,10.08777777777778,10.489999999999998,4.577401818434293,2020,8,5,Monsoon,Kolkata,26.3
2020-08-22,8.474444444444444,39.340555555555554,4.99,7.87,4.15,836.3888888888889,26.4,91,14.1,24.6,1004.6,6.066666666666666,8.178571428571429,7.928571428571429,17.165526315789474,7.573227513227532,10.207910997732426,3.548849143465953,2020,8,5,Monsoon,Mumbai,7.5
2020-08-23,15.0,29.0,7.35,8.9,22.3,0.56,23.1,84,2.1,14.8,910.8,22.75,23.1645,29.3475,24.0,20.30483333333333,21.485557823129252,4.378863180502873,2020,8,6,Monsoon,Bengaluru,22.4
2020-08-23,17.29,33.09,8.74,4.3100000000000005,62.58,1360.0,28.5,83,7.1,19.9,1005.9,22.059166666666663,24.480833333333337,27.030833333333334,29.75264705882353,21.27666666666666,25.11488095238095,7.909010661027316,2020,8,6,Monsoon,Chennai,9.958333333333334
2020-08-23,16.375,37.5,11.6,8.2,29.280625,600.0,28.1,81,2.0,25.0,976.5,14.07,18.5,20.18125,20.75,16.314999999999998,21.066190476190478,6.717015398086149,2020,8,6,Monsoon,Delhi,15.0
2020-08-23,26.3,47.8,16.96,6.0,43.5,430.0,27.3,92,18.2,9.5,1001.6,18.38,6.533333333333332,5.35,9.05,17.071111111111115,12.954285714285716,7.428427557621744,2020,8,6,Monsoon,Kolkata,27.06
2020-08-23,7.5,25.045,3.22,11.954285714285714,11.715714285714284,660.0,26.5,89,8.6,27.2,1005.0,8.474444444444444,6.066666666666666,8.178571428571429,15.46,7.3470370370370555,9.07076814058957,2.7767687276015853,2020,8,6,Monsoon,Mumbai,9.458333333333334
2020-08-24,22.4,49.2,14.28,6.949999999999999,16.551000000000002,404.5,22.5,86,3.4,13.0,911.0,15.0,22.75,23.1645,20.54357142857143,20.049999999999997,21.750761904761905,4.3685083307365575,2020,8,0,Monsoon,Bengaluru,27.0
2020-08-24,9.958333333333334,45.194,9.001999999999999,4.89,73.726,1215.5,27.7,83,9.7,14.3,1006.4,17.29,22.059166666666663,24.480833333333337,41.72916666666667,16.435833333333324,20.576190476190476,5.549822295644065,2020,8,0,Monsoon,Chennai,51.85458333333333
2020-08-24,15.0,33.39,18.875,8.959999999999999,16.675,618.4615384615385,27.7,82,0.8,23.8,976.7,16.375,14.07,18.5,27.403333333333336,15.148333333333328,19.294285714285714,6.394939888348183,2020,8,0,Monsoon,Delhi,14.083333333333334
2020-08-24,27.06,49.59666666666666,21.486666666666668,6.088333333333333,22.831166666666665,620.8333333333333,28.0,90,19.0,7.6,1000.6,26.3,18.38,6.533333333333332,9.133333333333333,23.913333333333338,15.515238095238095,8.846386970614647,2020,8,0,Monsoon,Kolkata,18.978571428571428
2020-08-24,9.458333333333334,37.5,8.421666666666667,7.424166666666666,5.223333333333333,371.6666666666666,26.9,87,8.0,27.9,1005.6,7.5,8.474444444444444,6.066666666666666,14.456011904761905,8.477592592592613,8.356814058956916,1.518985997512073,2020,8,0,Monsoon,Mumbai,13.675
2020-08-25,27.0,64.33333333333333,16.475,7.29125,21.775,585.0,23.7,74,0.0,9.7,911.8,22.4,15.0,22.75,19.51,21.466666666666665,22.820761904761905,4.63721139049744,2020,8,1,Monsoon,Bengaluru,26.666666666666668
2020-08-25,51.85458333333333,76.38333333333334,12.25,4.233333333333333,41.23708333333333,940.0,28.2,83,3.3,10.9,1006.9,9.958333333333334,17.29,22.059166666666663,21.73333333333333,26.36763888888888,24.879226190476192,13.116079385652093,2020,8,1,Monsoon,Chennai,34.6
2020-08-25,14.083333333333334,50.278666666666666,18.87333333333333,7.87,17.486,710.625,28.5,80,0.9,16.5,978.7,15.0,16.375,14.07,33.0,15.152777777777773,16.59190476190476,2.364984778171601,2020,8,1,Monsoon,Delhi,15.945
2020-08-25,18.978571428571428,36.50357142857143,17.98392857142857,6.34875,39.91075,400.25,28.3,89,34.1,20.3,999.7,27.06,26.3,18.38,14.666666666666666,24.11285714285715,16.13122448979592,8.927204715956643,2020,8,1,Monsoon,Kolkata,9.593333333333334
2020-08-25,13.675,44.719,10.36375,10.278,4.611750000000001,441.1428571428571,27.0,86,3.6,25.8,1007.9,9.458333333333334,7.5,8.474444444444444,10.89111111111111,10.21111111111113,8.754512471655328,2.401291413890231,2020,8,1,Monsoon,Mumbai,11.766666666666667
2020-08-26,26.666666666666668,66.0,16.53333333333333,8.606666666666666,9.228333333333332,565.0,23.6,78,0.0,10.7,911.6,27.0,22.4,15.0,20.083333333333336,25.355555555555554,23.761238095238095,4.657044428979885,2020,8,2,Monsoon,Bengaluru,26.25
2020-08-26,34.6,34.663333333333334,8.565,3.856666666666667,36.63333333333333,385.0,28.5,85,3.7,12.7,1006.5,51.85458333333333,9.958333333333334,17.29,21.480833333333337,32.13763888888889,26.75339285714286,13.48175368963363,2020,8,2,Monsoon,Chennai,29.771363636363635
2020-08-26,15.945,50.41666666666667,22.33333333333333,6.25,14.81,710.0,29.0,79,0.9,12.2,979.9,14.083333333333334,15.0,16.375,17.93375,15.00944444444444,16.30779761904762,2.2953517179116303,2020,8,2,Monsoon,Delhi,19.666666666666668
2020-08-26,9.593333333333334,21.75,12.083333333333334,5.154999999999999,24.121666666666663,372.5,27.2,89,10.5,24.3,997.4,18.978571428571428,27.06,26.3,10.316666666666668,18.54396825396826,16.027891156462584,9.009532894795239,2020,8,2,Monsoon,Kolkata,9.116666666666667
2020-08-26,11.766666666666667,37.8,10.35,8.200000000000001,4.920833333333333,622.5,26.9,86,4.7,21.7,1008.2,13.675,9.458333333333334,7.5,7.928571428571429,11.633333333333354,9.30281179138322,2.61035348839684,2020,8,2,Monsoon,Mumbai,9.39125
2020-08-27,26.25,55.0,12.35,8.1775,18.56833333333333,531.25,23.1,76,0.1,14.0,910.5,26.666666666666668,27.0,22.4,29.3475,26.638888888888886,23.318738095238096,4.158231733180091,2020,8,3,Monsoon,Bengaluru,22.24033333333333
2020-08-27,29.771363636363635,51.07555555555555,13.88,5.22,53.212500000000006,1100.0,28.7,82,1.5,13.7,1005.4,34.6,51.85458333333333,9.958333333333334,27.030833333333334,38.74198232323232,27.144897186147187,13.530855726922187,2020,8,3,Monsoon,Chennai,28.66
2020-08-27,19.666666666666668,54.6,24.72222222222222,7.291428571428573,11.44285714285714,850.0,28.7,80,1.1,12.5,979.4,15.945,14.083333333333334,15.0,20.18125,16.564999999999994,16.234285714285715,2.1545446921981295,2020,8,3,Monsoon,Delhi,30.236944444444443
2020-08-27,9.116666666666667,19.16111111111111,8.251666666666667,5.588888888888889,23.26944444444445,287.7777777777778,27.0,91,9.7,20.6,1000.5,9.593333333333334,18.978571428571428,27.06,5.35,12.562857142857148,16.56598639455782,8.354150035527775,2020,8,3,Monsoon,Kolkata,13.925
2020-08-27,9.39125,30.381666666666664,7.061,11.555833333333332,5.34,227.5,26.0,91,9.8,17.6,1007.2,11.766666666666667,13.675,9.458333333333334,8.178571428571429,11.61097222222224,9.476051587301587,2.563119607738867,2020,8,3,Monsoon,Mumbai,7.248235294117647
2020-08-28,22.24033333333333,56.7,8.9,7.0625,14.3,148.47,23.4,72,0.0,13.9,909.8,26.25,26.666666666666668,27.0,23.1645,25.052333333333333,23.186714285714285,4.178566387280517,2020,8,4,Monsoon,Bengaluru,26.166666666666668
2020-08-28,28.66,38.71,6.330909090909091,6.47,61.20560606060606,973.6363636363636,28.7,80,2.3,14.6,1004.5,29.771363636363635,34.6,51.85458333333333,24.480833333333337,31.01045454545454,27.741920995670995,13.48584182601272,2020,8,4,Monsoon,Chennai,29.929166666666667
2020-08-28,30.236944444444443,75.08263157894737,24.223333333333336,7.609999999999999,15.34375,925.0,28.5,84,2.8,13.2,977.6,19.666666666666668,15.945,14.083333333333334,18.5,21.949537037037032,17.910992063492063,5.760699581396252,2020,8,4,Monsoon,Delhi,33.5
2020-08-28,13.925,34.51875,7.2375,6.381666666666667,33.55428571428571,388.125,28.4,85,2.6,19.9,1001.1,9.116666666666667,9.593333333333334,18.978571428571428,6.533333333333332,10.87833333333334,17.621938775510205,7.271707394302498,2020,8,4,Monsoon,Kolkata,18.25
2020-08-28,7.248235294117647,21.484523809523807,6.792692307692308,10.125539215686276,4.825166666666667,296.5,25.7,92,29.7,20.1,1005.5,9.39125,11.766666666666667,13.675,6.066666666666666,9.468717320261456,9.644847105508871,2.3294244336247427,2020,8,4,Monsoon,Mumbai,11.0
2020-08-29,26.166666666666668,67.0,9.575,7.135,18.325,248.58166666666668,23.5,75,0.3,15.7,910.0,22.24033333333333,26.25,26.666666666666668,22.75,24.885666666666662,23.674809523809525,4.316330239387419,2020,8,5,Monsoon,Bengaluru,19.9
2020-08-29,29.929166666666667,55.833333333333336,9.3,6.75,39.4175,505.0,28.7,82,2.0,13.6,1004.7,28.66,29.771363636363635,34.6,22.059166666666663,29.453510101010096,28.866206709956707,13.259272207449445,2020,8,5,Monsoon,Chennai,37.75
2020-08-29,33.5,77.90222222222222,23.081818181818186,7.975,29.864545454545457,718.3333333333333,28.5,83,1.8,14.2,977.3,30.236944444444443,19.666666666666668,15.945,14.07,27.801203703703703,20.686706349206354,7.889294199988829,2020,8,5,Monsoon,Delhi,15.0
2020-08-29,18.25,42.97625,13.0625,4.85,35.03794642857143,323.33333333333337,29.3,84,0.6,17.6,1002.1,13.925,9.116666666666667,9.593333333333334,18.38,13.763888888888895,17.603367346938775,7.269614391034783,2020,8,5,Monsoon,Kolkata,25.2
2020-08-29,11.0,21.5,9.6025,11.913333333333334,4.928333333333334,411.25,25.5,93,34.5,21.0,1004.8,7.248235294117647,9.39125,11.766666666666667,8.474444444444444,9.213161764705902,10.00564075630252,2.313464275390833,2020,8,5,Monsoon,Mumbai,10.0
2020-08-30,19.9,54.16666666666666,14.6,6.96,12.2,393.33333333333337,23.6,79,5.1,12.5,910.4,26.166666666666668,22.24033333333333,26.25,15.0,22.768999999999995,24.374809523809525,2.809243880458715,2020,8,6,Monsoon,Bengaluru,20.875
2020-08-30,37.75,67.99666666666667,7.258333333333334,5.58,56.63333333333333,610.0,28.6,83,6.8,12.8,1005.3,29.929166666666667,28.66,29.771363636363635,17.29,32.113055555555555,31.789063852813854,12.51639831789455,2020,8,6,Monsoon,Chennai,28.454444444444444
2020-08-30,15.0,42.5,13.05,7.325,19.735416666666666,550.0,27.9,79,2.4,29.3,976.9,33.5,30.236944444444443,19.666666666666668,16.375,26.245648148148145,20.49027777777778,8.030395445000071,2020,8,6,Monsoon,Delhi,11.66060606060606
2020-08-30,25.2,41.45,9.71,5.4,28.92,330.0,29.6,85,3.2,12.7,1002.6,18.25,13.925,9.116666666666667,26.3,19.125000000000004,17.446224489795917,7.059134878373887,2020,8,6,Monsoon,Kolkata,27.89727272727273
2020-08-30,10.0,27.75,4.945,14.24,4.49,260.0,25.8,92,21.6,24.1,1005.0,11.0,7.248235294117647,9.39125,7.5,9.416078431372569,10.362783613445377,2.038857555784946,2020,8,6,Monsoon,Mumbai,9.990454545454543
2020-08-31,20.875,42.2,12.54,7.369545454545454,22.83225,291.25,23.2,81,4.7,12.0,911.0,19.9,26.166666666666668,22.24033333333333,22.4,22.313888888888886,24.15695238095238,3.037753253753237,2020,8,0,Monsoon,Bengaluru,20.0
2020-08-31,28.454444444444444,36.75,4.692727272727273,4.693636363636364,48.63848484848485,815.4545454545455,28.5,81,7.2,16.3,1005.7,37.75,29.929166666666667,28.66,9.958333333333334,32.04453703703703,34.431365440115435,8.422469441419393,2020,8,0,Monsoon,Chennai,23.04083333333333
2020-08-31,11.66060606060606,35.54222222222222,16.39,8.3,16.65111111111111,506.0,27.9,77,1.5,21.3,979.1,15.0,33.5,30.236944444444443,15.0,20.05353535353535,20.013221500721503,8.496571658949444,2020,8,0,Monsoon,Delhi,14.041666666666668
2020-08-31,27.89727272727273,50.260000000000005,12.683333333333332,5.245,38.085,412.5,30.2,85,2.1,8.2,1002.7,25.2,18.25,13.925,27.06,23.782424242424252,17.565834879406307,7.253595597711023,2020,8,0,Monsoon,Kolkata,21.146666666666665
2020-08-31,9.990454545454543,27.084285714285716,6.708318181818182,9.71035714285714,4.474722222222223,277.77777777777777,26.2,90,14.4,21.8,1007.0,10.0,11.0,7.248235294117647,9.458333333333334,10.330151515151533,10.438800929462696,2.0092199562692254,2020,8,0,Monsoon,Mumbai,13.272282051282051
2020-09-01,20.0,49.5,9.086666666666666,7.882083333333333,20.146,220.0,22.6,87,6.6,16.4,910.8,20.875,19.9,26.166666666666668,27.0,20.25833333333333,23.15695238095238,3.0974452461521493,2020,9,1,Monsoon,Bengaluru,20.0
2020-09-01,23.04083333333333,40.0875,2.38,3.315,33.548750000000005,790.0,27.9,85,12.4,13.7,1005.5,28.454444444444444,37.75,29.929166666666667,51.85458333333333,29.74842592592592,30.31511544011544,4.711670801202904,2020,9,1,Monsoon,Chennai,21.74440476190476
2020-09-01,14.041666666666668,44.473,17.596111111111114,9.223307692307692,21.21777777777778,500.0,28.5,75,1.3,11.5,980.7,11.66060606060606,15.0,33.5,14.083333333333334,13.567424242424238,20.00726911976912,8.501431498836906,2020,9,1,Monsoon,Delhi,20.444444444444443
2020-09-01,21.146666666666665,43.62142857142857,15.87,6.055555555555555,31.56,685.0,27.8,92,15.6,6.9,1003.5,27.89727272727273,25.2,18.25,18.978571428571428,24.747979797979806,17.87556277056277,7.369338581086976,2020,9,1,Monsoon,Kolkata,12.35
2020-09-01,13.272282051282051,36.705,8.60425,11.044545454545457,4.302857142857143,322.22222222222223,26.2,91,3.7,13.0,1008.5,9.990454545454543,10.0,11.0,13.675,11.087578865578884,10.38126979393156,1.904129329409055,2020,9,1,Monsoon,Mumbai,22.782666666666668
2020-09-02,20.0,21.0,7.8,6.15,13.375,325.0,22.0,90,19.9,17.4,909.7,20.0,20.875,19.9,26.666666666666668,20.291666666666664,22.20457142857143,2.8537708952807983,2020,9,2,Monsoon,Bengaluru,22.52125
2020-09-02,21.74440476190476,43.25428571428571,1.9614285714285715,5.647142857142858,79.91642857142857,849.2857142857143,27.7,85,17.0,13.2,1005.1,23.04083333333333,28.454444444444444,37.75,34.6,24.413227513227508,28.478601834673263,5.239058769007502,2020,9,2,Monsoon,Chennai,27.75
2020-09-02,20.444444444444443,67.4,23.03,9.573333333333332,26.14133333333333,743.6363636363636,28.8,76,0.8,11.2,982.5,14.041666666666668,11.66060606060606,15.0,15.945,15.382239057239053,20.650046897546897,8.311066659764945,2020,9,2,Monsoon,Delhi,36.416
2020-09-02,12.35,29.74117647058824,15.08058823529412,4.972380952380952,10.921194852941175,357.7941176470588,27.5,89,9.7,13.8,1005.5,21.146666666666665,27.89727272727273,25.2,9.593333333333334,20.464646464646467,18.269372294372296,6.912474528336433,2020,9,2,Monsoon,Kolkata,13.336
2020-09-02,22.782666666666668,55.00367647058823,11.383,14.320128205128205,7.785625,455.4166666666666,27.0,87,2.4,18.3,1007.8,13.272282051282051,9.990454545454543,10.0,11.766666666666667,15.348467754467771,11.954984079645843,5.103814494202133,2020,9,2,Monsoon,Mumbai,18.30829365079365
2020-09-03,22.52125,35.3,15.28,7.075,15.058000000000002,564.5,22.8,86,16.8,8.5,909.4,20.0,20.0,20.875,26.25,20.840416666666666,21.671892857142858,2.2587835112573162,2020,9,3,Monsoon,Bengaluru,24.736964285714286
2020-09-03,27.75,40.21866666666666,2.7743333333333333,9.062666666666669,45.998666666666665,747.3333333333333,27.8,83,0.3,13.2,1005.5,21.74440476190476,23.04083333333333,28.454444444444444,29.771363636363635,24.17841269841269,28.189835600907028,5.211563212445975,2020,9,3,Monsoon,Chennai,20.970714285714287
2020-09-03,36.416,77.75,23.959090909090907,7.881578947368421,20.8,800.4347826086956,28.5,83,5.4,17.4,983.1,20.444444444444443,14.041666666666668,11.66060606060606,19.666666666666668,23.634037037037032,23.0428088023088,10.181388641032264,2020,9,3,Monsoon,Delhi,36.94444444444444
2020-09-03,13.336,29.99090909090909,12.379166666666668,5.6068181818181815,11.33,395.0,27.9,88,3.9,13.2,1006.9,12.35,21.146666666666665,27.89727272727273,9.116666666666667,15.610888888888894,18.872134199134198,6.119868096618049,2020,9,3,Monsoon,Kolkata,16.0805
2020-09-03,18.30829365079365,67.85849282296651,11.372443609022556,10.541904761904762,7.818000000000001,446.7857142857143,27.5,87,1.2,15.0,1006.7,22.782666666666668,13.272282051282051,9.990454545454543,9.39125,18.12108078958081,13.228847458330652,5.457811665710413,2020,9,3,Monsoon,Mumbai,28.6255
2020-09-04,24.736964285714286,58.15384615384615,11.115384615384617,7.683,18.70555555555556,420.3409090909091,23.4,83,3.1,13.0,909.3,22.52125,20.0,20.0,22.24033333333333,22.419404761904758,22.02855442176871,2.542757810261378,2020,9,4,Monsoon,Bengaluru,33.800384615384615
2020-09-04,20.970714285714287,31.387857142857143,3.14,4.650714285714286,51.15607142857142,835.7142857142857,27.7,84,3.2,15.1,1005.5,27.75,21.74440476190476,23.04083333333333,28.66,23.488373015873012,27.091366213151925,5.865301352507697,2020,9,4,Monsoon,Chennai,2.645833333333333
2020-09-04,36.94444444444444,71.35722222222222,22.283522727272725,9.9375,24.855555555555554,736.4285714285714,28.9,81,2.5,15.5,982.1,36.416,20.444444444444443,14.041666666666668,30.236944444444443,31.26829629629629,24.00102308802309,11.232665990510787,2020,9,4,Monsoon,Delhi,30.523529411764702
2020-09-04,16.0805,36.4965,15.152941176470586,5.720000000000001,18.688333333333333,341.25,28.8,84,1.3,10.8,1005.6,13.336,12.35,21.146666666666665,13.925,13.922166666666671,19.180062770562774,5.87894630300701,2020,9,4,Monsoon,Kolkata,14.541666666666666
2020-09-04,28.6255,69.225375,17.70407120743034,12.61905882352941,11.126428571428573,581.4285714285714,28.0,88,3.3,13.2,1005.9,18.30829365079365,22.782666666666668,13.272282051282051,7.248235294117647,23.238820105820125,16.282742416313845,7.242599853178689,2020,9,4,Monsoon,Mumbai,33.50861111111111
2020-09-05,33.800384615384615,57.5,6.0,7.016666666666667,20.43,438.33333333333337,23.4,85,5.4,12.6,908.9,24.736964285714286,22.52125,20.0,26.166666666666668,27.019532967032962,23.119085557299844,5.031913316405015,2020,9,5,Monsoon,Bengaluru,41.3
2020-09-05,2.645833333333333,35.82,3.42,5.025,84.66499999999999,965.0,28.1,84,0.9,15.3,1004.8,20.970714285714287,27.75,21.74440476190476,29.929166666666667,17.122182539682537,23.193747165532876,10.72070804888182,2020,9,5,Monsoon,Chennai,11.583333333333334
2020-09-05,30.523529411764702,81.90705882352941,29.1,9.043235294117649,20.00632575757576,783.3333333333334,28.3,85,9.6,9.0,980.4,36.94444444444444,36.416,20.444444444444443,33.5,34.62799128540304,23.575813003989474,10.863421902469296,2020,9,5,Monsoon,Delhi,31.0
2020-09-05,14.541666666666666,30.991666666666664,6.875,5.502727272727273,15.893333333333333,233.33333333333331,29.4,83,1.7,16.2,1003.8,16.0805,13.336,12.35,18.25,14.652722222222225,18.650300865800865,6.138094516095523,2020,9,5,Monsoon,Kolkata,11.275
2020-09-05,33.50861111111111,56.5,25.55,13.357,11.6925,485.0,28.0,88,0.6,13.5,1005.4,28.6255,18.30829365079365,22.782666666666668,11.0,26.814134920634938,19.49825828932972,9.230185122245572,2020,9,5,Monsoon,Mumbai,59.212
2020-09-06,41.3,76.5,10.25,7.160625,18.245,398.75,23.6,85,11.1,13.8,908.8,33.800384615384615,24.736964285714286,22.52125,19.9,33.2791163003663,26.1762284144427,8.232873037884923,2020,9,6,Monsoon,Bengaluru,12.834285714285716
2020-09-06,11.583333333333334,40.265,2.7725,2.12375,70.56125,656.25,28.3,82,4.3,23.4,1004.5,2.645833333333333,20.970714285714287,27.75,37.75,11.733293650793646,19.45565192743764,9.261976095184943,2020,9,6,Monsoon,Chennai,14.634166666666664
2020-09-06,31.0,53.30428571428572,20.367857142857144,7.7,25.4,570.0,28.2,86,5.3,9.2,979.3,30.523529411764702,36.94444444444444,36.416,15.0,32.82265795206971,25.86152728970376,10.433009855639348,2020,9,6,Monsoon,Delhi,36.0
2020-09-06,11.275,32.0,12.348333333333334,8.85,38.7,244.28571428571428,29.4,85,4.5,17.8,1003.2,14.541666666666666,16.0805,13.336,25.2,13.965722222222226,16.66101515151515,5.91400775380307,2020,9,6,Monsoon,Kolkata,8.531666666666666
2020-09-06,59.212,113.68333333333334,17.64875,11.825,6.595,650.25,28.0,91,10.1,13.6,1004.6,33.50861111111111,28.6255,18.30829365079365,10.0,40.44870370370372,26.52854400361543,16.59401425165677,2020,9,6,Monsoon,Mumbai,14.720378787878788
2020-09-07,12.834285714285716,29.0,8.8,8.516428571428573,29.54,306.6666666666667,22.9,86,6.1,21.9,909.6,41.3,33.800384615384615,24.736964285714286,20.875,29.31155677655677,25.02755494505494,9.551173120659447,2020,9,0,Monsoon,Bengaluru,13.526666666666666
2020-09-07,14.634166666666664,28.43166666666667,4.74,4.2683333333333335,49.34583333333334,889.1666666666666,28.0,83,1.9,11.8,1004.9,11.583333333333334,2.645833333333333,20.970714285714287,28.454444444444444,9.621111111111105,17.481326530612243,8.462544289145653,2020,9,0,Monsoon,Chennai,12.28753787878788
2020-09-07,36.0,72.75,33.6,7.736363636363635,22.94833333333333,900.0,28.7,83,4.5,7.9,979.9,31.0,30.523529411764702,36.94444444444444,11.66060606060606,32.507843137254895,29.338583566760036,8.846648994137798,2020,9,0,Monsoon,Delhi,28.45
2020-09-07,8.531666666666666,23.522222222222226,7.95,10.975,20.77,227.5,29.5,83,4.4,16.1,1003.8,11.275,14.541666666666666,16.0805,27.89727272727273,11.449444444444447,13.894499999999999,4.002301549663964,2020,9,0,Monsoon,Kolkata,15.670714285714286
2020-09-07,14.720378787878788,39.51833333333333,16.105,13.497272727272728,10.7725,393.1818181818182,27.4,88,2.7,19.8,1006.0,59.212,33.50861111111111,28.6255,9.990454545454543,35.81366329966332,27.20424746681889,15.889704164174113,2020,9,0,Monsoon,Mumbai,16.702857142857145
2020-09-08,13.526666666666666,26.0,10.683333333333332,5.61,18.926,404.44444444444446,23.2,85,12.5,12.0,910.0,12.834285714285716,41.3,33.800384615384615,20.0,22.55365079365079,24.102793040293044,10.395169377229784,2020,9,1,Monsoon,Bengaluru,16.791666666666664
2020-09-08,12.28753787878788,33.94833333333333,2.97,4.333333333333333,74.85833333333333,898.3333333333334,28.8,80,5.3,10.5,1005.2,14.634166666666664,11.583333333333334,2.645833333333333,23.04083333333333,12.835012626262623,15.94514146567718,8.258694487919193,2020,9,1,Monsoon,Chennai,17.806304347826085
2020-09-08,28.45,68.0,20.678,6.771428571428571,23.254583333333336,700.0,29.3,79,0.4,8.2,980.5,36.0,31.0,30.523529411764702,14.041666666666668,31.816666666666663,31.39691690009337,5.869638715200056,2020,9,1,Monsoon,Delhi,49.909375
2020-09-08,15.670714285714286,28.360384615384618,9.732142857142858,6.828571428571429,22.78792857142857,425.3571428571429,29.1,87,8.1,11.6,1004.2,8.531666666666666,11.275,14.541666666666666,21.146666666666665,11.825793650793656,13.112221088435376,2.6579377947940723,2020,9,1,Monsoon,Kolkata,24.8807196969697
2020-09-08,16.702857142857145,40.45333333333333,15.02474358974359,13.450769230769232,4.968076923076923,327.11538461538464,27.1,89,12.4,14.3,1006.6,14.720378787878788,59.212,33.50861111111111,13.272282051282051,30.211745310245334,27.694329622758193,15.434779262590297,2020,9,1,Monsoon,Mumbai,19.64090909090909
2020-09-09,16.791666666666664,20.666666666666668,9.745833333333334,6.895,13.435,453.030303030303,22.6,88,18.1,16.0,909.2,13.526666666666666,12.834285714285716,41.3,20.0,14.384206349206345,23.644459706959704,10.673225459815495,2020,9,2,Monsoon,Bengaluru,11.5
2020-09-09,17.806304347826085,26.044,6.34,4.085,42.8135,835.0,28.1,84,5.3,14.6,1004.4,12.28753787878788,14.634166666666664,11.583333333333334,21.74440476190476,14.909336297760206,15.38255569223737,7.925204109845791,2020,9,2,Monsoon,Chennai,15.119166666666668
2020-09-09,49.909375,118.63636363636364,28.606250000000003,8.35423076923077,13.604444444444445,998.125,29.8,74,0.0,14.2,980.2,28.45,36.0,31.0,20.444444444444443,38.119791666666664,35.60619269374416,7.134942010296944,2020,9,2,Monsoon,Delhi,45.75
2020-09-09,24.8807196969697,55.51416666666667,13.063636363636364,5.726666666666667,26.76261363636364,431.5,28.4,89,15.7,12.5,1003.5,15.670714285714286,8.531666666666666,11.275,12.35,16.361033549783556,14.902323902288188,5.129540295326037,2020,9,2,Monsoon,Kolkata,13.2
2020-09-09,19.64090909090909,82.98384615384614,8.40090909090909,11.97,5.827692307692308,411.4285714285714,27.9,89,5.1,14.3,1005.0,16.702857142857145,14.720378787878788,59.212,22.782666666666668,17.021381673881695,27.245507111935684,15.645646482085382,2020,9,2,Monsoon,Mumbai,20.39583333333333
2020-09-10,11.5,15.0,8.45,6.85,13.86,411.5,22.0,89,21.8,19.4,907.8,16.791666666666664,13.526666666666666,12.834285714285716,22.52125,13.939444444444439,22.06999542124542,11.636008675053718,2020,9,3,Monsoon,Bengaluru,16.13357142857143
2020-09-10,15.119166666666668,27.1,5.536666666666666,4.233333333333333,59.64666666666666,770.0,28.0,83,2.2,17.2,1002.7,17.806304347826085,12.28753787878788,14.634166666666664,27.75,15.071002964426873,13.578150930332608,5.790476669440217,2020,9,3,Monsoon,Chennai,18.931666666666665
2020-09-10,45.75,100.7290909090909,23.48,6.950303030303029,17.4,781.25,29.8,72,0.0,15.0,977.9,49.909375,28.45,36.0,36.416,41.369791666666664,36.93962126517273,8.116230667098193,2020,9,3,Monsoon,Delhi,56.0
2020-09-10,13.2,39.49666666666666,9.02,6.003333333333333,9.36,300.0,28.0,89,17.5,14.2,1001.4,24.8807196969697,15.670714285714286,8.531666666666666,13.336,17.917144660894667,14.882895330859617,5.136714184248351,2020,9,3,Monsoon,Kolkata,11.166666666666666
2020-09-10,20.39583333333333,47.1475,20.3625,15.830555555555556,5.32375,548.75,27.4,89,4.8,12.5,1003.2,19.64090909090909,16.702857142857145,14.720378787878788,18.30829365079365,18.913199855699876,27.54372706658421,15.46576446805516,2020,9,3,Monsoon,Mumbai,20.29375
2020-09-11,16.13357142857143,30.0,9.5,6.65,16.27,360.0,21.7,88,3.5,24.7,908.3,11.5,16.791666666666664,13.526666666666666,24.736964285714286,14.808412698412695,20.84093929879644,11.761055377440949,2020,9,4,Monsoon,Bengaluru,17.07142857142857
2020-09-11,18.931666666666665,40.760000000000005,7.564999999999999,3.47,39.805,750.0,28.5,76,1.1,15.5,1003.2,15.119166666666668,17.806304347826085,12.28753787878788,20.970714285714287,17.285712560386468,13.286858413325804,5.394347331830858,2020,9,4,Monsoon,Chennai,21.212125
2020-09-11,56.0,136.75,28.5,7.5,25.918571428571425,879.0,30.2,69,0.0,12.4,978.2,45.75,49.909375,28.45,36.94444444444444,50.553124999999994,39.661843487394954,10.852524736293278,2020,9,4,Monsoon,Delhi,65.0
2020-09-11,11.166666666666666,27.47,7.94,7.7,17.294,246.66666666666663,28.2,87,11.1,15.3,1002.5,13.2,24.8807196969697,15.670714285714286,16.0805,16.415795454545457,14.180919140383425,5.279547016569436,2020,9,4,Monsoon,Kolkata,7.529999999999999
2020-09-11,20.29375,55.0,6.595,13.515,5.125,510.0,27.1,91,27.5,13.4,1002.6,20.39583333333333,19.64090909090909,16.702857142857145,28.6255,20.11016414141416,26.35347706658421,15.687650625237941,2020,9,4,Monsoon,Mumbai,13.127272727272729
2020-09-12,17.07142857142857,39.0,10.266875,6.774166666666667,14.077142857142858,488.22222222222223,21.2,93,13.2,22.6,910.1,16.13357142857143,11.5,16.791666666666664,33.800384615384615,14.901666666666662,18.45108843537415,10.29738494078064,2020,9,5,Monsoon,Bengaluru,15.45
2020-09-12,21.212125,23.555,7.97375,6.332,33.056875,1101.25,26.8,86,7.0,14.1,1005.5,18.931666666666665,15.119166666666668,17.806304347826085,2.645833333333333,18.420986111111105,15.939185794278186,3.5338470723646482,2020,9,5,Monsoon,Chennai,19.203166666666668
2020-09-12,65.0,156.191,30.385714285714283,9.808333333333334,30.065000000000005,1102.5,30.2,70,0.0,10.1,980.8,56.0,45.75,49.909375,30.523529411764702,55.583333333333336,44.58705357142857,13.51155856800939,2020,9,5,Monsoon,Delhi,67.25
2020-09-12,7.529999999999999,26.61818181818182,8.474,7.284000000000001,15.516,273.0,28.8,86,5.5,15.2,1004.7,11.166666666666666,13.2,24.8807196969697,14.541666666666666,10.632222222222227,13.179252473716758,5.835565297630051,2020,9,5,Monsoon,Kolkata,8.07
2020-09-12,13.127272727272729,21.47475,13.793,14.17,5.926363636363637,367.0454545454545,26.7,88,5.4,39.3,1003.4,20.29375,20.39583333333333,19.64090909090909,33.50861111111111,17.938952020202038,23.44185729746444,16.02606274743186,2020,9,5,Monsoon,Mumbai,12.86
2020-09-13,15.45,32.8,10.3625,7.489166666666667,14.137142857142855,509.4230769230769,20.7,93,22.1,18.9,910.3,17.07142857142857,16.13357142857143,11.5,41.3,16.21833333333333,14.758231292517006,2.148264209297073,2020,9,6,Monsoon,Bengaluru,16.272905982905982
2020-09-13,19.203166666666668,18.641428571428573,7.431666666666666,9.183333333333334,44.3952380952381,909.0,26.1,89,24.6,18.1,1005.4,21.212125,18.931666666666665,15.119166666666668,11.583333333333334,19.78231944444444,17.027733413325805,3.117531604395262,2020,9,6,Monsoon,Chennai,19.87833333333333
2020-09-13,67.25,145.54545454545453,25.379261363636363,7.969999999999999,35.69375,986.3636363636364,30.0,73,0.0,10.1,980.9,65.0,56.0,45.75,31.0,62.75,49.765625,14.356480484472288,2020,9,6,Monsoon,Delhi,71.7202380952381
2020-09-13,8.07,26.388,10.265,5.3020000000000005,12.255384615384616,283.3333333333333,29.0,85,5.8,14.7,1005.0,7.529999999999999,11.166666666666666,13.2,11.275,8.922222222222226,12.721395330859618,6.128264915823673,2020,9,6,Monsoon,Kolkata,7.087922794117647
2020-09-13,12.86,31.4715,5.846428571428572,13.018583333333332,6.338838383838384,286.2237762237762,27.1,83,6.4,25.2,1006.3,13.127272727272729,20.29375,20.39583333333333,59.212,15.427007575757594,16.820143011750154,3.330440847707007,2020,9,6,Monsoon,Mumbai,14.991333333333332
2020-09-14,16.272905982905982,45.7032967032967,9.983571428571429,6.938035714285714,15.043333333333337,657.9761904761905,21.0,89,6.0,21.0,909.3,15.45,17.07142857142857,16.13357142857143,12.834285714285716,16.26477818477818,15.249462759462759,2.024588395557902,2020,9,0,Monsoon,Bengaluru,20.74023809523809
2020-09-14,19.87833333333333,17.5925,11.55,5.12,42.205625,815.0,26.9,81,4.4,16.6,1004.0,19.203166666666668,21.212125,18.931666666666665,14.634166666666664,20.097875,17.77690007999247,3.0763079358906555,2020,9,0,Monsoon,Chennai,23.454166666666666
2020-09-14,71.7202380952381,155.0,23.2578021978022,8.430555555555554,37.719375,830.7692307692307,29.8,77,0.6,10.7,979.8,67.25,65.0,56.0,36.0,67.99007936507935,54.86851615646258,14.982697291900019,2020,9,0,Monsoon,Delhi,69.25
2020-09-14,7.087922794117647,28.774261363636363,9.67048128342246,7.992470588235294,19.292625,364.63235294117646,28.6,87,2.9,15.6,1003.9,8.07,7.529999999999999,11.166666666666666,8.531666666666666,7.562640931372553,12.515146206209758,6.31424581012156,2020,9,0,Monsoon,Kolkata,8.320588235294117
2020-09-14,14.991333333333332,39.0,12.655333333333331,11.345625,6.681333333333333,446.875,26.7,89,7.7,13.3,1006.0,12.86,13.127272727272729,20.29375,14.720378787878788,13.659535353535373,16.858850803957946,3.303434183599191,2020,9,0,Monsoon,Mumbai,13.6375
2020-09-15,20.74023809523809,48.0,10.334038461538462,5.138076923076923,12.365,573.6538461538462,21.7,88,14.4,21.9,909.1,16.272905982905982,15.45,17.07142857142857,13.526666666666666,17.487714692714686,16.27997296354439,2.7184762114757515,2020,9,1,Monsoon,Bengaluru,17.25
2020-09-15,23.454166666666666,39.46083333333333,8.3675,18.1675,40.33291666666666,1032.5,28.1,75,3.8,16.7,1003.9,19.87833333333333,19.203166666666668,21.212125,12.28753787878788,20.84522222222222,19.372132763975156,2.6161966798634078,2020,9,1,Monsoon,Chennai,22.74369047619048
2020-09-15,69.25,153.16666666666666,30.325000000000003,8.74,27.79764705882353,921.6666666666669,30.8,69,0.0,15.0,979.2,71.7202380952381,67.25,65.0,28.45,69.40674603174602,60.69708758503402,10.148650782174505,2020,9,1,Monsoon,Delhi,64.38461538461539
2020-09-15,8.320588235294117,28.641666666666666,9.807083333333331,7.079120879120879,27.03125,377.6923076923077,28.2,89,9.9,12.4,1003.6,7.087922794117647,8.07,7.529999999999999,15.670714285714286,7.826170343137259,11.465128199006873,6.3131759421949925,2020,9,1,Monsoon,Kolkata,9.336153846153849
2020-09-15,13.6375,33.0,12.011238095238095,11.95625,4.94875,515.3846153846154,26.4,90,8.7,12.0,1005.7,14.991333333333332,12.86,13.127272727272729,16.702857142857145,13.829611111111129,16.42094264069264,3.5234094874119184,2020,9,1,Monsoon,Mumbai,14.783333333333331
2020-09-16,17.25,46.0,10.333333333333334,6.788571428571429,16.616666666666667,480.0,22.1,86,11.6,21.5,909.4,20.74023809523809,16.272905982905982,15.45,16.791666666666664,18.087714692714687,16.34544915402058,2.738302076079332,2020,9,2,Monsoon,Bengaluru,16.379166666666666
2020-09-16,22.74369047619048,53.85285714285715,7.326666666666667,4.213571428571429,44.00642857142857,948.5714285714286,28.2,82,4.6,15.7,1004.1,23.454166666666666,19.87833333333333,19.203166666666668,17.806304347826085,22.02539682539682,20.077473639455782,2.7838807724105217,2020,9,2,Monsoon,Chennai,25.5245
2020-09-16,64.38461538461539,162.89166666666665,32.833333333333336,8.181666666666667,24.33333333333333,1013.0,31.4,65,0.0,13.3,978.9,69.25,71.7202380952381,67.25,49.909375,68.45161782661783,62.764979068550495,8.993150804300747,2020,9,2,Monsoon,Delhi,46.4375
2020-09-16,9.336153846153849,24.784615384615385,8.610307692307693,7.791410256410256,21.42477564102564,292.8461538461538,28.7,87,6.2,14.5,1003.2,8.320588235294117,7.087922794117647,8.07,24.8807196969697,8.248221625188542,9.24447593460461,2.2050133809793087,2020,9,2,Monsoon,Kolkata,10.170714285714286
2020-09-16,14.783333333333331,26.60526515151515,11.311401515151516,11.185166666666667,3.179621212121212,595.909090909091,26.4,90,9.3,11.7,1006.0,13.6375,14.991333333333332,12.86,19.64090909090909,14.470722222222241,15.727003246753245,3.2513895394048875,2020,9,2,Monsoon,Mumbai,14.348317307692309
2020-09-17,16.379166666666666,51.333333333333336,9.508333333333333,4.1625000000000005,17.240833333333335,546.25,22.5,83,5.6,20.8,909.9,17.25,20.74023809523809,16.272905982905982,11.5,18.123134920634914,17.04247296354439,1.7374144385801744,2020,9,3,Monsoon,Bengaluru,15.121666666666666
2020-09-17,25.5245,39.274,8.3975,4.337999999999999,57.01025,904.0,28.7,80,1.5,13.2,1004.2,22.74369047619048,23.454166666666666,19.87833333333333,15.119166666666668,23.90745238095238,21.56394982993197,2.4534995690532826,2020,9,3,Monsoon,Chennai,28.603571428571428
2020-09-17,46.4375,119.475,23.177777777777777,8.042857142857143,29.407063492063493,684.7902097902097,31.7,61,0.0,18.5,978.5,64.38461538461539,69.25,71.7202380952381,45.75,60.02403846153845,62.86319335426479,8.777529132607931,2020,9,3,Monsoon,Delhi,42.41666666666667
2020-09-17,10.170714285714286,26.645631868131872,6.890357142857143,6.772142857142857,33.63607142857143,285.29761904761904,29.5,83,0.6,15.3,1002.4,9.336153846153849,8.320588235294117,7.087922794117647,13.2,9.27581878905409,8.811720832563795,1.476104787638431,2020,9,3,Monsoon,Kolkata,11.67
2020-09-17,14.348317307692309,32.163666666666664,11.601,12.662,4.283545454545454,461.5,26.7,89,10.6,14.9,1006.3,14.783333333333331,13.6375,14.991333333333332,20.39583333333333,14.256383547008566,14.863072385947387,2.5267689657330017,2020,9,3,Monsoon,Mumbai,25.083333333333336
2020-09-18,15.121666666666666,25.0,9.675,6.592499999999999,13.12,357.5,22.2,88,10.2,24.1,908.7,16.379166666666666,17.25,20.74023809523809,16.13357142857143,16.25027777777777,16.89791514041514,1.8631858767791156,2020,9,4,Monsoon,Bengaluru,19.894666666666662
2020-09-18,28.603571428571428,47.88,7.6,4.064285714285714,37.28714285714285,1035.7142857142858,28.4,80,11.3,15.3,1002.7,25.5245,22.74369047619048,23.454166666666666,18.931666666666665,25.623920634920626,22.945650510204082,3.3010513735131357,2020,9,4,Monsoon,Chennai,27.88590909090909
2020-09-18,42.41666666666667,113.5730303030303,25.3,7.974615384615385,19.386442307692302,772.1666666666667,32.1,58,0.0,15.6,977.6,46.4375,64.38461538461539,69.25,56.0,51.07959401709402,60.9227171637886,11.596472176849652,2020,9,4,Monsoon,Delhi,58.78666666666667
2020-09-18,11.67,30.68033333333333,10.61875,5.873111111111111,23.43482142857143,378.2142857142857,29.2,86,4.3,12.0,1001.2,10.170714285714286,9.336153846153849,8.320588235294117,11.166666666666666,10.392289377289384,8.883625594468556,1.6156066929837776,2020,9,4,Monsoon,Kolkata,21.98333333333333
2020-09-18,25.083333333333336,50.56916666666667,10.017142857142858,12.336428571428572,4.184,618.5,26.4,85,12.4,10.0,1005.6,14.348317307692309,14.783333333333331,13.6375,20.29375,18.071661324786344,15.547298576423575,4.281582350874188,2020,9,4,Monsoon,Mumbai,37.48
2020-09-19,19.894666666666662,33.666666666666664,10.026,5.75,16.133333333333333,410.6666666666666,21.3,90,11.7,23.4,906.8,15.121666666666666,16.379166666666666,17.25,17.07142857142857,17.13183333333333,17.301234868306295,2.184815585184117,2020,9,5,Monsoon,Bengaluru,12.883846153846154
2020-09-19,27.88590909090909,20.21,6.764,5.495,42.2225,970.0,26.3,88,13.9,16.4,1001.2,28.603571428571428,25.5245,22.74369047619048,21.212125,27.3379935064935,23.899048237476812,3.6610543697264104,2020,9,5,Monsoon,Chennai,21.347166666666663
2020-09-19,58.78666666666667,146.0,25.433333333333337,8.8,45.5,842.2916666666667,31.4,63,0.0,12.8,977.8,42.41666666666667,46.4375,64.38461538461539,65.0,49.213611111111106,60.03509811616954,11.469469655529023,2020,9,5,Monsoon,Delhi,66.69027777777778
2020-09-19,21.98333333333333,50.15,18.133333333333336,7.283333333333334,38.025,508.57142857142856,29.8,84,0.8,8.9,998.8,11.67,10.170714285714286,9.336153846153849,7.529999999999999,14.608015873015878,10.948387499230462,5.092289243694256,2020,9,5,Monsoon,Kolkata,17.437753623188406
2020-09-19,37.48,62.69833333333334,13.927666666666669,16.212083333333332,4.4145,759.1666666666667,27.1,88,4.4,13.5,1003.3,25.083333333333336,14.348317307692309,14.783333333333331,13.127272727272729,25.637216880341896,19.026259615384614,9.132874335925464,2020,9,5,Monsoon,Mumbai,26.567777777777778
2020-09-20,12.883846153846154,17.23076923076923,9.961483516483517,6.432163461538462,14.126923076923076,487.6420454545455,20.6,94,21.9,28.0,906.2,19.894666666666662,15.121666666666666,16.379166666666666,15.45,15.96672649572649,16.93464146171289,2.701420375909769,2020,9,6,Monsoon,Bengaluru,15.8075
2020-09-20,21.347166666666663,21.256086956521735,6.782000000000001,4.557,31.48130434782609,899.5652173913044,27.3,78,0.9,24.7,1000.5,27.88590909090909,28.603571428571428,25.5245,19.203166666666668,25.945549062049054,24.205333951762523,3.2716976694445794,2020,9,6,Monsoon,Chennai,24.6745
2020-09-20,66.69027777777778,148.6969696969697,23.613636363636363,8.409090909090908,39.065,866.4772727272727,30.7,67,0.0,16.7,977.4,58.78666666666667,42.41666666666667,46.4375,67.25,55.96453703703704,59.95513779870923,11.412597255102302,2020,9,6,Monsoon,Delhi,62.5
2020-09-20,17.437753623188406,41.57990118577075,13.490909090909092,6.55590909090909,33.182291666666664,422.0158102766799,28.5,89,22.1,15.1,997.0,21.98333333333333,11.67,10.170714285714286,8.07,17.030362318840584,12.286638016828805,5.429530602927331,2020,9,6,Monsoon,Kolkata,7.378947368421052
2020-09-20,26.567777777777778,48.2545,15.365227272727276,15.698364661654136,6.48640909090909,639.6428571428571,27.1,91,4.7,17.5,1001.4,37.48,25.083333333333336,14.348317307692309,12.86,29.710370370370388,20.98451358363858,9.059661418755693,2020,9,6,Monsoon,Mumbai,28.66264705882353
2020-09-21,15.8075,32.625,10.069777777777778,6.48325,15.091,422.3863636363636,20.9,91,9.4,32.1,906.6,12.883846153846154,19.894666666666662,15.121666666666666,16.272905982905982,16.1953376068376,16.86815489272632,2.726036288218179,2020,9,0,Monsoon,Bengaluru,18.355
2020-09-21,24.6745,54.95125,8.175625,4.313125,28.990625,792.5,27.6,75,0.0,17.9,1001.3,21.347166666666663,27.88590909090909,28.603571428571428,19.87833333333333,24.635858585858582,24.89050061842919,2.659418568742949,2020,9,0,Monsoon,Chennai,20.210833333333333
2020-09-21,62.5,142.8,19.39,10.440178571428572,48.77,832.6666666666666,30.8,62,0.0,10.5,976.3,66.69027777777778,58.78666666666667,42.41666666666667,71.7202380952381,62.658981481481476,58.637960927960926,10.306941923750117,2020,9,0,Monsoon,Delhi,38.67857142857143
2020-09-21,7.378947368421052,19.643157894736845,10.383333333333333,6.291052631578947,26.715,353.0,27.6,90,18.9,20.7,996.9,17.437753623188406,21.98333333333333,11.67,7.087922794117647,15.6000114416476,12.328212956015006,5.3840118810757405,2020,9,0,Monsoon,Kolkata,12.544375
2020-09-21,28.66264705882353,78.85875,19.380000000000003,16.833333333333332,4.662857142857143,675.0,27.3,92,16.3,13.8,999.9,26.567777777777778,37.48,25.083333333333336,14.991333333333332,30.903474945533787,22.937558401565752,9.02588523691005,2020,9,0,Monsoon,Mumbai,23.842410714285712
2020-09-22,18.355,38.4,10.601666666666668,6.491666666666666,15.093333333333334,432.5,22.3,79,0.4,34.6,907.7,15.8075,12.883846153846154,19.894666666666662,20.74023809523809,15.682115384615381,16.527406593406592,2.2727574034462643,2020,9,1,Monsoon,Bengaluru,19.33333333333333
2020-09-22,20.210833333333333,61.24142857142857,7.64,4.351428571428571,36.6075,680.0,28.8,74,0.1,22.9,1002.5,24.6745,21.347166666666663,27.88590909090909,23.454166666666666,22.07749999999999,24.427167285095855,3.182465736301941,2020,9,1,Monsoon,Chennai,24.3975
2020-09-22,38.67857142857143,95.52941176470588,24.925,11.545,16.3,813.5294117647059,30.2,73,5.7,16.2,976.8,62.5,66.69027777777778,58.78666666666667,69.25,55.95628306878307,54.270613989185414,11.472024900119568,2020,9,1,Monsoon,Delhi,24.34
2020-09-22,12.544375,27.8125,11.547058823529412,5.7,23.58,395.3333333333333,27.9,89,12.3,21.7,999.8,7.378947368421052,17.437753623188406,21.98333333333333,8.320588235294117,12.453691997203158,12.931611065258704,5.088590977091841,2020,9,1,Monsoon,Kolkata,11.1375
2020-09-22,23.842410714285712,44.45,17.565357142857145,15.942,4.33,573.3333333333334,26.8,92,17.6,14.6,1000.4,28.66264705882353,26.567777777777778,37.48,13.6375,26.357611850295694,24.39540278932086,8.044150312309384,2020,9,1,Monsoon,Mumbai,10.1
2020-09-23,19.33333333333333,52.75,9.456666666666663,6.563333333333333,16.66875,496.6666666666667,22.2,78,0.0,26.7,909.6,18.355,15.8075,12.883846153846154,17.25,17.831944444444442,16.82502564102564,2.5074422972942916,2020,9,2,Monsoon,Bengaluru,21.38875
2020-09-23,24.3975,54.362,12.04,4.328,38.805,785.0,28.6,72,0.2,18.0,1004.5,20.210833333333333,24.6745,21.347166666666663,22.74369047619048,23.094277777777773,24.663425788497218,3.0968959834833445,2020,9,2,Monsoon,Chennai,26.136875
2020-09-23,24.34,71.0,22.47,10.38,20.15,720.0,29.5,73,2.3,13.5,977.1,38.67857142857143,62.5,66.69027777777778,64.38461538461539,41.839523809523804,48.549954648526075,15.022822406556037,2020,9,2,Monsoon,Delhi,31.571428571428573
2020-09-23,11.1375,25.83125,14.235,5.503,18.755,305.41666666666663,27.3,90,33.4,21.6,1002.7,12.544375,7.378947368421052,17.437753623188406,9.336153846153849,10.353607456140354,13.188946230093867,4.919188974202426,2020,9,2,Monsoon,Kolkata,13.963333333333331
2020-09-23,10.1,32.195,12.646666666666668,11.936666666666667,5.1275,455.0,26.2,93,150.2,31.5,1002.5,23.842410714285712,28.66264705882353,26.567777777777778,14.783333333333331,20.868352591036434,23.72635517027324,9.102045687174613,2020,9,2,Monsoon,Mumbai,16.041666666666668
2020-09-24,21.38875,50.5,10.658124999999998,6.851875,14.7975,490.625,22.4,84,0.2,16.3,911.4,19.33333333333333,18.355,15.8075,16.379166666666666,19.692361111111108,17.540680402930402,3.0212375741734214,2020,9,3,Monsoon,Bengaluru,21.530833333333334
2020-09-24,26.136875,57.26,8.08,3.20125,28.405,885.0,29.2,77,0.0,13.8,1006.3,24.3975,20.210833333333333,24.6745,25.5245,23.58173611111111,24.750907931354362,3.1337044186027523,2020,9,3,Monsoon,Chennai,24.71125
2020-09-24,31.571428571428573,82.75,18.162142857142857,8.683333333333334,28.3,713.3333333333333,29.6,70,0.0,16.9,978.7,24.34,38.67857142857143,62.5,46.4375,31.529999999999998,46.426230158730164,16.362292023135698,2020,9,3,Monsoon,Delhi,61.85
2020-09-24,13.963333333333331,40.68333333333334,8.2975,5.536666666666666,22.135,335.0,28.2,88,10.8,20.3,1003.7,11.1375,12.544375,7.378947368421052,10.170714285714286,12.548402777777781,13.730748951182303,4.736834755034682,2020,9,3,Monsoon,Kolkata,15.196666666666667
2020-09-24,16.041666666666668,46.49895833333333,21.59,13.675,4.46,456.6666666666667,26.8,90,7.8,14.3,1006.4,10.1,23.842410714285712,28.66264705882353,14.348317307692309,16.661359126984145,23.968262221555285,8.829690672608768,2020,9,3,Monsoon,Mumbai,21.093333333333334
2020-09-25,21.530833333333334,50.375,10.673333333333334,5.560833333333333,12.47375,530.8333333333334,22.6,85,8.8,13.3,911.1,21.38875,19.33333333333333,18.355,15.121666666666666,20.750972222222217,18.456275641025638,3.1349840336966035,2020,9,4,Monsoon,Bengaluru,22.729916666666668
2020-09-25,24.71125,74.5,7.596666666666667,4.4,50.98083333333333,750.8333333333334,28.6,82,5.3,20.9,1006.2,26.136875,24.3975,20.210833333333333,28.603571428571428,25.081874999999997,24.194862012987016,2.643068531852773,2020,9,4,Monsoon,Chennai,21.126
2020-09-25,61.85,164.29166666666669,38.44545454545455,11.988888888888887,31.96897435897436,1150.1666666666663,30.6,59,0.0,19.6,978.3,31.571428571428573,24.34,38.67857142857143,42.41666666666667,39.253809523809515,49.202420634920635,17.195992960091807,2020,9,4,Monsoon,Delhi,57.23076923076923
2020-09-25,15.196666666666667,40.55,10.15,5.696,19.87,475.0,28.4,88,14.1,19.8,1001.7,13.963333333333331,11.1375,12.544375,11.67,13.432500000000005,14.234558474991827,4.668173826273514,2020,9,4,Monsoon,Kolkata,18.008333333333333
2020-09-25,21.093333333333334,78.5,16.965999999999998,10.47,3.23625,675.0,26.8,88,6.4,16.9,1007.0,16.041666666666668,10.1,23.842410714285712,25.083333333333336,15.745000000000019,23.39826222155529,8.8743840797708,2020,9,4,Monsoon,Mumbai,18.223333333333333
2020-09-26,22.729916666666668,51.77777777777778,11.702272727272728,5.627916666666666,9.983636363636364,515.2727272727273,21.7,88,2.4,18.4,910.9,21.530833333333334,21.38875,19.33333333333333,19.894666666666662,21.883166666666664,18.861311355311354,3.512250245300125,2020,9,5,Monsoon,Bengaluru,19.125
2020-09-26,21.126,46.48,24.031875,4.3025,53.203916666666665,861.25,28.1,80,2.4,12.2,1006.2,24.71125,26.136875,24.3975,27.88590909090909,23.991374999999994,23.22916071428571,2.279652755704492,2020,9,5,Monsoon,Chennai,25.97325757575757
2020-09-26,57.23076923076923,170.70000000000002,41.1625,9.115833333333336,14.897142857142857,986.0,29.2,56,0.0,18.1,978.4,61.85,31.571428571428573,24.34,58.78666666666667,50.217399267399266,48.98014957264957,17.060987766953026,2020,9,5,Monsoon,Delhi,34.6775
2020-09-26,18.008333333333333,45.6105,10.38,6.4554375,25.393452380952382,430.0,28.1,89,8.5,20.3,1001.0,15.196666666666667,13.963333333333331,11.1375,21.98333333333333,15.722777777777784,13.666701332134684,3.712405194460828,2020,9,5,Monsoon,Kolkata,20.95
2020-09-26,18.223333333333333,76.34542857142856,12.2825,6.022857142857142,4.33,402.5,26.9,82,2.5,15.6,1007.0,21.093333333333334,16.041666666666668,10.1,37.48,18.452777777777797,20.647309840602905,6.429599960250765,2020,9,5,Monsoon,Mumbai,20.61309523809524
2020-09-27,19.125,46.25,10.216477272727271,6.389886363636364,14.7,498.4415584415584,21.9,84,1.9,15.8,911.0,22.729916666666668,21.530833333333334,21.38875,12.883846153846154,21.128583333333328,19.752904761904762,2.3377439466826906,2020,9,6,Monsoon,Bengaluru,21.75260869565217
2020-09-27,25.97325757575757,59.35714285714285,11.132857142857144,4.171428571428572,48.03311688311688,1102.857142857143,27.9,84,2.4,10.9,1006.3,21.126,24.71125,26.136875,21.347166666666663,23.93683585858585,23.89003084415584,2.313432543845131,2020,9,6,Monsoon,Chennai,22.491666666666667
2020-09-27,34.6775,117.562,33.266666666666666,9.024090909090908,19.825,887.0,28.9,58,0.0,12.9,981.0,57.23076923076923,61.85,31.571428571428573,66.69027777777778,51.25275641025641,44.40689560439561,15.763768596867976,2020,9,6,Monsoon,Delhi,60.50326797385621
2020-09-27,20.95,54.05833333333334,9.783333333333331,9.04,43.915,411.8181818181818,28.5,87,5.6,9.0,1002.3,18.008333333333333,15.196666666666667,13.963333333333331,17.437753623188406,18.051666666666673,14.16845081453634,4.467569254620707,2020,9,6,Monsoon,Kolkata,45.743
2020-09-27,20.61309523809524,80.85714285714286,16.542857142857144,10.859285714285711,2.69,711.1428571428571,26.3,88,2.5,11.9,1008.1,18.223333333333333,21.093333333333334,16.041666666666668,26.567777777777778,19.97658730158732,19.796640906362544,5.88674075765865,2020,9,6,Monsoon,Mumbai,21.436
2020-09-28,21.75260869565217,44.2,13.438461538461535,6.975652173913043,15.56076923076923,629.0,22.3,84,3.8,14.3,910.6,19.125,22.729916666666668,21.530833333333334,15.8075,21.202508454106276,20.602206004140786,1.6418327893164617,2020,9,0,Monsoon,Bengaluru,23.0
2020-09-28,22.491666666666667,38.922,12.913999999999998,4.05,35.178999999999995,966.0,28.3,79,1.6,12.6,1005.6,25.97325757575757,21.126,24.71125,24.6745,23.19697474747474,23.578197510822513,2.337062655396738,2020,9,0,Monsoon,Chennai,24.45217948717949
2020-09-28,60.50326797385621,200.04166666666669,37.94444444444444,10.854545454545455,25.46587301587301,961.4583333333331,28.5,57,0.0,19.3,982.2,34.6775,57.23076923076923,61.85,62.5,50.803845734875146,44.12164817208935,15.39557088016031,2020,9,0,Monsoon,Delhi,65.53846153846153
2020-09-28,45.743,89.22999999999999,14.556,6.605,30.01466666666667,537.0,28.7,88,1.3,9.7,1003.1,20.95,18.008333333333333,15.196666666666667,7.378947368421052,28.233777777777778,19.64902976190476,11.974644255683764,2020,9,0,Monsoon,Kolkata,22.58
2020-09-28,21.436,90.99270833333333,20.348,14.29,4.45,765.0,26.4,87,3.0,11.5,1008.7,20.61309523809524,18.223333333333333,21.093333333333334,28.66264705882353,20.090809523809543,18.764262755102042,4.556005214719218,2020,9,0,Monsoon,Mumbai,27.77777777777778
2020-09-29,23.0,45.5,13.065,7.404166666666667,16.246666666666666,779.2307692307693,22.0,88,10.7,18.5,910.0,21.75260869565217,19.125,22.729916666666668,18.355,21.292536231884053,21.265777432712216,1.5160739529162146,2020,9,1,Monsoon,Bengaluru,19.876666666666665
2020-09-29,24.45217948717949,38.20666666666667,6.246666666666666,2.752307692307693,36.830000000000005,460.0,27.6,82,24.1,15.3,1004.6,22.491666666666667,25.97325757575757,21.126,20.210833333333333,24.305701243201238,24.184104104229107,1.8085912806714388,2020,9,1,Monsoon,Chennai,30.6475
2020-09-29,65.53846153846153,202.72846153846152,34.07,9.955555555555556,26.58230769230769,866.6666666666666,28.0,55,0.0,20.7,981.9,60.50326797385621,34.6775,57.23076923076923,38.67857142857143,53.573076504105906,47.958775330645075,17.069122282032893,2020,9,1,Monsoon,Delhi,59.25
2020-09-29,22.58,46.92307692307692,13.7,5.408333333333334,13.305,452.5,28.2,89,15.5,7.1,1002.7,45.743,20.95,18.008333333333333,12.544375,29.757666666666676,21.082690476190475,11.576408598568193,2020,9,1,Monsoon,Kolkata,12.866666666666667
2020-09-29,27.77777777777778,111.07835714285714,19.88230769230769,9.3625,4.156666666666666,780.0,26.6,87,0.9,13.4,1007.9,21.436,20.61309523809524,18.223333333333333,23.842410714285712,23.275624338624358,19.32645804988662,5.443444415404444,2020,9,1,Monsoon,Mumbai,21.867083333333333
2020-09-30,19.876666666666665,33.0,10.2675,5.350714285714286,8.82,441.4285714285714,21.0,91,7.2,15.7,909.3,23.0,21.75260869565217,19.125,19.33333333333333,21.543091787439607,21.34339648033127,1.4109096883165106,2020,9,2,Monsoon,Bengaluru,26.835050505050503
2020-09-30,30.6475,43.66333333333333,8.346666666666666,4.398333333333333,18.151666666666667,520.0,27.1,83,3.6,13.7,1003.7,24.45217948717949,22.491666666666667,25.97325757575757,24.3975,25.863782051282044,25.076961247086246,3.048923473331839,2020,9,2,Monsoon,Chennai,33.50909090909091
2020-09-30,59.25,168.56833333333333,32.45,8.774999999999999,18.8785,866.6666666666666,27.9,51,0.0,20.7,980.6,65.53846153846153,60.50326797385621,34.6775,24.34,61.763909837439236,52.94591818778794,13.806240510154902,2020,9,2,Monsoon,Delhi,67.63636363636364
2020-09-30,12.866666666666667,32.6,12.925,6.45,19.7225,400.0,28.4,87,16.7,11.0,1001.7,22.58,45.743,20.95,11.1375,27.063222222222226,21.32971428571429,11.344958531874209,2020,9,2,Monsoon,Kolkata,15.8
2020-09-30,21.867083333333333,111.35333333333334,19.29875,9.43,4.60375,552.5,26.7,85,1.2,15.1,1007.1,27.77777777777778,21.436,20.61309523809524,10.1,23.693620370370393,21.007469954648524,3.6362334940269307,2020,9,2,Monsoon,Mumbai,41.13916666666667
2020-10-01,26.835050505050503,72.66666666666667,10.892063492063492,6.831114718614717,15.07,514.6825396825396,22.1,81,0.6,21.1,909.7,19.876666666666665,23.0,21.75260869565217,21.38875,23.23723905723905,22.121439409624195,2.51206250845204,2020,10,3,Post-Monsoon,Bengaluru,27.1875
2020-10-01,33.50909090909091,65.65333333333334,10.256666666666668,4.963181818181818,29.403030303030302,676.6666666666666,28.0,74,11.3,17.0,1003.9,30.6475,24.45217948717949,22.491666666666667,26.136875,29.536256798756796,26.130134948384946,4.434500641464523,2020,10,3,Post-Monsoon,Chennai,27.639444444444443
2020-10-01,67.63636363636364,206.6190476190476,41.09285714285714,10.809848484848484,23.43619047619048,1158.5714285714284,28.3,52,0.0,18.6,980.3,59.25,65.53846153846153,60.50326797385621,31.571428571428573,64.14160839160839,58.09805176849295,10.930101251659563,2020,10,3,Post-Monsoon,Delhi,73.25
2020-10-01,15.8,42.945,7.795,5.705,21.48,308.0,27.7,91,19.9,15.7,1001.2,12.866666666666667,22.58,45.743,13.963333333333331,17.082222222222228,21.592095238095236,11.16602562789239,2020,10,3,Post-Monsoon,Kolkata,10.63470588235294
2020-10-01,41.13916666666667,103.0,19.8275,11.875,5.206666666666667,536.6666666666667,26.9,84,1.8,15.3,1007.6,21.867083333333333,27.77777777777778,21.436,16.041666666666668,30.261342592592612,24.59282709750567,7.852554504272207,2020,10,3,Post-Monsoon,Mumbai,27.96
2020-10-02,27.1875,82.0,10.52657894736842,6.652105263157894,22.204285714285717,511.0526315789474,22.6,82,1.8,12.7,909.8,26.835050505050503,19.876666666666665,23.0,21.530833333333334,24.633072390572384,22.92953464771943,3.1253740375994483,2020,10,4,Post-Monsoon,Bengaluru,20.939523809523813
2020-10-02,27.639444444444443,40.67,6.076111111111112,4.905555555555555,11.824444444444444,508.3333333333333,29.1,72,0.5,13.4,1003.9,33.50909090909091,30.6475,24.45217948717949,24.71125,30.598678451178444,26.548448440448436,4.4164211198952525,2020,10,4,Post-Monsoon,Chennai,28.324
2020-10-02,73.25,202.28511363636363,38.99,11.711111111111112,41.40416666666667,997.5,27.9,59,0.0,13.3,980.8,67.63636363636364,59.25,65.53846153846153,61.85,66.7121212121212,59.72662319706438,12.340592811407845,2020,10,4,Post-Monsoon,Delhi,79.28125
2020-10-02,10.63470588235294,25.285,9.146764705882353,5.585,23.3825,302.94117647058823,27.5,89,14.1,14.2,1002.3,15.8,12.866666666666667,22.58,15.196666666666667,13.100457516339873,20.94038655462185,11.720854458050297,2020,10,4,Post-Monsoon,Kolkata,19.1125
2020-10-02,27.96,83.77000000000001,13.499473684210528,10.6925,9.93075,462.5,27.3,87,1.5,15.0,1007.6,41.13916666666667,21.867083333333333,27.77777777777778,21.093333333333334,30.322083333333353,25.57377947845805,7.771005910748542,2020,10,4,Post-Monsoon,Mumbai,33.0
2020-10-03,20.939523809523813,44.0,12.734285714285717,7.154246411483254,15.06,426.5,22.5,84,5.0,16.1,910.6,27.1875,26.835050505050503,19.876666666666665,22.729916666666668,24.987358104858103,22.673764239556164,3.216368126094411,2020,10,5,Post-Monsoon,Bengaluru,15.277666666666669
2020-10-03,28.324,114.985,11.705,4.393,17.6975,603.0,29.6,70,0.1,16.6,1004.1,27.639444444444443,33.50909090909091,30.6475,21.126,29.824178451178444,27.576734154734158,3.7277492925673066,2020,10,5,Post-Monsoon,Chennai,25.145333333333333
2020-10-03,79.28125,203.91,48.75,13.083181818181815,24.500705741626792,1165.551948051948,27.3,56,0.0,14.0,981.9,73.25,67.63636363636364,59.25,57.23076923076923,73.38920454545455,62.876691878383056,14.262041690700466,2020,10,5,Post-Monsoon,Delhi,64.48319327731093
2020-10-03,19.1125,47.8,25.92475,4.30325,15.5625,769.25,27.7,90,8.6,13.0,1003.5,10.63470588235294,15.8,12.866666666666667,18.008333333333333,15.182401960784318,21.098124649859944,11.682184722745275,2020,10,5,Post-Monsoon,Kolkata,15.066666666666666
2020-10-03,33.0,92.6304761904762,16.07690476190476,16.14,11.602857142857143,530.0,27.1,90,2.8,13.8,1007.7,27.96,41.13916666666667,21.867083333333333,18.223333333333333,34.03305555555557,27.68473185941043,7.441528183209253,2020,10,5,Post-Monsoon,Mumbai,21.916666666666668
2020-10-04,15.277666666666669,28.6,11.859666666666667,6.627862745098039,16.228,420.0,22.1,84,2.3,17.7,911.5,20.939523809523813,27.1875,26.835050505050503,19.125,21.134896825396822,22.124145191937117,4.124401118799875,2020,10,6,Post-Monsoon,Bengaluru,21.866666666666667
2020-10-04,25.145333333333333,101.00708333333333,28.701,17.352666666666668,0.0,857.0,29.4,67,0.3,17.1,1005.1,28.324,27.639444444444443,33.50909090909091,25.97325757575757,27.036259259259253,27.458459262959263,3.7995468785595117,2020,10,6,Post-Monsoon,Chennai,26.938666666666663
2020-10-04,64.48319327731093,189.8571428571429,38.41928571428572,14.719642857142858,51.885714285714286,966.6666666666666,26.4,52,0.0,14.5,982.7,79.28125,73.25,67.63636363636364,34.6775,72.33814775910365,67.13464806085605,7.081785171733905,2020,10,6,Post-Monsoon,Delhi,78.73394607843137
2020-10-04,15.066666666666666,35.17777777777778,16.163611111111113,6.016944444444444,27.320833333333333,376.3888888888889,27.8,90,9.2,16.6,1003.9,19.1125,10.63470588235294,15.8,20.95,14.937957516339873,20.257648459383752,11.90414761250525,2020,10,6,Post-Monsoon,Kolkata,11.1
2020-10-04,21.916666666666668,74.92277777777778,9.716666666666669,2.1444444444444444,15.973888888888888,508.8888888888889,26.4,90,9.0,12.0,1009.1,33.0,27.96,41.13916666666667,20.61309523809524,27.625555555555575,27.870956349206352,7.24888295818286,2020,10,6,Post-Monsoon,Mumbai,18.75
2020-10-05,21.866666666666667,50.5,12.44,6.489409722222222,15.482,506.5,22.2,81,1.4,18.1,910.7,15.277666666666669,20.939523809523813,27.1875,21.75260869565217,19.361285714285714,22.14043918779633,4.1229137127227204,2020,10,0,Post-Monsoon,Bengaluru,33.833333333333336
2020-10-05,26.938666666666663,87.02916666666667,19.089666666666663,18.990333333333336,0.0,481.0,29.4,69,0.0,17.4,1004.5,25.145333333333333,28.324,27.639444444444443,22.491666666666667,26.802666666666664,28.093744977244977,3.1463041538545085,2020,10,0,Post-Monsoon,Chennai,35.916666666666664
2020-10-05,78.73394607843137,217.9675324675325,39.62857142857143,12.3,36.34472222222222,1015.0,26.7,50,0.0,19.2,982.3,64.48319327731093,79.28125,73.25,60.50326797385621,74.16612978524743,69.73903064722393,7.571866121379596,2020,10,0,Post-Monsoon,Delhi,82.65392857142857
2020-10-05,11.1,39.4,16.1,4.126470588235295,21.51,428.8235294117647,27.4,91,10.4,13.2,1003.8,15.066666666666666,19.1125,10.63470588235294,45.743,15.09305555555556,15.308648459383752,4.342878412580552,2020,10,0,Post-Monsoon,Kolkata,15.625
2020-10-05,18.75,102.70944444444444,9.001111111111111,1.1016666666666666,6.295555555555556,534.4444444444445,26.8,88,2.3,13.6,1008.7,21.916666666666668,33.0,27.96,21.436,24.555555555555575,27.487242063492065,7.703141672775588,2020,10,0,Post-Monsoon,Mumbai,29.25
2020-10-06,33.833333333333336,78.75,17.55,6.918750000000001,14.703333333333331,590.9375,23.1,81,0.8,12.2,910.2,21.866666666666667,15.277666666666669,20.939523809523813,23.0,23.659222222222223,23.688058235415376,6.071923920641173,2020,10,1,Post-Monsoon,Bengaluru,24.0
2020-10-06,35.916666666666664,73.05125,19.32373626373626,19.72815934065934,3.828461538461539,787.3076923076924,29.2,73,0.4,15.8,1004.4,26.938666666666663,25.145333333333333,28.324,24.45217948717949,29.33355555555555,29.731528860028856,3.8417906238457364,2020,10,1,Post-Monsoon,Chennai,31.611521739130435
2020-10-06,82.65392857142857,223.0725,49.696666666666665,15.525,28.857792207792208,1253.6213235294117,26.7,52,0.0,18.0,982.7,78.73394607843137,64.48319327731093,79.28125,65.53846153846153,75.29035597572363,72.18409736621922,8.672757040424,2020,10,1,Post-Monsoon,Delhi,95.66666666666669
2020-10-06,15.625,33.98214285714286,19.18035714285714,3.4071428571428566,23.587857142857143,431.7857142857143,27.6,90,10.3,14.4,1005.0,11.1,15.066666666666666,19.1125,22.58,13.930555555555559,14.315077030812324,2.9855427542035153,2020,10,1,Post-Monsoon,Kolkata,14.7
2020-10-06,29.25,132.5553846153846,4.900769230769231,2.3584615384615386,7.416923076923077,526.9230769230769,27.1,88,0.7,16.1,1007.9,18.75,21.916666666666668,33.0,27.77777777777778,23.305555555555575,27.697559523809527,7.73243838522447,2020,10,1,Post-Monsoon,Mumbai,59.5
2020-10-07,24.0,52.333333333333336,10.083636363636364,6.966818181818183,20.506666666666668,473.3333333333333,23.2,80,0.3,13.7,910.7,33.833333333333336,21.866666666666667,15.277666666666669,19.876666666666665,26.566666666666663,24.277105854462995,5.835970683041948,2020,10,2,Post-Monsoon,Bengaluru,25.594375
2020-10-07,31.611521739130435,59.07333333333333,9.473333333333333,3.513333333333333,56.20152173913044,594.3478260869565,29.4,77,0.5,14.3,1005.3,35.916666666666664,26.938666666666663,25.145333333333333,30.6475,31.48895169082125,29.86924625133321,3.896980427672022,2020,10,2,Post-Monsoon,Chennai,23.125
2020-10-07,95.66666666666669,237.7391304347826,53.010000000000005,12.9625,21.07087912087912,1233.3333333333333,26.8,57,0.0,14.0,984.4,82.65392857142857,78.73394607843137,64.48319327731093,59.25,85.68484710550888,77.38647831860018,10.37615135257249,2020,10,2,Post-Monsoon,Delhi,79.0
2020-10-07,14.7,35.9325,10.15,6.2475,19.2525,395.3571428571429,27.2,91,14.8,10.9,1006.4,15.625,11.1,15.066666666666666,12.866666666666667,13.808333333333337,14.576981792717088,2.916930681445472,2020,10,2,Post-Monsoon,Kolkata,23.015
2020-10-07,59.5,122.75,19.1,13.49,8.12,660.0,27.7,89,0.7,15.4,1008.4,29.25,18.75,21.916666666666668,21.867083333333333,35.83333333333335,33.07369047619047,13.746665655118258,2020,10,2,Post-Monsoon,Mumbai,56.24
2020-10-08,25.594375,49.69444444444444,10.229375,6.9688888888888885,4.8065625,1005.0,23.4,79,0.7,9.8,910.3,24.0,33.833333333333336,21.866666666666667,26.835050505050503,27.809236111111108,24.09986649659864,5.763730613593247,2020,10,3,Post-Monsoon,Bengaluru,36.83190476190477
2020-10-08,23.125,60.32333333333333,16.474242424242423,6.282537878787879,0.0,785.2651515151515,28.8,81,2.6,16.0,1005.5,31.611521739130435,35.916666666666664,26.938666666666663,33.50909090909091,30.21772946859903,28.38580469289165,4.2416768517255745,2020,10,3,Post-Monsoon,Chennai,28.053666666666665
2020-10-08,79.0,218.75,49.3875,12.0,34.81711397058824,982.3161764705884,26.9,56,0.0,13.5,985.0,95.66666666666669,82.65392857142857,78.73394607843137,67.63636363636364,85.77353174603174,79.00985494197678,9.443501783583383,2020,10,3,Post-Monsoon,Delhi,80.11045454545456
2020-10-08,23.015,48.56333333333333,9.758333333333333,7.795,26.563333333333333,476.0,28.0,89,4.2,9.9,1006.6,14.7,15.625,11.1,15.8,17.780000000000005,15.607696078431372,4.345853996661869,2020,10,3,Post-Monsoon,Kolkata,30.20833333333333
2020-10-08,56.24,140.16666666666666,20.355,10.99,12.57,660.0,28.3,86,0.0,14.3,1007.5,59.5,29.25,18.75,41.13916666666667,48.33000000000002,35.23095238095238,16.190915344184525,2020,10,3,Post-Monsoon,Mumbai,59.74400000000001
2020-10-09,36.83190476190477,47.05555555555556,9.386666666666668,7.047499999999999,7.862821428571429,917.0,23.2,83,4.8,8.8,910.5,25.594375,24.0,33.833333333333336,27.1875,28.808759920634916,25.477638605442174,7.512290699990414,2020,10,4,Post-Monsoon,Bengaluru,19.464
2020-10-09,28.053666666666665,61.57333333333333,10.71,3.728666666666667,35.25666666666667,565.3333333333334,28.4,84,5.4,15.1,1005.7,23.125,31.611521739130435,35.916666666666664,27.639444444444443,27.596729468599026,28.444979296066254,4.232408410097097,2020,10,4,Post-Monsoon,Chennai,34.815000000000005
2020-10-09,80.11045454545456,207.76623376623377,51.253896103896096,12.05,41.34036713286713,989.5454545454544,27.0,56,0.0,10.3,985.2,79.0,95.66666666666669,82.65392857142857,73.25,84.92570707070708,79.98991987704173,9.095695458248453,2020,10,4,Post-Monsoon,Delhi,86.125
2020-10-09,30.20833333333333,69.52,15.783333333333331,7.1850000000000005,19.075714285714287,698.3333333333334,28.9,88,1.5,9.7,1006.1,23.015,14.7,15.625,10.63470588235294,22.641111111111115,18.40392857142857,6.416570286330247,2020,10,4,Post-Monsoon,Kolkata,26.1
2020-10-09,59.74400000000001,133.58166666666665,27.124,10.592,11.741,724.0,28.9,81,0.9,15.0,1006.7,56.24,59.5,29.25,27.96,58.49466666666669,39.771523809523806,18.150205099195645,2020,10,4,Post-Monsoon,Mumbai,69.18833333333333
2020-10-10,19.464,44.41666666666667,10.45,6.67,15.200625,957.0,22.2,88,4.6,13.4,909.8,36.83190476190477,25.594375,24.0,20.939523809523813,27.296759920634916,25.26684948979592,7.679685414390159,2020,10,5,Post-Monsoon,Bengaluru,19.465333333333334
2020-10-10,34.815000000000005,44.59333333333333,12.806309523809524,7.666666666666667,31.96,884.8809523809523,27.0,88,28.5,10.5,1005.0,28.053666666666665,23.125,31.611521739130435,28.324,28.664555555555552,29.37226501035197,4.865237265646335,2020,10,5,Post-Monsoon,Chennai,23.45179487179487
2020-10-10,86.125,213.047,53.51666666666667,14.158,34.425,1176.0,27.3,55,0.0,13.2,984.0,80.11045454545456,79.0,95.66666666666669,79.28125,81.74515151515152,80.9675984484703,9.370486136557398,2020,10,5,Post-Monsoon,Delhi,96.42857142857144
2020-10-10,26.1,69.0,36.78333333333333,6.62,21.07333333333333,410.0,29.0,87,3.7,9.0,1005.1,30.20833333333333,23.015,14.7,19.1125,26.441111111111116,19.402142857142856,7.0567540351939275,2020,10,5,Post-Monsoon,Kolkata,29.4
2020-10-10,69.18833333333333,145.74166666666667,15.1,16.505499999999998,8.031666666666666,1065.0,28.3,87,7.2,14.3,1006.5,59.74400000000001,56.24,59.5,33.0,61.724111111111135,44.94128571428571,20.852616748867348,2020,10,5,Post-Monsoon,Mumbai,48.13
2020-10-11,23.45179487179487,27.613333333333333,7.618461538461539,5.509333333333333,12.028333333333334,595.3333333333334,26.7,85,21.6,13.7,1002.9,34.815000000000005,28.053666666666665,23.125,25.145333333333333,28.773487179487176,29.1303309444179,5.144552013534155,2020,10,6,Post-Monsoon,Chennai,21.398666666666667
2020-10-11,96.42857142857144,206.41210526315788,58.41428571428571,12.875,25.07032388663968,1166.190476190476,27.5,53,0.0,14.5,982.1,86.125,80.11045454545456,79.0,64.48319327731093,87.55467532467533,85.53122389865038,7.619660901359491,2020,10,6,Post-Monsoon,Delhi,125.58333333333331
2020-10-11,29.4,65.965,22.475,7.738333333333333,20.204285714285717,595.0,28.8,86,2.7,7.6,1003.7,26.1,30.20833333333333,23.015,15.066666666666666,28.569444444444446,21.449761904761903,7.644150839922664,2020,10,6,Post-Monsoon,Kolkata,40.3125
2020-10-11,48.13,102.09,26.432,7.684,10.18,725.7142857142857,27.6,90,3.3,9.1,1005.1,69.18833333333333,59.74400000000001,56.24,21.916666666666668,59.020777777777795,48.68604761904761,18.21566119257137,2020,10,6,Post-Monsoon,Mumbai,61.0
2020-10-12,21.398666666666667,21.59,5.7681818181818185,4.571818181818181,31.23,544.5454545454545,27.5,81,1.5,13.6,1001.0,23.45179487179487,34.815000000000005,28.053666666666665,26.938666666666663,26.555153846153843,28.33890237298933,5.907470107577349,2020,10,0,Post-Monsoon,Chennai,24.9375
2020-10-12,125.58333333333331,254.01090909090908,62.21333333333334,9.65185606060606,7.572972027972028,1753.3333333333337,27.3,60,0.0,10.6,980.6,96.42857142857144,86.125,80.11045454545456,78.73394607843137,102.71230158730158,92.2239935064935,16.293003215834368,2020,10,0,Post-Monsoon,Delhi,118.375
2020-10-12,40.3125,84.965,20.25,6.5062500000000005,5.855833333333333,855.0,29.3,84,0.3,9.4,1002.9,29.4,26.1,30.20833333333333,11.1,31.937500000000004,25.62297619047619,8.919767812970244,2020,10,0,Post-Monsoon,Kolkata,19.2375
2020-10-12,61.0,102.665,9.95,6.9,4.59,775.0,27.8,87,2.9,10.8,1003.0,48.13,69.18833333333333,59.74400000000001,18.75,59.43944444444446,54.7217619047619,12.85378947829753,2020,10,0,Post-Monsoon,Mumbai,48.46666666666667
2020-10-13,20.200526315789475,36.5,11.68921052631579,5.659210526315789,19.895,465.0,21.7,85,1.5,27.0,905.7,18.669166666666666,19.465333333333334,19.464,33.833333333333336,19.44500877192982,23.46075801109918,6.444075057544841,2020,10,1,Post-Monsoon,Bengaluru,17.41
2020-10-13,24.9375,54.528333333333336,14.256,5.725333333333333,30.106,628.0,28.4,75,1.7,21.9,999.3,21.398666666666667,23.45179487179487,34.815000000000005,35.916666666666664,23.262653846153842,26.77044999203695,4.93821736973914,2020,10,1,Post-Monsoon,Chennai,26.77916666666667
2020-10-13,118.375,263.0,51.31238095238095,13.4,24.66111111111111,1518.571428571429,27.4,62,0.0,11.0,981.5,125.58333333333331,96.42857142857144,86.125,82.65392857142857,113.46230158730158,97.32700371057514,18.27008360001154,2020,10,1,Post-Monsoon,Delhi,126.75
2020-10-13,19.2375,43.82222222222222,14.288888888888888,7.614999999999999,28.185,480.9090909090909,29.2,84,0.2,13.4,1003.3,40.3125,29.4,26.1,15.625,29.650000000000002,26.13904761904762,8.329906134544126,2020,10,1,Post-Monsoon,Kolkata,11.39
2020-10-13,48.46666666666667,123.4688888888889,21.713666666666665,12.540634920634918,11.407777777777778,811.3311688311688,28.1,90,5.0,9.6,1002.4,61.0,48.13,69.18833333333333,29.25,52.53222222222224,57.467,7.403610157914978,2020,10,1,Post-Monsoon,Mumbai,52.318
2020-10-14,17.41,35.44444444444444,10.079444444444444,5.856388888888889,22.1,431.1111111111111,21.4,79,0.5,31.1,906.9,20.200526315789475,18.669166666666666,19.465333333333334,24.0,18.75989766081871,22.519329439670607,6.822432317780831,2020,10,2,Post-Monsoon,Bengaluru,17.70916666666667
2020-10-14,26.77916666666667,42.293,16.878,3.894,17.598000000000003,600.0,29.2,64,0.2,18.2,1001.0,24.9375,21.398666666666667,23.45179487179487,31.611521739130435,24.371777777777776,26.080113553113556,4.4636325691140115,2020,10,2,Post-Monsoon,Chennai,24.838541666666664
2020-10-14,126.75,257.5,56.9,12.642857142857142,22.798857142857145,1413.3333333333333,27.6,66,0.0,12.7,982.9,118.375,125.58333333333331,96.42857142857144,95.66666666666669,123.56944444444444,101.76747990105132,21.32176868237911,2020,10,2,Post-Monsoon,Delhi,208.1875
2020-10-14,11.39,38.581,7.763,6.727272727272728,22.955454545454543,368.0,29.0,83,0.5,12.8,1004.2,19.2375,40.3125,29.4,14.7,23.646666666666672,25.66619047619048,9.141858448524323,2020,10,2,Post-Monsoon,Kolkata,11.25
2020-10-14,52.318,98.70866666666666,18.49,13.9285,9.285555555555554,796.6666666666666,27.7,91,6.8,10.1,1002.7,48.46666666666667,61.0,48.13,59.5,53.928222222222246,56.440999999999995,7.570678527739887,2020,10,2,Post-Monsoon,Mumbai,20.72531818181818
2020-10-15,17.70916666666667,37.16666666666666,9.772833333333336,7.067571428571429,15.948571428571428,420.2380952380953,22.1,79,0.0,27.4,907.6,17.41,20.200526315789475,18.669166666666666,25.594375,18.43989766081871,21.392871106337275,6.8808054089103585,2020,10,3,Post-Monsoon,Bengaluru,24.69782608695652
2020-10-15,24.838541666666664,30.965,9.335,4.1825,29.1935,695.0,28.8,68,0.0,14.9,1002.6,26.77916666666667,24.9375,21.398666666666667,23.125,25.518402777777776,26.32490521978022,4.319209769337939,2020,10,3,Post-Monsoon,Chennai,31.612
2020-10-15,208.1875,353.48809523809524,60.25416666666666,15.019444444444446,10.533333333333331,1703.3333333333337,27.3,56,0.0,13.0,983.4,126.75,118.375,125.58333333333331,79.0,151.10416666666666,120.22283704390847,43.109101908978765,2020,10,3,Post-Monsoon,Delhi,104.936
2020-10-15,11.25,31.64393939393939,8.806818181818182,6.2685,16.881136363636365,349.6590909090909,28.5,86,1.7,15.4,1004.4,11.39,19.2375,40.3125,23.015,13.95916666666667,23.98547619047619,10.665095629282673,2020,10,3,Post-Monsoon,Kolkata,37.98571428571428
2020-10-15,20.72531818181818,32.524,13.618666666666666,17.690357142857142,10.616166666666668,689.0,28.0,88,28.4,16.0,1000.3,52.318,48.46666666666667,61.0,56.24,40.503328282828306,51.367474025974026,15.488037891095606,2020,10,3,Post-Monsoon,Mumbai,21.353125
2020-10-16,24.69782608695652,52.136752136752136,9.629130434782608,5.561304347826087,7.434080267558529,890.7692307692307,22.3,82,1.0,17.8,908.0,17.70916666666667,17.41,20.200526315789475,36.83190476190477,19.93899758454106,19.65943129563038,2.4357808678296333,2020,10,4,Post-Monsoon,Bengaluru,26.196818181818184
2020-10-16,31.612,49.3325,6.702,3.7375,42.28125,542.5,28.7,83,3.8,11.3,1002.9,24.838541666666664,26.77916666666667,24.9375,28.053666666666665,27.743236111111106,26.833238553113553,4.744986368431551,2020,10,4,Post-Monsoon,Chennai,33.12941176470588
2020-10-16,104.936,274.57142857142856,81.49386666666666,17.227380952380955,42.63272727272727,1583.9583333333337,25.6,47,0.0,10.5,983.2,208.1875,126.75,118.375,80.11045454545456,146.6245,123.76934353741497,40.1808582190941,2020,10,4,Post-Monsoon,Delhi,120.5566253869969
2020-10-16,37.98571428571428,78.85625,17.15,9.78,37.40090909090909,1158.75,29.0,84,1.1,7.9,1004.3,11.25,11.39,19.2375,30.20833333333333,20.20857142857143,25.096530612244894,11.769361430542807,2020,10,4,Post-Monsoon,Kolkata,55.04
2020-10-16,21.353125,45.33375,17.455494505494507,13.340434782608694,8.810625,800.4166666666667,27.8,79,0.3,24.0,1000.8,20.72531818181818,52.318,48.46666666666667,59.74400000000001,31.46548106060608,45.88306331168831,18.526645406795094,2020,10,4,Post-Monsoon,Mumbai,24.75
2020-10-17,26.196818181818184,67.10683760683762,8.792941176470588,6.967058823529412,5.09610962566845,975.2941176470588,22.6,76,0.0,10.0,908.9,24.69782608695652,17.70916666666667,17.41,19.464,22.867936978480454,20.62126246446155,3.4598065972814163,2020,10,5,Post-Monsoon,Bengaluru,33.40064102564102
2020-10-17,33.12941176470588,52.69666666666666,5.331764705882353,3.1766666666666663,31.818627450980397,560.5882352941177,27.4,87,24.8,12.4,1004.4,31.612,24.838541666666664,26.77916666666667,34.815000000000005,29.859984477124176,26.59244023378582,4.29373125072743,2020,10,5,Post-Monsoon,Chennai,34.218529411764706
2020-10-17,120.5566253869969,279.33263157894737,85.7221052631579,12.177272727272726,28.813666666666663,1777.5,27.0,43,0.0,9.3,984.0,104.936,208.1875,126.75,86.125,144.56004179566563,128.6881471641288,36.766993252693254,2020,10,5,Post-Monsoon,Delhi,94.4
2020-10-17,55.04,106.125,24.74285714285714,6.8975,24.1675,822.0,29.1,86,0.7,8.4,1004.4,37.98571428571428,11.25,11.39,26.1,34.75857142857143,29.230816326530608,16.365947322048143,2020,10,5,Post-Monsoon,Kolkata,48.6
2020-10-17,24.75,85.03041666666667,15.73,17.043333333333333,7.32,725.0,27.6,79,1.1,23.1,1004.5,21.353125,20.72531818181818,52.318,69.18833333333333,22.276147727272747,39.53472997835498,16.737089260835205,2020,10,5,Post-Monsoon,Mumbai,22.44962962962963
2020-10-18,33.40064102564102,82.07692307692308,11.252666666666666,7.435185185185185,15.36,509.3518518518519,22.5,81,0.5,9.1,909.7,26.196818181818184,24.69782608695652,17.70916666666667,19.465333333333334,28.098428431471905,22.61202070621979,5.8602628746128875,2020,10,6,Post-Monsoon,Bengaluru,39.26315789473684
2020-10-18,34.218529411764706,67.66857142857143,6.554117647058824,3.1685714285714286,26.6038025210084,698.2352941176471,26.8,88,12.1,11.5,1005.1,33.12941176470588,31.612,24.838541666666664,23.45179487179487,32.98664705882353,28.130545168067226,4.870831271619273,2020,10,6,Post-Monsoon,Chennai,36.583333333333336
2020-10-18,94.4,216.33333333333331,51.41992481203008,12.626785714285711,33.573214285714286,961.5384615384615,26.1,39,0.0,12.7,984.0,120.5566253869969,104.936,208.1875,96.42857142857144,106.63087512899897,128.39835124576146,37.07038282027901,2020,10,6,Post-Monsoon,Delhi,91.33846153846152
2020-10-18,48.6,93.60333333333332,21.34,5.63448275862069,28.86241379310345,550.0,28.8,85,0.5,9.6,1005.0,55.04,37.98571428571428,11.25,29.4,47.20857142857144,31.97367346938776,17.932926821941702,2020,10,6,Post-Monsoon,Kolkata,41.67277777777778
2020-10-18,22.44962962962963,93.85429487179488,13.564074074074076,6.623846153846154,7.729259259259259,493.3333333333333,27.1,85,0.4,16.1,1006.9,24.75,21.353125,20.72531818181818,48.13,22.850918209876564,35.86610563973064,17.342583895171572,2020,10,6,Post-Monsoon,Mumbai,26.22058823529412
2020-10-19,39.26315789473684,99.83333333333331,21.557894736842105,7.0744444444444445,16.816145833333334,1178.0,22.0,90,11.4,13.4,909.5,33.40064102564102,26.196818181818184,24.69782608695652,18.669166666666666,32.953539034065344,25.554019453086962,8.23794939153566,2020,10,0,Post-Monsoon,Bengaluru,28.66309523809524
2020-10-19,36.583333333333336,81.00533333333333,4.387666666666667,4.232833333333334,11.848,659.1666666666666,27.5,86,6.1,12.7,1004.5,34.218529411764706,33.12941176470588,31.612,21.398666666666667,34.643758169934635,30.299783263305322,4.752933583095867,2020,10,0,Post-Monsoon,Chennai,35.77020833333333
2020-10-19,91.33846153846152,229.565,54.32222222222222,14.403333333333332,24.76690476190476,1201.450980392157,25.3,36,0.0,13.7,983.7,94.4,120.5566253869969,104.936,125.58333333333331,102.09836230848613,123.50622670363693,39.67211576614102,2020,10,0,Post-Monsoon,Delhi,111.20623824451413
2020-10-19,41.67277777777778,83.12857142857142,25.33157894736842,7.274999999999999,12.862857142857145,1174.7368421052631,28.5,86,3.5,11.9,1004.9,48.6,55.04,37.98571428571428,40.3125,48.4375925925926,32.16799886621315,18.045366193592585,2020,10,0,Post-Monsoon,Kolkata,53.07615384615384
2020-10-19,26.22058823529412,95.706,15.55625,6.52625,8.3925,646.25,27.0,89,4.8,14.2,1007.3,22.44962962962963,24.75,21.353125,61.0,24.473405954974606,30.897618244772655,13.497614531807079,2020,10,0,Post-Monsoon,Mumbai,39.51616977225673
2020-10-20,28.66309523809524,56.57142857142857,13.222857142857144,5.583333333333334,24.6255,837.8291316526611,21.8,91,8.4,15.3,908.9,39.26315789473684,33.40064102564102,26.196818181818184,20.200526315789475,33.77563138615769,26.76295787055921,7.936819260574605,2020,10,1,Post-Monsoon,Bengaluru,23.907992202729048
2020-10-20,35.77020833333333,66.7751851851852,6.186000000000001,7.502499999999999,18.433407407407408,906.25,26.4,90,26.2,12.6,1003.9,36.583333333333336,34.218529411764706,33.12941176470588,24.9375,35.52402369281045,31.84731302521008,4.471200360360408,2020,10,1,Post-Monsoon,Chennai,27.90535714285714
2020-10-20,111.20623824451413,266.15862847222223,68.11125000000001,17.871590909090912,38.6,1279.3333333333333,24.9,36,0.0,14.7,983.3,91.33846153846152,94.4,120.5566253869969,118.375,98.98156659432522,122.48211788142466,39.918415242059396,2020,10,1,Post-Monsoon,Delhi,111.2595281306715
2020-10-20,53.07615384615384,99.36153846153846,18.41923076923077,7.738846153846154,41.32125,472.3076923076923,28.7,81,0.2,13.2,1004.7,41.67277777777778,48.6,55.04,19.2375,47.78297720797721,37.00209227280656,18.5300898390317,2020,10,1,Post-Monsoon,Kolkata,8.098387096774193
2020-10-20,39.51616977225673,99.96555555555555,21.50645833333333,8.5295,7.01829365079365,661.9047619047619,27.2,90,4.6,14.5,1006.7,26.22058823529412,22.44962962962963,24.75,48.46666666666667,29.395462545726843,29.61897583128552,11.883301107896195,2020,10,1,Post-Monsoon,Mumbai,42.2823064516129
2020-10-21,23.907992202729048,48.44444444444444,13.1578125,6.189663461538461,24.19125,791.2121212121212,21.7,90,19.5,15.3,909.5,28.66309523809524,39.26315789473684,33.40064102564102,17.41,30.611415111853706,27.691242470949074,6.983308931432565,2020,10,2,Post-Monsoon,Bengaluru,18.776060606060604
2020-10-21,27.90535714285714,32.21214285714286,7.861428571428571,4.1,11.98875,682.8571428571429,26.6,88,10.4,10.8,1004.5,35.77020833333333,36.583333333333336,34.218529411764706,26.77916666666667,33.41963293650793,32.00819737895158,4.274371653915355,2020,10,2,Post-Monsoon,Chennai,32.400416666666665
2020-10-21,111.2595281306715,259.3076923076923,62.97391304347826,15.011764705882351,28.298418803418805,2011.764705882353,25.4,42,0.0,11.2,984.5,111.20623824451413,91.33846153846152,94.4,126.75,104.60140930454905,120.26919332866343,40.07146056323844,2020,10,2,Post-Monsoon,Delhi,164.6086956521739
2020-10-21,8.098387096774193,28.911290322580648,10.866129032258064,6.5764516129032256,20.078709677419354,346.5880893300248,27.5,88,12.0,17.1,1005.3,53.07615384615384,41.67277777777778,48.6,11.39,34.28243957356861,36.53186185806001,19.31356372460854,2020,10,2,Post-Monsoon,Kolkata,6.738095238095238
2020-10-21,42.2823064516129,83.65363636363637,25.82896551724138,8.442316341829086,11.9685,747.0444444444445,27.2,88,8.7,13.8,1007.1,39.51616977225673,26.22058823529412,22.44962962962963,52.318,36.006354819721274,28.18530532437308,8.925650654683054,2020,10,2,Post-Monsoon,Mumbai,50.78833333333333
2020-10-22,18.776060606060604,34.92857142857143,14.17304761904762,8.823,19.41,587.5416666666666,21.5,92,15.3,15.3,909.4,23.907992202729048,28.66309523809524,39.26315789473684,17.70916666666667,23.782382682294962,27.843655890862493,6.736414020809626,2020,10,3,Post-Monsoon,Bengaluru,19.65656565656565
2020-10-22,32.400416666666665,69.29894736842105,10.56,6.525833333333334,8.549473684210525,700.5263157894736,27.7,84,18.6,10.6,1004.2,27.90535714285714,35.77020833333333,36.583333333333336,24.838541666666664,32.025327380952376,33.088465236094436,2.8925922817170444,2020,10,3,Post-Monsoon,Chennai,38.64983193277311
2020-10-22,164.6086956521739,367.3090384615384,71.4423076923077,20.048207070707072,40.128,2108.333333333333,26.2,42,0.0,10.9,983.2,111.2595281306715,111.20623824451413,91.33846153846152,208.1875,129.02482067578651,114.04364985040256,24.492831560718724,2020,10,3,Post-Monsoon,Delhi,161.77777777777777
2020-10-22,6.738095238095238,19.255000000000003,11.27142857142857,5.916666666666667,20.73809523809524,310.0,25.6,91,17.8,19.4,1002.7,8.098387096774193,53.07615384615384,41.67277777777778,11.25,22.63754539367443,35.88730403493076,20.34563945644737,2020,10,3,Post-Monsoon,Kolkata,9.60159420289855
2020-10-22,50.78833333333333,94.191,23.434761904761903,7.648823529411764,10.614285714285714,723.0,26.8,90,15.4,15.5,1006.2,42.2823064516129,39.51616977225673,26.22058823529412,20.72531818181818,44.19560318573434,32.48002177458953,11.576821519377301,2020,10,3,Post-Monsoon,Mumbai,46.02352941176471
2020-10-23,19.65656565656565,32.72727272727273,14.372727272727271,6.453977272727273,26.55,655.4059829059829,21.8,87,5.6,14.7,909.8,18.776060606060604,23.907992202729048,28.66309523809524,24.69782608695652,20.78020615511843,27.123475829378084,7.368595855172824,2020,10,4,Post-Monsoon,Bengaluru,24.63743448275862
2020-10-23,38.64983193277311,22.995,7.641764705882353,7.378823529411765,12.600714285714286,607.6470588235294,27.4,81,22.5,15.3,1004.7,32.400416666666665,27.90535714285714,35.77020833333333,31.612,32.98520191409897,34.09386979791917,3.461105850747207,2020,10,4,Post-Monsoon,Chennai,44.99211538461538
2020-10-23,161.77777777777777,333.4141363636364,73.84025974025974,19.32480730223124,42.88178571428571,1878.4615384615383,25.4,44,0.0,11.7,983.0,164.6086956521739,111.2595281306715,111.20623824451413,104.936,145.88200052020773,122.16390381865654,29.814484172398778,2020,10,4,Post-Monsoon,Delhi,185.0448275862069
2020-10-23,9.60159420289855,30.101638655462185,14.229891304347824,6.222122762148338,12.697971014492753,399.1304347826087,25.5,87,8.4,27.1,1000.9,6.738095238095238,8.098387096774193,53.07615384615384,37.98571428571428,8.14602551258933,31.83242973738566,22.565133303991527,2020,10,4,Post-Monsoon,Kolkata,15.848148148148148
2020-10-23,46.02352941176471,101.191875,27.006833333333333,11.794236111111111,13.156235294117648,898.2777777777778,27.1,88,1.3,11.6,1006.1,50.78833333333333,42.2823064516129,39.51616977225673,21.353125,46.36472306557033,36.00436526198449,11.378404744038553,2020,10,4,Post-Monsoon,Mumbai,57.52844576719577
2020-10-24,24.63743448275862,55.04347826086956,16.589655172413792,7.428251748251748,25.161363636363635,735.1851851851852,20.9,83,12.2,12.4,910.9,19.65656565656565,18.776060606060604,23.907992202729048,26.196818181818184,21.023353581794954,26.900706729512432,7.424638643727118,2020,10,5,Post-Monsoon,Bengaluru,33.449175824175825
2020-10-24,44.99211538461538,44.57730769230769,9.171304347826087,7.646521739130435,28.140459866220738,850.0,28.0,79,2.1,13.7,1006.1,38.64983193277311,32.400416666666665,27.90535714285714,33.12941176470588,38.68078799468505,35.78854174362052,5.316855411577759,2020,10,5,Post-Monsoon,Chennai,58.51392857142857
2020-10-24,185.0448275862069,380.4802492877493,81.41201298701299,16.040683229813666,24.42076388888889,2565.6,24.9,43,0.0,12.2,983.9,161.77777777777777,164.6086956521739,111.2595281306715,120.5566253869969,170.47710033871954,131.3765041328294,38.05860392618209,2020,10,5,Post-Monsoon,Delhi,195.03517241379308
2020-10-24,15.848148148148148,42.61111111111112,18.97142857142857,7.290384615384616,20.318461538461538,495.38461538461536,26.2,85,0.5,15.0,1004.6,9.60159420289855,6.738095238095238,8.098387096774193,55.04,10.72927919638065,26.23359375854968,20.625989416130416,2020,10,5,Post-Monsoon,Kolkata,32.260384615384616
2020-10-24,57.52844576719577,126.9511111111111,16.03851851851852,9.961825396825397,5.37425925925926,827.8571428571429,27.1,90,2.8,10.4,1007.7,46.02352941176471,50.78833333333333,42.2823064516129,24.75,51.44676950409795,40.687000371583885,12.648744142351568,2020,10,5,Post-Monsoon,Mumbai,45.14518518518519
2020-10-25,33.449175824175825,61.17857142857143,14.982222222222225,7.480411140583554,27.4004,652.3872679045093,22.4,83,2.6,12.3,912.0,24.63743448275862,19.65656565656565,18.776060606060604,33.40064102564102,25.91439198783336,26.90764027216026,7.431739579345177,2020,10,6,Post-Monsoon,Bengaluru,46.923273657289
2020-10-25,58.51392857142857,9.6,5.604642857142857,4.091428571428572,22.946964285714284,981.7857142857144,27.8,82,0.0,13.7,1007.7,44.99211538461538,38.64983193277311,32.400416666666665,34.218529411764706,47.38529196293902,39.25931305214393,9.993899824597907,2020,10,6,Post-Monsoon,Chennai,66.26569169960474
2020-10-25,195.03517241379308,367.32605820105823,76.24107142857144,16.177333333333333,39.27457559681697,2327.692307692308,25.6,42,0.0,10.9,986.2,185.0448275862069,161.77777777777777,164.6086956521739,94.4,180.61925925925925,145.75295733479982,40.67991179030404,2020,10,6,Post-Monsoon,Delhi,194.87185185185183
2020-10-25,32.260384615384616,65.7,24.78214285714285,8.78,26.89928571428572,850.0,27.2,81,0.0,7.4,1008.2,15.848148148148148,9.60159420289855,6.738095238095238,48.6,19.236708988810445,23.899362989318913,18.486545933246603,2020,10,6,Post-Monsoon,Kolkata,63.3340909090909
2020-10-25,45.14518518518519,99.14829575596816,21.18653846153846,7.6123076923076916,11.653793103448276,527.0833333333334,27.1,90,3.9,12.0,1009.5,57.52844576719577,46.02352941176471,50.78833333333333,22.44962962962963,49.56572012138191,43.92922259380611,9.777815502084934,2020,10,6,Post-Monsoon,Mumbai,48.77884502923976
2020-10-26,46.923273657289,96.71428571428572,21.23937070938215,8.961475972540045,21.774,830.3260869565217,22.6,77,0.6,13.6,912.4,33.449175824175825,24.63743448275862,19.65656565656565,39.26315789473684,35.00329465474115,28.001942523953428,9.755073903780847,2020,10,0,Post-Monsoon,Bengaluru,61.80681818181818
2020-10-26,66.26569169960474,0.8727272727272727,4.849523809523809,6.390952380952381,40.94641774891775,707.7272727272727,27.4,84,0.0,16.1,1008.6,58.51392857142857,44.99211538461538,38.64983193277311,36.583333333333336,56.59057855188289,43.499649961611276,14.116117399852975,2020,10,0,Post-Monsoon,Chennai,64.863125
2020-10-26,194.87185185185183,382.2369281045752,80.65181818181819,14.944765217391303,15.5084,2500.0,25.1,42,0.0,11.3,987.6,195.03517241379308,185.0448275862069,161.77777777777777,91.33846153846152,191.6506172839506,160.54344166528418,36.169855769450095,2020,10,0,Post-Monsoon,Delhi,154.83333333333334
2020-10-26,63.3340909090909,116.35,31.564069264069264,7.1966883116883125,17.385727272727273,1430.1363636363635,27.2,76,0.0,8.7,1008.9,32.260384615384616,15.848148148148148,9.60159420289855,41.67277777777778,37.14754122420789,26.99383629379221,23.175732354093185,2020,10,0,Post-Monsoon,Kolkata,69.1625
2020-10-26,48.77884502923976,125.784,29.095714285714287,6.48895652173913,11.001014705882351,943.744019138756,27.7,83,0.0,14.3,1010.5,45.14518518518519,57.52844576719577,46.02352941176471,26.22058823529412,50.48415866054026,47.151830707226914,5.928191707298089,2020,10,0,Post-Monsoon,Mumbai,62.35172248803828
2020-10-27,61.80681818181818,124.04545454545456,32.53913043478261,7.363999999999999,22.56809523809524,721.375,22.1,74,0.0,16.1,911.9,46.923273657289,33.449175824175825,24.63743448275862,28.66309523809524,47.39308922109433,32.73676008734242,16.10575370807795,2020,10,1,Post-Monsoon,Bengaluru,55.86309523809524
2020-10-27,64.863125,48.17545454545454,6.991304347826088,4.836956521739131,24.04337944664032,679.5454545454545,26.7,85,1.9,15.6,1008.1,66.26569169960474,58.51392857142857,44.99211538461538,35.77020833333333,63.21424842367776,47.65578091399224,15.659546870073216,2020,10,1,Post-Monsoon,Chennai,35.73768817204301
2020-10-27,154.83333333333334,327.2361660079051,78.50797101449275,14.103322368421054,22.113200000000003,1740.909090909091,23.1,35,0.0,15.6,987.3,194.87185185185183,195.03517241379308,185.0448275862069,111.20623824451413,181.5801191996594,166.77588382082973,29.371451977278735,2020,10,1,Post-Monsoon,Delhi,193.33333333333331
2020-10-27,69.1625,142.07045454545457,44.3,11.093333333333334,33.46909090909091,1171.25,25.4,75,0.0,8.9,1008.2,63.3340909090909,32.260384615384616,15.848148148148148,53.07615384615384,54.918991841491845,29.291885744341663,26.719621728286093,2020,10,1,Post-Monsoon,Kolkata,80.3
2020-10-27,62.35172248803828,157.3565217391304,44.67811363636363,9.809242424242424,12.536062801932369,930.219298245614,27.4,76,0.0,12.4,1009.6,48.77884502923976,45.14518518518519,57.52844576719577,39.51616977225673,52.09191756748776,50.41405252376713,7.1775053173466725,2020,10,1,Post-Monsoon,Mumbai,81.11466666666666
2020-10-28,55.86309523809524,108.70833333333331,26.135185185185183,6.953576388888889,27.44,538.0238095238095,21.8,71,0.0,17.3,912.3,61.80681818181818,46.923273657289,33.449175824175825,23.907992202729048,54.8643956924008,37.30177480668045,17.64169556506099,2020,10,2,Post-Monsoon,Bengaluru,49.54502688172043
2020-10-28,35.73768817204301,62.37193548387096,8.877777777777778,7.824838709677419,32.161476426799005,631.5384615384615,26.2,82,9.4,21.8,1008.8,64.863125,66.26569169960474,58.51392857142857,27.90535714285714,55.62216829054924,48.77468534673307,14.22747643713362,2020,10,2,Post-Monsoon,Chennai,33.54390804597701
2020-10-28,193.33333333333331,385.7305194805195,87.07380952380953,18.497,34.2229356060606,2094.736842105264,23.1,39,0.0,10.4,988.0,154.83333333333334,194.87185185185183,195.03517241379308,111.2595281306715,181.0128395061728,178.50071313549574,17.497733976185714,2020,10,2,Post-Monsoon,Delhi,247.9422857142857
2020-10-28,80.3,166.68,30.42413793103448,12.218275862068966,51.55806451612903,826.0,25.5,78,0.0,9.7,1009.0,69.1625,63.3340909090909,32.260384615384616,8.098387096774193,70.93219696969696,39.60640187337392,30.79926337316521,2020,10,2,Post-Monsoon,Kolkata,62.82758620689656
2020-10-28,81.11466666666666,155.7460276679842,34.51275862068965,7.774666666666667,17.36806451612903,921.818181818182,27.3,79,0.0,11.2,1010.0,62.35172248803828,48.77884502923976,45.14518518518519,42.2823064516129,64.08174472798159,55.961532554489104,12.715346156080027,2020,10,2,Post-Monsoon,Mumbai,83.87931034482759
2020-10-29,49.54502688172043,108.70370370370372,22.944202898550724,7.332209677419355,30.16375,516.7830882352941,21.2,72,0.4,17.4,912.6,55.86309523809524,61.80681818181818,46.923273657289,18.776060606060604,55.73831343387795,41.69734141748899,16.01470484888443,2020,10,3,Post-Monsoon,Bengaluru,44.21755555555556
2020-10-29,33.54390804597701,70.4451724137931,7.705714285714285,10.140344827586206,17.746724137931032,624.4827586206897,25.0,87,16.0,16.6,1009.1,35.73768817204301,64.863125,66.26569169960474,32.400416666666665,44.714907072673334,48.938041258063116,14.013086865004745,2020,10,3,Post-Monsoon,Chennai,68.47385714285714
2020-10-29,247.9422857142857,465.8636363636364,84.01818181818182,17.664516129032258,32.80810160427808,2379.3052738336714,23.9,45,0.0,10.6,988.9,193.33333333333331,154.83333333333334,194.87185185185183,164.6086956521739,198.70298412698412,190.40551171579742,30.205127637548923,2020,10,3,Post-Monsoon,Delhi,208.29166666666663
2020-10-29,62.82758620689656,127.2804,25.441379310344825,13.700344827586209,35.85137931034483,691.4285714285714,26.5,77,0.0,12.0,1008.9,80.3,69.1625,63.3340909090909,6.738095238095238,70.76336206896552,47.6191862974884,27.99116696140347,2020,10,3,Post-Monsoon,Kolkata,48.486
2020-10-29,83.87931034482759,166.59053571428572,46.24931034482759,7.827241379310345,25.613666666666667,964.4827586206897,26.9,81,0.0,11.8,1010.6,81.11466666666666,62.35172248803828,48.77884502923976,50.78833333333333,75.78189983317752,60.68881498470257,16.15699074475995,2020,10,3,Post-Monsoon,Mumbai,67.5
2020-10-30,44.21755555555556,112.66111111111113,31.17,6.94,32.345777777777776,877.0,21.6,65,0.0,14.0,912.1,49.54502688172043,55.86309523809524,61.80681818181818,19.65656565656565,49.8752258917904,45.20605426020184,12.735795033758029,2020,10,4,Post-Monsoon,Bengaluru,67.125
2020-10-30,68.47385714285714,86.85714285714286,12.570000000000002,9.965714285714286,10.955714285714285,927.1428571428572,26.9,77,0.3,17.8,1008.5,33.54390804597701,35.73768817204301,64.863125,38.64983193277311,45.918484453625716,53.19861628807512,14.871297718401843,2020,10,4,Post-Monsoon,Chennai,64.48897727272728
2020-10-30,208.29166666666663,413.0326923076923,93.13384615384616,13.476785714285716,9.266666666666667,2342.8571428571427,22.4,46,0.0,14.2,988.7,247.9422857142857,193.33333333333331,154.83333333333334,161.77777777777777,216.52242857142855,197.0503529856387,27.884847718173877,2020,10,4,Post-Monsoon,Delhi,289.03846153846155
2020-10-30,48.486,102.66666666666669,28.55555555555556,10.842,33.279999999999994,743.3333333333334,27.2,77,0.0,15.9,1007.4,62.82758620689656,80.3,69.1625,9.60159420289855,63.87119540229886,53.17410141136003,22.51091235762112,2020,10,4,Post-Monsoon,Kolkata,59.23333333333333
2020-10-30,67.5,161.44,44.70111111111111,7.056,19.384444444444444,1195.0,26.6,78,0.0,13.0,1010.4,83.87931034482759,81.11466666666666,62.35172248803828,46.02352941176471,77.49799233716477,63.75688221159333,14.898101022016746,2020,10,4,Post-Monsoon,Mumbai,61.443
2020-10-31,67.125,125.83066502463052,23.3,8.643703703703704,35.05804347826087,987.6923076923076,22.3,74,1.6,8.5,912.3,44.21755555555556,49.54502688172043,55.86309523809524,24.63743448275862,53.62919414575865,51.27570647695061,11.348202261596189,2020,10,5,Post-Monsoon,Bengaluru,60.7171052631579
2020-10-31,64.48897727272728,63.266818181818174,15.25,10.164090909090907,13.389545454545454,790.0,26.9,80,0.0,14.8,1008.5,68.47385714285714,33.54390804597701,35.73768817204301,44.99211538461538,55.50224748718714,55.9838822720911,14.903884408934674,2020,10,5,Post-Monsoon,Chennai,60.73986111111111
2020-10-31,289.03846153846155,443.3718637992832,62.129248768472905,12.88113354037267,30.29047619047619,1608.3035714285716,21.9,40,0.0,16.5,988.4,208.29166666666663,247.9422857142857,193.33333333333331,185.0448275862069,248.42413797313793,211.90658640738934,43.6617952147206,2020,10,5,Post-Monsoon,Delhi,121.69565217391305
2020-10-31,59.23333333333333,120.60434782608696,20.58636363636364,14.842857142857142,51.68181818181818,609.0909090909091,26.7,79,0.6,12.6,1008.0,48.486,62.82758620689656,80.3,15.848148148148148,56.848973180076634,59.37198500924362,15.357073440065424,2020,10,5,Post-Monsoon,Kolkata,11.35217391304348
2020-10-31,61.443,132.24375,30.742,9.13470588235294,16.948,887.6190476190476,26.3,74,0.0,13.2,1010.4,67.5,83.87931034482759,81.11466666666666,57.52844576719577,70.94077011494255,64.31610424485108,14.69746015327796,2020,10,5,Post-Monsoon,Mumbai,45.61927083333333
2020-11-01,60.7171052631579,126.35,13.563750000000002,7.014561403508772,66.86736842105263,510.5592105263158,22.8,73,0.1,13.0,913.1,67.125,44.21755555555556,49.54502688172043,33.449175824175825,57.35322027290448,55.171124968233755,8.542296595869727,2020,11,6,Post-Monsoon,Bengaluru,89.29367816091954
2020-11-01,60.73986111111111,25.34,8.286111111111111,9.987777777777778,43.26027777777778,729.4444444444445,27.0,82,0.0,12.7,1009.3,64.48897727272728,68.47385714285714,33.54390804597701,58.51392857142857,64.56756517556516,56.30187263490291,14.99035800213948,2020,11,6,Post-Monsoon,Chennai,61.81
2020-11-01,121.69565217391305,285.247,57.40966386554622,15.456666666666669,40.167391304347824,1199.8538011695905,21.4,30,0.0,16.3,989.0,289.03846153846155,208.29166666666663,247.9422857142857,195.03517241379308,206.34192679301373,201.42951208740647,55.562425266873426,2020,11,6,Post-Monsoon,Delhi,155.3245590062112
2020-11-01,11.35217391304348,28.765,18.94,5.966666666666667,30.910666666666664,353.75,26.6,89,2.4,12.8,1008.8,59.23333333333333,48.486,62.82758620689656,32.260384615384616,39.69050241545894,56.385097766052034,22.073555603312013,2020,11,6,Post-Monsoon,Kolkata,15.596153846153848
2020-11-01,45.61927083333333,114.219375,35.00661057692308,9.136142857142858,46.80322742474917,755.1875,26.5,76,0.0,13.0,1011.1,61.443,67.5,83.87931034482759,45.14518518518519,58.187423611111136,64.3838307660151,14.59513242829759,2020,11,6,Post-Monsoon,Mumbai,80.98038461538461
2020-11-02,89.29367816091954,145.23333333333332,16.311076280041796,8.327507836990597,54.52068965517241,597.6060606060606,23.5,72,0.4,12.3,913.8,60.7171052631579,67.125,44.21755555555556,46.923273657289,72.37859447469246,61.22403989732384,14.59270432990092,2020,11,0,Post-Monsoon,Bengaluru,61.44456521739131
2020-11-02,61.81,38.74962962962963,10.341481481481482,10.641851851851852,39.8035300925926,705.1851851851852,27.4,84,0.2,12.4,1009.9,60.73986111111111,64.48897727272728,68.47385714285714,66.26569169960474,62.34627946127946,55.66534524924508,14.585898470332067,2020,11,0,Post-Monsoon,Chennai,72.66421875
2020-11-02,155.3245590062112,312.9047619047619,56.98235294117647,16.659259259259258,26.907621212121214,1521.3939393939395,21.9,29,0.0,17.7,989.8,121.69565217391305,289.03846153846155,208.29166666666663,194.87185185185183,188.68622423952857,195.77989882374354,58.284268160274785,2020,11,0,Post-Monsoon,Delhi,154.66666666666666
2020-11-02,15.596153846153848,41.3258064516129,27.3559375,8.584615384615384,24.948461538461537,506.4285714285714,26.7,85,0.0,11.9,1010.1,11.35217391304348,59.23333333333333,48.486,63.3340909090909,28.72722036417689,49.56539247134674,26.499502888693403,2020,11,0,Post-Monsoon,Kolkata,71.21904761904761
2020-11-02,80.98038461538461,180.5956,41.48653846153847,10.08153846153846,25.3544,1109.2307692307693,27.6,75,0.0,10.7,1011.8,45.61927083333333,61.443,67.5,48.77884502923976,62.68088514957267,68.98405070689293,13.915837493638774,2020,11,0,Post-Monsoon,Mumbai,90.19021739130434
2020-11-03,61.44456521739131,119.8076923076923,16.402,7.936285714285714,33.53269230769231,539.5882352941177,23.1,75,0.4,14.4,913.8,89.29367816091954,60.7171052631579,67.125,61.80681818181818,70.4851162138229,61.17228947383428,14.590935382987203,2020,11,1,Post-Monsoon,Bengaluru,49.64782608695653
2020-11-03,72.66421875,32.46333333333333,8.55142857142857,10.911428571428573,26.76142857142857,807.6190476190476,27.5,84,0.5,16.4,1009.9,61.81,60.73986111111111,64.48897727272728,64.863125,65.07135995370369,56.77978721353079,15.663967605250145,2020,11,1,Post-Monsoon,Chennai,42.91110119047619
2020-11-03,154.66666666666666,346.84743761140817,77.1570707070707,16.304029304029307,18.04,2019.047619047619,21.9,32,0.0,12.0,989.1,155.3245590062112,121.69565217391305,289.03846153846155,154.83333333333334,143.89562594893027,195.756089299934,58.30381370396538,2020,11,1,Post-Monsoon,Delhi,271.5625
2020-11-03,71.21904761904761,152.43103448275863,32.59047619047619,16.259047619047617,59.94636363636364,855.7142857142857,27.0,81,0.2,7.9,1010.2,15.596153846153848,11.35217391304348,59.23333333333333,69.1625,32.72245845941499,49.85918498835355,26.763071197553266,2020,11,1,Post-Monsoon,Kolkata,103.43
2020-11-03,90.19021739130434,198.49785714285716,38.759058441558444,10.678300395256915,22.910227272727276,1185.909090909091,28.0,67,0.0,14.5,1011.5,80.98038461538461,45.61927083333333,61.443,62.35172248803828,72.2632909466741,72.96097855021665,15.582603768538272,2020,11,1,Post-Monsoon,Mumbai,81.25713043478261
2020-11-04,49.64782608695653,103.45,16.405833333333334,6.54,28.7,498.5033444816054,23.0,79,0.7,15.6,913.4,61.44456521739131,89.29367816091954,60.7171052631579,55.86309523809524,66.79535648842246,60.28439388081447,15.146394372572637,2020,11,2,Post-Monsoon,Bengaluru,36.55
2020-11-04,42.91110119047619,52.221428571428575,5.800952380952381,10.55,27.114047619047614,650.0,26.9,87,9.2,16.6,1009.7,72.66421875,61.81,60.73986111111111,35.73768817204301,59.128439980158724,57.80456050187839,14.226610539857276,2020,11,2,Post-Monsoon,Chennai,26.047083333333333
2020-11-04,271.5625,492.716551724138,82.17554945054945,16.130978260869565,15.57,2509.166666666667,21.4,39,0.0,13.4,987.9,154.66666666666666,155.3245590062112,121.69565217391305,193.33333333333331,193.85124189095927,206.93168453802926,64.88771430817164,2020,11,2,Post-Monsoon,Delhi,278.3636363636364
2020-11-04,103.43,213.6391304347826,53.97043478260869,21.89565217391305,33.442,1052.8,25.1,64,0.0,9.6,1010.2,71.21904761904761,15.596153846153848,11.35217391304348,80.3,63.41506715506716,53.16347070263926,32.05290614338313,2020,11,2,Post-Monsoon,Kolkata,96.745225
2020-11-04,81.25713043478261,206.929,44.97016908212561,10.29486166007905,27.498055555555556,1209.5075757575758,27.3,69,0.0,13.0,1011.2,90.19021739130434,80.98038461538461,45.61927083333333,81.11466666666666,84.14257748049054,72.98133051709036,15.59511594494218,2020,11,2,Post-Monsoon,Mumbai,75.4595238095238
2020-11-05,36.55,67.13636363636364,16.69654761904762,6.633195488721805,30.37952380952381,341.875,22.7,82,4.8,17.0,913.7,49.64782608695653,61.44456521739131,89.29367816091954,49.54502688172043,49.2141304347826,58.42796146914012,17.322156501581087,2020,11,3,Post-Monsoon,Bengaluru,23.145833333333336
2020-11-05,26.047083333333333,37.0952,5.324,10.6616,24.8776,527.5,27.3,84,7.5,14.4,1010.2,42.91110119047619,72.66421875,61.81,33.54390804597701,47.207467757936506,56.73358554292929,16.463636048892845,2020,11,3,Post-Monsoon,Chennai,19.81432051282051
2020-11-05,278.3636363636364,466.1645114942529,76.28413043478261,18.20725952813067,25.26666666666667,2308.4375,22.6,40,0.0,10.2,989.2,271.5625,154.66666666666666,155.3245590062112,247.9422857142857,234.86426767676767,211.27759177365078,68.98180771491725,2020,11,3,Post-Monsoon,Delhi,255.30443548387095
2020-11-05,96.745225,199.86979166666663,70.63198260869565,16.652183333333333,43.696050724637686,1166.888888888889,24.5,67,0.0,8.9,1011.9,103.43,71.21904761904761,15.596153846153848,62.82758620689656,90.46475753968257,58.008847673082606,36.069292541521484,2020,11,3,Post-Monsoon,Kolkata,107.5527843915344
2020-11-05,75.4595238095238,156.778,49.19717391304347,9.608127705627703,26.48916149068323,1025.7142857142858,27.0,63,0.0,13.1,1011.6,81.25713043478261,90.19021739130434,80.98038461538461,83.87931034482759,82.3022905452036,71.7785038691898,14.92477683848648,2020,11,3,Post-Monsoon,Mumbai,58.79965517241379
2020-11-06,23.145833333333336,47.285714285714285,15.5,6.097307692307693,21.0575,491.5104166666666,22.9,80,0.0,17.0,914.8,36.55,49.64782608695653,61.44456521739131,44.21755555555556,36.447886473429946,55.41771543739409,21.524422162405646,2020,11,4,Post-Monsoon,Bengaluru,17.607424242424244
2020-11-06,19.81432051282051,43.036,4.461428571428572,10.511,24.964142857142857,541.4285714285714,27.0,86,5.0,14.6,1011.7,26.047083333333333,42.91110119047619,72.66421875,68.47385714285714,29.590835012210007,49.78222316720978,20.466460175434115,2020,11,4,Post-Monsoon,Chennai,21.72074370709382
2020-11-06,255.30443548387095,465.8140350877193,80.30740740740741,18.585714285714285,21.514375,2483.333333333333,21.9,41,0.0,10.9,991.7,278.3636363636364,271.5625,154.66666666666666,208.29166666666663,268.41019061583575,217.99370160467996,70.90444635001084,2020,11,4,Post-Monsoon,Delhi,343.5
2020-11-06,107.5527843915344,209.8411904761905,72.46034722222223,16.50076923076923,26.74805128205128,1425.6410256410256,23.8,70,0.0,8.7,1013.8,96.745225,103.43,71.21904761904761,48.486,102.57600313051148,66.44695972901609,40.1486157481445,2020,11,4,Post-Monsoon,Kolkata,101.9340625
2020-11-06,58.79965517241379,161.8322333333333,55.44125,8.075384615384616,31.06277777777778,879.7901049475263,26.7,57,0.0,16.2,1013.1,75.4595238095238,81.25713043478261,90.19021739130434,67.5,71.83876980557342,70.53559746524893,15.68345723952559,2020,11,4,Post-Monsoon,Mumbai,70.96919047619048
2020-11-07,17.607424242424244,49.0,12.54,6.100073891625616,23.164285714285715,332.51488095238096,22.8,80,0.8,16.6,915.4,23.145833333333336,36.55,49.64782608695653,67.125,25.76775252525252,48.34377604345469,24.90675201335119,2020,11,5,Post-Monsoon,Bengaluru,41.45
2020-11-07,21.72074370709382,26.40636363636364,4.183939393939394,9.753939393939394,23.361363636363635,540.0,26.8,88,5.7,17.7,1012.3,19.81432051282051,26.047083333333333,42.91110119047619,64.48897727272728,22.527382517749217,43.672475514976426,21.69143783165892,2020,11,5,Post-Monsoon,Chennai,51.10416666666667
2020-11-07,343.5,525.4935897435898,65.5415,16.74702380952381,33.0796875,2074.166666666667,21.4,42,0.0,15.1,992.6,255.30443548387095,278.3636363636364,271.5625,289.03846153846155,292.38935728250243,225.77392138489975,82.10297736913095,2020,11,5,Post-Monsoon,Delhi,397.44696969696975
2020-11-07,101.9340625,196.71197916666665,55.45596153846154,24.74034090909091,51.73296037296037,884.84375,22.3,70,0.0,12.9,1014.1,107.5527843915344,96.745225,103.43,59.23333333333333,102.07735729717814,72.54706389568277,42.06797523125624,2020,11,5,Post-Monsoon,Kolkata,68.9345238095238
2020-11-07,70.96919047619048,160.0876470588235,50.291,8.476835294117647,27.703727272727274,873.2,26.4,57,0.0,15.5,1013.5,58.79965517241379,75.4595238095238,81.25713043478261,61.443,68.40945648604271,71.89648181899042,15.167803711416953,2020,11,5,Post-Monsoon,Mumbai,65.84386363636364
2020-11-08,41.45,89.88888888888889,13.97,6.17936507936508,39.436,625.1851851851852,22.6,78,0.2,22.4,915.4,17.607424242424244,23.145833333333336,36.55,60.7171052631579,27.401085858585855,45.59133243443215,24.370306476460396,2020,11,6,Post-Monsoon,Bengaluru,39.8136
2020-11-08,51.10416666666667,85.66666666666667,6.966666666666666,4.7955,43.33416666666667,478.5,27.8,73,1.0,25.0,1012.3,21.72074370709382,19.81432051282051,26.047083333333333,60.73986111111111,30.87974362886033,42.29594773719865,20.711435780160805,2020,11,6,Post-Monsoon,Chennai,60.05217391304348
2020-11-08,397.44696969696975,620.3571428571429,81.69388888888889,29.804487179487182,43.58318181818182,2285.0,21.5,45,0.0,8.9,993.3,343.5,255.30443548387095,278.3636363636364,121.69565217391305,332.0838017269469,265.1669667453364,89.64937124958347,2020,11,6,Post-Monsoon,Delhi,534.1739130434783
2020-11-08,68.9345238095238,140.59870129870131,56.05404761904762,15.677261904761902,51.09194444444445,1108.7554112554112,22.7,72,0.0,10.2,1013.9,101.9340625,107.5527843915344,96.745225,11.35217391304348,92.8071235670194,80.77311388089424,32.692628725035064,2020,11,6,Post-Monsoon,Kolkata,79.17333333333335
2020-11-08,65.84386363636364,150.50809523809525,44.035340909090905,9.229246031746031,40.63051948051948,841.25,27.6,57,0.0,13.6,1013.3,70.96919047619048,58.79965517241379,75.4595238095238,45.61927083333333,65.20423642832266,74.78570936228047,10.552113024334908,2020,11,6,Post-Monsoon,Mumbai,77.75
2020-11-09,39.8136,101.5,13.7556,5.14,29.6224,594.8,21.6,74,0.0,16.4,914.3,41.45,17.607424242424244,23.145833333333336,89.29367816091954,32.95700808080807,38.52274984001506,14.92874284374176,2020,11,0,Post-Monsoon,Bengaluru,27.86186046511628
2020-11-09,60.05217391304348,95.84,13.369565217391305,8.06,51.58975,642.1739130434783,27.1,68,0.0,23.3,1011.3,51.10416666666667,21.72074370709382,19.81432051282051,61.81,44.29236142893465,42.044829724776285,20.444336391584613,2020,11,0,Post-Monsoon,Chennai,56.38510101010101
2020-11-09,534.1739130434783,772.4978571428571,100.72631578947367,15.73421052631579,8.024532967032968,3753.638095238095,20.9,52,0.0,11.1,991.9,397.44696969696975,343.5,255.30443548387095,155.3245590062112,425.040294246816,319.2883030363746,121.11812960762961,2020,11,0,Post-Monsoon,Delhi,525.6
2020-11-09,79.17333333333335,159.83916666666664,61.20357142857143,14.186722222222222,6.231250000000001,1143.125,23.4,74,0.0,10.2,1012.5,68.9345238095238,101.9340625,107.5527843915344,15.596153846153848,83.34730654761906,89.85556809334845,16.27848372596399,2020,11,0,Post-Monsoon,Kolkata,56.8
2020-11-09,77.75,163.15555555555557,58.70625,10.943055555555556,10.635763888888889,1118.3333333333333,26.6,60,0.0,13.3,1012.8,65.84386363636364,70.96919047619048,58.79965517241379,80.98038461538461,71.52101803751806,74.32422584579695,10.303759701451852,2020,11,0,Post-Monsoon,Mumbai,89.49916666666667
2020-11-10,27.86186046511628,82.25,12.205116279069768,5.437446808510638,50.34728104898565,864.1860465116279,19.7,63,0.0,14.8,911.9,39.8136,41.45,17.607424242424244,61.44456521739131,36.375153488372085,33.72522058969006,11.28668176128146,2020,11,1,Post-Monsoon,Bengaluru,26.61121212121212
2020-11-10,56.38510101010101,109.11111111111111,14.5625,9.606666666666667,50.86205555555556,648.4444444444445,26.5,68,0.1,20.6,1009.4,60.05217391304348,51.10416666666667,21.72074370709382,72.66421875,55.847147196603714,39.71924147621929,17.019906062703754,2020,11,1,Post-Monsoon,Chennai,55.58363636363637
2020-11-10,525.6,786.7727272727273,105.34,14.806825396825396,23.85239736070381,3139.947580645161,21.1,57,0.0,10.5,990.7,534.1739130434783,397.44696969696975,343.5,154.66666666666666,485.74029424681595,372.2787792268508,118.19891926509584,2020,11,1,Post-Monsoon,Delhi,149.82464285714286
2020-11-10,56.8,118.8490909090909,52.083333333333336,12.927777777777775,26.924545454545456,935.9375,24.6,73,0.0,9.6,1011.8,79.17333333333335,68.9345238095238,101.9340625,71.21904761904761,68.30261904761906,87.79570414777022,19.602651201490396,2020,11,1,Post-Monsoon,Kolkata,35.30833333333333
2020-11-10,89.49916666666667,198.18833333333336,59.40676282051282,11.334166666666668,19.38190909090909,1002.3076923076924,25.7,57,0.0,14.3,1010.7,77.75,65.84386363636364,70.96919047619048,90.19021739130434,77.69767676767678,74.22550431370585,10.128225441146112,2020,11,1,Post-Monsoon,Mumbai,83.76894736842105
2020-11-11,26.61121212121212,63.0,23.375,6.5266,33.905,452.34375,20.8,71,0.0,15.1,912.2,27.86186046511628,39.8136,41.45,49.64782608695653,31.428890862109455,30.434275737440853,8.99631994768635,2020,11,2,Post-Monsoon,Bengaluru,25.535714285714285
2020-11-11,55.58363636363637,82.54212121212122,11.481675579322635,6.481818181818182,35.50038461538462,681.7647058823529,25.6,87,6.4,20.6,1009.1,56.38510101010101,60.05217391304348,51.10416666666667,42.91110119047619,57.340303762260284,41.529603643813594,18.058296305590268,2020,11,2,Post-Monsoon,Chennai,29.25981907894737
2020-11-11,149.82464285714286,308.5245,48.65,15.370309523809524,40.15,1952.0,20.6,62,0.0,10.8,992.4,525.6,534.1739130434783,397.44696969696975,271.5625,403.1995186335403,354.8876567778712,142.03920996158286,2020,11,2,Post-Monsoon,Delhi,141.42105263157896
2020-11-11,35.30833333333333,81.28461538461539,36.325,12.4,50.03136363636364,552.7272727272727,25.9,67,0.0,9.9,1013.0,56.8,79.17333333333335,68.9345238095238,103.43,57.0938888888889,78.06403748110355,26.30950126286171,2020,11,2,Post-Monsoon,Kolkata,40.995
2020-11-11,83.76894736842105,213.41583333333327,60.34153846153846,14.873333333333337,23.22583333333333,928.7337662337662,25.2,56,0.0,17.3,1011.3,89.49916666666667,77.75,65.84386363636364,81.25713043478261,83.67270467836259,74.58433530422563,10.45799475037923,2020,11,2,Post-Monsoon,Mumbai,102.68175
2020-11-12,25.535714285714285,57.42857142857143,21.529945054945056,5.720833333333333,28.687857142857144,513.25,22.2,80,1.8,18.3,913.0,26.61121212121212,27.86186046511628,39.8136,36.55,26.66959562401422,28.860806349685756,8.70694947774578,2020,11,3,Post-Monsoon,Bengaluru,18.164242424242424
2020-11-12,29.25981907894737,25.8,13.155,6.4,24.991911764705883,650.0,25.8,89,19.5,18.4,1010.3,55.58363636363637,56.38510101010101,60.05217391304348,26.047083333333333,47.076185484228255,41.98856589318704,17.63508362347774,2020,11,3,Post-Monsoon,Chennai,26.416666666666664
2020-11-12,141.42105263157896,286.6363636363636,60.70976190476191,20.06645161290323,47.355,1722.1606334841629,21.0,58,0.0,11.3,993.7,149.82464285714286,525.6,534.1739130434783,278.3636363636364,272.28189849624056,335.32443053043437,162.31853952234198,2020,11,3,Post-Monsoon,Delhi,182.05
2020-11-12,40.995,102.53,45.4264705882353,20.955,46.22571428571429,696.1904761904761,25.1,65,0.0,11.3,1013.5,35.30833333333333,56.8,79.17333333333335,96.745225,44.36777777777778,70.0997196239607,28.089895574610654,2020,11,3,Post-Monsoon,Kolkata,41.83
2020-11-12,102.68175,226.68380952380951,59.50116541353383,8.569252136752137,57.25615497076024,970.5882352941176,25.3,51,0.0,15.4,1012.3,83.76894736842105,89.49916666666667,77.75,75.4595238095238,91.98328801169593,78.47322476000795,14.939056498906963,2020,11,3,Post-Monsoon,Mumbai,67.41666666666667
2020-11-13,18.164242424242424,31.0,16.366666666666667,5.550000000000001,21.43,537.9166666666666,22.2,85,2.7,21.7,913.2,25.535714285714285,26.61121212121212,27.86186046511628,23.145833333333336,23.437056277056268,28.14915050552991,9.425817384519991,2020,11,4,Post-Monsoon,Bengaluru,20.862256944444447
2020-11-13,26.416666666666664,46.15690476190476,9.8,6.365,19.045,441.9047619047619,26.8,86,8.4,17.9,1010.1,29.25981907894737,55.58363636363637,56.38510101010101,19.81432051282051,37.08670736975014,42.931758200879344,16.383613010512907,2020,11,4,Post-Monsoon,Chennai,33.49470588235294
2020-11-13,182.05,370.66,78.0,12.196969696969695,22.307692307692307,2082.062937062937,21.0,53,0.0,8.1,992.4,141.42105263157896,149.82464285714286,525.6,255.30443548387095,157.7652318295739,324.85951117559574,170.4929614008794,2020,11,4,Post-Monsoon,Delhi,373.9306666666667
2020-11-13,41.83,99.21428571428572,56.98857142857143,21.27125,28.68125,720.0,25.1,64,0.0,11.8,1012.4,40.995,35.30833333333333,56.8,107.5527843915344,39.37777777777779,60.710750425170076,24.199274056527642,2020,11,4,Post-Monsoon,Kolkata,67.725
2020-11-13,67.41666666666667,126.8336111111111,54.63,7.302777777777778,28.485,1145.625,26.2,62,0.0,17.2,1011.3,102.68175,83.76894736842105,89.49916666666667,58.79965517241379,84.62245467836259,79.70422640204406,13.314422228795474,2020,11,4,Post-Monsoon,Mumbai,98.43333333333334
2020-11-14,20.862256944444447,42.0,19.265,4.698333333333333,31.3525,429.1666666666666,22.5,78,0.2,20.7,912.3,18.164242424242424,25.535714285714285,26.61121212121212,17.607424242424244,21.520737884800372,28.614126605818505,8.883820555232004,2020,11,5,Post-Monsoon,Bengaluru,24.940784313725487
2020-11-14,33.49470588235294,51.37361111111111,11.065333333333331,10.327777777777778,30.48223076923077,373.84615384615387,27.5,81,2.0,23.5,1008.9,26.416666666666664,29.25981907894737,55.58363636363637,21.72074370709382,29.723730542655648,44.61375279734494,14.31714433536902,2020,11,5,Post-Monsoon,Chennai,13.307692307692308
2020-11-14,373.9306666666667,575.0,56.30833333333334,19.549444444444447,34.69638888888889,2064.270833333333,20.4,55,0.0,9.1,990.1,182.05,141.42105263157896,149.82464285714286,343.5,232.46723976608186,329.2067492708338,171.43284421198769,2020,11,5,Post-Monsoon,Delhi,297.72727272727275
2020-11-14,67.725,147.3722222222222,40.38352941176471,17.025,60.637857142857136,613.8888888888889,25.1,62,0.0,12.5,1011.9,41.83,40.995,35.30833333333333,101.9340625,50.18333333333334,55.823741496598636,16.814118244207826,2020,11,5,Post-Monsoon,Kolkata,79.93947368421053
2020-11-14,98.43333333333334,201.979568627451,30.516470588235293,7.9378125,25.195625,873.75,27.5,68,0.0,14.9,1009.8,67.41666666666667,102.68175,83.76894736842105,70.96919047619048,89.51058333333334,83.6276753816359,14.319959650020863,2020,11,5,Post-Monsoon,Mumbai,77.0539705882353
2020-11-15,24.940784313725487,43.16666666666666,17.352833333333333,5.855,28.53333333333333,476.5,21.4,88,8.2,23.7,911.6,20.862256944444447,18.164242424242424,25.535714285714285,41.45,21.322427894137444,26.255667222065004,6.871815493922653,2020,11,6,Post-Monsoon,Bengaluru,17.740448916408667
2020-11-15,13.307692307692308,18.8406432748538,10.825877192982457,7.338888888888889,38.665000000000006,416.6666666666667,26.0,90,25.4,19.3,1008.4,33.49470588235294,26.416666666666664,29.25981907894737,51.10416666666667,24.406354952237297,39.2142564603486,18.091184583717304,2020,11,6,Post-Monsoon,Chennai,17.05263157894737
2020-11-15,297.72727272727275,422.975,45.114285714285714,13.933333333333332,38.077,1449.4736842105262,21.1,61,4.2,20.1,989.6,373.9306666666667,182.05,141.42105263157896,397.44696969696975,284.5693131313131,314.96107827516283,168.9422861080575,2020,11,6,Post-Monsoon,Delhi,82.28758169934642
2020-11-15,79.93947368421053,146.0263157894737,35.05735197368421,16.050868421052634,46.63152960526316,609.561403508772,24.9,60,0.0,11.8,1011.9,67.725,41.83,40.995,68.9345238095238,63.16482456140352,57.39587719298246,18.657715497589795,2020,11,6,Post-Monsoon,Kolkata,84.13684210526316
2020-11-15,77.0539705882353,125.11705882352942,31.51924148606811,8.055,29.44545833333333,1112.0833333333337,27.8,71,0.0,14.8,1009.9,98.43333333333334,67.41666666666667,102.68175,65.84386363636364,80.96799019607846,85.22911923190328,12.512425450659935,2020,11,6,Post-Monsoon,Mumbai,71.674
2020-11-16,17.740448916408667,29.75,16.85815789473684,6.61220588235294,20.035,461.3815789473685,21.5,91,39.5,18.0,912.5,24.940784313725487,20.862256944444447,18.164242424242424,39.8136,21.18116339152619,23.102359924409104,4.1315667383960095,2020,11,0,Post-Monsoon,Bengaluru,16.153555555555556
2020-11-16,17.05263157894737,21.430263157894736,12.587857142857144,6.58,33.11176470588235,655.0,25.2,93,53.5,16.4,1009.9,13.307692307692308,33.49470588235294,26.416666666666664,60.05217391304348,21.285009922997535,33.07146469833486,17.11007177586326,2020,11,0,Post-Monsoon,Chennai,19.066666666666663
2020-11-16,82.28758169934642,134.83333333333331,34.78888888888889,10.977894736842105,25.639093567251464,929.375,19.5,79,8.2,16.9,991.3,297.72727272727275,373.9306666666667,182.05,534.1739130434783,251.31517369776194,250.40588808314396,157.14115588066153,2020,11,0,Post-Monsoon,Delhi,85.75
2020-11-16,84.13684210526316,159.58499999999998,41.17894736842105,16.105555555555554,24.685263157894735,991.5,24.4,67,0.0,9.5,1011.6,79.93947368421053,67.725,41.83,79.17333333333335,77.26710526315792,58.10494987468672,19.689101069514575,2020,11,0,Post-Monsoon,Kolkata,107.17857142857144
2020-11-16,71.674,140.5874613003096,36.47842105263158,8.397565359477124,35.68764705882353,891.7647058823529,28.1,65,0.0,18.3,1010.2,77.0539705882353,98.43333333333334,67.41666666666667,77.75,82.38710130718957,84.3611192319033,13.303475791787287,2020,11,0,Post-Monsoon,Mumbai,69.596
2020-11-17,16.153555555555556,45.333333333333336,18.120625,6.045999999999999,22.95375,473.3035714285714,21.9,85,0.6,27.4,912.1,17.740448916408667,24.940784313725487,20.862256944444447,27.86186046511628,19.611596261896562,21.429744937328994,4.251835148448487,2020,11,1,Post-Monsoon,Bengaluru,18.41125
2020-11-17,19.066666666666663,25.18440476190476,10.66797619047619,5.6466666666666665,20.342,487.1428571428572,26.3,88,10.2,22.2,1009.4,17.05263157894737,13.307692307692308,33.49470588235294,56.38510101010101,16.475663517768773,27.740259792129955,14.202017735859874,2020,11,1,Post-Monsoon,Chennai,21.567692307692308
2020-11-17,85.75,143.25,41.19479166666667,12.705042016806724,19.5,945.625,18.7,74,0.0,11.7,989.8,82.28758169934642,297.72727272727275,373.9306666666667,525.6,155.25495147553968,187.5701737974297,109.46957762108504,2020,11,1,Post-Monsoon,Delhi,109.78571428571428
2020-11-17,107.17857142857144,201.7642857142857,47.2,24.185714285714287,45.32357142857143,1020.0,24.6,66,0.0,8.2,1010.5,84.13684210526316,79.93947368421053,67.725,56.8,90.41829573934838,65.30188865019693,26.987374052887272,2020,11,1,Post-Monsoon,Kolkata,99.68
2020-11-17,69.596,141.22126190476192,46.845454545454544,8.898641025641027,14.335,1069.3333333333333,28.6,63,0.0,18.4,1009.3,71.674,77.0539705882353,98.43333333333334,89.49916666666667,72.77465686274512,81.51780970809376,14.123934532140582,2020,11,1,Post-Monsoon,Mumbai,99.2775
2020-11-18,18.41125,48.27083333333333,15.795,5.8,23.304280303030303,433.3333333333333,21.8,82,1.0,20.9,912.4,16.153555555555556,17.740448916408667,24.940784313725487,26.61121212121212,17.435084823988063,20.25832177715584,3.677107031920241,2020,11,2,Post-Monsoon,Bengaluru,25.36904761904762
2020-11-18,21.567692307692308,37.25214285714286,8.375,3.875,15.77904761904762,513.5714285714286,26.5,86,3.5,17.2,1009.8,19.066666666666663,17.05263157894737,13.307692307692308,55.58363636363637,19.228996851102107,22.880839212709372,7.161622703589634,2020,11,2,Post-Monsoon,Chennai,11.958333333333334
2020-11-18,109.78571428571428,180.8576923076923,49.644444444444446,12.1,34.31818181818181,1236.923076923077,17.8,68,0.0,8.5,988.5,85.75,82.28758169934642,297.72727272727275,149.82464285714286,92.60776532835352,181.85032685865417,112.76687681508918,2020,11,2,Post-Monsoon,Delhi,142.92857142857142
2020-11-18,99.68,175.2,44.54,20.26,66.31428571428572,964.6153846153846,25.1,74,0.1,8.0,1010.9,107.17857142857144,84.13684210526316,79.93947368421053,35.30833333333333,96.9984711779449,74.4978410311493,26.01343418219137,2020,11,2,Post-Monsoon,Kolkata,62.363076923076925
2020-11-18,99.2775,227.26267857142855,41.866,8.057500000000001,40.505,947.1428571428572,27.5,71,0.1,12.5,1009.2,69.596,71.674,77.0539705882353,83.76894736842105,80.18250000000002,83.73331722689076,15.66786958261463,2020,11,2,Post-Monsoon,Mumbai,71.16666666666667
2020-11-19,25.36904761904762,47.0,13.226111111111113,6.285333333333334,24.63,562.6339285714286,21.8,80,0.2,20.4,912.9,18.41125,16.153555555555556,17.740448916408667,25.535714285714285,19.977951058201047,20.234512253346313,3.637567305970826,2020,11,3,Post-Monsoon,Bengaluru,27.5
2020-11-19,11.958333333333334,23.489583333333336,6.206250000000001,5.3125,13.56234126984127,412.5,27.2,80,1.1,15.9,1009.9,21.567692307692308,19.066666666666663,17.05263157894737,29.25981907894737,17.530897435897426,20.40919839190737,7.567251048797648,2020,11,3,Post-Monsoon,Chennai,29.87722222222222
2020-11-19,142.92857142857142,258.26000000000005,60.34666666666667,14.0,15.508,1376.6666666666667,17.2,63,0.0,9.5,989.0,109.78571428571428,85.75,82.28758169934642,141.42105263157896,112.82142857142851,182.06568668679594,112.67820198247388,2020,11,3,Post-Monsoon,Delhi,143.8181818181818
2020-11-19,62.363076923076925,106.51333333333334,33.84285714285714,18.75714285714286,36.998000000000005,537.3333333333334,25.6,82,1.0,8.0,1010.3,99.68,107.17857142857144,84.13684210526316,40.995,89.74054945054947,77.55042344873172,22.434262764034173,2020,11,3,Post-Monsoon,Kolkata,66.675
2020-11-19,71.16666666666667,141.48785714285714,34.165,10.322774725274726,26.886666666666667,910.0,27.8,66,0.0,18.0,1009.5,99.2775,69.596,71.674,102.68175,80.01338888888891,79.231162464986,13.72275872891252,2020,11,3,Post-Monsoon,Mumbai,63.284000000000006
2020-11-20,27.5,69.0,24.42578947368421,4.8,21.649473684210523,605.3947368421052,21.7,74,0.0,16.2,913.5,25.36904761904762,18.41125,16.153555555555556,18.164242424242424,23.760099206349196,21.56819190702597,4.386375887028139,2020,11,4,Post-Monsoon,Bengaluru,20.359737762237764
2020-11-20,29.87722222222222,53.087028985507246,11.530579710144927,7.173913043478261,21.30119047619048,460.4761904761905,26.3,81,0.1,15.7,1010.6,11.958333333333334,21.567692307692308,19.066666666666663,26.416666666666664,21.134415954415946,20.903563471272445,8.11811506211546,2020,11,4,Post-Monsoon,Chennai,32.03615384615385
2020-11-20,143.8181818181818,242.0,56.99,14.477941176470589,27.366666666666664,1291.3257575757575,16.5,58,0.0,16.3,990.4,142.92857142857142,109.78571428571428,85.75,182.05,132.17748917748915,176.60399837510764,113.60188108780254,2020,11,4,Post-Monsoon,Delhi,105.60403846153848
2020-11-20,66.675,113.165,32.79,19.2,38.93,749.0,25.9,85,0.8,10.5,1010.1,62.363076923076925,99.68,107.17857142857144,41.83,76.23935897435899,81.09970916301744,17.194577899517597,2020,11,4,Post-Monsoon,Kolkata,106.17
2020-11-20,63.284000000000006,141.54978260869564,42.95333333333334,9.125166666666669,41.82733333333333,964.5,27.3,61,0.0,16.3,1010.7,71.16666666666667,99.2775,69.596,67.41666666666667,77.90938888888891,78.64078151260505,14.38850510433752,2020,11,4,Post-Monsoon,Mumbai,76.18739583333334
2020-11-21,20.359737762237764,40.0,16.885811688311687,7.046153846153846,36.16,640.7142857142858,20.1,63,0.0,14.5,913.3,27.5,25.36904761904762,18.41125,20.862256944444447,24.40959512709512,21.49640345242501,4.403932006494768,2020,11,5,Post-Monsoon,Bengaluru,23.55818181818182
2020-11-21,32.03615384615385,64.32608695652173,13.951250000000002,9.130434782608695,43.20381410256411,495.8333333333333,25.1,82,0.0,14.3,1011.0,29.87722222222222,11.958333333333334,21.567692307692308,33.49470588235294,24.623903133903127,20.69519889467258,7.751521825119205,2020,11,5,Post-Monsoon,Chennai,38.0
2020-11-21,105.60403846153848,194.7952403846154,38.4136,12.433333333333332,29.312430555555554,1159.6909090909091,16.3,52,0.0,21.9,990.8,143.8181818181818,142.92857142857142,109.78571428571428,373.9306666666667,130.7835972360972,138.27162291723215,74.44226795656277,2020,11,5,Post-Monsoon,Delhi,126.94117647058825
2020-11-21,106.17,176.20499999999998,34.864999999999995,16.303529411764707,18.677,1167.5,24.3,86,0.5,14.0,1010.8,66.675,62.363076923076925,99.68,67.725,78.40269230769233,86.5918520201603,18.313984912120233,2020,11,5,Post-Monsoon,Kolkata,70.37454545454545
2020-11-21,76.18739583333334,140.27380952380952,35.07342261904762,9.318181818181818,27.29225,1002.77950310559,26.6,62,0.0,16.4,1011.3,63.284000000000006,71.16666666666667,99.2775,98.43333333333334,70.21268750000003,75.46279044117648,11.443710629204157,2020,11,5,Post-Monsoon,Mumbai,75.47619047619048
2020-11-22,23.55818181818182,65.0,15.68375,5.351875,50.94105113636364,690.0,19.8,64,0.0,19.8,913.5,20.359737762237764,27.5,25.36904761904762,24.940784313725487,23.805973193473182,21.298888810204488,4.252093386038289,2020,11,6,Post-Monsoon,Bengaluru,41.0
2020-11-22,38.0,67.42941176470589,8.646999999999998,9.3675,12.691923076923077,507.1428571428572,24.7,82,0.0,16.3,1011.3,32.03615384615385,29.87722222222222,11.958333333333334,13.307692307692308,33.304458689458684,24.222671422145105,9.294227548408251,2020,11,6,Post-Monsoon,Chennai,46.87714285714286
2020-11-22,126.94117647058825,236.83333333333331,41.99444444444445,12.415055147058824,33.57911764705882,1235.2941176470588,15.8,53,0.0,13.0,991.3,105.60403846153848,143.8181818181818,142.92857142857142,297.72727272727275,125.45446558343615,113.87360916627723,25.117526372686687,2020,11,6,Post-Monsoon,Delhi,185.63333333333333
2020-11-22,70.37454545454545,136.8,25.44,14.75,66.14222222222222,395.45454545454544,22.9,60,0.0,13.1,1013.6,106.17,66.675,62.363076923076925,79.93947368421053,81.07318181818182,85.22543370163672,19.227105267210437,2020,11,6,Post-Monsoon,Kolkata,83.775
2020-11-22,75.47619047619048,148.133125,34.823750000000004,10.545,48.92302884615385,963.3333333333331,25.6,74,0.0,16.7,1012.0,76.18739583333334,63.284000000000006,71.16666666666667,77.0539705882353,71.64919543650797,75.23739328231294,11.42266588801799,2020,11,6,Post-Monsoon,Mumbai,54.758
2020-11-23,41.0,90.0,28.19875,8.0115,23.72,935.6666666666669,21.0,74,0.0,21.8,913.6,23.55818181818182,20.359737762237764,27.5,17.740448916408667,28.305973193473182,24.62168182214611,8.232723352724959,2020,11,0,Post-Monsoon,Bengaluru,47.43333333333334
2020-11-23,46.87714285714286,66.5,8.272142857142857,7.484120879120879,35.46194444444444,480.0,26.5,78,1.7,24.5,1010.6,38.0,32.03615384615385,29.87722222222222,17.05263157894737,38.9710989010989,28.483315890458748,11.923645695130524,2020,11,0,Post-Monsoon,Chennai,35.9025
2020-11-23,185.63333333333333,370.905,67.05384615384615,14.7,11.357142857142858,1903.3333333333333,15.8,58,0.0,11.3,991.6,126.94117647058825,105.60403846153848,143.8181818181818,82.28758169934642,139.39284942182,128.6372879711325,32.688831387583996,2020,11,0,Post-Monsoon,Delhi,226.72222222222223
2020-11-23,83.775,164.76,58.4125,15.742857142857144,41.02,1143.0,20.8,63,0.0,12.2,1014.4,70.37454545454545,106.17,66.675,84.13684210526316,86.77318181818184,85.17374197231341,19.231005710195074,2020,11,0,Post-Monsoon,Kolkata,85.8876923076923
2020-11-23,54.758,119.19410714285716,44.13444444444444,11.050642857142858,15.333333333333334,888.8888888888889,25.7,73,0.0,17.6,1012.3,75.47619047619048,76.18739583333334,63.284000000000006,71.674,68.80719543650797,72.8208218537415,13.836502636006166,2020,11,0,Post-Monsoon,Mumbai,76.875
2020-11-24,47.43333333333334,99.33333333333331,17.03047619047619,7.191666666666666,32.54,785.9126984126983,21.5,78,0.1,22.1,912.8,41.0,23.55818181818182,20.359737762237764,16.153555555555556,37.330505050505046,29.09022150468579,10.920575051669873,2020,11,1,Post-Monsoon,Bengaluru,22.16
2020-11-24,35.9025,51.230827067669175,9.454943609022555,6.978609022556391,35.01285714285714,563.75,25.0,90,20.0,26.4,1009.1,46.87714285714286,38.0,32.03615384615385,19.066666666666663,40.259880952380946,30.888434938077797,11.393849121293567,2020,11,1,Post-Monsoon,Chennai,17.1
2020-11-24,226.72222222222223,380.3913043478261,62.56170278637771,17.431932773109246,29.73708333333333,2191.176470588235,16.1,62,0.0,11.2,991.2,185.63333333333333,126.94117647058825,105.60403846153848,85.75,179.7655773420479,148.7761768600214,43.500323988609566,2020,11,1,Post-Monsoon,Delhi,280.38199999999995
2020-11-24,85.8876923076923,168.625,60.37692307692308,14.433333333333334,36.64615384615384,1072.857142857143,20.4,67,0.0,10.1,1013.5,83.775,70.37454545454545,106.17,107.17857142857144,80.0124125874126,82.13218781218781,16.685968793534677,2020,11,1,Post-Monsoon,Kolkata,89.814
2020-11-24,76.875,148.51305555555552,47.93333333333334,11.19737012987013,51.39666666666667,852.7777777777778,25.7,66,0.0,16.0,1011.2,54.758,75.47619047619048,76.18739583333334,69.596,69.03639682539685,73.86067899659864,13.827271335345529,2020,11,1,Post-Monsoon,Mumbai,96.73666666666666
2020-11-25,22.16,62.29166666666666,11.582,4.495,35.4705,1065.0,20.6,81,1.7,28.3,910.9,47.43333333333334,41.0,23.55818181818182,18.41125,36.86444444444444,29.625757218971504,10.388565067355843,2020,11,2,Post-Monsoon,Bengaluru,16.881999999999998
2020-11-25,17.1,28.025,7.54,5.2875,23.029666666666667,318.0,25.1,91,97.3,46.1,1004.8,35.9025,46.87714285714286,38.0,21.567692307692308,33.29321428571428,30.25019317983604,12.105866441927976,2020,11,2,Post-Monsoon,Chennai,5.4
2020-11-25,280.38199999999995,473.372,84.2,13.43375,8.435,2566.0,17.0,64,0.0,14.5,991.5,226.72222222222223,185.63333333333333,126.94117647058825,109.78571428571428,230.91251851851848,173.14707481920507,61.90842829523596,2020,11,2,Post-Monsoon,Delhi,153.0
2020-11-25,89.814,175.85000000000002,56.273333333333326,13.1375,9.06775,696.0,21.3,72,0.0,10.2,1013.3,85.8876923076923,83.775,70.37454545454545,99.68,86.49223076923077,80.72275924075925,15.317247528506625,2020,11,2,Post-Monsoon,Kolkata,96.9
2020-11-25,96.73666666666666,217.2525,56.879000000000005,10.77,6.212,1382.0833333333337,26.3,68,0.0,17.4,1010.3,76.875,54.758,75.47619047619048,99.2775,76.12322222222224,73.49770280612245,13.060974666577016,2020,11,2,Post-Monsoon,Mumbai,114.875
2020-11-26,16.881999999999998,25.25,12.214,5.405,24.99,380.0,19.1,95,24.2,28.5,909.4,22.16,47.43333333333334,41.0,25.36904761904762,28.8251111111111,28.413321844821844,11.412912859525202,2020,11,3,Post-Monsoon,Bengaluru,18.304
2020-11-26,5.4,6.0,4.793749999999999,1.8425,34.81,480.0,26.1,83,11.4,50.2,1000.8,17.1,35.9025,46.87714285714286,11.958333333333334,19.467499999999994,29.31328841793128,13.881086920457038,2020,11,3,Post-Monsoon,Chennai,20.27865612648221
2020-11-26,153.0,231.14285714285717,46.2,13.6125,6.7095,1356.0416666666663,17.3,69,0.7,12.3,993.8,280.38199999999995,226.72222222222223,185.63333333333333,142.92857142857142,220.03474074074066,174.58585032940917,61.202092986729625,2020,11,3,Post-Monsoon,Delhi,75.3
2020-11-26,96.9,189.2,66.475,15.05,6.945,1140.0,22.2,72,0.0,9.5,1013.7,89.814,85.8876923076923,83.775,62.363076923076925,90.86723076923079,85.65660539460539,13.916020442788957,2020,11,3,Post-Monsoon,Kolkata,56.19222222222223
2020-11-26,114.875,198.88361111111112,64.50875,9.345833333333331,11.111666666666666,1150.0,26.2,63,0.0,21.5,1010.8,96.73666666666666,76.875,54.758,71.16666666666667,96.16222222222224,79.74175042517007,20.237195269891373,2020,11,3,Post-Monsoon,Mumbai,59.82608695652174
2020-11-27,18.304,34.5,12.858333333333334,2.5575,12.461166666666664,701.4285714285714,19.2,85,0.0,23.7,911.8,16.881999999999998,22.16,47.43333333333334,27.5,19.11533333333332,27.09960755910756,12.04720433982665,2020,11,4,Post-Monsoon,Bengaluru,19.162857142857145
2020-11-27,20.27865612648221,63.0,9.123333333333331,4.8566666666666665,0.0,863.3333333333334,25.0,77,2.1,25.6,1008.2,5.4,17.1,35.9025,29.87722222222222,14.25955204216073,27.942064689968415,14.284328372269117,2020,11,4,Post-Monsoon,Chennai,15.515730769230773
2020-11-27,75.3,145.41666666666666,46.95,11.2,17.412307692307692,1090.7692307692307,17.3,67,0.0,15.2,995.4,153.0,280.38199999999995,226.72222222222223,143.8181818181818,169.5606666666666,164.79753864109745,71.54780505112427,2020,11,4,Post-Monsoon,Delhi,109.85
2020-11-27,56.19222222222223,122.9,27.826666666666668,18.304,25.84777777777778,576.6666666666666,22.2,69,0.0,15.2,1014.9,96.9,89.814,85.8876923076923,66.675,80.96874074074076,84.15906571206573,16.603633670835215,2020,11,4,Post-Monsoon,Kolkata,75.49444444444445
2020-11-27,59.82608695652174,140.48762499999998,39.211,10.659236111111111,27.204285714285717,877.0,27.6,43,0.0,22.6,1012.1,114.875,96.73666666666666,76.875,63.284000000000006,90.47925120772949,79.24776284753032,20.741795046883457,2020,11,4,Post-Monsoon,Mumbai,59.76833333333333
2020-11-28,19.162857142857145,43.75,12.4244,4.120769230769231,17.077671428571428,876.4285714285714,20.5,82,1.1,15.3,913.5,18.304,16.881999999999998,22.16,20.359737762237764,18.116285714285706,26.92862461348176,12.16670532334355,2020,11,5,Post-Monsoon,Bengaluru,17.94673076923077
2020-11-28,15.515730769230773,38.61538461538461,11.76923076923077,7.172,14.444545454545455,613.5,25.3,85,3.0,11.8,1011.4,20.27865612648221,5.4,17.1,32.03615384615385,13.731462298570987,25.58200425040798,14.848766694146173,2020,11,5,Post-Monsoon,Chennai,25.32185064935065
2020-11-28,109.85,206.9553703703704,49.51875661375661,11.551957671957672,18.6325,1513.5185185185185,16.4,63,0.0,14.9,994.2,75.3,153.0,280.38199999999995,105.60403846153848,112.71666666666663,165.40410457516336,70.97806765635772,2020,11,5,Post-Monsoon,Delhi,133.2578774928775
2020-11-28,75.49444444444445,138.4,48.625,20.147368421052636,40.730588235294114,920.0,22.4,64,0.0,13.4,1015.0,56.19222222222223,96.9,89.814,106.17,76.19555555555557,79.77684348984349,13.603009708031175,2020,11,5,Post-Monsoon,Kolkata,96.89
2020-11-28,59.76833333333333,142.18900000000002,43.51708235294117,11.67764705882353,24.375780423280425,946.4814814814816,27.1,51,0.0,15.6,1012.5,59.82608695652174,114.875,96.73666666666666,76.18739583333334,78.1564734299517,76.90218249038746,22.03369566541133,2020,11,5,Post-Monsoon,Mumbai,37.99158088235294
2020-11-29,17.94673076923077,53.0,19.3,6.4822500000000005,17.9635,338.46153846153845,21.4,82,0.6,17.8,914.3,19.162857142857145,18.304,16.881999999999998,23.55818181818182,18.471195970695963,26.12698874934589,12.60283369281673,2020,11,6,Post-Monsoon,Bengaluru,20.94375
2020-11-29,25.32185064935065,46.55142857142857,9.384615384615383,8.074,38.32925324675325,595.7142857142857,25.6,89,4.1,16.8,1011.8,15.515730769230773,20.27865612648221,5.4,38.0,20.37207918168787,23.77084005745807,13.819153889593476,2020,11,6,Post-Monsoon,Chennai,21.584444444444443
2020-11-29,133.2578774928775,246.0669803921569,60.3455,11.34375,22.1280303030303,1776.0,15.6,64,0.0,11.4,992.9,109.85,75.3,153.0,126.94117647058825,106.13595916429246,166.30649043549042,70.4457232022696,2020,11,6,Post-Monsoon,Delhi,155.28823529411767
2020-11-29,96.89,184.00666666666663,57.431250000000006,13.79,33.266666666666666,1170.0,21.6,68,0.0,12.4,1014.4,75.49444444444445,56.19222222222223,96.9,70.37454545454545,76.19222222222224,83.56476556776558,14.225972025479894,2020,11,6,Post-Monsoon,Kolkata,86.54117647058824
2020-11-29,37.99158088235294,91.74868131868132,38.43202083333333,6.512307692307692,19.42675,805.5769230769231,27.2,65,0.0,14.3,1012.4,59.76833333333333,59.82608695652174,114.875,75.47619047619048,52.528667057402686,71.54723826269638,26.533550894916182,2020,11,6,Post-Monsoon,Mumbai,60.244166666666665
2020-11-30,20.94375,58.5,19.102777777777774,5.471,24.82,331.75,21.4,80,0.1,18.5,914.5,17.94673076923077,19.162857142857145,18.304,41.0,19.35111263736263,23.261810177917322,10.810359730987994,2020,11,0,Post-Monsoon,Bengaluru,31.05777777777778
2020-11-30,21.584444444444443,47.18398268398269,14.576746031746032,8.448333333333334,24.578027777777777,467.22222222222223,26.3,80,2.0,22.2,1011.7,25.32185064935065,15.515730769230773,20.27865612648221,46.87714285714286,20.807341954341947,20.15759742707258,9.356856006063499,2020,11,0,Post-Monsoon,Chennai,25.047619047619047
2020-11-30,155.28823529411767,290.0698809523809,61.40833333333333,13.275,27.63960294117647,2026.315789473684,16.2,65,0.0,10.7,991.9,133.2578774928775,109.85,75.3,185.63333333333333,132.79870426233168,161.9714764298882,69.99039001880405,2020,11,0,Post-Monsoon,Delhi,233.8
2020-11-30,86.54117647058824,167.54117647058823,68.17058823529412,19.05625,43.37285714285714,1471.875,21.2,66,0.0,11.2,1013.9,96.89,75.49444444444445,56.19222222222223,83.775,86.30854030501091,83.95993363499247,14.271132862967775,2020,11,0,Post-Monsoon,Kolkata,135.7941176470588
2020-11-30,60.244166666666665,119.4570238095238,45.42153846153846,6.300913461538462,35.117000000000004,727.5,27.0,67,0.0,16.0,1012.6,37.99158088235294,59.76833333333333,59.82608695652174,54.758,52.668026960784324,72.33097635793447,26.03125405740997,2020,11,0,Post-Monsoon,Mumbai,67.58121118012423
2020-12-01,31.05777777777778,72.25,25.255138888888887,5.790555555555555,21.526785714285715,526.0526315789473,20.0,72,0.0,19.0,914.2,20.94375,17.94673076923077,19.162857142857145,47.43333333333334,23.316086182336175,20.92244509855224,4.819914270046571,2020,12,1,Winter,Bengaluru,27.75
2020-12-01,25.047619047619047,66.99498746867168,15.192105263157895,7.576526315789474,24.489455882352942,514.2857142857143,26.4,70,0.0,24.4,1011.7,21.584444444444443,25.32185064935065,15.515730769230773,35.9025,23.984638047138038,18.606900148161014,6.885761226036295,2020,12,1,Winter,Chennai,41.74074074074074
2020-12-01,233.8,441.1428571428572,85.46315789473684,20.636493506493508,17.355,2784.2105263157896,16.6,69,0.0,11.2,992.1,155.28823529411767,133.2578774928775,109.85,226.72222222222223,174.11537092899835,162.9825875409993,71.12365929345803,2020,12,1,Winter,Delhi,263.6666666666667
2020-12-01,135.7941176470588,268.94,84.15882352941176,18.37222222222222,34.60733333333334,1856.111111111111,21.3,67,0.0,9.7,1014.0,86.54117647058824,96.89,75.49444444444445,85.8876923076923,106.40843137254903,91.08942296918768,24.32163114968044,2020,12,1,Winter,Kolkata,138.8
2020-12-01,67.58121118012423,135.6925187969925,38.72325,7.897333333333333,20.535815789473684,870.3333333333333,28.0,64,0.0,16.8,1012.4,60.244166666666665,37.99158088235294,59.76833333333333,76.875,55.2723195763813,71.00329224080937,25.997852569616725,2020,12,1,Winter,Mumbai,78.20833333333333
2020-12-02,27.75,54.5,13.8765625,5.632666666666667,25.8225,290.0,20.3,79,0.0,18.6,912.9,31.05777777777778,20.94375,17.94673076923077,22.16,26.583842592592585,21.72101652712367,5.477368451730318,2020,12,2,Winter,Bengaluru,24.21619047619048
2020-12-02,41.74074074074074,74.41,11.747692307692308,9.491153846153846,24.12180833333333,615.4166666666666,25.6,83,10.1,26.4,1009.8,25.047619047619047,21.584444444444443,25.32185064935065,17.1,29.45760141093474,22.12700596826684,11.035156422279577,2020,12,2,Winter,Chennai,11.263157894736842
2020-12-02,263.6666666666667,400.5,75.69021739130434,15.35611111111111,16.8,2500.0,17.7,67,0.0,15.0,990.2,233.8,155.28823529411767,133.2578774928775,280.38199999999995,217.58496732026143,160.59468277909454,66.666079064935,2020,12,2,Winter,Delhi,196.02428571428567
2020-12-02,138.8,268.5842105263158,59.46923076923077,21.962,32.958888888888886,1444.2857142857142,22.0,64,0.0,9.5,1012.4,135.7941176470588,86.54117647058824,96.89,89.814,120.37843137254903,98.08742296918767,30.2244902894694,2020,12,2,Winter,Kolkata,172.42999999999998
2020-12-02,78.20833333333333,162.08133333333333,43.7616,7.807733333333333,21.571111111111108,995.2,27.3,66,0.0,19.5,1011.4,67.58121118012423,60.244166666666665,37.99158088235294,96.73666666666666,68.6779037267081,68.35638747890461,23.79073122549548,2020,12,2,Winter,Mumbai,73.49833333333333
2020-12-03,24.21619047619048,54.0,18.87954545454545,6.1,30.86,676.4285714285714,19.6,89,17.0,23.1,911.6,27.75,31.05777777777778,20.94375,16.881999999999998,27.67465608465608,22.76875802372231,5.084860983293553,2020,12,3,Winter,Bengaluru,23.666666666666668
2020-12-03,11.263157894736842,19.62406015037594,6.323809523809524,7.658714285714286,24.4180637254902,468.0,24.8,92,57.0,26.1,1008.2,41.74074074074074,25.047619047619047,21.584444444444443,5.4,26.017172561032208,22.964599953229243,9.695081090445294,2020,12,3,Winter,Chennai,9.890714285714283
2020-12-03,196.02428571428567,341.3571428571429,75.76315789473684,12.076470588235296,7.793181818181818,2262.7272727272725,18.5,64,0.0,9.4,989.3,263.6666666666667,233.8,155.28823529411767,153.0,231.16365079365073,166.74100930970675,67.82248009354625,2020,12,3,Winter,Delhi,223.65555555555557
2020-12-03,172.42999999999998,313.31666666666666,73.37666666666667,15.66,9.268571428571429,1890.0,22.3,64,0.0,6.5,1012.0,138.8,135.7941176470588,86.54117647058824,96.9,149.00803921568627,108.87742296918769,41.21399229595027,2020,12,3,Winter,Kolkata,113.267
2020-12-03,73.49833333333333,166.32882352941178,44.712857142857146,6.409632352941177,11.894736842105264,1225.2941176470588,26.4,62,0.0,17.3,1010.9,78.20833333333333,67.58121118012423,60.244166666666665,114.875,73.09595928226365,62.44543509795223,12.999206023160594,2020,12,3,Winter,Mumbai,74.91666666666667
2020-12-04,23.666666666666668,52.0,32.34461538461539,6.985625,21.17,573.3333333333334,20.5,90,5.7,27.0,911.0,24.21619047619048,27.75,31.05777777777778,18.304,25.210952380952374,23.53485326181755,4.688616171828367,2020,12,4,Winter,Bengaluru,14.581304347826087
2020-12-04,9.890714285714283,20.384615384615383,8.007407407407406,8.620000000000001,23.51952380952381,492.77777777777777,24.8,92,46.5,26.2,1007.9,11.263157894736842,41.74074074074074,25.047619047619047,20.27865612648221,20.964870973730616,21.480608261690968,10.895443672508174,2020,12,4,Winter,Chennai,11.17157894736842
2020-12-04,223.65555555555557,403.3021875,88.99862068965516,14.880030303030304,43.8,2491.25,18.6,64,0.0,11.1,987.8,196.02428571428567,263.6666666666667,233.8,75.3,227.78216931216926,187.9346601033576,56.76405022736266,2020,12,4,Winter,Delhi,251.75
2020-12-04,113.267,205.38333333333333,56.304545454545455,18.504166666666663,45.6625,1371.111111111111,22.1,68,0.0,10.2,1011.2,172.42999999999998,138.8,135.7941176470588,56.19222222222223,141.49900000000002,117.03096265172735,34.08258477361039,2020,12,4,Winter,Kolkata,125.85833333333332
2020-12-04,74.91666666666667,162.10150000000002,42.07434782608696,9.769736842105264,42.29111111111112,1085.3846153846157,25.7,64,0.0,14.0,1010.0,73.49833333333333,78.20833333333333,67.58121118012423,59.82608695652174,75.54111111111114,64.6012321994015,13.723547570700115,2020,12,4,Winter,Mumbai,85.3190909090909
2020-12-05,14.581304347826087,52.16666666666666,10.119333333333334,4.12,21.37818181818182,1113.3333333333333,21.0,88,3.7,25.4,911.6,23.666666666666668,24.21619047619048,27.75,19.162857142857145,20.821387163561067,22.880345719670256,5.626599874292371,2020,12,5,Winter,Bengaluru,21.72005115089514
2020-12-05,11.17157894736842,14.8,9.164,8.666923076923077,18.02,494.375,25.1,91,18.9,26.0,1008.4,9.890714285714283,11.263157894736842,41.74074074074074,15.515730769230773,10.775150375939845,20.860015144282055,11.403687474574959,2020,12,5,Winter,Chennai,7.65
2020-12-05,251.75,355.0154166666666,55.6,8.050120614035087,30.333125,1683.0,18.9,68,0.0,11.9,988.2,223.65555555555557,196.02428571428567,263.6666666666667,109.85,223.80994708994703,208.20608867478617,49.04353871420216,2020,12,5,Winter,Delhi,248.9975845410628
2020-12-05,125.85833333333332,217.884,52.5923076923077,21.145,36.95333333333333,1053.571428571429,21.9,73,0.0,10.2,1012.1,113.267,172.42999999999998,138.8,75.49444444444445,137.1851111111111,124.22580392156863,28.75185632030591,2020,12,5,Winter,Kolkata,118.96266666666666
2020-12-05,85.3190909090909,164.76375000000002,38.815,11.372727272727271,29.272,1307.2727272727273,25.5,62,0.0,14.3,1010.5,74.91666666666667,73.49833333333333,78.20833333333333,59.76833333333333,77.91136363636366,68.25134042450973,15.50604331237559,2020,12,5,Winter,Mumbai,54.13333333333333
2020-12-06,21.72005115089514,52.333333333333336,29.36187979539642,5.066675191815857,30.709754901960785,1161.4833759590792,20.9,87,4.1,24.8,912.7,14.581304347826087,23.666666666666668,24.21619047619048,17.94673076923077,19.989340721795955,23.41939148847945,5.242828299899353,2020,12,6,Winter,Bengaluru,18.355263157894736
2020-12-06,7.65,11.571428571428571,5.980366300366301,6.941007326007326,7.698,395.0,25.4,90,21.5,19.9,1010.2,11.17157894736842,9.890714285714283,11.263157894736842,25.32185064935065,9.570764411027563,18.33546505151768,12.180911158779011,2020,12,6,Winter,Chennai,10.37625
2020-12-06,248.9975845410628,393.8869047619048,62.0,11.18275,23.321,1932.608695652174,19.0,71,0.0,10.4,990.4,251.75,223.65555555555557,196.02428571428567,133.2578774928775,241.46771336553942,224.74033253881265,37.78151084905476,2020,12,6,Winter,Delhi,259.9688095238095
2020-12-06,118.96266666666666,187.0,35.17857142857143,19.12,45.31461538461539,876.6666666666666,21.9,76,0.0,9.7,1013.5,125.85833333333332,113.267,172.42999999999998,96.89,119.36266666666667,127.37904201680672,26.36560105993463,2020,12,6,Winter,Kolkata,73.4235294117647
2020-12-06,54.13333333333333,125.21090909090908,42.50333333333334,8.70125,22.37636363636364,1114.4444444444443,25.6,51,0.0,15.3,1011.6,85.3190909090909,74.91666666666667,73.49833333333333,37.99158088235294,71.45636363636366,70.55730506036407,10.716552940788143,2020,12,6,Winter,Mumbai,72.0244
2020-12-07,18.355263157894736,52.5,15.05,7.028947368421053,21.36,255.3846153846154,21.2,87,5.8,23.9,913.9,21.72005115089514,14.581304347826087,23.666666666666668,20.94375,18.218872885538644,23.049607653892988,5.529962415065958,2020,12,0,Winter,Bengaluru,20.16722222222222
2020-12-07,10.37625,17.208333333333332,8.1175,8.090909090909092,10.448333333333332,629.8958333333333,25.2,91,29.7,19.1,1012.0,7.65,11.17157894736842,9.890714285714283,21.584444444444443,9.732609649122802,16.73429441659705,12.417021820026736,2020,12,0,Winter,Chennai,18.398333333333333
2020-12-07,259.9688095238095,382.1666666666667,48.47376811594204,9.722934782608696,21.984,2050.454545454545,18.4,74,0.0,12.1,991.9,248.9975845410628,251.75,223.65555555555557,155.28823529411767,253.5721313549574,239.69470028591147,23.86306542270933,2020,12,0,Winter,Delhi,213.3653846153846
2020-12-07,73.4235294117647,136.7470588235294,43.999,14.00625,33.756,1236.6666666666667,22.1,77,0.0,9.8,1014.4,118.96266666666666,125.85833333333332,113.267,86.54117647058824,106.08150980392156,125.50509243697478,29.97152477607515,2020,12,0,Winter,Kolkata,152.61033333333333
2020-12-07,72.0244,160.72727272727272,43.6328,13.179381818181817,21.95833333333333,844.2857142857143,25.9,49,0.0,17.2,1012.9,54.13333333333333,85.3190909090909,74.91666666666667,60.244166666666665,70.49227474747475,72.24019553655455,9.704240852557476,2020,12,0,Winter,Mumbai,66.18181818181819
2020-12-08,20.16722222222222,61.333333333333336,9.529444444444444,1.8503846153846155,24.410833333333333,805.0,21.1,89,9.2,23.1,914.6,18.355263157894736,21.72005115089514,14.581304347826087,31.05777777777778,20.080845510337358,21.493814003099335,4.295672351893429,2020,12,1,Winter,Bengaluru,19.054285714285715
2020-12-08,18.398333333333333,27.727272727272727,22.47,7.470000000000001,8.334999999999999,918.5,25.9,88,13.6,20.0,1012.3,10.37625,7.65,11.17157894736842,25.047619047619047,12.141527777777773,15.784396457413374,11.91942463264445,2020,12,1,Winter,Chennai,31.565217391304348
2020-12-08,213.3653846153846,351.08805418719214,56.0,13.655172413793103,18.09565217391304,2657.9310344827586,18.2,73,0.0,10.0,991.9,259.9688095238095,248.9975845410628,251.75,233.8,240.77725956008558,236.7754695166807,25.869890356810554,2020,12,1,Winter,Delhi,185.69090909090912
2020-12-08,152.61033333333333,287.9083333333333,50.205,15.495,7.955238095238094,1451.0714285714284,21.9,77,0.0,8.4,1014.0,73.4235294117647,118.96266666666666,125.85833333333332,135.7941176470588,114.99884313725492,127.90740896358542,31.56523920347354,2020,12,1,Winter,Kolkata,143.1
2020-12-08,66.18181818181819,181.67454545454547,52.108253588516746,6.365833333333333,14.5625,1230.625,26.0,53,0.0,15.3,1012.7,72.0244,54.13333333333333,85.3190909090909,67.58121118012423,64.11318383838385,72.04028225108225,9.829816773755535,2020,12,1,Winter,Mumbai,50.0
2020-12-09,19.054285714285715,70.16666666666667,8.915833333333333,2.678095238095238,30.47833333333333,1005.8333333333334,20.9,87,3.0,19.6,914.1,20.16722222222222,18.355263157894736,21.72005115089514,27.75,19.19225703146755,20.251569105140153,3.3348171880803195,2020,12,2,Winter,Bengaluru,24.0
2020-12-09,31.565217391304348,50.13333333333333,16.787,5.676666666666667,14.176363636363636,507.3076923076923,25.7,82,5.9,16.7,1012.0,18.398333333333333,10.37625,7.65,41.74074074074074,20.113266908212555,14.330750264636746,8.296053192695917,2020,12,2,Winter,Chennai,40.1875
2020-12-09,185.69090909090912,353.71204545454543,60.4,14.770850202429148,15.473846153846154,2447.368421052632,19.4,67,0.0,9.7,990.2,213.3653846153846,259.9688095238095,248.9975845410628,263.6666666666667,219.67503441003439,225.63607557728673,28.963771942480896,2020,12,2,Winter,Delhi,125.19444444444444
2020-12-09,143.1,248.175,53.97333333333333,10.1625,24.7965,1598.75,21.4,76,0.0,10.3,1012.9,152.61033333333333,73.4235294117647,118.96266666666666,138.8,123.04462091503268,128.52169467787115,31.853076277854107,2020,12,2,Winter,Kolkata,119.98
2020-12-09,50.0,120.772,49.07625,7.747,15.904411764705882,800.0,26.4,58,0.0,14.7,1011.4,66.18181818181819,72.0244,54.13333333333333,78.20833333333333,62.735406060606074,68.01052034632035,12.341043360296105,2020,12,2,Winter,Mumbai,72.41180124223604
2020-12-10,24.0,79.0,19.0,6.981923076923077,25.09,325.0,20.0,75,0.0,12.5,913.8,19.054285714285715,20.16722222222222,18.355263157894736,24.21619047619048,21.07383597883597,20.220684751398654,3.2927159185618633,2020,12,3,Winter,Bengaluru,26.41
2020-12-10,40.1875,81.81684210526316,13.82263157894737,8.19657894736842,19.889980392156865,697.5,25.1,77,0.0,12.2,1012.0,31.565217391304348,18.398333333333333,10.37625,11.263157894736842,30.05035024154589,18.4627991368172,12.600208862098041,2020,12,3,Winter,Chennai,64.90656565656566
2020-12-10,125.19444444444444,251.1304347826087,56.9,18.24090909090909,14.869444444444444,1508.235294117647,18.7,68,0.0,9.5,989.8,185.69090909090912,213.3653846153846,259.9688095238095,196.02428571428567,174.750246050246,215.5175268244523,47.48397707737366,2020,12,3,Winter,Delhi,140.08695652173913
2020-12-10,119.98,210.54615384615383,47.22307692307693,8.846153846153847,26.03,1443.8461538461538,21.3,76,0.0,9.2,1012.4,143.1,152.61033333333333,73.4235294117647,172.42999999999998,138.56344444444446,121.02883753501399,25.297337556689566,2020,12,3,Winter,Kolkata,95.96666666666664
2020-12-10,72.41180124223604,151.26857142857142,52.03404761904761,7.747142857142857,17.192,915.309523809524,27.3,66,0.0,14.5,1010.9,50.0,66.18181818181819,72.0244,73.49833333333333,62.86453980801809,67.85530147616359,12.267128427801175,2020,12,3,Winter,Mumbai,74.51
2020-12-11,26.41,87.3125,9.491818181818182,2.442941176470588,50.73272727272727,688.3333333333334,19.7,74,0.0,13.5,913.7,24.0,19.054285714285715,20.16722222222222,23.666666666666668,23.154761904761898,20.612589513303416,3.8817859981262486,2020,12,4,Winter,Bengaluru,35.05111111111111
2020-12-11,64.90656565656566,117.0,24.145454545454548,9.327272727272726,12.768571428571429,788.0,24.7,78,0.1,16.6,1011.9,40.1875,31.565217391304348,18.398333333333333,9.890714285714283,45.55309434929001,26.32220647551025,20.83163621373689,2020,12,4,Winter,Chennai,64.17550505050505
2020-12-11,140.08695652173913,240.4,49.06866161616161,10.489610389610393,16.179181818181817,1658.717105263158,18.9,70,0.2,9.5,989.5,125.19444444444444,185.69090909090912,213.3653846153846,223.65555555555557,150.32410335236418,203.5791555339071,55.0064222547016,2020,12,4,Winter,Delhi,134.38722826086956
2020-12-11,95.96666666666664,168.33,27.4,9.633333333333333,30.085,940.0,20.2,81,0.0,8.9,1012.9,119.98,143.1,152.61033333333333,113.267,119.68222222222222,118.5573613445378,26.971715584837604,2020,12,4,Winter,Kolkata,94.94125846276384
2020-12-11,74.51,120.33,39.94,8.900769230769232,19.866666666666667,775.0,25.8,71,1.0,15.0,1011.9,72.41180124223604,50.0,66.18181818181819,74.91666666666667,65.64060041407869,67.79720623806836,12.229017048790707,2020,12,4,Winter,Mumbai,66.255
2020-12-12,35.05111111111111,95.625,16.34590909090909,3.370294117647059,45.48209595959596,684.4117647058823,19.1,75,0.0,14.0,913.2,26.41,24.0,19.054285714285715,14.581304347826087,28.487037037037027,23.536847622344133,5.8115557580926,2020,12,5,Winter,Bengaluru,43.69222222222223
2020-12-12,64.17550505050505,108.0,20.772727272727277,4.863636363636363,16.440742694805195,746.4117647058823,24.9,74,0.0,14.1,1011.5,64.90656565656566,40.1875,31.565217391304348,11.17157894736842,56.423190235690235,33.89419591881549,23.82480476888662,2020,12,5,Winter,Chennai,63.44444444444444
2020-12-12,134.38722826086956,283.7,35.18433080808081,8.744805194805195,16.93959090909091,829.358552631579,17.9,82,0.9,11.0,990.0,140.08695652173913,125.19444444444444,185.69090909090912,251.75,133.2228764090177,186.81304528545985,55.757831002640934,2020,12,5,Winter,Delhi,128.6875
2020-12-12,94.94125846276384,165.36236783154123,34.41965663580247,10.612283950617284,37.44111111111111,1007.9861111111112,20.3,79,0.0,11.9,1012.1,95.96666666666664,119.98,143.1,125.85833333333332,103.62930837647684,114.14063636302788,28.08530029493937,2020,12,5,Winter,Kolkata,93.915850258861
2020-12-12,66.255,111.27838628762542,39.36439393939394,9.041068376068376,16.84730576441103,778.5353535353536,25.6,77,1.3,17.7,1011.0,74.51,72.41180124223604,50.0,85.3190909090909,71.05893374741203,65.0737646796268,9.493288577358888,2020,12,5,Winter,Mumbai,58.0
2020-12-13,43.69222222222223,103.9375,23.2,4.29764705882353,40.23146464646464,680.4901960784314,19.2,80,0.0,12.1,912.4,35.05111111111111,26.41,24.0,21.72005115089514,35.051111111111105,26.675729203962288,9.457055696985428,2020,12,6,Winter,Bengaluru,52.333333333333336
2020-12-13,63.44444444444444,99.0,17.4,0.4,20.112913961038963,704.8235294117648,24.4,80,0.0,13.3,1010.7,64.17550505050505,64.90656565656566,40.1875,7.65,64.17550505050504,41.864830839450406,22.89639766021547,2020,12,6,Winter,Chennai,40.68863636363636
2020-12-13,128.6875,327.0,21.3,7.0,17.7,0.0,15.1,68,0.0,16.9,990.3,134.38722826086956,140.08695652173913,125.19444444444444,248.9975845410628,134.38722826086953,169.62589035102232,51.796860165188136,2020,12,6,Winter,Delhi,84.5973630831643
2020-12-13,93.915850258861,162.39473566308243,41.43931327160494,11.591234567901234,44.797222222222224,1075.9722222222222,21.3,80,0.0,9.8,1011.1,94.94125846276384,95.96666666666664,119.98,118.96266666666666,94.94125846276383,110.56251973334135,28.95074588084086,2020,12,6,Winter,Kolkata,92.8904420549582
2020-12-13,58.0,102.22677257525083,38.78878787878788,9.18136752136752,13.827944862155388,782.070707070707,25.1,75,0.0,15.4,1010.2,66.255,74.51,72.41180124223604,54.13333333333333,66.25500000000001,65.62614563200775,8.840667431082139,2020,12,6,Winter,Mumbai,52.15909090909091
2020-12-14,52.333333333333336,112.25,28.95641025641025,5.2250000000000005,34.98083333333334,676.5686274509803,19.4,77,0.0,16.0,912.5,43.69222222222223,35.05111111111111,26.41,18.355263157894736,43.69222222222222,31.529739229024944,12.65416937816152,2020,12,0,Winter,Bengaluru,45.0
2020-12-14,40.68863636363636,88.41379310344827,12.594117647058823,9.566666666666668,23.78508522727273,663.2352941176471,25.3,72,0.0,12.2,1010.7,63.44444444444444,64.17550505050505,64.90656565656566,10.37625,56.10286195286195,46.19517174854131,18.36690818804311,2020,12,0,Winter,Chennai,39.32560606060606
2020-12-14,84.5973630831643,133.3083424908425,31.241714285714288,8.998627533783784,30.0885,800.0,12.6,71,0.0,13.6,991.3,128.6875,134.38722826086956,140.08695652173913,259.9688095238095,115.8906971146779,144.5728265737873,42.371184607248175,2020,12,0,Winter,Delhi,124.25407407407408
2020-12-14,92.8904420549582,159.42710349462365,48.45896990740741,12.570185185185183,52.153333333333336,1143.9583333333333,21.4,77,0.0,12.0,1012.5,93.915850258861,94.94125846276384,95.96666666666664,73.4235294117647,93.91585025886103,113.34350725379758,25.520366404711147,2020,12,0,Winter,Kolkata,103.39
2020-12-14,52.15909090909091,93.17515886287626,38.21318181818182,9.321666666666664,10.80858395989975,785.6060606060606,24.1,86,22.5,11.2,1010.7,58.0,66.255,74.51,72.0244,58.80469696969698,62.78824433330645,9.60028229833449,2020,12,0,Winter,Mumbai,79.00424242424242
2020-12-15,45.0,66.5,19.816666666666663,5.976538461538461,50.8,530.0,19.3,77,0.0,19.9,913.6,52.333333333333336,43.69222222222223,35.05111111111111,20.16722222222222,47.008518518518514,35.077278911564626,12.416480203215393,2020,12,1,Winter,Bengaluru,41.22316666666666
2020-12-15,39.32560606060606,91.09055555555555,11.154166666666669,8.262500000000001,22.92879166666667,551.6666666666666,25.8,74,1.2,22.3,1011.6,40.68863636363636,63.44444444444444,64.17550505050505,18.398333333333333,47.81956228956229,49.184782138151704,14.35282906616926,2020,12,1,Winter,Chennai,29.75230769230769
2020-12-15,124.25407407407408,192.0975,22.367,16.876190476190477,23.177230392156865,1032.2222222222222,11.3,72,0.0,11.3,993.4,84.5973630831643,128.6875,134.38722826086956,213.3653846153846,112.51297905241275,131.8426393536001,29.771170911750577,2020,12,1,Winter,Delhi,118.78835897435896
2020-12-15,103.39,173.3692307692308,57.155,16.265,33.6104,1067.0833333333333,21.7,72,0.0,11.0,1014.3,92.8904420549582,93.915850258861,94.94125846276384,152.61033333333333,96.73209743793974,106.31203106332138,18.79198270076236,2020,12,1,Winter,Kolkata,104.31627272727272
2020-12-15,79.00424242424242,143.936875,37.79777272727273,9.883333333333333,15.410075757575758,817.2916666666667,24.8,80,0.0,21.0,1011.9,52.15909090909091,58.0,66.255,66.18181818181819,63.05444444444445,64.62001922508134,11.408673433600617,2020,12,1,Winter,Mumbai,106.64684210526316
2020-12-16,41.22316666666666,76.0,12.868333333333334,5.040869565217391,43.09,451.4516129032258,20.4,83,0.5,21.3,914.4,45.0,52.333333333333336,43.69222222222223,19.054285714285715,46.18549999999999,38.244261904761906,10.294343431912027,2020,12,2,Winter,Bengaluru,38.09287878787879
2020-12-16,29.75230769230769,60.15384615384615,8.257692307692308,7.188571428571429,25.39515652173913,487.77777777777777,26.2,77,4.4,20.1,1012.1,39.32560606060606,40.68863636363636,63.44444444444444,31.565217391304348,36.58885003885003,48.92579503829503,14.735018913067991,2020,12,2,Winter,Chennai,30.947291666666665
2020-12-16,118.78835897435896,184.3795698924731,26.951,8.513333333333334,18.701666666666664,1074.5454545454545,11.5,70,0.0,15.0,995.4,124.25407407407408,84.5973630831643,128.6875,185.69090909090912,109.21326537719908,122.28513219409294,18.024484206811696,2020,12,2,Winter,Delhi,119.0
2020-12-16,104.31627272727272,195.9675,55.32727272727273,20.63875,30.90543181818182,1048.0333333333333,22.0,68,0.0,10.6,1014.9,103.39,92.8904420549582,93.915850258861,143.1,100.19890492741031,100.77149859578891,9.614031201304318,2020,12,2,Winter,Kolkata,103.1846153846154
2020-12-16,106.64684210526316,172.5715,39.11166666666667,7.447820512820513,13.0,997.5,24.9,79,0.0,19.4,1013.0,79.00424242424242,52.15909090909091,58.0,50.0,79.27005847953217,72.71242524011893,17.677889252595474,2020,12,2,Winter,Mumbai,101.53171328671328
2020-12-17,38.09287878787879,66.5,21.132091886608016,5.274,36.92575,553.1060606060606,21.1,82,1.1,20.7,914.6,41.22316666666666,45.0,52.333333333333336,24.0,41.438681818181806,40.2575303030303,8.211701126007789,2020,12,3,Winter,Bengaluru,29.886764705882356
2020-12-17,30.947291666666665,54.93333333333333,9.403571428571428,6.1933333333333325,25.615,444.0,26.3,76,1.1,20.9,1012.0,29.75230769230769,39.32560606060606,40.68863636363636,40.1875,33.341735139860134,47.60576527639027,16.007269845875186,2020,12,3,Winter,Chennai,39.91
2020-12-17,119.0,188.58333333333331,21.663552631578945,6.866666666666666,21.873529411764707,848.1481481481482,10.2,65,0.0,17.1,994.6,118.78835897435896,124.25407407407408,84.5973630831643,125.19444444444444,120.68081101614432,121.40021155917228,18.009898156206066,2020,12,3,Winter,Delhi,109.04538461538462
2020-12-17,103.1846153846154,189.5730769230769,49.0925925925926,20.396,36.63851851851852,864.1666666666666,21.1,71,0.0,12.2,1014.2,104.31627272727272,103.39,92.8904420549582,119.98,103.63029603729603,98.37215793644826,5.018903148462781,2020,12,3,Winter,Kolkata,100.22777777777776
2020-12-17,101.53171328671328,179.04035714285715,29.952291666666667,10.239166666666668,14.857028571428572,822.0238095238095,25.2,76,0.0,19.5,1013.2,106.64684210526316,79.00424242424242,52.15909090909091,72.41180124223604,95.72759927207296,76.87241267504426,20.753992110256377,2020,12,3,Winter,Mumbai,87.30020833333333
2020-12-18,29.886764705882356,53.0,25.012857142857143,4.970948051948052,47.44,356.7647058823529,20.7,75,0.0,19.0,914.3,38.09287878787879,41.22316666666666,45.0,26.41,36.40093672014259,40.75421097529921,7.287707161646387,2020,12,4,Winter,Bengaluru,39.63913043478261
2020-12-18,39.91,67.4986274509804,14.665457516339869,8.541666666666668,31.73095238095238,528.8888888888889,26.1,76,1.0,23.2,1011.9,30.947291666666665,29.75230769230769,39.32560606060606,64.90656565656566,33.53653311965811,44.034827325452326,14.189444738727834,2020,12,4,Winter,Chennai,62.399
2020-12-18,109.04538461538462,225.95652173913044,26.545735294117648,9.687,26.091,1111.9411764705883,11.0,58,0.0,18.2,992.9,119.0,118.78835897435896,124.25407407407408,140.08695652173913,115.61124786324781,116.96570128683594,16.390707385630737,2020,12,4,Winter,Delhi,173.14675925925928
2020-12-18,100.22777777777776,185.43846153846152,43.3,21.31875,43.641578947368416,655.0,19.2,73,0.0,13.5,1014.7,103.1846153846154,104.31627272727272,103.39,95.96666666666664,102.57622196322195,98.98088809517843,4.936250310802796,2020,12,4,Winter,Kolkata,131.08888888888887
2020-12-18,87.30020833333333,171.4497619047619,32.63669934640523,8.607222222222223,16.693691119691117,900.4285714285713,25.0,74,0.0,15.3,1012.8,101.53171328671328,106.64684210526316,79.00424242424242,74.51,98.49292124176993,78.69958529409188,21.0719289627249,2020,12,4,Winter,Mumbai,85.8
2020-12-19,39.63913043478261,66.16666666666667,19.71333333333333,5.898260869565218,51.453478260869566,799.5652173913044,20.5,77,0.0,21.1,914.8,29.886764705882356,38.09287878787879,41.22316666666666,35.05111111111111,35.87292464284791,41.409642307252284,6.884462929646589,2020,12,5,Winter,Bengaluru,36.75685714285714
2020-12-19,62.399,100.44464285714284,8.609345238095237,8.02875,47.94,764.9404761904761,26.2,74,0.2,19.7,1012.7,39.91,30.947291666666665,29.75230769230769,64.17550505050505,44.41876388888888,43.781040889665896,13.779133607691683,2020,12,5,Winter,Chennai,51.0775
2020-12-19,173.14675925925928,274.2700487012987,90.46785714285714,9.836363636363636,9.68095238095238,2090.909090909091,12.2,59,0.0,17.3,993.5,109.04538461538462,119.0,118.78835897435896,134.38722826086956,133.73071462488124,122.50277714374876,26.614904787498233,2020,12,5,Winter,Delhi,170.89473684210526
2020-12-19,131.08888888888887,205.71166666666667,59.8625,11.223333333333334,26.529000000000003,1013.3333333333334,16.4,66,0.0,12.6,1015.9,100.22777777777776,103.1846153846154,104.31627272727272,94.94125846276384,111.50042735042734,104.14483529891056,12.741925908372338,2020,12,5,Winter,Kolkata,135.08512585812355
2020-12-19,85.8,184.3495,56.54285714285714,7.932045454545454,7.886666666666667,1025.0,25.4,66,0.0,18.4,1013.3,87.30020833333333,101.53171328671328,106.64684210526316,66.255,91.54397387334889,81.49172815123472,20.433358734235878,2020,12,5,Winter,Mumbai,76.72907575757576
2020-12-20,36.75685714285714,79.33333333333333,18.446285714285715,7.064736842105263,71.48942857142858,717.4285714285714,19.9,75,0.0,20.5,914.8,39.63913043478261,29.886764705882356,38.09287878787879,43.69222222222223,35.42758409450736,40.41887586734298,6.9993081887510575,2020,12,6,Winter,Bengaluru,51.0
2020-12-20,51.0775,90.3939393939394,10.590909090909092,5.114999999999999,9.311428571428571,506.4285714285714,25.9,66,0.0,24.4,1013.1,62.399,39.91,30.947291666666665,63.44444444444444,51.128833333333326,42.01433454045954,11.43042179735091,2020,12,6,Winter,Chennai,49.088
2020-12-20,170.89473684210526,297.71944444444443,61.64337837837838,10.36875,20.34189189189189,1711.1998361998362,13.4,61,0.0,15.3,993.8,173.14675925925928,109.04538461538462,119.0,128.6875,151.02896023891637,128.53238240690663,32.401535278228685,2020,12,6,Winter,Delhi,163.89772727272725
2020-12-20,135.08512585812355,218.82605263157893,42.59439359267735,13.915476190476191,55.17426315789474,830.7518796992481,16.0,68,0.0,13.2,1015.5,131.08888888888887,100.22777777777776,103.1846153846154,93.915850258861,122.13393084159674,110.0261603845195,16.25156201070826,2020,12,6,Winter,Kolkata,155.97666666666666
2020-12-20,76.72907575757576,140.89915151515152,43.55096491228071,7.535714285714286,29.44744318181818,682.2727272727273,25.0,58,0.0,17.9,1013.9,85.8,87.30020833333333,101.53171328671328,58.0,83.27642803030305,84.16731040231697,17.915743907650103,2020,12,6,Winter,Mumbai,71.48615384615385
2020-12-21,51.0,92.5,19.342857142857145,2.943809523809524,71.67714285714285,566.1904761904761,18.7,75,0.0,17.3,913.7,36.75685714285714,39.63913043478261,29.886764705882356,52.333333333333336,42.46532919254657,40.22839967686679,6.629401854297021,2020,12,0,Winter,Bengaluru,32.190909090909095
2020-12-21,49.088,103.19545454545454,12.456,9.552,34.260000000000005,557.7272727272727,25.4,61,0.0,24.1,1012.4,51.0775,62.399,39.91,40.68863636363636,54.18816666666666,43.21424363136863,11.705611541652917,2020,12,0,Winter,Chennai,55.0
2020-12-21,163.89772727272725,272.1244230769231,47.16,14.578400000000002,22.97947802197802,1400.0,13.2,70,0.0,11.3,992.0,170.89473684210526,173.14675925925928,109.04538461538462,84.5973630831643,169.31307445803057,139.86100586255847,28.051187315985306,2020,12,0,Winter,Delhi,269.6666666666667
2020-12-21,155.97666666666666,240.7321428571429,57.2,14.783241758241758,37.16331730769231,967.9166666666669,16.6,71,0.0,9.7,1013.7,135.08512585812355,131.08888888888887,100.22777777777776,92.8904420549582,140.7168938045597,119.03847818619214,21.733011321238703,2020,12,0,Winter,Kolkata,173.33333333333334
2020-12-21,71.48615384615385,126.88973214285714,38.90907142857142,8.337857142857143,25.44875,635.1442307692307,24.1,55,0.0,16.9,1012.7,76.72907575757576,85.8,87.30020833333333,52.15909090909091,78.00507653457656,86.92831939332598,12.966409812301979,2020,12,0,Winter,Mumbai,59.76333333333333
2020-12-22,32.190909090909095,98.1875,20.349090909090908,1.9172727272727272,86.93363636363637,646.0,18.9,71,0.0,14.0,913.0,51.0,36.75685714285714,39.63913043478261,45.0,39.98258874458874,38.39852954699666,6.856723295482048,2020,12,1,Winter,Bengaluru,37.62611111111111
2020-12-22,55.0,114.66,12.366666666666667,8.754999999999999,32.22561111111111,655.0,24.8,65,0.0,17.6,1011.7,49.088,51.0775,62.399,39.32560606060606,51.72183333333333,45.45344276556777,12.320798885558439,2020,12,1,Winter,Chennai,62.68421052631579
2020-12-22,269.6666666666667,451.5,70.3788888888889,16.656944444444445,25.11375,2868.6666666666665,14.1,71,0.0,9.5,990.8,163.89772727272725,170.89473684210526,173.14675925925928,124.25407407407408,201.48637692716636,160.634233375786,55.236550469692844,2020,12,1,Winter,Delhi,362.6011538461538
2020-12-22,173.33333333333334,355.40000000000003,82.04,19.466666666666665,23.726666666666663,2270.0,17.6,71,0.0,9.5,1012.9,155.97666666666666,135.08512585812355,131.08888888888887,103.39,154.7983752860412,129.0303829480969,28.396396446976112,2020,12,1,Winter,Kolkata,159.86083333333335
2020-12-22,59.76333333333333,168.875,48.67166666666667,13.81,25.453333333333333,965.8333333333331,23.2,58,0.0,14.1,1011.6,71.48615384615385,76.72907575757576,85.8,79.00424242424242,69.32618764568765,84.17961809462467,16.487493545839644,2020,12,1,Winter,Mumbai,84.41000000000001
2020-12-23,37.62611111111111,103.875,17.601428571428574,4.936111111111111,94.28166666666668,937.1428571428572,20.2,75,0.0,14.1,912.4,32.190909090909095,51.0,36.75685714285714,41.22316666666666,40.27234006734005,37.88466446763159,6.743609076359868,2020,12,2,Winter,Bengaluru,45.67
2020-12-23,62.68421052631579,140.0109649122807,20.08,8.906666666666666,20.43861111111111,733.3333333333334,24.5,67,0.0,19.4,1010.9,55.0,49.088,51.0775,29.75230769230769,55.59073684210526,50.15800031328321,11.592067647519274,2020,12,2,Winter,Chennai,65.60526315789474
2020-12-23,362.6011538461538,549.7619047619048,59.6175,17.78474431818182,18.316311188811188,3991.7391304347834,14.0,72,0.0,10.2,989.8,269.6666666666667,163.89772727272725,170.89473684210526,118.78835897435896,265.38851592851586,195.46463264318527,90.23480649092146,2020,12,2,Winter,Delhi,286.52341137123744
2020-12-23,159.86083333333335,293.4235,65.61000000000001,20.934469696969696,24.942878787878787,1868.409090909091,17.9,74,0.0,10.0,1012.2,173.33333333333334,155.97666666666666,135.08512585812355,104.31627272727272,163.05694444444447,136.96532017753412,28.098395007979672,2020,12,2,Winter,Kolkata,154.41538461538462
2020-12-23,84.41000000000001,183.77645833333327,59.64647727272728,15.490714285714288,21.49833333333333,1062.857142857143,23.2,62,0.0,13.0,1010.4,59.76333333333333,71.48615384615385,76.72907575757576,106.64684210526316,71.88649572649574,81.00292636530136,13.264375781397062,2020,12,2,Winter,Mumbai,89.04166666666667
2020-12-24,45.67,109.5625,25.80333333333333,6.975714285714286,80.16552631578948,739.047619047619,20.4,75,0.0,14.6,911.6,37.62611111111111,32.190909090909095,51.0,38.09287878787879,38.49567340067339,38.96711035507747,7.362334918378387,2020,12,3,Winter,Bengaluru,40.25361111111111
2020-12-24,65.60526315789474,135.8,25.30987132352941,7.848529411764705,24.085135135135136,622.4324324324324,24.0,69,0.0,19.5,1010.0,62.68421052631579,55.0,49.088,30.947291666666665,61.09649122807017,55.10913909774437,9.167209407378168,2020,12,3,Winter,Chennai,62.034615384615385
2020-12-24,286.52341137123744,424.0080208333334,64.3,13.905208333333334,17.659523809523808,3190.769230769231,13.8,67,0.0,11.5,990.2,362.6011538461538,269.6666666666667,163.89772727272725,119.0,306.2637439613526,219.39654855336204,88.77840086322509,2020,12,3,Winter,Delhi,182.22222222222223
2020-12-24,154.41538461538462,303.67600000000004,89.45714285714287,23.11,18.272,1887.142857142857,18.4,75,0.0,10.1,1012.0,159.86083333333335,173.33333333333334,155.97666666666666,103.1846153846154,162.5365170940171,144.28400149621544,24.240275957637976,2020,12,3,Winter,Kolkata,140.6
2020-12-24,89.04166666666667,192.45868421052631,59.0,10.472083333333334,31.979534883720927,1048.3333333333333,23.5,62,0.0,16.4,1009.4,84.41000000000001,59.76333333333333,71.48615384615385,101.53171328671328,77.73833333333334,79.218633991009,10.618900974598963,2020,12,3,Winter,Mumbai,101.2525
2020-12-25,62.034615384615385,114.42857142857144,15.12375,9.590769230769231,20.569375,702.3557692307693,24.6,67,0.0,17.7,1010.9,65.60526315789474,62.68421052631579,55.0,39.91,63.44136302294197,58.269798438403704,6.471043065404104,2020,12,4,Winter,Chennai,55.99692307692308
2020-12-25,182.22222222222223,306.0882352941176,73.14714285714285,11.754878048780489,19.95440766550523,2168.974358974359,13.3,65,0.0,14.5,991.3,286.52341137123744,362.6011538461538,269.6666666666667,109.04538461538462,277.11559581320444,229.850382497196,77.16778192767133,2020,12,4,Winter,Delhi,198.0326086956522
2020-12-25,140.6,281.3,67.175,14.9,32.785,1780.0,18.2,73,0.0,9.8,1012.4,154.41538461538462,159.86083333333335,173.33333333333334,100.22777777777776,151.625405982906,150.05146181367576,15.084880400119083,2020,12,4,Winter,Kolkata,137.07999999999998
2020-12-25,101.2525,203.57183155080213,52.69,8.230322580645161,20.146926406926404,1210.0,25.1,60,0.0,12.8,1009.9,89.04166666666667,84.41000000000001,59.76333333333333,87.30020833333333,91.56805555555557,81.21181851481852,13.347510773423961,2020,12,4,Winter,Mumbai,97.97583333333333
2020-12-26,55.99692307692308,98.45506912442396,20.908166666666663,7.347207977207978,15.139814814814814,622.0,25.2,65,0.0,19.8,1011.6,62.034615384615385,65.60526315789474,62.68421052631579,62.399,61.212267206477726,57.35521602082128,6.23841352707251,2020,12,5,Winter,Chennai,56.99
2020-12-26,198.0326086956522,335.19136363636363,73.96694444444444,11.560681818181818,18.971904761904764,2098.690476190476,12.8,71,0.0,13.0,990.6,182.22222222222223,286.52341137123744,362.6011538461538,173.14675925925928,222.2594140963706,233.40550384525213,74.65230185399545,2020,12,5,Winter,Delhi,256.42857142857144
2020-12-26,137.07999999999998,258.7,61.66666666666666,12.393333333333333,38.51333333333333,1520.0,18.2,65,0.0,11.2,1013.6,140.6,154.41538461538462,159.86083333333335,131.08888888888887,144.03179487179486,150.90733482954877,13.957517206605146,2020,12,5,Winter,Kolkata,147.6142857142857
2020-12-26,97.97583333333333,179.93058823529412,38.05,7.847571428571429,30.741333333333333,1073.225806451613,25.0,65,0.0,14.3,1011.3,101.2525,89.04166666666667,84.41000000000001,85.8,96.09000000000002,82.95122327672327,14.763346188529871,2020,12,5,Winter,Mumbai,106.9690476190476
2020-12-27,56.99,112.41805555555555,10.898647058823528,9.001999999999999,27.036666666666665,835.6060606060605,25.3,70,0.0,20.6,1010.9,55.99692307692308,62.034615384615385,65.60526315789474,51.0775,58.34051282051282,58.19985887796414,5.615996993996977,2020,12,6,Winter,Chennai,63.11800000000001
2020-12-27,256.42857142857144,367.7504878048781,47.32928571428572,14.3,25.826129032258063,1861.0,14.9,64,0.2,21.9,988.2,198.0326086956522,182.22222222222223,286.52341137123744,170.89473684210526,212.2278007821486,245.6246230718901,69.54029354686044,2020,12,6,Winter,Delhi,104.57172413793104
2020-12-27,147.6142857142857,246.58571428571423,69.39565217391304,16.0625,29.057142857142853,1480.0,16.7,67,0.0,10.6,1012.5,137.07999999999998,140.6,154.41538461538462,135.08512585812355,141.7647619047619,152.69721480900054,12.294645872562192,2020,12,6,Winter,Kolkata,185.14444444444445
2020-12-27,106.9690476190476,190.46866666666668,36.32303030303031,10.701179487179488,43.66222222222222,1043.928571428571,24.8,68,0.0,20.9,1011.4,97.97583333333333,101.2525,89.04166666666667,76.72907575757576,102.06579365079365,87.27121925693355,16.90780171794352,2020,12,6,Winter,Mumbai,68.73142857142857
2020-12-28,63.11800000000001,115.938,11.8015,8.8475,25.50808333333333,655.5172413793103,25.1,69,0.0,21.1,1010.6,56.99,55.99692307692308,62.034615384615385,49.088,58.70164102564102,60.204144592249854,4.128731539112939,2020,12,0,Winter,Chennai,63.190000000000005
2020-12-28,104.57172413793104,262.25888888888886,53.01361111111111,11.766296296296296,18.331785714285715,1038.0,12.0,53,0.0,14.8,991.1,256.42857142857144,198.0326086956522,182.22222222222223,163.89772727272725,186.3443014207182,237.14947976691926,83.3955963884675,2020,12,0,Winter,Delhi,122.06630952380952
2020-12-28,185.14444444444445,289.0857142857143,83.33330917874397,13.007142857142858,23.350238095238097,2157.184265010352,17.4,68,0.0,10.2,1012.3,147.6142857142857,137.07999999999998,140.6,155.97666666666666,156.61291005291005,156.86404020582592,17.45222417585287,2020,12,0,Winter,Kolkata,216.5954248366013
2020-12-28,68.73142857142857,151.29473333333334,36.636,8.633392857142857,35.1225,739.2,23.2,50,0.0,23.1,1011.5,106.9690476190476,97.97583333333333,101.2525,71.48615384615385,91.2254365079365,86.87768707482994,17.36238284909384,2020,12,0,Winter,Mumbai,77.736875
2020-12-29,81.08741379310345,138.0,25.8,6.1425,35.5725,229.91379310344823,20.6,74,0.0,17.0,912.3,44.63666666666667,38.7559375,49.904222222222224,32.190909090909095,54.8266726532567,48.27628034345923,15.097938115861595,2020,12,1,Winter,Bengaluru,39.0
2020-12-29,63.190000000000005,128.01166666666666,13.19078804347826,9.538695652173914,25.339,637.8260869565217,25.9,72,0.3,20.4,1010.3,63.11800000000001,56.99,55.99692307692308,55.0,61.099333333333334,61.374144592249856,3.524401989731552,2020,12,1,Winter,Chennai,39.14944444444444
2020-12-29,122.06630952380952,266.6125,47.24,9.86953488372093,17.96013842746401,1105.6312292358805,10.3,67,0.0,16.8,992.2,104.57172413793104,256.42857142857144,198.0326086956522,269.6666666666667,161.02220169677062,216.0637144607968,92.01762070517292,2020,12,1,Winter,Delhi,141.92307692307693
2020-12-29,216.5954248366013,414.5972426470588,77.90367647058824,20.3375,20.0906045751634,2174.3872549019607,18.1,66,0.0,9.5,1012.8,185.14444444444445,147.6142857142857,137.07999999999998,173.33333333333334,183.11805166511047,163.04433899200708,28.450860602946918,2020,12,1,Winter,Kolkata,105.08823529411764
2020-12-29,77.736875,199.4095622895623,40.6885,9.172455357142857,28.88235294117647,846.0,22.0,61,0.0,18.7,1010.7,68.73142857142857,106.9690476190476,97.97583333333333,59.76333333333333,84.47911706349207,89.44533588435374,13.607170615133112,2020,12,1,Winter,Mumbai,98.17973684210526
2020-12-30,39.0,83.75,24.552941176470583,4.1,58.625,630.0,21.6,73,0.4,20.1,912.6,81.08741379310345,44.63666666666667,38.7559375,37.62611111111111,54.90802681992337,48.472550184729066,14.944564404720127,2020,12,2,Winter,Bengaluru,28.51147058823529
2020-12-30,39.14944444444444,76.72222222222223,13.27,9.52111111111111,29.37444444444445,509.55882352941177,24.8,84,43.3,23.6,1010.5,63.190000000000005,63.11800000000001,56.99,62.68421052631579,55.15248148148148,58.012035151982516,9.01501544647653,2020,12,2,Winter,Chennai,42.26470588235294
2020-12-30,141.92307692307693,214.17791021671823,27.05,8.128846153846155,18.554736842105264,1130.909090909091,9.7,76,0.0,12.8,993.6,122.06630952380952,104.57172413793104,256.42857142857144,362.6011538461538,122.85370352827245,184.53827490035727,68.15435268317589,2020,12,2,Winter,Delhi,236.43070175438595
2020-12-30,105.08823529411764,191.31764705882352,50.30588235294118,15.330000000000002,47.444,881.4285714285714,18.2,69,0.0,15.5,1013.8,216.5954248366013,185.14444444444445,147.6142857142857,159.86083333333335,168.94270152505447,155.21968212926194,36.002100116321174,2020,12,2,Winter,Kolkata,100.29
2020-12-30,98.17973684210526,239.0935,50.26933333333333,14.255491452991452,38.888888888888886,1006.1538461538462,22.9,65,0.0,20.4,1010.8,77.736875,68.73142857142857,106.9690476190476,84.41000000000001,81.54934680451129,91.41244114751164,13.752449380044752,2020,12,2,Winter,Mumbai,101.52387096774191
2020-12-31,28.51147058823529,86.875,23.82588235294118,2.6513636363636364,48.636,898.5714285714286,20.3,79,2.0,19.9,913.2,39.0,81.08741379310345,44.63666666666667,45.67,49.53296146044624,46.021331697334105,16.775831514860762,2020,12,3,Winter,Bengaluru,56.888052083333335
2020-12-31,42.26470588235294,77.87605042016807,10.01647186147186,6.087235294117647,27.626363636363635,476.1764705882353,25.9,73,0.9,25.7,1011.1,39.14944444444444,63.190000000000005,63.11800000000001,65.60526315789474,48.20138344226579,54.677669826905124,10.000986149126138,2020,12,3,Winter,Chennai,44.2258064516129
2020-12-31,236.43070175438595,320.4394285714286,56.80263157894737,10.511282051282052,16.886857142857146,2092.083333333333,9.7,79,0.0,11.2,992.8,141.92307692307693,122.06630952380952,104.57172413793104,286.52341137123744,166.80669606709077,177.3821735265213,57.4506775905569,2020,12,3,Winter,Delhi,365.375
2020-12-31,100.29,188.06129032258065,51.5225,23.8,43.372580645161285,808.1481481481482,18.1,66,0.0,14.8,1014.1,105.08823529411764,216.5954248366013,185.14444444444445,154.41538461538462,140.65788671023967,147.48748432706415,41.58329428403995,2020,12,3,Winter,Kolkata,103.2
2020-12-31,101.52387096774191,215.75256048387095,49.49592592592593,8.761822916666667,38.63074074074074,1164.0,24.5,67,0.0,15.3,1010.3,98.17973684210526,77.736875,68.73142857142857,89.04166666666667,92.48016093661573,93.19561319052238,14.195901446836402,2020,12,3,Winter,Mumbai,112.81433333333332
2021-01-01,56.888052083333335,90.0,23.96348958333333,4.963333333333333,56.51359375,586.3333333333333,19.9,72,0.0,19.1,913.6,28.51147058823529,39.0,81.08741379310345,40.25361111111111,41.46650755718954,48.39768040765157,16.99931820655137,2021,1,4,Winter,Bengaluru,55.90428571428571
2021-01-01,44.2258064516129,89.91346423562413,9.17290513833992,8.034435483870968,30.844120234604105,482.7272727272728,25.5,68,0.1,22.0,1011.9,42.26470588235294,39.14944444444444,63.190000000000005,62.034615384615385,41.87998559280342,52.13355426504762,10.08238956350909,2021,1,4,Winter,Chennai,41.10333333333333
2021-01-01,365.375,487.4881756756757,73.68333333333334,12.670526315789472,18.05,2972.7272727272725,10.5,75,0.0,9.1,992.1,236.43070175438595,141.92307692307693,122.06630952380952,182.22222222222223,247.90959289248758,203.54685606620387,91.58713936372179,2021,1,4,Winter,Delhi,314.6666666666667
2021-01-01,103.2,221.54583333333332,59.9,23.204166666666666,39.06392857142857,1309.090909090909,18.1,67,0.0,10.9,1014.4,100.29,105.08823529411764,216.5954248366013,140.6,102.8594117647059,142.144627184207,44.88716065795793,2021,1,4,Winter,Kolkata,168.97857142857143
2021-01-01,112.81433333333332,229.37980846774192,39.63166666666667,9.34128623188406,39.21571428571429,1198.421052631579,25.4,70,0.0,17.3,1010.7,101.52387096774191,98.17973684210526,77.736875,101.2525,104.17264704772684,94.84730366671286,15.864141390291636,2021,1,4,Winter,Mumbai,125.855
2021-01-02,55.90428571428571,92.66666666666669,19.175,5.831666666666667,42.425,366.6666666666667,19.8,78,0.0,19.8,913.1,56.888052083333335,28.51147058823529,39.0,49.904222222222224,47.10126946195144,49.254832335089205,17.237543357108155,2021,1,5,Winter,Bengaluru,30.77359649122807
2021-01-02,41.10333333333333,73.13888888888889,9.897063492063491,8.516388888888889,23.694375,498.3333333333333,24.5,82,15.7,21.1,1011.4,44.2258064516129,42.26470588235294,39.14944444444444,55.99692307692308,42.53128188909972,50.00589858739195,10.684718061397906,2021,1,5,Winter,Chennai,33.11666666666667
2021-01-02,314.6666666666667,416.9927536231884,50.55277777777778,10.902173913043478,11.05,2081.7391304347825,13.7,72,4.5,12.9,991.0,365.375,236.43070175438595,141.92307692307693,198.0326086956522,305.4907894736842,220.20886434777736,100.5841872305411,2021,1,5,Winter,Delhi,82.11439772727272
2021-01-02,168.97857142857143,299.5611111111112,89.3,13.81111111111111,8.735555555555557,1924.1176470588236,18.0,61,0.0,10.0,1014.2,103.2,100.29,105.08823529411764,137.07999999999998,124.15619047619049,146.70156595971724,45.895158476990375,2021,1,5,Winter,Kolkata,127.05
2021-01-02,125.855,217.31895220588237,30.39111111111111,8.127849264705883,18.816666666666663,1071.875,25.0,75,0.0,16.2,1011.5,112.81433333333332,101.52387096774191,98.17973684210526,97.97583333333333,113.3977347670251,98.83004176195095,19.79343328473102,2021,1,5,Winter,Mumbai,113.54166666666669
2021-01-03,30.77359649122807,58.0,21.15547619047619,4.301152882205514,34.53404761904762,264.2105263157895,21.3,80,1.3,19.8,912.2,55.90428571428571,56.888052083333335,28.51147058823529,38.7559375,47.8553114296157,48.11449790526465,18.28033621684036,2021,1,6,Winter,Bengaluru,28.27601648351649
2021-01-03,33.11666666666667,57.70625,8.5025,8.1595,18.634523809523813,526.6666666666666,25.2,83,3.5,19.5,1009.9,41.10333333333333,44.2258064516129,42.26470588235294,56.99,39.48193548387096,46.59542239691576,11.832358511860559,2021,1,6,Winter,Chennai,30.267777777777777
2021-01-03,82.11439772727272,106.0,34.26325,10.832,11.307391304347824,1100.0,16.0,83,8.1,23.4,989.2,314.6666666666667,365.375,236.43070175438595,256.42857142857144,254.0520214646464,195.30683953330612,111.14593333101206,2021,1,6,Winter,Delhi,89.30833333333334
2021-01-03,127.05,251.0,74.86,16.568421052631578,41.84375,1702.5,17.9,69,0.0,10.4,1012.7,168.97857142857143,103.2,100.29,147.6142857142857,133.07619047619048,143.76381085767642,46.48141489134867,2021,1,6,Winter,Kolkata,119.32
2021-01-03,113.54166666666669,222.56555555555556,35.712105263157895,7.351176470588236,70.54133333333334,959.375,24.3,69,0.0,18.0,1010.0,125.855,112.81433333333332,101.52387096774191,106.9690476190476,117.4036666666667,99.76898734018225,20.39075430428223,2021,1,6,Winter,Mumbai,124.61375
2021-01-04,28.27601648351649,70.78571428571429,25.826098901098906,4.724843304843304,31.043846153846157,278.4259259259259,20.9,79,0.2,23.0,912.3,30.77359649122807,55.90428571428571,56.888052083333335,44.63666666666667,38.31796622967675,45.777262164814616,19.783223076874044,2021,1,0,Winter,Bengaluru,25.36309523809524
2021-01-04,30.267777777777777,58.75583333333333,10.61,8.048333333333334,15.91136645962733,780.0,25.1,82,4.5,19.5,1010.3,33.11666666666667,41.10333333333333,44.2258064516129,63.11800000000001,34.82925925925925,41.90253350802687,10.641602424869438,2021,1,0,Winter,Chennai,18.55555555555556
2021-01-04,89.30833333333334,127.59763574660631,47.28269230769231,12.336363636363636,17.60909090909091,1269.5,16.6,88,5.6,14.2,990.6,82.11439772727272,314.6666666666667,365.375,104.57172413793104,162.02979924242422,193.12635513264928,113.35052678997846,2021,1,0,Winter,Delhi,56.91666666666666
2021-01-04,119.32,216.38846153846157,62.8037037037037,21.134615384615383,34.431428571428576,1696.6666666666667,19.3,71,0.0,10.3,1013.2,127.05,168.97857142857143,103.2,185.14444444444445,138.4495238095238,134.36031879418434,43.26140503592961,2021,1,0,Winter,Kolkata,100.91785714285712
2021-01-04,124.61375,229.37020833333332,35.15130434782609,7.547461538461539,36.79666666666667,1048.4615384615386,24.0,66,0.0,16.6,1010.0,113.54166666666669,125.855,112.81433333333332,68.73142857142857,121.33680555555559,107.75217611569245,16.844931100613227,2021,1,0,Winter,Mumbai,123.485
2021-01-05,25.36309523809524,66.34782608695652,25.5,5.487807017543859,30.945559440559443,228.2453416149068,20.9,82,0.5,18.9,912.9,28.27601648351649,30.77359649122807,55.90428571428571,81.08741379310345,28.137569404279926,37.81664522838487,13.382743497351216,2021,1,1,Winter,Bengaluru,15.5974025974026
2021-01-05,18.55555555555556,26.96547619047619,11.55404761904762,7.73,12.510961538461538,585.0,24.7,91,17.6,16.6,1010.7,30.267777777777777,33.11666666666667,41.10333333333333,63.190000000000005,27.313333333333333,35.52618430167766,9.007242997268518,2021,1,1,Winter,Chennai,13.533333333333331
2021-01-05,56.91666666666666,75.23166666666665,35.383333333333326,10.944444444444445,12.585714285714284,1000.0,17.5,84,2.8,14.2,990.2,89.30833333333334,82.11439772727272,314.6666666666667,122.06630952380952,76.11313257575753,183.8192632959146,122.46580950225899,2021,1,1,Winter,Delhi,131.6297619047619
2021-01-05,100.91785714285712,206.08461538461535,62.714814814814815,20.064,26.620833333333334,1347.7777777777778,21.1,69,0.0,8.0,1013.2,119.32,127.05,168.97857142857143,216.5954248366013,115.76261904761903,117.83495198079231,24.74357267173762,2021,1,1,Winter,Kolkata,133.34
2021-01-05,123.485,223.54945454545447,35.91264705882353,8.046330049261083,44.30642857142857,945.0,24.0,67,0.4,20.9,1011.1,124.61375,113.54166666666669,125.855,77.736875,120.54680555555557,114.28762254426388,11.181303210198003,2021,1,1,Winter,Mumbai,151.84674836601306
2021-01-06,15.5974025974026,28.15,23.43625,4.789285714285715,21.635738636363637,241.1904761904762,21.0,88,12.1,16.0,912.2,25.36309523809524,28.27601648351649,30.77359649122807,39.0,23.0788381063381,34.47341702801382,15.751408043283186,2021,1,2,Winter,Bengaluru,17.305656108597287
2021-01-06,13.533333333333331,24.37254901960784,10.639919786096256,8.781749999999999,11.544272727272729,901.0714285714286,25.0,91,16.1,15.5,1009.8,18.55555555555556,30.267777777777777,33.11666666666667,39.14944444444444,20.78555555555555,31.866739857233217,11.997217056682166,2021,1,2,Winter,Chennai,20.20689655172414
2021-01-06,131.6297619047619,179.43478260869566,29.25090579710145,11.493223443223442,13.905862068965517,1304.5454545454545,17.5,86,2.7,13.3,989.9,56.91666666666666,89.30833333333334,82.11439772727272,141.92307692307693,92.61825396825391,182.34878972186957,123.11279689604933,2021,1,2,Winter,Delhi,120.14285714285714
2021-01-06,133.34,257.18333333333334,83.025,17.996666666666666,33.08361111111111,2207.222222222222,22.3,68,0.0,7.6,1011.2,100.91785714285712,119.32,127.05,105.08823529411764,117.8592857142857,121.87091836734693,24.621707517429808,2021,1,2,Winter,Kolkata,135.20689655172413
2021-01-06,151.84674836601306,258.4658823529412,40.137277777777776,11.573684210526316,30.32007843137255,1031.154761904762,24.5,61,0.0,21.8,1010.6,123.485,124.61375,113.54166666666669,98.17973684210526,133.31516612200434,121.9543384762507,15.758085053383573,2021,1,2,Winter,Mumbai,138.02266666666668
2021-01-07,17.305656108597287,43.35,22.6945,6.216218487394958,20.89928571428571,300.3809523809524,21.3,86,3.2,19.2,911.1,15.5974025974026,25.36309523809524,28.27601648351649,28.51147058823529,19.42205131469837,32.872586388065535,16.979839666238085,2021,1,3,Winter,Bengaluru,19.382291666666667
2021-01-07,20.20689655172414,35.4719953416149,11.814285714285711,6.795172413793103,18.38800724637681,647.8571428571429,25.1,89,3.4,17.2,1008.6,13.533333333333331,18.55555555555556,30.267777777777777,42.26470588235294,17.431928480204338,28.71562423857196,11.704179051270238,2021,1,3,Winter,Chennai,25.08108108108108
2021-01-07,120.14285714285714,169.9532967032967,25.324516129032254,9.875882352941176,18.96481481481481,956.2068965517242,14.9,85,0.0,12.6,989.7,131.6297619047619,56.91666666666666,89.30833333333334,236.43070175438595,102.89642857142853,165.7362404916512,122.44281104040245,2021,1,3,Winter,Delhi,142.47982456140352
2021-01-07,135.20689655172413,252.125,92.7344827586207,28.606896551724137,33.485625,1614.074074074074,23.2,71,0.0,9.2,1010.0,133.34,100.91785714285712,119.32,100.29,123.15491789819374,126.85904644616468,23.004757518407718,2021,1,3,Winter,Kolkata,102.25555555555556
2021-01-07,138.02266666666668,255.5039160839161,47.12703703703704,15.063358974358977,36.91483870967742,1075.7692307692307,25.2,71,0.2,17.6,1008.6,151.84674836601306,123.485,124.61375,101.52387096774191,137.78480501089325,127.16845214752568,13.786356576206511,2021,1,3,Winter,Mumbai,143.902
2021-01-08,19.382291666666667,57.8421052631579,23.505344827586207,4.0041935483870965,25.07766129032258,294.38709677419354,21.6,85,8.3,15.2,910.7,17.305656108597287,15.5974025974026,25.36309523809524,56.888052083333335,17.428450124222174,27.51462061425601,13.748821822392207,2021,1,4,Winter,Bengaluru,21.705294117647057
2021-01-08,25.08108108108108,43.61162790697675,12.616805555555556,7.089646464646465,11.610640423031729,610.0,25.4,88,4.2,13.5,1008.1,20.20689655172414,13.533333333333331,18.55555555555556,44.2258064516129,19.607103655379515,25.98066347135313,9.506234116616216,2021,1,4,Winter,Chennai,28.536444444444445
2021-01-08,142.47982456140352,221.5,34.890707236842104,11.011464389534884,14.835483870967742,1057.8947368421052,13.4,85,0.0,9.8,989.2,120.14285714285714,131.6297619047619,56.91666666666666,365.375,131.41748120300747,133.8940725718517,85.18725729426286,2021,1,4,Winter,Delhi,141.838
2021-01-08,102.25555555555556,195.9921052631579,70.5,26.39210526315789,33.769411764705886,1208.571428571429,23.1,68,0.0,11.9,1010.3,135.20689655172413,133.34,100.91785714285712,103.2,123.60081736909324,126.72412581124404,23.168826294192645,2021,1,4,Winter,Kolkata,87.15789473684211
2021-01-08,143.902,240.7641611842105,37.22655172413793,11.24566554054054,14.178571428571429,1081.923076923077,25.2,84,2.8,11.5,1008.0,138.02266666666668,151.84674836601306,123.485,112.81433333333332,144.59047167755992,131.60954738562094,13.393340224903755,2021,1,4,Winter,Mumbai,120.32511627906976
2021-01-09,21.705294117647057,65.86486486486487,25.718710801393726,5.546753246753247,18.216418750000003,318.16666666666663,21.2,84,0.8,15.8,911.3,19.382291666666667,17.305656108597287,15.5974025974026,55.90428571428571,19.46441396430366,22.629050386164774,5.69903827706051,2021,1,5,Winter,Bengaluru,27.222110389610396
2021-01-09,28.536444444444445,48.948388888888886,10.4075,7.342499999999999,17.689991039426523,583.3333333333334,25.6,85,2.0,18.2,1008.9,25.08108108108108,20.20689655172414,13.533333333333331,41.10333333333333,24.60814069241655,24.18539363008329,7.0413876294220765,2021,1,5,Winter,Chennai,32.8
2021-01-09,141.838,214.14702380952383,32.545945945945945,12.489473684210529,16.136829521829522,1066.0955961331902,14.9,81,0.0,16.8,990.2,142.47982456140352,120.14285714285714,131.6297619047619,314.6666666666667,134.8202272347535,109.20426304804218,33.31286332853688,2021,1,5,Winter,Delhi,141.22222222222223
2021-01-09,87.15789473684211,169.85238095238097,59.88421052631579,16.702380952380953,46.92236842105263,858.9473684210526,22.6,70,0.0,8.9,1010.5,102.25555555555556,135.20689655172413,133.34,168.97857142857143,108.20678228137393,115.03545771242557,18.459147708014466,2021,1,5,Winter,Kolkata,94.16363636363636
2021-01-09,120.32511627906976,177.94350948509486,33.08529411764706,11.2030648267009,23.835135135135136,969.3023255813954,25.9,78,0.2,16.1,1008.6,143.902,138.02266666666668,151.84674836601306,125.855,134.08326098191216,130.8195639969166,13.941212451961096,2021,1,5,Winter,Mumbai,120.37
2021-01-10,27.222110389610396,54.92307692307692,22.945625,5.55409090909091,21.503125,203.956043956044,21.4,78,0.0,17.5,912.1,21.705294117647057,19.382291666666667,17.305656108597287,30.77359649122807,22.769898724641365,22.12169522879082,4.963784306490317,2021,1,6,Winter,Bengaluru,30.9297947454844
2021-01-10,32.8,58.448076923076925,11.365312500000002,7.522333333333334,20.048626373626373,523.0,25.8,84,0.9,19.1,1009.1,28.536444444444445,25.08108108108108,20.20689655172414,33.11666666666667,28.805841841841836,24.14015553484519,6.975150153036759,2021,1,6,Winter,Chennai,43.375
2021-01-10,141.22222222222223,188.75113122171945,28.2,8.084615384615384,14.987142857142857,863.9860139860141,12.3,74,0.0,15.6,990.6,141.838,142.47982456140352,120.14285714285714,82.11439772727272,141.84668226120854,117.64823797589212,32.7888830179315,2021,1,6,Winter,Delhi,115.6818181818182
2021-01-10,94.16363636363636,168.3153846153846,63.18571428571429,15.083333333333334,14.078666666666669,814.6153846153846,23.8,70,0.0,10.0,1010.1,87.15789473684211,102.25555555555556,135.20689655172413,127.05,94.52569555201133,110.3374057643736,19.06664915468662,2021,1,6,Winter,Kolkata,90.24076923076925
2021-01-10,120.37,193.98642857142855,28.27642857142857,9.877083333333331,8.072727272727272,1185.4545454545455,26.9,76,0.0,14.3,1009.4,120.32511627906976,143.902,138.02266666666668,113.54166666666669,128.1990387596899,131.79504018739277,12.715811697567643,2021,1,6,Winter,Mumbai,110.872
2021-01-11,30.9297947454844,78.16216216216216,25.9121568627451,5.357142857142858,24.181714285714285,218.3928571428572,21.3,80,0.0,14.1,912.9,27.222110389610396,21.705294117647057,19.382291666666667,28.27601648351649,26.61906641758061,22.50080640907195,5.575777940172236,2021,1,0,Winter,Bengaluru,33.31935483870968
2021-01-11,43.375,72.78125,12.451676829268294,7.8628296703296705,13.164764808362367,515.0,25.7,85,3.0,22.1,1010.0,32.8,28.536444444444445,25.08108108108108,30.267777777777777,34.90381481481481,26.012615852305508,9.998375298915825,2021,1,0,Winter,Chennai,36.36702702702703
2021-01-11,115.6818181818182,169.375,26.824761904761907,8.954444444444444,23.759375,957.5,11.6,80,0.0,19.9,990.9,141.22222222222223,141.838,142.47982456140352,89.30833333333334,132.91401346801345,121.41587866853281,30.419335666416956,2021,1,0,Winter,Delhi,185.04583333333332
2021-01-11,90.24076923076925,166.26521739130433,53.47184210526316,21.78518518518519,32.111304347826085,737.8260869565217,23.3,76,0.0,9.8,1011.4,94.16363636363636,87.15789473684211,102.25555555555556,119.32,90.52076677708256,106.18322994019779,19.93159227308161,2021,1,0,Winter,Kolkata,92.5608695652174
2021-01-11,110.872,174.23100686498856,25.037142857142857,11.8754933481153,27.98818181818182,1020.0,26.9,73,0.0,16.1,1010.4,120.37,120.32511627906976,143.902,124.61375,117.18903875968992,129.83193304453565,14.884988842876457,2021,1,0,Winter,Mumbai,113.5853846153846
2021-01-12,33.31935483870968,81.63333333333334,28.874940476190478,5.490761217948718,23.49965053763441,258.2772435897436,21.0,70,0.1,22.2,912.7,30.9297947454844,27.222110389610396,21.705294117647057,25.36309523809524,30.49041999126815,23.63741492344544,6.9082189963321925,2021,1,1,Winter,Bengaluru,41.61503411306043
2021-01-12,36.36702702702703,76.8125,12.24127391304348,7.046216216216216,13.607794871794871,512.0,25.9,81,0.9,22.7,1010.3,43.375,32.8,28.536444444444445,18.55555555555556,37.51400900900901,28.55711177680143,10.050621188474027,2021,1,1,Winter,Chennai,72.2375
2021-01-12,185.04583333333332,271.54,37.15690883190883,8.946196236559139,18.65058823529412,1663.6363636363635,11.4,77,0.0,17.6,991.2,115.6818181818182,141.22222222222223,141.838,56.91666666666666,147.31662457912455,139.72004533519947,22.71321588331331,2021,1,1,Winter,Delhi,262.65384615384613
2021-01-12,92.5608695652174,166.5369565217391,39.86291666666667,13.847826086956522,46.955652173913045,635.0,21.9,71,0.0,10.0,1012.2,90.24076923076925,94.16363636363636,87.15789473684211,100.91785714285712,92.32175838654099,104.98937457196355,20.540519874349286,2021,1,1,Winter,Kolkata,92.66625668449198
2021-01-12,113.5853846153846,173.50060688405796,36.59277777777778,15.338163265306124,21.714285714285715,1077.3684210526317,27.3,68,0.0,20.7,1011.0,110.872,120.37,120.32511627906976,123.485,114.94246153846154,128.41770227530486,16.015845243715138,2021,1,1,Winter,Mumbai,85.30440476190476
2021-01-13,41.61503411306043,79.96666666666667,27.68919230769231,6.583157894736843,24.00008939974457,202.9868421052632,20.8,70,0.0,21.6,912.5,33.31935483870968,30.9297947454844,27.222110389610396,15.5974025974026,35.288061232418166,27.35421942568227,8.642834043073565,2021,1,2,Winter,Bengaluru,41.25639784946237
2021-01-13,72.2375,141.67532467532467,11.792533333333331,8.512651222651222,13.876607142857145,846.4,25.6,80,0.7,21.7,1010.4,36.36702702702703,43.375,32.8,13.533333333333331,50.65984234234234,36.94342130061096,17.301449853755866,2021,1,2,Winter,Chennai,45.25866666666666
2021-01-13,262.65384615384613,376.6666666666667,43.36458333333333,10.758289124668432,14.923076923076923,2118.8888888888887,10.9,77,0.0,15.9,990.2,185.04583333333332,115.6818181818182,141.22222222222223,131.6297619047619,187.79383255633252,158.4377716564972,51.13729037573398,2021,1,2,Winter,Delhi,381.5
2021-01-13,92.66625668449198,170.38249299719888,34.64014705882353,12.646225490196075,48.22867647058823,623.7450592885375,20.0,66,0.0,12.9,1012.8,92.5608695652174,90.24076923076925,94.16363636363636,133.34,91.82263182682622,99.17883981260526,16.54913297442371,2021,1,2,Winter,Kolkata,107.19250965250968
2021-01-13,85.30440476190476,150.215,26.64029054054054,13.50826625386997,21.802894736842106,846.25,26.9,62,0.0,18.9,1010.7,113.5853846153846,110.872,120.37,151.84674836601306,103.25392979242979,118.91165318900369,19.21945728666672,2021,1,2,Winter,Mumbai,90.55042857142855
2021-01-14,41.25639784946237,78.64285714285714,21.691155462184877,5.913961397058824,25.011714285714284,211.82258064516128,20.4,78,0.6,19.6,912.2,41.61503411306043,33.31935483870968,30.9297947454844,17.305656108597287,38.730262267077485,30.77575396009157,8.742045260070554,2021,1,3,Winter,Bengaluru,42.65217391304348
2021-01-14,45.25866666666666,87.80591176470588,7.63558712121212,7.169712121212121,28.616451612903223,638.0909090909091,25.4,84,1.6,21.9,1010.0,72.2375,36.36702702702703,43.375,20.20689655172414,51.28773123123122,40.522245602745606,15.78721615411731,2021,1,3,Winter,Chennai,53.94470588235294
2021-01-14,381.5,506.9242105263158,46.91377489177489,14.057564935064937,16.694102564102565,3084.4117647058824,11.3,79,0.0,10.3,990.6,262.65384615384613,185.04583333333332,115.6818181818182,120.14285714285714,276.3998931623931,195.7745063503748,95.06328570535501,2021,1,3,Winter,Delhi,408.8333333333333
2021-01-14,107.19250965250968,175.89829749103944,37.37096774193549,13.008497536945812,57.87640394088669,646.7619047619048,20.0,62,0.0,11.0,1012.6,92.66625668449198,92.5608695652174,90.24076923076925,135.20689655172413,97.47321196740636,95.17678454128891,7.039480572386947,2021,1,3,Winter,Kolkata,123.37837837837836
2021-01-14,90.55042857142855,179.60314285714284,37.30203079178886,13.125238095238096,30.665107142857146,708.711967545639,24.8,70,0.0,20.1,1010.2,85.30440476190476,113.5853846153846,110.872,138.02266666666668,96.48007264957262,112.12990488968396,19.72100693026721,2021,1,3,Winter,Mumbai,72.59025396825396
2021-01-15,42.65217391304348,83.669375,18.793928571428573,3.912142857142858,23.81,135.66666666666666,21.3,74,0.0,17.9,912.1,41.25639784946237,41.61503411306043,33.31935483870968,19.382291666666667,41.841201958522085,34.10002285243111,8.087265237827912,2021,1,4,Winter,Bengaluru,47.75925925925926
2021-01-15,53.94470588235294,79.33333333333333,8.716666666666667,6.516666666666667,17.784333333333333,669.7794117647059,25.2,81,0.0,14.3,1009.9,45.25866666666666,72.2375,36.36702702702703,25.08108108108108,57.14695751633985,44.64562057435587,14.821912233007957,2021,1,4,Winter,Chennai,49.07666666666667
2021-01-15,408.8333333333333,580.2856387921022,57.26458128078818,14.336159090909092,23.152619047619048,3218.75,12.3,82,0.0,10.9,989.1,381.5,262.65384615384613,185.04583333333332,142.47982456140352,350.9957264957264,233.8250076035076,120.16726250221092,2021,1,4,Winter,Delhi,244.875
2021-01-15,123.37837837837836,215.78125,52.06785714285714,16.970833333333335,50.534137931034486,912.7027027027028,18.8,69,0.0,9.0,1011.3,107.19250965250968,92.66625668449198,92.5608695652174,102.25555555555556,107.74571490512669,98.19433065883501,12.772415095647826,2021,1,4,Winter,Kolkata,147.28
2021-01-15,72.59025396825396,147.73666666666668,30.96172413793104,11.243814616755794,42.00951190476191,742.0163170163171,23.7,75,0.0,19.1,1009.7,90.55042857142855,85.30440476190476,113.5853846153846,143.902,82.81502910052909,101.94251259943451,18.977820043511375,2021,1,4,Winter,Mumbai,77.92807471264368
2021-01-16,47.75925925925926,84.75,19.134729344729344,4.446441798941799,31.9734,162.69179894179894,21.3,75,0.0,15.5,911.4,42.65217391304348,41.25639784946237,41.61503411306043,21.705294117647057,43.889277007255025,37.822017872661434,7.3981513958587835,2021,1,5,Winter,Bengaluru,43.460602006688966
2021-01-16,49.07666666666667,91.97,8.675714285714287,7.606666666666666,17.08037037037037,645.5,24.6,80,0.0,12.7,1009.3,53.94470588235294,45.25866666666666,72.2375,28.536444444444445,49.426679738562086,47.579938034673326,13.025561885770045,2021,1,5,Winter,Chennai,33.968333333333334
2021-01-16,244.875,337.1481481481481,49.47058823529412,10.349444444444444,16.18769230769231,1947.2222222222224,10.3,86,0.0,11.2,987.8,408.8333333333333,381.5,262.65384615384613,141.838,345.06944444444434,248.54457903207904,113.12593141162097,2021,1,5,Winter,Delhi,233.22515212981745
2021-01-16,147.28,234.79166666666663,44.575,13.68695652173913,44.40861111111112,853.0434782608696,18.4,72,0.0,9.8,1010.5,123.37837837837836,107.19250965250968,92.66625668449198,87.15789473684211,125.95029601029601,106.78320283928613,21.408823974155403,2021,1,5,Winter,Kolkata,175.3361111111111
2021-01-16,77.92807471264368,131.963,38.00771336553945,10.380337331334331,41.94506896551724,745.6187290969899,22.7,73,0.0,18.6,1008.8,72.59025396825396,90.55042857142855,85.30440476190476,120.32511627906976,80.35625241744206,95.88579237565936,18.898553787330727,2021,1,5,Winter,Mumbai,92.125
2021-01-17,43.460602006688966,78.0,25.22291666666667,4.79147342995169,23.76628959276018,271.9230769230769,20.9,71,0.0,16.0,912.2,47.75925925925926,42.65217391304348,41.25639784946237,27.222110389610396,44.62401172633056,40.14180238938694,5.918356407754813,2021,1,6,Winter,Bengaluru,40.0716
2021-01-17,33.968333333333334,57.52711956521739,9.802619047619046,7.093511904761904,14.35842105263158,548.9015151515151,24.4,75,0.0,14.0,1010.5,49.07666666666667,53.94470588235294,45.25866666666666,32.8,45.66323529411764,47.74684279657809,12.810319983513839,2021,1,6,Winter,Chennai,38.4375
2021-01-17,233.22515212981745,291.9047619047619,35.4835,10.348660714285714,17.43051282051282,1617.6470588235295,11.4,83,0.0,16.2,990.0,244.875,408.8333333333333,381.5,141.22222222222223,295.64449515438355,261.68785473316404,103.51508331541915,2021,1,6,Winter,Delhi,241.13333333333333
2021-01-17,175.3361111111111,279.324,46.305,11.304,38.9216,951.3636363636364,18.4,70,0.0,8.7,1013.6,147.28,123.37837837837836,107.19250965250968,94.16363636363636,148.6648298298298,118.37927066035397,32.52945515440452,2021,1,6,Winter,Kolkata,180.04333333333335
2021-01-17,92.125,204.2468006993007,37.672916666666666,8.441363636363636,45.503461538461536,940.0,23.4,78,0.0,14.7,1009.2,77.92807471264368,72.59025396825396,90.55042857142855,120.37,80.88110956029921,91.85079237565937,15.511450463108371,2021,1,6,Winter,Mumbai,48.93388471177945
2021-01-18,40.0716,63.2375,21.04309523809524,3.5785714285714287,29.56714285714286,307.5,19.6,68,0.0,20.3,912.9,43.460602006688966,47.75925925925926,42.65217391304348,30.9297947454844,43.76382042198273,41.44777456860345,4.346771898570622,2021,1,0,Winter,Bengaluru,43.4928947368421
2021-01-18,38.4375,68.79573529411765,11.23081447963801,7.285794117647059,11.581666666666663,568.2222222222222,25.3,70,0.0,18.9,1011.3,33.968333333333334,49.07666666666667,53.94470588235294,43.375,40.494166666666665,47.04148565372095,13.220526599783105,2021,1,0,Winter,Chennai,49.94916666666666
2021-01-18,241.13333333333333,347.37142857142857,36.64666666666666,12.95890756302521,13.11590909090909,1848.125,13.4,86,3.0,13.6,990.9,233.22515212981745,244.875,408.8333333333333,115.6818181818182,239.74449515438354,279.60949975480906,82.81370957492398,2021,1,0,Winter,Delhi,254.2418300653595
2021-01-18,180.04333333333335,271.8095238095238,57.29666666666667,14.204545454545457,18.798947368421054,1265.8823529411766,18.4,72,0.0,9.7,1013.2,175.3361111111111,147.28,123.37837837837836,90.24076923076925,167.55314814814815,131.20820838929168,36.98558858014415,2021,1,0,Winter,Kolkata,134.55263157894737
2021-01-18,48.93388471177945,130.36944444444444,26.07616541353384,9.499411764705885,15.994117647058824,798.5434173669469,24.2,74,0.0,18.1,1010.8,92.125,77.92807471264368,72.59025396825396,110.872,72.99565314147438,83.00249019162786,19.898232903028287,2021,1,0,Winter,Mumbai,92.46291666666669
2021-01-19,43.4928947368421,88.96889952153111,29.62833333333333,3.478765182186235,29.459533492822963,457.2469635627531,19.8,73,0.0,11.2,912.8,40.0716,43.460602006688966,47.75925925925926,33.31935483870968,42.341698914510346,42.9011374111938,2.472920674050369,2021,1,1,Winter,Bengaluru,16.876666666666665
2021-01-19,49.94916666666666,100.25,13.45532738095238,7.008055555555556,27.02875,670.0,25.3,73,0.0,17.6,1010.7,38.4375,33.968333333333334,49.07666666666667,36.36702702702703,40.785,48.98179131652661,12.361573395659564,2021,1,1,Winter,Chennai,57.81818181818182
2021-01-19,254.2418300653595,361.5826012145749,36.89214285714286,11.78138888888889,11.675588235294118,2051.6666666666665,14.6,85,0.0,13.3,988.6,241.13333333333333,233.22515212981745,244.875,185.04583333333332,242.8667718428367,289.4946421450985,73.21871611733563,2021,1,1,Winter,Delhi,142.55555555555554
2021-01-19,134.55263157894737,225.42222222222225,64.48,13.104761904761904,32.76111111111111,918.7878787878788,20.2,75,0.0,15.2,1010.8,180.04333333333335,175.3361111111111,147.28,92.5608695652174,163.31069200779726,137.20703153411026,32.84628286972303,2021,1,1,Winter,Kolkata,98.45652173913044
2021-01-19,92.46291666666669,183.9185164835165,41.10166666666667,11.876923076923076,43.62912087912088,1112.857142857143,25.2,61,0.0,17.2,1010.9,48.93388471177945,92.125,77.92807471264368,113.5853846153846,77.84060045948205,79.98499477038243,15.63163098449875,2021,1,1,Winter,Mumbai,86.61863636363636
2021-01-20,16.876666666666665,84.91259968102074,17.166666666666668,7.093333333333334,99.17,743.3333333333334,21.1,69,0.0,12.9,913.3,43.4928947368421,40.0716,43.460602006688966,41.61503411306043,33.48038713450291,39.36708491885184,10.205262912420501,2021,1,2,Winter,Bengaluru,26.5025
2021-01-20,57.81818181818182,104.5909090909091,13.69439393939394,11.22568181818182,20.497644736842105,640.9486166007905,25.4,78,0.0,14.6,1011.0,49.94916666666666,38.4375,33.968333333333334,72.2375,48.73494949494949,46.92188871912401,8.410334918512778,2021,1,2,Winter,Chennai,45.54545454545455
2021-01-20,142.55555555555554,198.93376068376068,24.502865796831315,10.280788177339902,19.3,1156.6666666666667,14.2,83,0.0,17.9,988.9,254.2418300653595,241.13333333333333,233.22515212981745,262.65384615384613,212.64357298474943,272.33774348819986,92.17378059666198,2021,1,2,Winter,Delhi,158.4375
2021-01-20,98.45652173913044,164.83379310344827,54.435172413793104,21.42083333333333,28.115,970.3846153846154,22.6,77,0.0,14.2,1009.9,134.55263157894737,180.04333333333335,175.3361111111111,92.66625668449198,137.68416221713707,138.03421225620147,31.586393641578773,2021,1,2,Winter,Kolkata,104.32666666666668
2021-01-20,86.61863636363636,154.38,41.746456521739134,14.596642105263156,25.947137681159425,1212.391304347826,24.7,57,0.0,18.1,1011.8,92.46291666666669,48.93388471177945,92.125,85.30440476190476,76.0051459140275,80.17274214205838,15.71384558287208,2021,1,2,Winter,Mumbai,112.029
2021-01-21,26.5025,80.85629984051037,32.36125,6.984285714285714,51.48125,948.75,22.2,71,0.0,11.5,913.3,16.876666666666665,43.4928947368421,40.0716,41.25639784946237,28.957353801169578,37.2593852260715,11.222860616391472,2021,1,3,Winter,Bengaluru,38.98723076923076
2021-01-21,45.54545454545455,110.27071428571428,11.71142857142857,8.713571428571429,20.215285714285717,573.9285714285714,25.6,87,0.2,9.7,1010.4,57.81818181818182,49.94916666666666,38.4375,45.25866666666666,51.10426767676768,46.96285841609371,8.401576384579148,2021,1,3,Winter,Chennai,25.486060606060608
2021-01-21,158.4375,254.36111111111117,35.51416666666667,13.641719576719575,33.050000000000004,1513.3333333333333,13.7,76,0.0,18.9,988.0,142.55555555555554,254.2418300653595,241.13333333333333,381.5,185.07829520697166,240.47167205962842,86.53012639034745,2021,1,3,Winter,Delhi,247.35833333333332
2021-01-21,104.32666666666668,181.45200000000003,42.38,21.407333333333334,56.5132,751.5384615384615,20.5,61,0.0,11.5,1011.2,98.45652173913044,134.55263157894737,180.04333333333335,107.19250965250968,112.44527332824816,137.62480611536677,32.067679201296365,2021,1,3,Winter,Kolkata,112.86666666666666
2021-01-21,112.029,218.19285714285712,28.764761904761905,10.880541666666666,64.17875000000001,915.2678571428572,23.0,65,0.0,17.6,1011.7,86.61863636363636,92.46291666666669,48.93388471177945,90.55042857142855,97.03685101010102,83.24110948899715,19.675578347573868,2021,1,3,Winter,Mumbai,121.66666666666669
2021-01-22,38.98723076923076,76.8,25.308333333333337,6.662,23.992857142857144,367.56410256410254,23.0,67,0.0,14.9,913.3,26.5025,16.876666666666665,43.4928947368421,42.65217391304348,27.455465811965798,36.73582191981253,11.012871659553358,2021,1,4,Winter,Bengaluru,54.333333333333336
2021-01-22,25.486060606060608,144.9925,7.180909090909091,7.9975,32.30284090909091,950.0,25.6,85,1.1,11.6,1010.5,45.54545454545455,57.81818181818182,49.94916666666666,53.94470588235294,42.94989898989899,42.897337662337655,10.956933509669378,2021,1,4,Winter,Chennai,26.395833333333336
2021-01-22,247.35833333333332,363.61538461538464,40.06666666666667,12.255555555555556,8.594770114942529,2165.0,13.4,76,0.0,13.5,989.1,158.4375,142.55555555555554,254.2418300653595,408.8333333333333,182.78379629629626,217.4038149167713,46.37109646337043,2021,1,4,Winter,Delhi,173.76470588235293
2021-01-22,112.86666666666666,179.395,56.70916666666667,14.7,23.325,785.0,19.0,61,0.0,10.1,1012.3,104.32666666666668,98.45652173913044,134.55263157894737,123.37837837837836,105.21661835748792,136.12313301369366,33.07626517386136,2021,1,4,Winter,Kolkata,129.02208333333334
2021-01-22,121.66666666666669,250.66666666666663,48.7975,12.63,11.1,1500.0,23.0,75,0.0,18.6,1011.0,112.029,86.61863636363636,92.46291666666669,72.59025396825396,106.77143434343435,90.25202558877041,23.60007912788041,2021,1,4,Winter,Mumbai,106.772
2021-01-23,54.333333333333336,103.93589743589745,29.2,5.683333333333334,32.535000000000004,507.3333333333333,22.0,65,0.0,16.7,913.3,38.98723076923076,26.5025,16.876666666666665,47.75925925925926,39.94102136752136,37.67497535896598,12.313151681807087,2021,1,5,Winter,Bengaluru,46.875
2021-01-23,26.395833333333336,47.213125000000005,9.2825,6.424147727272727,12.484318181818182,475.0,25.0,83,0.4,10.8,1011.0,25.486060606060608,45.54545454545455,57.81818181818182,49.07666666666667,32.475782828282824,39.657218614718616,12.117159249655675,2021,1,5,Winter,Chennai,30.739411764705885
2021-01-23,173.76470588235293,248.56501547987617,49.06177884615384,13.35453216374269,28.536363636363635,1450.0,14.2,77,0.0,16.5,987.6,247.35833333333332,158.4375,142.55555555555554,244.875,193.1868464052287,207.24520147139313,47.1327829307864,2021,1,5,Winter,Delhi,222.47902097902096
2021-01-23,129.02208333333334,223.52625,54.635333333333335,16.728187134502924,41.41034722222223,976.4551083591332,18.7,66,0.0,10.0,1011.7,112.86666666666666,104.32666666666668,98.45652173913044,147.28,115.40513888888889,133.51485920416985,32.768286210054384,2021,1,5,Winter,Kolkata,117.63
2021-01-23,106.772,178.56888888888886,32.22458333333333,13.83016129032258,65.84277777777778,991.0,24.1,68,0.0,20.1,1011.1,121.66666666666669,112.029,86.61863636363636,77.92807471264368,113.48922222222222,94.37258634410702,23.607763736515636,2021,1,5,Winter,Mumbai,61.71333333333333
2021-01-24,46.875,90.94886363636364,33.30848484848485,3.8851515151515152,44.69,681.25,21.1,62,0.0,15.6,913.6,54.333333333333336,38.98723076923076,26.5025,43.460602006688966,46.73185470085469,38.162746500867556,12.643732036835612,2021,1,6,Winter,Bengaluru,46.0
2021-01-24,30.739411764705885,53.0,9.313529411764708,13.023,10.66,508.8235294117647,24.8,82,0.3,12.6,1011.6,26.395833333333336,25.486060606060608,45.54545454545455,33.968333333333334,27.540435234699938,39.195944104914695,12.427306853221152,2021,1,6,Winter,Chennai,34.09630952380952
2021-01-24,222.47902097902096,328.44444444444446,39.92,10.795483870967743,14.145454545454545,1385.6369047619048,13.1,79,0.0,14.5,990.4,173.76470588235293,247.35833333333332,158.4375,233.22515212981745,214.53402006490236,205.71003987842224,46.313442493450495,2021,1,6,Winter,Delhi,177.66666666666666
2021-01-24,117.63,209.73642857142855,49.56718614718615,18.522804232804237,44.19843915343915,930.4761904761904,20.4,74,0.0,11.0,1012.3,129.02208333333334,112.86666666666666,104.32666666666668,175.3361111111111,119.83958333333332,125.2711290454397,27.295181257342268,2021,1,6,Winter,Kolkata,121.5233870967742
2021-01-24,61.71333333333333,134.48000000000002,24.758333333333336,5.45,38.36,590.0,23.8,62,0.0,19.6,1012.0,106.772,121.66666666666669,112.029,92.125,96.71733333333333,90.02806253458321,26.687731278503648,2021,1,6,Winter,Mumbai,86.875
2021-01-25,46.0,82.35,28.190196078431374,9.511333333333331,43.625,460.0,20.4,69,0.0,13.8,913.9,46.875,54.333333333333336,38.98723076923076,40.0716,49.069444444444436,39.00966078658184,12.98679927845262,2021,1,0,Winter,Bengaluru,25.184047619047615
2021-01-25,34.09630952380952,57.71428571428572,10.55714285714286,9.791904761904762,16.125,556.0784313725491,24.8,79,0.8,12.8,1012.1,30.739411764705885,26.395833333333336,25.486060606060608,38.4375,30.41051820728291,38.57577403688748,12.578861188201753,2021,1,0,Winter,Chennai,41.0
2021-01-25,177.66666666666666,272.7681818181818,36.60628019323672,11.595430359937405,25.14,1741.4596273291927,11.5,79,0.0,10.1,992.4,222.47902097902096,173.76470588235293,247.35833333333332,241.13333333333333,191.3034645093468,196.64337321175555,44.395569757118125,2021,1,0,Winter,Delhi,175.41901515151517
2021-01-25,121.5233870967742,224.6371428571429,49.69979838709678,22.755576923076923,22.675892857142856,923.3699633699632,20.8,87,0.2,8.4,1013.1,117.63,129.02208333333334,112.86666666666666,180.04333333333335,122.72515681003584,116.91113672593124,12.877541336957968,2021,1,0,Winter,Kolkata,108.204
2021-01-25,86.875,196.33,47.38583333333334,6.943,18.9,850.0,22.5,64,0.0,19.1,1012.6,61.71333333333333,106.772,121.66666666666669,48.93388471177945,85.12011111111111,95.44822186147186,19.95400322105193,2021,1,0,Winter,Mumbai,99.71428571428572
2021-01-26,25.184047619047615,82.36969696969696,38.54309523809523,3.021785714285714,32.18666666666667,895.4761904761905,20.5,61,0.0,15.1,913.2,46.0,46.875,54.333333333333336,43.4928947368421,39.353015873015856,36.39411119832548,13.754406737830347,2021,1,1,Winter,Bengaluru,24.695
2021-01-26,41.0,68.02799999999999,10.252564102564104,8.33,9.145,500.8974358974359,24.2,75,0.0,13.4,1011.6,34.09630952380952,30.739411764705885,26.395833333333336,49.94916666666666,35.27857376283846,37.2973216559351,11.650809849740524,2021,1,1,Winter,Chennai,51.098333333333336
2021-01-26,175.41901515151517,296.3876923076923,33.26,10.725,30.12449494949495,1472.7272727272727,11.7,77,0.0,13.8,992.1,177.66666666666666,222.47902097902096,173.76470588235293,254.2418300653595,191.8549009324009,185.38297108120636,36.676773382519066,2021,1,1,Winter,Delhi,217.4333333333333
2021-01-26,108.204,173.773,40.88,17.93,13.773,798.0,20.3,70,0.0,11.9,1013.2,121.5233870967742,117.63,129.02208333333334,134.55263157894737,115.78579569892473,113.14704650036732,10.491263731013978,2021,1,1,Winter,Kolkata,172.3
2021-01-26,99.71428571428572,184.57,23.31,5.84,8.4,1083.0,22.0,70,0.0,20.4,1012.2,86.875,61.71333333333333,106.772,92.46291666666669,82.76753968253969,96.48413172541746,19.961416767692626,2021,1,1,Winter,Mumbai,56.430326086956526
2021-01-27,24.695,82.38939393939394,21.08,2.997207792207792,41.445,495.0,20.4,62,0.0,14.3,913.5,25.184047619047615,46.0,46.875,16.876666666666665,31.959682539682532,37.511015960230246,12.126475554973954,2021,1,2,Winter,Bengaluru,26.472214285714287
2021-01-27,51.098333333333336,69.59519999999999,6.64,23.09,0.0,480.0,24.7,74,0.0,12.2,1011.9,41.0,34.09630952380952,30.739411764705885,57.81818181818182,42.064880952380946,36.33734330095675,9.809515222101743,2021,1,2,Winter,Chennai,82.70833333333333
2021-01-27,217.4333333333333,333.07714285714286,38.141666666666666,9.12,11.195,1368.571428571429,11.7,73,0.0,15.6,991.8,175.41901515151517,177.66666666666666,222.47902097902096,142.55555555555554,190.17300505050503,196.07979647803177,32.82071987685664,2021,1,2,Winter,Delhi,263.9166666666667
2021-01-27,172.3,210.195,47.865,26.965000000000003,6.6850000000000005,1640.0,18.5,66,0.0,12.5,1014.0,108.204,121.5233870967742,117.63,98.45652173913044,134.00912903225807,123.69611482334871,22.966207714200515,2021,1,2,Winter,Kolkata,175.32246376811594
2021-01-27,56.430326086956526,48.57333333333333,0.9916666666666668,14.018333333333333,10.858333333333334,2156.6666666666665,21.5,71,0.0,18.4,1011.8,99.71428571428572,86.875,61.71333333333333,86.61863636363636,81.00653726708076,92.17151597160604,25.05839088060538,2021,1,2,Winter,Mumbai,115.04166666666669
2021-01-28,26.472214285714287,82.4090909090909,22.198571428571427,2.97262987012987,42.5275,531.3571428571429,20.2,65,0.0,16.2,913.8,24.695,25.184047619047615,46.0,26.5025,25.450420634920622,37.506689429618,12.131062361027766,2021,1,3,Winter,Bengaluru,28.24942857142857
2021-01-28,82.70833333333333,71.16239999999999,7.326296296296296,21.273055555555555,4.877222222222223,482.5925925925926,25.7,73,0.8,18.4,1012.0,51.098333333333336,41.0,34.09630952380952,45.54545454545455,58.26888888888889,41.64632598493943,20.188865979692032,2021,1,3,Winter,Chennai,71.70833333333333
2021-01-28,263.9166666666667,315.25838624338627,39.86537037037037,9.571944444444446,10.638518518518518,1370.1190476190477,10.8,75,0.0,11.9,992.5,217.4333333333333,175.41901515151517,177.66666666666666,158.4375,218.92300505050503,211.14824885898415,36.64853019372213,2021,1,3,Winter,Delhi,221.83333333333331
2021-01-28,175.32246376811594,216.9011111111111,55.75666666666666,27.17166666666667,6.765277777777778,1686.6666666666667,17.3,65,0.0,13.5,1014.6,172.3,108.204,121.5233870967742,104.32666666666668,151.942154589372,133.83837155212717,28.09130044229627,2021,1,3,Winter,Kolkata,178.3449275362319
2021-01-28,115.04166666666669,58.61509259259259,2.1785185185185183,12.921851851851851,10.346296296296297,2036.6666666666663,21.6,71,0.0,20.0,1012.2,56.430326086956526,99.71428571428572,86.875,112.029,90.39542615596964,92.60189692398701,25.478635650543566,2021,1,3,Winter,Mumbai,105.25
2021-01-29,71.70833333333333,72.72959999999999,8.012592592592593,19.456111111111117,9.754444444444443,485.1851851851852,26.1,71,0.7,17.9,1012.3,82.70833333333333,51.098333333333336,41.0,25.486060606060608,68.505,48.24950780312124,21.53639514522306,2021,1,4,Winter,Chennai,64.75
2021-01-29,221.83333333333331,297.4396296296296,41.58907407407408,10.023888888888887,10.082037037037036,1371.6666666666667,11.7,72,0.0,16.9,993.0,263.9166666666667,217.4333333333333,175.41901515151517,247.35833333333332,234.3944444444444,207.50182028755557,33.58723546095983,2021,1,4,Winter,Delhi,144.9047619047619
2021-01-29,178.3449275362319,223.60722222222225,63.648333333333326,27.378333333333337,6.845555555555556,1733.3333333333333,17.8,66,0.0,10.1,1013.7,175.32246376811594,172.3,108.204,112.86666666666666,175.32246376811597,143.1924088192079,30.722581246378514,2021,1,4,Winter,Kolkata,181.36739130434785
2021-01-29,105.25,68.65685185185185,3.36537037037037,11.82537037037037,9.83425925925926,1916.6666666666663,22.4,63,0.0,17.9,1012.8,115.04166666666669,56.430326086956526,99.71428571428572,121.66666666666669,92.24066425120775,90.2566588287489,22.99158515211549,2021,1,4,Winter,Mumbai,87.20833333333333
2021-01-30,144.9047619047619,279.62087301587303,43.312777777777775,10.475833333333334,9.525555555555556,1373.2142857142858,12.0,67,0.0,15.9,991.5,221.83333333333331,263.9166666666667,217.4333333333333,173.76470588235293,210.21825396825395,203.3789711478997,39.64388971424301,2021,1,5,Winter,Delhi,124.66666666666669
2021-01-30,87.20833333333333,78.6986111111111,4.5522222222222215,10.72888888888889,9.322222222222225,1796.6666666666663,23.1,63,0.0,19.9,1012.2,105.25,115.04166666666669,56.430326086956526,106.772,102.5,87.46184930493938,21.808014578912676,2021,1,5,Winter,Mumbai,87.5
2021-02-05,46.05,83.7,12.816666666666668,6.737500000000001,43.895,503.3333333333333,24.5,67,0.0,16.1,1012.7,35.0,44.0,68.08333333333333,71.70833333333333,41.68333333333333,48.3702380952381,13.019867170503892,2021,2,4,Winter,Chennai,54.04347826086956
2021-02-05,93.285,172.70833333333331,53.655,13.1875,6.1866666666666665,1382.5,13.4,83,0.0,12.6,992.2,205.0,178.79166666666666,215.58333333333331,221.83333333333331,159.02555555555548,167.60448979591837,47.59383312250722,2021,2,4,Winter,Delhi,96.59131578947368
2021-02-05,143.53333333333333,270.55,118.89,28.825000000000003,7.407500000000001,2060.0,20.0,61,0.0,10.4,1013.2,206.76666666666665,270.0,190.43478260869568,178.3449275362319,206.76666666666665,198.42043478260868,46.26138935816348,2021,2,4,Winter,Kolkata,151.16877586206897
2021-02-05,62.6816847826087,138.94916666666666,11.673333333333332,4.15,6.25,1076.6666666666667,24.3,53,0.0,22.7,1012.9,91.0,88.58333333333333,75.04166666666667,105.25,80.75500603864735,82.8652406832298,10.28424333253656,2021,2,4,Winter,Mumbai,63.41666666666666
2021-02-06,54.04347826086956,134.70967741935485,17.05,10.341785714285717,24.899378078817733,594.8275862068965,24.5,71,0.0,18.4,1011.5,46.05,35.0,44.0,64.75,45.03115942028986,46.840734989648034,11.28874839900013,2021,2,5,Winter,Chennai,46.3448275862069
2021-02-06,96.59131578947368,163.96969696969697,34.855555555555554,13.585714285714284,21.507825361512797,792.9761904761905,13.9,73,0.0,16.8,992.7,93.285,205.0,178.79166666666666,144.9047619047619,131.6254385964912,160.70256892230577,54.444429408459214,2021,2,5,Winter,Delhi,131.09375
2021-02-06,151.16877586206897,270.24916666666667,78.31166666666667,28.76683333333333,26.011954022988505,1333.6666666666667,21.0,59,0.0,13.2,1012.4,143.53333333333333,206.76666666666665,270.0,181.36739130434785,167.15625862068964,192.38071169415292,50.79366664589161,2021,2,5,Winter,Kolkata,55.33076923076923
2021-02-06,63.41666666666666,130.08121212121213,15.352847222222222,3.29479797979798,15.632640382317804,887.8172348484849,24.7,45,0.0,21.3,1012.0,62.6816847826087,91.0,88.58333333333333,87.20833333333333,72.36611714975845,79.4664311594203,12.33636359030568,2021,2,5,Winter,Mumbai,53.036206896551725
2021-02-07,46.3448275862069,126.25925925925924,14.757211538461537,9.3212,18.71475274725275,685.0,24.3,75,0.0,19.1,1012.0,54.04347826086956,46.05,35.0,44.125,48.81276861569216,47.157853216249016,11.230774701141941,2021,2,6,Winter,Chennai,41.333333333333336
2021-02-07,131.09375,229.3725,38.62083333333333,14.410483870967742,31.582608695652173,1050.0,14.7,70,0.0,19.4,992.5,96.59131578947368,93.285,205.0,124.66666666666669,106.99002192982452,161.62072368421053,53.78563967439706,2021,2,6,Winter,Delhi,183.3
2021-02-07,53.036206896551725,127.27461538461536,26.273720159151196,5.614025198938992,24.642725925925927,680.4583333333333,25.8,39,0.0,19.6,1012.5,63.41666666666666,62.6816847826087,91.0,87.5,59.71151944860903,74.54303214464197,15.151758539585794,2021,2,6,Winter,Mumbai,58.54166666666666
2021-02-08,41.333333333333336,88.71666666666667,14.130530303030303,9.63818181818182,24.651666666666664,581.7780938833571,25.1,71,0.0,20.4,1012.9,46.3448275862069,54.04347826086956,46.05,36.583333333333336,47.240546393469934,47.83642464482045,10.611810630561948,2021,2,0,Winter,Chennai,46.81818181818182
2021-02-08,183.3,300.2882352941176,48.58041871921182,17.59166666666667,30.708,1382.857142857143,15.0,75,0.0,13.1,992.4,131.09375,96.59131578947368,93.285,211.0,136.9950219298245,157.66358082706765,50.46357670978622,2021,2,0,Winter,Delhi,161.25
2021-02-08,58.54166666666666,150.66394736842105,18.84581081081081,6.3664983974358975,20.31041666666667,947.8673835125448,24.9,41,0.0,22.0,1013.0,53.036206896551725,63.41666666666666,62.6816847826087,88.04166666666667,58.33151340996168,70.32874643035625,14.871470761610281,2021,2,0,Winter,Mumbai,69.11176470588236
2021-02-09,46.81818181818182,87.2471875,10.831818181818182,10.5040625,35.97078125,574.9760765550238,25.6,61,0.0,17.9,1012.3,41.333333333333336,46.3448275862069,54.04347826086956,68.08333333333333,44.83211424590735,44.79854585694166,5.804620335812418,2021,2,1,Winter,Chennai,42.89
2021-02-09,161.25,358.92732558139534,57.52043010752688,17.583333333333332,25.1125,2120.0,16.6,71,0.0,12.2,989.4,183.3,131.09375,96.59131578947368,215.58333333333331,158.54791666666662,149.90167606516292,43.80994932553115,2021,2,1,Winter,Delhi,144.224
2021-02-09,108.5190909090909,210.23030303030305,60.31666666666667,23.094242424242424,34.26,1341.111111111111,19.3,62,0.0,11.2,1013.0,79.56526315789473,55.33076923076923,151.16877586206897,190.43478260869568,81.13837443258495,144.9834141656891,74.3117942104635,2021,2,1,Winter,Kolkata,98.94
2021-02-09,69.11176470588236,150.45666666666668,34.31125,11.104705882352942,22.02486111111111,917.3611111111112,24.1,49,0.0,17.1,1012.1,58.54166666666666,53.036206896551725,63.41666666666666,75.04166666666667,60.22987942303359,69.48161757881563,14.72644951556364,2021,2,1,Winter,Mumbai,102.96333333333332
2021-02-10,42.89,69.9625,13.59625,12.565,39.7375,513.2638888888889,24.2,68,0.0,13.1,1011.3,46.81818181818182,41.333333333333336,46.3448275862069,44.0,43.680505050505054,44.63997442837023,5.845091401826816,2021,2,2,Winter,Chennai,54.2
2021-02-10,144.224,292.0,62.4,18.266666666666666,27.337333333333333,1371.0,17.7,72,0.0,10.2,988.0,161.25,183.3,131.09375,178.79166666666666,162.92466666666664,144.9634379699248,41.91811668714531,2021,2,2,Winter,Delhi,190.5
2021-02-10,98.94,189.19333333333336,60.16666666666666,31.2,59.51888888888888,1323.3333333333333,20.9,60,0.0,9.9,1011.3,108.5190909090909,79.56526315789473,55.33076923076923,270.0,95.67478468899522,120.54627130854625,50.734748364890216,2021,2,2,Winter,Kolkata,104.34
2021-02-10,102.96333333333332,188.2025,25.9725,6.215624999999999,32.97690476190476,896.875,23.6,57,0.0,18.4,1011.0,69.11176470588236,58.54166666666666,53.036206896551725,88.58333333333333,76.87225490196079,71.53590329310136,18.383955906057366,2021,2,2,Winter,Mumbai,133.286
2021-02-11,54.2,105.5,14.263125,10.04375,24.556666666666665,611.1666666666667,24.1,65,0.0,12.6,1010.9,42.89,46.81818181818182,41.333333333333336,35.0,47.96939393939394,47.38283157122737,5.013194021479444,2021,2,3,Winter,Chennai,31.08333333333333
2021-02-11,190.5,328.7142857142857,49.48888888888889,18.06111111111111,26.58,1478.0,17.0,75,0.0,11.1,988.7,144.224,161.25,183.3,205.0,165.32466666666662,142.8920093984962,38.690922764960625,2021,2,3,Winter,Delhi,251.04411764705884
2021-02-11,104.34,179.45625,67.62444444444444,38.92319444444445,52.617777777777775,1100.7777777777778,21.1,68,0.0,10.4,1011.2,98.94,108.5190909090909,79.56526315789473,206.76666666666665,103.9330303030303,105.91389035616531,33.60066665399862,2021,2,3,Winter,Kolkata,96.97333333333334
2021-02-11,133.286,217.07,20.602555555555558,6.065347222222222,24.9,1294.875,24.6,55,0.0,16.5,1009.9,102.96333333333332,69.11176470588236,58.54166666666666,91.0,101.78703267973856,77.57676043595849,29.457875874113732,2021,2,3,Winter,Mumbai,98.72538461538464
2021-02-12,31.08333333333333,78.42105263157895,13.913698830409356,6.966666666666667,18.769166666666667,595.8333333333334,24.4,62,0.0,13.8,1011.5,54.2,42.89,46.81818181818182,46.05,42.72444444444445,45.24473633313214,7.986339689971415,2021,2,4,Winter,Chennai,37.58333333333333
2021-02-12,251.04411764705884,374.3888888888889,58.73333333333333,18.141666666666666,20.97980263157895,1757.7777777777778,17.2,77,0.0,10.9,989.7,190.5,144.224,161.25,93.285,195.25603921568623,165.42902620521892,49.43434750209216,2021,2,4,Winter,Delhi,152.36363636363637
2021-02-12,96.97333333333334,189.01904761904763,58.06842105263158,21.77894736842105,27.27684210526316,1368.9473684210527,22.1,67,0.0,10.0,1012.0,104.34,98.94,108.5190909090909,143.53333333333333,100.08444444444444,99.26246178473674,29.23767362279705,2021,2,4,Winter,Kolkata,99.0355
2021-02-12,98.72538461538464,186.53,29.974771929824563,12.45275,26.7509375,1060.4166666666663,24.5,61,0.0,19.5,1010.6,133.286,102.96333333333332,69.11176470588236,62.6816847826087,111.65823931623932,82.72586041206934,29.570275385099862,2021,2,4,Winter,Mumbai,68.80375000000001
2021-02-13,37.58333333333333,82.66666666666667,13.41777777777778,11.263015873015874,11.064615384615385,605.0,24.6,69,0.0,15.5,1012.3,31.08333333333333,54.2,42.89,54.04347826086956,40.95555555555555,42.89328705776982,7.36278672802023,2021,2,5,Winter,Chennai,26.9375
2021-02-13,152.36363636363637,230.4642857142857,33.945,11.706666666666669,23.44,1578.0,16.9,78,0.0,11.0,989.9,251.04411764705884,190.5,144.224,96.59131578947368,197.96925133689834,173.39650057295648,40.10452547109918,2021,2,5,Winter,Delhi,197.29142857142855
2021-02-13,99.0355,162.61915384615384,58.91888111888112,16.720961538461538,25.989636363636365,1021.1538461538462,22.0,74,0.0,9.2,1012.3,96.97333333333334,104.34,98.94,151.16877586206897,100.11627777777778,91.81485094729831,18.46874419794509,2021,2,5,Winter,Kolkata,89.77714285714285
2021-02-13,68.80375000000001,144.0427272727273,22.066666666666663,5.223636363636364,24.65,575.7142857142857,24.3,66,0.0,22.0,1011.9,98.72538461538464,133.286,102.96333333333332,63.41666666666666,100.27171153846156,83.49544374540268,29.04950230148415,2021,2,5,Winter,Mumbai,58.767500000000005
2021-02-14,26.9375,69.71428571428571,13.53,9.463839285714286,13.49,584.0,24.3,73,0.0,17.2,1012.3,37.58333333333333,31.08333333333333,54.2,46.3448275862069,31.868055555555554,40.12081168831168,9.256812278060893,2021,2,6,Winter,Chennai,27.58333333333333
2021-02-14,197.29142857142855,332.3333333333333,54.21666666666667,13.177777777777775,24.465000000000003,1895.0,18.2,71,0.0,10.9,989.5,152.36363636363637,251.04411764705884,190.5,131.09375,200.23306086070787,182.85331179744625,36.06860062861043,2021,2,6,Winter,Delhi,166.5
2021-02-14,89.77714285714285,164.57261904761904,57.18333333333334,17.708333333333332,35.04793650793651,810.2380952380952,23.1,74,0.0,11.7,1011.7,99.0355,96.97333333333334,104.34,55.33076923076923,95.26199206349206,96.73576146535167,9.575346701906525,2021,2,6,Winter,Kolkata,59.67272222222222
2021-02-14,58.767500000000005,133.8675,16.512857142857143,2.9714285714285715,28.875,460.0,24.2,70,0.0,21.8,1012.2,68.80375000000001,98.72538461538464,133.286,53.036206896551725,75.43221153846156,84.31419990303813,28.113623816948415,2021,2,6,Winter,Mumbai,48.57875
2021-02-15,27.58333333333333,76.386,12.667454545454548,7.888,11.085909090909093,577.6666666666667,24.5,75,0.0,15.6,1011.1,26.9375,37.58333333333333,31.08333333333333,41.333333333333336,30.701388888888886,38.156525974025975,10.350850750043291,2021,2,0,Winter,Chennai,23.666666666666664
2021-02-15,166.5,303.2840909090909,52.965,13.31868131868132,27.442857142857143,1716.6666666666667,18.9,68,0.0,10.7,987.8,197.29142857142855,152.36363636363637,251.04411764705884,183.3,172.05168831168825,180.45331179744628,36.58910353331845,2021,2,0,Winter,Delhi,197.5
2021-02-15,59.67272222222222,112.6027222222222,54.9175,18.56155555555556,32.783833333333334,698.0,23.1,68,0.0,11.9,1010.4,89.77714285714285,99.0355,96.97333333333334,79.56526315789473,82.82845502645502,93.89396990311275,16.188658569088638,2021,2,0,Winter,Kolkata,111.1
2021-02-15,48.57875,97.90818181818182,14.293636363636365,3.67,17.0,408.0,24.2,72,0.0,23.4,1011.4,58.767500000000005,68.80375000000001,98.72538461538464,58.54166666666666,58.716666666666676,82.89092609351432,29.835309106046022,2021,2,0,Winter,Mumbai,39.79714285714285
2021-02-16,23.666666666666664,63.61111111111112,23.31111111111111,6.1,22.579444444444444,601.6666666666666,24.6,76,0.0,14.1,1010.8,27.58333333333333,26.9375,37.58333333333333,46.81818181818182,26.0625,34.84916666666667,10.810504375888808,2021,2,1,Winter,Chennai,30.0
2021-02-16,197.5,294.03,85.2,9.64,5.3,1800.0,18.8,70,0.0,11.5,987.4,166.5,197.29142857142855,152.36363636363637,161.25,187.0971428571428,185.6318832260177,35.978405941691385,2021,2,1,Winter,Delhi,139.0
2021-02-16,111.1,219.9,56.0,10.8,12.115,975.0,23.1,59,0.0,9.8,1010.6,59.67272222222222,89.77714285714285,99.0355,108.5190909090909,86.84995502645502,94.26267120181406,16.601394119777005,2021,2,1,Winter,Kolkata,118.38
2021-02-16,39.79714285714285,75.00428571428571,9.820746753246754,3.236,16.8325,456.8205128205128,23.6,79,0.0,24.2,1011.2,48.57875,58.767500000000005,68.80375000000001,69.11176470588236,49.04779761904763,78.70312297226583,33.87555415763326,2021,2,1,Winter,Mumbai,44.6525
2021-02-17,30.0,68.17999999999999,11.598333333333333,4.733333333333333,26.595,615.0,25.1,71,0.0,14.4,1010.7,23.666666666666664,27.58333333333333,26.9375,42.89,27.083333333333332,33.007738095238096,10.298263862965928,2021,2,2,Winter,Chennai,44.0
2021-02-17,139.0,247.6,39.74166666666666,17.0125,47.725,1233.3333333333333,18.1,71,0.0,9.2,989.1,197.5,166.5,197.29142857142855,144.224,167.6666666666666,184.88559751173196,37.01957884688589,2021,2,2,Winter,Delhi,160.75
2021-02-17,118.38,202.3,59.525,21.75,28.116666666666664,1093.3333333333333,23.4,65,0.0,9.9,1011.8,111.1,59.67272222222222,89.77714285714285,98.94,96.38424074074074,97.03981405895692,18.971110522983842,2021,2,2,Winter,Kolkata,116.445
2021-02-17,44.6525,103.73,18.546666666666667,3.6633333333333336,15.0,547.5,24.0,76,0.0,24.7,1010.8,39.79714285714285,48.57875,58.767500000000005,102.96333333333332,44.34279761904762,70.37300392464678,34.08438046848846,2021,2,2,Winter,Mumbai,81.17333333333333
2021-02-18,44.0,72.63,11.858125,8.1975,22.046666666666667,554.1666666666667,26.1,63,0.0,16.9,1011.8,30.0,23.666666666666664,27.58333333333333,54.2,32.55555555555555,31.550595238095234,6.990236423608054,2021,2,3,Winter,Chennai,49.0
2021-02-18,160.75,314.6,57.19583333333333,16.881818181818183,37.45666666666667,1725.4166666666663,18.3,71,0.0,10.8,991.9,139.0,197.5,166.5,190.5,165.74999999999997,180.63559751173196,37.96327909957391,2021,2,3,Winter,Delhi,166.365
2021-02-18,116.445,233.4,52.43333333333334,19.175,30.365,1165.0,23.2,63,0.0,9.5,1013.3,118.38,111.1,59.67272222222222,104.34,115.30833333333332,98.76909977324263,20.255672991011814,2021,2,3,Winter,Kolkata,191.4
2021-02-18,81.17333333333333,185.8,30.682916666666664,5.07,40.0,820.4166666666667,25.3,66,1.0,15.6,1011.2,44.6525,39.79714285714285,48.57875,133.286,55.207658730158734,62.92833725798012,21.374090854889186,2021,2,3,Winter,Mumbai,42.72
2021-02-19,49.0,75.75333333333333,12.52,4.9525,32.42,465.0,25.3,77,4.8,20.2,1012.2,44.0,30.0,23.666666666666664,31.08333333333333,41.0,34.110119047619044,9.588062799510363,2021,2,4,Winter,Chennai,15.058823529411764
2021-02-19,166.365,272.5305,32.94166666666667,10.31,13.207999999999998,1574.0,17.9,74,0.0,13.3,994.2,160.75,139.0,197.5,251.04411764705884,155.37166666666664,168.53858070500928,21.867742210438266,2021,2,4,Winter,Delhi,156.43779166666667
2021-02-19,191.4,405.8075,89.18,22.086666666666662,8.4,1443.75,23.7,61,0.0,13.5,1014.7,116.445,118.38,111.1,96.97333333333334,142.07500000000002,112.25862358276643,40.342785107483664,2021,2,4,Winter,Kolkata,142.0681818181818
2021-02-19,42.72,83.44333333333333,27.46333333333333,5.44,15.848333333333333,575.0,25.5,62,0.1,19.0,1012.9,81.17333333333333,44.6525,39.79714285714285,98.72538461538464,56.18194444444445,54.92756802721088,15.383826444647285,2021,2,4,Winter,Mumbai,85.0
2021-02-20,15.058823529411764,58.876666666666665,10.935192307692308,5.349711538461538,28.71780769230769,521.6025641025641,24.6,82,4.6,18.3,1011.8,49.0,44.0,30.0,37.58333333333333,36.01960784313726,30.892331932773107,11.761485560339334,2021,2,5,Winter,Chennai,15.0
2021-02-20,156.43779166666667,265.93191666666667,34.994642857142864,12.953333333333331,27.7665,1378.6666666666663,18.0,69,0.0,13.0,993.8,166.365,160.75,139.0,152.36363636363637,161.18426388888886,169.12060289115647,21.41501777733283,2021,2,5,Winter,Delhi,146.51058333333333
2021-02-20,142.0681818181818,291.46446428571426,66.61833333333334,24.640476190476196,32.153636363636366,1090.2083333333333,23.1,63,0.0,9.4,1015.0,191.4,116.445,118.38,99.0355,149.9710606060606,118.40614955679241,41.2602635657034,2021,2,5,Winter,Kolkata,92.73636363636363
2021-02-20,85.0,86.00416666666666,21.161666666666665,8.041875000000001,32.049166666666665,588.75,25.6,55,0.0,25.3,1012.9,42.72,81.17333333333333,44.6525,68.80375000000001,69.63111111111112,57.24131802721089,18.68288593719195,2021,2,5,Winter,Mumbai,50.52941176470589
2021-02-21,15.0,42.0,9.350384615384616,5.746923076923077,25.015615384615383,578.2051282051282,24.1,85,11.3,17.4,1012.6,15.058823529411764,49.0,44.0,26.9375,26.35294117647059,29.18697478991596,13.207088205887308,2021,2,6,Winter,Chennai,20.428571428571427
2021-02-21,146.51058333333333,259.3333333333333,37.04761904761905,15.596666666666666,42.325,1183.3333333333333,18.7,66,0.0,15.5,992.2,156.43779166666667,166.365,160.75,197.29142857142855,156.4377916666666,161.8661964285714,18.712075385727978,2021,2,6,Winter,Delhi,144.83333333333334
2021-02-21,92.73636363636363,177.12142857142857,44.056666666666665,27.19428571428572,55.907272727272726,736.6666666666666,23.6,57,0.0,11.3,1013.8,142.0681818181818,191.4,116.445,89.77714285714285,142.0681818181818,118.82889538239537,40.93190072838152,2021,2,6,Winter,Kolkata,95.30555555555556
2021-02-21,50.52941176470589,88.565,14.86,10.64375,48.25,602.5,27.1,45,0.0,21.3,1012.4,85.0,42.72,81.17333333333333,58.767500000000005,59.416470588235306,56.06444827931172,18.82961611881087,2021,2,6,Winter,Mumbai,60.8764705882353
2021-02-22,20.428571428571427,54.70555555555556,11.466538461538462,4.3,27.712692307692308,411.1538461538462,25.8,80,0.6,16.8,1012.5,15.0,15.058823529411764,49.0,27.58333333333333,16.829131652661065,28.16486594637855,13.622212811990847,2021,2,0,Winter,Chennai,40.17261904761905
2021-02-22,144.83333333333334,265.4575,43.18928571428572,15.666666666666668,33.550714285714285,1114.2857142857142,19.5,66,0.0,17.3,990.3,146.51058333333333,156.43779166666667,166.365,166.5,149.2605694444444,158.7709583333333,19.589254661106324,2021,2,0,Winter,Delhi,97.7
2021-02-22,95.30555555555556,195.81529411764703,36.06923076923077,33.375882352941176,68.125,713.5294117647059,23.3,59,0.0,11.2,1012.6,92.73636363636363,142.0681818181818,191.4,59.67272222222222,110.03670033670033,123.91930014430015,33.97310733654124,2021,2,0,Winter,Kolkata,96.4
2021-02-22,60.8764705882353,121.77933333333334,24.2584358974359,4.863333333333333,30.278846153846157,821.7460317460318,26.8,57,0.0,20.5,1012.8,50.52941176470589,85.0,42.72,48.57875,65.4686274509804,57.82126550620249,18.586920543231834,2021,2,0,Winter,Mumbai,84.79166666666667
2021-02-23,40.17261904761905,92.866,13.083333333333334,5.077428571428571,18.064285714285717,878.0,25.3,82,0.0,15.6,1011.4,20.428571428571427,15.0,15.058823529411764,23.666666666666664,25.200396825396826,30.522859143657463,14.132819403327721,2021,2,1,Winter,Chennai,28.5
2021-02-23,97.7,291.6666666666667,67.43333333333332,17.64333333333333,31.03,1870.0,21.5,56,0.0,10.5,988.0,144.83333333333334,146.51058333333333,156.43779166666667,197.5,129.68130555555553,144.51381547619047,22.764350108801562,2021,2,1,Winter,Delhi,52.625
2021-02-23,96.4,171.3125,59.7625,29.8875,69.575,821.25,23.8,64,0.0,9.7,1010.6,95.30555555555556,92.73636363636363,142.0681818181818,111.1,94.81397306397305,121.81930014430016,35.32501369861338,2021,2,1,Winter,Kolkata,98.835
2021-02-23,84.79166666666667,199.23333333333332,33.43991071428572,6.72375,36.96089285714285,978.75,26.6,61,0.0,18.7,1011.5,60.8764705882353,50.52941176470589,85.0,39.79714285714285,65.39918300653596,64.24905462184874,19.08821592311152,2021,2,1,Winter,Mumbai,79.25
2021-02-24,28.5,66.25,14.323333333333334,5.18,16.37166666666667,475.0,24.9,80,0.0,11.6,1010.6,40.17261904761905,20.428571428571427,15.0,30.0,29.700396825396826,30.30857342937175,14.153425113036556,2021,2,2,Winter,Chennai,56.70875
2021-02-24,52.625,177.205,33.7,16.125,58.93375,741.6666666666667,22.0,58,0.0,12.1,986.4,97.7,144.83333333333334,146.51058333333333,139.0,98.38611111111106,132.17452976190478,41.74653730190698,2021,2,2,Winter,Delhi,171.95499999999998
2021-02-24,98.835,184.165,76.925,25.415,91.0375,1050.0,24.9,64,0.0,9.7,1008.6,96.4,95.30555555555556,92.73636363636363,118.38,96.84685185185185,119.02715728715728,36.398297561701916,2021,2,2,Winter,Kolkata,132.45464285714286
2021-02-24,79.25,161.25,24.67875,6.9025,66.9,756.6666666666667,27.1,60,0.0,19.4,1010.2,84.79166666666667,60.8764705882353,50.52941176470589,44.6525,74.97271241830067,69.19155462184874,17.588657273960926,2021,2,2,Winter,Mumbai,79.0775
2021-02-25,56.70875,126.03375,14.96,12.050625,14.6975,957.9166666666669,24.5,82,0.0,13.4,1010.3,28.5,40.17261904761905,20.428571428571427,44.0,41.79378968253968,32.12410914365746,16.774770870241007,2021,2,3,Winter,Chennai,45.66666666666666
2021-02-25,171.95499999999998,378.7291666666666,62.266666666666666,20.191666666666663,14.356,1705.0,22.5,59,0.0,15.0,985.2,52.625,97.7,144.83333333333334,160.75,107.42666666666662,133.77524404761905,43.21387232834179,2021,2,3,Winter,Delhi,162.75507575757575
2021-02-25,132.45464285714286,222.85142857142856,45.92142857142857,20.338571428571427,45.161160714285714,859.2857142857142,25.6,56,0.0,11.4,1007.3,98.835,96.4,95.30555555555556,116.445,109.22988095238095,121.31424912389197,36.71064945700388,2021,2,3,Winter,Kolkata,87.93089285714287
2021-02-25,79.0775,169.866,41.880625,10.948333333333332,12.236428571428572,1065.0,27.5,54,0.0,24.0,1010.8,79.25,84.79166666666667,60.8764705882353,81.17333333333333,81.03972222222222,68.89214985994398,17.367146093768532,2021,2,3,Winter,Mumbai,50.9075
2021-02-26,45.66666666666666,75.94333333333334,13.580833333333334,6.534166666666666,11.411666666666669,877.5,25.1,82,0.0,12.5,1008.6,56.70875,28.5,40.17261904761905,49.0,43.62513888888889,31.64791866746699,16.25512994399021,2021,2,4,Winter,Chennai,42.4
2021-02-26,162.75507575757575,279.698,55.59307692307693,21.8,10.990833333333333,1081.6666666666663,23.2,56,0.0,17.9,983.0,171.95499999999998,52.625,97.7,166.365,129.11169191919188,133.2595405844156,42.77949152754018,2021,2,4,Winter,Delhi,48.78
2021-02-26,87.93089285714287,145.57174603174604,46.792142857142856,11.158571428571427,23.80222222222222,649.2857142857142,26.4,58,0.0,11.4,1005.4,132.45464285714286,98.835,96.4,191.4,106.40684523809524,106.53294810348382,21.443952846523363,2021,2,4,Winter,Kolkata,114.2
2021-02-26,50.9075,102.9475,26.674857142857142,6.952,11.03,740.3571428571429,26.1,66,0.0,20.7,1010.2,79.0775,79.25,84.79166666666667,42.72,69.745,70.06179271708685,15.484381012568539,2021,2,4,Winter,Mumbai,30.630000000000003
2021-02-27,42.4,76.97166666666666,15.340416666666668,11.417083333333334,11.736944444444443,761.7559523809524,25.4,83,0.0,16.7,1007.8,45.66666666666666,56.70875,28.5,15.058823529411764,48.258472222222224,35.553801020408166,14.826739660564163,2021,2,5,Winter,Chennai,28.0
2021-02-27,48.78,136.31,56.24,14.85,6.95,400.0,24.1,42,0.0,15.5,982.6,162.75507575757575,171.95499999999998,52.625,156.43779166666667,127.8300252525252,117.87985606060606,51.51751798156951,2021,2,5,Winter,Delhi,49.5
2021-02-27,114.2,168.5,52.9,20.26,11.47,720.0,26.6,50,0.0,13.6,1005.6,87.93089285714287,132.45464285714286,98.835,142.0681818181818,111.52851190476191,102.55177927231499,15.514195622575674,2021,2,5,Winter,Kolkata,80.8
2021-02-27,30.630000000000003,60.08,7.72,20.14,16.01,1380.0,26.1,69,0.0,24.2,1009.1,50.9075,79.0775,79.25,85.0,53.53833333333335,62.29464985994399,19.782201659435824,2021,2,5,Winter,Mumbai,61.13333333333333
2021-02-28,28.0,78.0,17.1,16.3,12.062222222222225,646.0119047619047,24.8,83,0.0,15.2,1008.7,42.4,45.66666666666666,56.70875,15.0,38.68888888888888,37.41094387755102,12.446228144163513,2021,2,6,Winter,Chennai,28.93857142857143
2021-02-28,49.5,174.255,51.228750000000005,15.5375,20.78,622.25,22.2,49,0.0,15.7,985.4,48.78,162.75507575757575,171.95499999999998,146.51058333333333,87.01169191919188,104.0212012987013,55.43160642017079,2021,2,6,Winter,Delhi,80.55199999999999
2021-02-28,80.8,130.98333333333332,38.546875,17.94,27.9525,588.75,27.6,58,0.0,13.8,1006.7,114.2,87.93089285714287,132.45464285714286,92.73636363636363,94.31029761904763,100.8465844671202,17.32332381036555,2021,2,6,Winter,Kolkata,47.4
2021-02-28,61.13333333333333,109.875,23.095,20.258333333333333,15.787222222222224,1161.6666666666667,27.6,56,0.0,21.8,1008.7,30.630000000000003,50.9075,79.0775,50.52941176470589,47.55694444444445,63.80949579831933,19.12623650070659,2021,2,6,Winter,Mumbai,68.56888888888889
2021-03-01,28.93857142857143,87.0,13.228571428571428,5.129821428571429,12.3875,530.2678571428571,25.5,82,0.0,17.6,1011.4,28.0,42.4,45.66666666666666,20.428571428571427,33.112857142857145,38.626658163265304,10.82039711568192,2021,3,0,Pre-Monsoon,Chennai,35.530833333333334
2021-03-01,80.55199999999999,212.2,46.2175,16.225,31.68,844.5,20.4,46,0.0,21.4,989.2,49.5,48.78,162.75507575757575,144.83333333333334,59.61066666666662,94.83815367965369,52.80601715286997,2021,3,0,Pre-Monsoon,Delhi,63.78285714285714
2021-03-01,47.4,93.46666666666664,24.19375,15.62,44.435,457.5,27.6,67,0.0,15.0,1009.3,80.8,114.2,87.93089285714287,95.30555555555556,80.80000000000001,94.0029336734694,26.766181347416833,2021,3,0,Pre-Monsoon,Kolkata,69.60833333333333
2021-03-01,68.56888888888889,159.67,38.47,20.376666666666665,15.564444444444442,943.3333333333334,28.4,49,0.0,23.2,1011.1,61.13333333333333,30.630000000000003,50.9075,60.8764705882353,53.44407407407408,64.9084126984127,19.150602224299917,2021,3,0,Pre-Monsoon,Mumbai,68.10333333333334
2021-03-02,34.706,94.37179487179488,39.72263157894737,4.175,52.6715,626.5,24.4,41,0.0,23.9,914.6,40.7,49.0,48.0,23.008000000000003,41.468666666666664,39.52766666666667,7.846341763310223,2021,3,1,Pre-Monsoon,Bengaluru,32.29866666666667
2021-03-02,35.530833333333334,66.43535714285714,16.281,8.694444444444445,46.272777777777776,943.0,25.8,80,0.0,14.8,1011.7,28.93857142857143,28.0,42.4,40.17261904761905,30.823134920634924,37.963545918367345,10.852051064373978,2021,3,1,Pre-Monsoon,Chennai,49.77777777777778
2021-03-02,63.78285714285714,182.78571428571428,41.295,16.22142857142857,36.91916666666667,683.1746031746031,20.7,40,0.0,25.7,989.4,80.55199999999999,49.5,48.78,97.7,64.611619047619,89.99284755720468,54.041272844590104,2021,3,1,Pre-Monsoon,Delhi,87.46153846153847
2021-03-02,69.60833333333333,135.66875,34.906,10.685,18.804,515.0,26.6,69,0.0,12.6,1010.2,47.4,80.8,114.2,96.4,65.93611111111112,90.17555272108844,28.241162238936123,2021,3,1,Pre-Monsoon,Kolkata,60.51507936507937
2021-03-02,68.10333333333334,152.28285714285715,33.23416666666667,18.66968253968254,6.928571428571429,1059.1666666666663,28.0,44,0.0,25.0,1011.9,68.56888888888889,61.13333333333333,30.630000000000003,84.79166666666667,65.9351851851852,62.524365079365076,17.202477251199948,2021,3,1,Pre-Monsoon,Mumbai,59.16555555555556
2021-03-03,32.29866666666667,94.74358974358974,51.938815789473686,4.1432142857142855,44.54975,824.9166666666667,24.3,39,0.0,22.0,913.5,34.706,40.7,49.0,29.256,35.901555555555554,40.03477777777778,7.113841861443725,2021,3,2,Pre-Monsoon,Bengaluru,29.89133333333333
2021-03-03,49.77777777777778,93.33333333333331,12.328632478632478,8.79923076923077,10.747136752136752,1057.7777777777778,25.0,82,0.0,12.7,1010.8,35.530833333333334,28.93857142857143,28.0,28.5,38.08239417989418,41.00322845804988,10.738883844136891,2021,3,2,Pre-Monsoon,Chennai,39.8
2021-03-03,87.46153846153847,220.1192307692308,46.83888888888889,20.87142857142857,39.81428571428571,1145.4545454545455,22.3,39,0.0,18.8,987.6,63.78285714285714,80.55199999999999,49.5,52.625,77.26546520146515,94.96949590885303,51.57427866186164,2021,3,2,Pre-Monsoon,Delhi,171.83333333333334
2021-03-03,60.51507936507937,137.04708333333335,32.41869047619048,24.17180555555556,42.11659722222223,785.6944444444445,26.2,52,0.0,13.8,1010.0,69.60833333333333,47.4,80.8,98.835,59.17447089947092,84.70127834467121,29.94540410069537,2021,3,2,Pre-Monsoon,Kolkata,127.12
2021-03-03,59.16555555555556,113.5311111111111,29.430888888888887,18.929722222222225,12.796931818181818,795.5555555555555,28.3,40,0.0,21.9,1010.3,68.10333333333334,68.56888888888889,61.13333333333333,79.25,65.27925925925928,59.65515873015873,15.542734979548563,2021,3,2,Pre-Monsoon,Mumbai,83.67391304347825
2021-03-04,29.89133333333333,95.1153846153846,64.155,4.111428571428571,36.428,1023.3333333333334,23.1,39,0.0,21.3,913.4,32.29866666666667,34.706,40.7,35.504000000000005,32.29866666666666,39.09933333333333,8.12582193039227,2021,3,3,Pre-Monsoon,Bengaluru,31.76088888888889
2021-03-04,39.8,86.33333333333333,11.844166666666666,8.753571428571428,10.830267857142855,635.0,24.7,80,0.0,12.7,1011.3,49.77777777777778,35.530833333333334,28.93857142857143,56.70875,41.70287037037037,38.58769274376417,8.224783883846234,2021,3,3,Pre-Monsoon,Chennai,38.5625
2021-03-04,171.83333333333334,375.38461538461536,71.38004807692309,24.94555555555556,25.392352941176476,2191.176470588235,23.7,44,0.0,10.6,987.2,87.46153846153847,63.78285714285714,80.55199999999999,171.95499999999998,107.69257631257626,94.9521149564721,51.544021421361336,2021,3,3,Pre-Monsoon,Delhi,116.6923076923077
2021-03-04,127.12,216.85333333333332,48.580000000000005,29.940000000000005,40.24846153846154,857.5,25.2,58,0.0,13.2,1010.1,60.51507936507937,69.60833333333333,47.4,132.45464285714286,85.74780423280424,83.93918650793651,28.563560694708006,2021,3,3,Pre-Monsoon,Kolkata,62.09333333333333
2021-03-04,83.67391304347825,192.03,21.964285714285715,14.5125,9.571428571428571,1235.0,28.9,36,0.0,23.3,1009.8,59.16555555555556,68.10333333333334,68.56888888888889,79.0775,70.31426731078905,60.31178916494134,16.563588266300382,2021,3,3,Pre-Monsoon,Mumbai,80.61576923076923
2021-03-05,38.5625,97.595,12.263214285714286,8.732,12.357589285714289,792.5,25.3,77,0.0,12.7,1012.0,39.8,49.77777777777778,35.530833333333334,45.66666666666666,42.713425925925925,37.572811791383224,7.621912479342331,2021,3,4,Pre-Monsoon,Chennai,29.6425
2021-03-05,116.6923076923077,259.85714285714283,44.451388888888886,19.133333333333333,34.14,1042.7272727272727,22.6,45,0.0,24.1,986.8,171.83333333333334,87.46153846153847,63.78285714285714,162.75507575757575,125.32905982905977,88.37171951857667,43.80449011170032,2021,3,4,Pre-Monsoon,Delhi,99.0
2021-03-05,62.09333333333333,117.86357142857142,22.78666666666667,10.923333333333332,44.53071428571428,509.2857142857143,27.1,67,0.0,17.3,1008.7,127.12,60.51507936507937,69.60833333333333,87.93089285714287,83.24280423280425,80.24810657596372,29.61193757383484,2021,3,4,Pre-Monsoon,Kolkata,67.78325396825397
2021-03-05,80.61576923076923,166.6757142857143,18.90857142857143,8.754285714285714,19.28538461538461,1074.1666666666667,28.2,43,0.0,19.2,1010.8,83.67391304347825,59.16555555555556,68.10333333333334,50.9075,74.48507927660101,64.5558276264798,17.530177086516307,2021,3,4,Pre-Monsoon,Mumbai,55.59933333333333
2021-03-06,29.6425,56.259819004524886,13.916153846153843,10.382307692307691,6.695384615384616,607.8571428571429,25.8,80,0.0,15.1,1011.6,38.5625,39.8,49.77777777777778,42.4,36.001666666666665,35.75031179138322,7.798491888539196,2021,3,5,Pre-Monsoon,Chennai,22.066666666666663
2021-03-06,99.0,236.9333333333333,56.99166666666667,20.392095588235293,29.4,1480.4545454545455,22.6,43,0.0,17.8,986.1,116.6923076923077,171.83333333333334,87.46153846153847,48.78,129.17521367521363,95.54600523286238,40.20398733678668,2021,3,5,Pre-Monsoon,Delhi,124.24102564102564
2021-03-06,67.78325396825397,134.10996031746032,42.92222222222222,17.92297619047619,38.10166666666667,730.4166666666667,27.8,47,0.0,19.9,1008.3,62.09333333333333,127.12,60.51507936507937,114.2,85.66552910052911,73.61714285714285,25.677664762177823,2021,3,5,Pre-Monsoon,Kolkata,80.80227272727274
2021-03-06,55.59933333333333,139.52583333333334,19.67333333333333,6.073083333333333,17.96666666666667,660.4166666666667,26.2,78,0.0,18.2,1011.9,80.61576923076923,83.67391304347825,59.16555555555556,30.630000000000003,73.29633853586029,68.12287524552741,10.677334724963018,2021,3,5,Pre-Monsoon,Mumbai,47.57523809523809
2021-03-07,22.066666666666663,45.465555555555554,11.403333333333332,8.81,10.281324786324786,405.0,26.4,80,0.0,13.0,1010.7,29.6425,38.5625,39.8,28.0,30.090555555555554,34.90269274376417,9.00966572724343,2021,3,6,Pre-Monsoon,Chennai,14.833333333333334
2021-03-07,124.24102564102564,287.456875,54.958333333333336,22.553846153846152,43.06840659340659,1372.2836538461538,24.8,42,0.0,18.0,984.8,99.0,116.6923076923077,171.83333333333334,49.5,113.31111111111106,106.22329461015177,35.59799064051808,2021,3,6,Pre-Monsoon,Delhi,114.5
2021-03-07,80.80227272727274,146.93818181818182,27.341193181818184,12.612820512820512,51.63526442307692,415.0699300699301,27.0,56,0.0,12.2,1009.7,67.78325396825397,62.09333333333333,127.12,80.8,70.22628667628669,73.61746753246754,25.67777073530973,2021,3,6,Pre-Monsoon,Kolkata,59.09676470588235
2021-03-07,47.57523809523809,111.07083333333334,21.686875,8.7,17.071428571428573,490.7142857142857,26.4,67,0.0,19.9,1011.2,55.59933333333333,80.61576923076923,83.67391304347825,61.13333333333333,61.2634468864469,66.1860044972281,13.109311444044348,2021,3,6,Pre-Monsoon,Mumbai,41.625
2021-03-08,14.833333333333334,38.74,11.062857142857144,8.684999999999999,9.25392857142857,711.4285714285714,26.6,78,0.0,14.1,1011.4,22.066666666666663,29.6425,38.5625,28.93857142857143,22.18083333333333,32.887658730158726,11.731939088451337,2021,3,0,Pre-Monsoon,Chennai,9.87962962962963
2021-03-08,114.5,242.69791666666669,42.65,15.025,33.53875,1098.3333333333337,24.7,50,0.0,23.4,986.2,124.24102564102564,99.0,116.6923076923077,80.55199999999999,112.58034188034185,111.07300889586604,33.78400018359818,2021,3,0,Pre-Monsoon,Delhi,140.125
2021-03-08,59.09676470588235,102.4752614379085,26.246638655462185,16.254869281045753,46.13617647058824,481.031746031746,27.3,71,0.0,15.2,1010.6,80.80227272727274,67.78325396825397,62.09333333333333,47.4,69.22743046713636,75.28843391902215,24.014015927224023,2021,3,0,Pre-Monsoon,Kolkata,28.9375
2021-03-08,41.625,109.608,25.90884615384616,8.050128205128205,17.35442857142857,663.6309523809524,26.2,64,0.0,21.1,1010.9,47.57523809523809,55.59933333333333,80.61576923076923,68.56888888888889,48.26652380952382,62.33687751310111,15.942493705664969,2021,3,0,Pre-Monsoon,Mumbai,47.17611111111111
2021-03-09,9.87962962962963,31.379310344827587,9.77764705882353,44.248823529411766,15.63107142857143,641.4950980392157,26.8,78,0.1,15.3,1011.9,14.833333333333334,22.066666666666663,29.6425,35.530833333333334,15.593209876543208,29.223201058201056,14.458075307313765,2021,3,1,Pre-Monsoon,Chennai,6.6850000000000005
2021-03-09,140.125,301.3233333333333,41.88275362318841,15.272413793103448,20.75,1212.0,24.7,59,0.2,11.6,987.3,114.5,124.24102564102564,99.0,63.78285714285714,126.28867521367518,121.97902930402931,27.75855056470977,2021,3,1,Pre-Monsoon,Delhi,119.24
2021-03-09,28.9375,56.022083333333335,27.61176470588235,16.17241379310345,16.92625,347.5,28.3,67,0.0,17.1,1009.8,59.09676470588235,80.80227272727274,67.78325396825397,69.60833333333333,56.2788458110517,69.4783148714031,29.832535133048093,2021,3,1,Pre-Monsoon,Kolkata,27.26
2021-03-09,47.17611111111111,120.08936688311688,30.29,7.7975,26.364545454545453,642.0,27.7,57,0.0,24.2,1010.7,41.625,47.57523809523809,55.59933333333333,68.10333333333334,45.45878306878308,59.34727433849794,16.628346121953097,2021,3,1,Pre-Monsoon,Mumbai,62.71833333333333
2021-03-10,6.6850000000000005,15.065,8.955,10.16,14.21,637.5,27.4,78,0.5,14.8,1011.6,9.87962962962963,14.833333333333334,22.066666666666663,49.77777777777778,10.465987654320989,23.067089947089947,13.381651643726247,2021,3,2,Pre-Monsoon,Chennai,11.094126984126984
2021-03-10,119.24,258.09833333333336,60.06666666666666,16.8,11.833333333333334,1110.0,23.9,61,0.1,13.4,987.3,140.125,114.5,124.24102564102564,87.46153846153847,124.62166666666661,126.51880952380952,23.434307660211985,2021,3,2,Pre-Monsoon,Delhi,166.0625
2021-03-10,27.26,67.5175,25.933333333333334,9.8225,10.76,380.0,28.0,72,0.0,17.6,1010.0,28.9375,59.09676470588235,80.80227272727274,60.51507936507937,38.431421568627464,64.72758924782035,33.872165753443355,2021,3,2,Pre-Monsoon,Kolkata,27.578
2021-03-10,62.71833333333333,136.52833333333334,26.897916666666667,8.483333333333333,4.5,605.0,27.4,62,0.0,21.0,1010.8,47.17611111111111,41.625,47.57523809523809,59.16555555555556,50.50648148148148,59.85481402103762,16.67602675416597,2021,3,2,Pre-Monsoon,Mumbai,51.00285714285714
2021-03-11,11.094126984126984,21.22222222222222,11.52,9.829285714285714,14.30777777777778,805.625,27.1,75,0.0,15.1,1011.7,6.6850000000000005,9.87962962962963,14.833333333333334,39.8,9.21958553791887,18.966250944822374,11.69084402356763,2021,3,3,Pre-Monsoon,Chennai,14.108888888888888
2021-03-11,166.0625,313.625,57.977777777777774,13.787857142857144,15.536,1417.0,24.8,53,0.0,10.9,988.3,119.24,140.125,114.5,171.83333333333334,141.8091666666666,125.69440476190478,21.60455406850417,2021,3,3,Pre-Monsoon,Delhi,62.5
2021-03-11,27.578,59.065,25.5625,7.409999999999999,10.29,350.0,27.8,77,0.9,12.7,1011.5,27.26,28.9375,59.09676470588235,127.12,27.925166666666673,50.50730353353463,22.194988391579475,2021,3,3,Pre-Monsoon,Kolkata,42.4146590909091
2021-03-11,51.00285714285714,106.6875,13.991428571428573,7.865714285714286,13.832857142857142,541.4285714285714,26.3,71,0.0,23.2,1011.1,62.71833333333333,47.17611111111111,41.625,83.67391304347825,53.632433862433864,55.187520320948884,13.083459397180764,2021,3,3,Pre-Monsoon,Mumbai,37.23033333333333
2021-03-12,14.108888888888888,33.82666666666667,6.800000000000001,7.208472222222222,17.878888888888888,579.4444444444445,25.8,79,0.0,13.2,1012.9,11.094126984126984,6.6850000000000005,9.87962962962963,38.5625,10.629338624338624,15.472877928949357,7.897366732166562,2021,3,4,Pre-Monsoon,Chennai,20.20024886877828
2021-03-12,62.5,172.63157342657342,32.741919191919195,12.925,40.049,608.3333333333334,23.4,54,0.7,17.6,990.2,166.0625,119.24,140.125,116.6923076923077,115.93416666666661,117.9526465201465,32.386961975044116,2021,3,4,Pre-Monsoon,Delhi,121.47619047619048
2021-03-12,42.4146590909091,99.96446969696969,23.64916666666667,9.390378787878788,35.86931818181818,661.590909090909,27.9,75,0.3,7.6,1012.8,27.578,27.26,28.9375,62.09333333333333,32.41755303030305,47.69606435604545,21.72417396118769,2021,3,4,Pre-Monsoon,Kolkata,72.26026315789474
2021-03-12,37.23033333333333,117.42227272727273,24.221,4.529166666666667,21.33333333333333,495.8333333333333,26.7,64,0.0,24.2,1012.0,51.00285714285714,62.71833333333333,47.17611111111111,80.61576923076923,50.31717460317461,48.98960090702947,8.50516260127137,2021,3,4,Pre-Monsoon,Mumbai,74.45872549019607
2021-03-13,20.20024886877828,46.388888888888886,14.957692307692309,8.733205128205128,17.351764705882353,921.1057692307692,26.0,76,0.0,14.0,1012.2,14.108888888888888,11.094126984126984,6.6850000000000005,29.6425,15.134421580598051,14.123984910203395,5.5233393816327245,2021,3,5,Pre-Monsoon,Chennai,15.61111111111111
2021-03-13,121.47619047619048,283.01928571428573,52.5,19.00454545454545,22.5,1204.0,23.3,61,0.0,11.8,991.0,62.5,166.0625,119.24,99.0,116.67956349206344,121.16353087388802,31.290403053222118,2021,3,5,Pre-Monsoon,Delhi,101.0
2021-03-13,72.26026315789474,152.85519138755978,21.69736842105263,22.17727272727273,39.56941387559808,576.8421052631579,26.1,76,4.6,16.8,1012.5,42.4146590909091,27.578,27.26,67.78325396825397,47.4176407496013,48.335637097422705,22.467308505897474,2021,3,5,Pre-Monsoon,Kolkata,64.19636363636363
2021-03-13,74.45872549019607,187.34977124183007,27.864,6.657692307692307,44.44823529411765,680.0,28.7,48,0.0,21.3,1011.5,37.23033333333333,51.00285714285714,62.71833333333333,55.59933333333333,54.23063865546218,51.6837997865813,12.83357274438076,2021,3,5,Pre-Monsoon,Mumbai,61.932
2021-03-14,15.61111111111111,41.294117647058826,11.711052631578948,8.125263157894736,30.915294117647058,528.1818181818181,26.5,76,0.0,13.2,1010.6,20.20024886877828,14.108888888888888,11.094126984126984,22.066666666666663,16.64008295625943,13.201762687981175,4.4010521774347415,2021,3,6,Pre-Monsoon,Chennai,19.006944444444443
2021-03-14,101.0,199.45,34.15,16.235294117647058,22.1,757.5,23.2,50,0.0,17.1,988.1,121.47619047619048,62.5,166.0625,124.24102564102564,94.99206349206344,117.84338435374148,32.1311617495445,2021,3,6,Pre-Monsoon,Delhi,99.7280701754386
2021-03-14,64.19636363636363,118.8907894736842,32.68,14.67909090909091,29.861363636363635,624.38995215311,25.5,65,0.0,10.2,1010.4,72.26026315789474,42.4146590909091,27.578,80.80227272727274,59.623761961722494,45.963364370149975,19.090862478197618,2021,3,6,Pre-Monsoon,Kolkata,60.196
2021-03-14,61.932,143.38,24.411754807692308,6.481418269230769,32.44791666666667,648.9230769230769,28.7,46,0.0,20.2,1009.6,74.45872549019607,37.23033333333333,51.00285714285714,47.57523809523809,57.873686274509815,53.734765772975855,13.209236884425424,2021,3,6,Pre-Monsoon,Mumbai,61.75361111111111
2021-03-15,19.006944444444443,38.77777777777778,14.151818181818184,6.753131313131313,17.63,624.5454545454545,26.7,78,0.0,16.4,1009.8,15.61111111111111,20.20024886877828,14.108888888888888,14.833333333333334,18.27276814144461,13.797992846711335,4.911979255699981,2021,3,0,Pre-Monsoon,Chennai,32.77272727272727
2021-03-15,99.7280701754386,266.5882352941176,46.49444444444444,17.858125,26.09181818181818,786.6666666666666,24.1,51,0.0,17.3,987.1,101.0,121.47619047619048,62.5,114.5,107.40142021720965,115.73310866451844,32.86407074781022,2021,3,0,Pre-Monsoon,Delhi,127.0
2021-03-15,60.196,117.52366666666668,31.473000000000003,50.26577777777778,63.71672222222222,724.3333333333334,26.9,65,0.0,10.1,1009.1,64.19636363636363,72.26026315789474,42.4146590909091,59.09676470588235,65.55087559808614,46.12039798359535,19.220974986855378,2021,3,0,Pre-Monsoon,Kolkata,65.36777777777777
2021-03-15,61.75361111111111,185.46564583333333,28.582222222222224,5.104,31.916666666666668,646.6666666666666,28.8,46,0.0,23.7,1009.1,61.932,74.45872549019607,37.23033333333333,41.625,66.04811220043574,56.610281645991726,12.292809193060984,2021,3,0,Pre-Monsoon,Mumbai,61.88263888888888
2021-03-16,32.77272727272727,79.36363636363636,11.94,6.3741666666666665,17.463,897.3484848484849,26.7,80,0.0,15.7,1009.7,19.006944444444443,15.61111111111111,20.20024886877828,9.87962962962963,22.463594276094273,17.068435367153853,8.312457092929735,2021,3,1,Pre-Monsoon,Chennai,23.074285714285715
2021-03-16,127.0,308.25,40.375,27.9,24.865,984.2857142857144,24.4,47,0.0,18.8,987.2,99.7280701754386,101.0,121.47619047619048,140.125,109.24269005847948,113.85810866451844,31.590219950553433,2021,3,1,Pre-Monsoon,Delhi,90.85714285714286
2021-03-16,65.36777777777777,117.6,13.7,14.207777777777778,57.544,444.44444444444446,27.5,62,0.0,11.8,1008.7,60.196,64.19636363636363,72.26026315789474,28.9375,63.25338047138049,51.32472338042074,18.71848419186448,2021,3,1,Pre-Monsoon,Kolkata,78.76
2021-03-16,61.88263888888888,161.47413636363638,21.694444444444443,8.317272727272726,20.818181818181817,708.0,28.4,53,0.0,23.5,1009.5,61.75361111111111,61.932,74.45872549019607,47.17611111111111,61.856083333333345,58.71121418567426,11.651721629609606,2021,3,1,Pre-Monsoon,Mumbai,59.21471428571429
2021-03-17,23.074285714285715,46.66666666666666,17.38888888888889,5.514206349206349,19.5275,695.7142857142857,26.3,80,0.0,14.8,1008.9,32.77272727272727,19.006944444444443,15.61111111111111,6.6850000000000005,24.951319143819145,19.409761897766096,7.123476403629848,2021,3,2,Pre-Monsoon,Chennai,37.5
2021-03-17,90.85714285714286,354.11428571428576,36.28333333333333,18.172727272727272,49.046461538461536,793.3333333333334,25.1,42,0.0,11.6,985.9,127.0,99.7280701754386,101.0,119.24,105.8617376775271,109.80341478696742,32.58999809703036,2021,3,2,Pre-Monsoon,Delhi,118.05575
2021-03-17,78.76,192.71666666666667,49.32,21.1,58.01714285714286,598.0,27.5,57,0.0,12.9,1008.2,65.36777777777777,60.196,64.19636363636363,27.26,68.10792592592594,58.681866237563604,17.780984868300024,2021,3,2,Pre-Monsoon,Kolkata,84.62941176470588
2021-03-17,59.21471428571429,141.77901785714286,24.024285714285718,10.281428571428572,52.89375,484.2857142857143,28.7,53,0.0,23.2,1008.2,61.88263888888888,61.75361111111111,61.932,62.71833333333333,60.950321428571435,58.21069717887155,11.525468820341512,2021,3,2,Pre-Monsoon,Mumbai,57.7409375
2021-03-18,37.5,70.0,11.123496732026144,3.5375,20.610444444444447,372.0,26.6,76,0.0,13.7,1009.2,23.074285714285715,32.77272727272727,19.006944444444443,11.094126984126984,31.115670995670996,23.182029471462243,8.784080377631,2021,3,3,Pre-Monsoon,Chennai,39.70666666666667
2021-03-18,118.05575,389.4375,49.89090909090908,20.715,28.706666666666667,1227.6666666666667,24.8,47,0.0,17.7,986.3,90.85714285714286,127.0,99.7280701754386,166.0625,111.97096428571423,102.94530764411027,22.16013232574553,2021,3,3,Pre-Monsoon,Delhi,62.471428571428575
2021-03-18,84.62941176470588,200.3441176470588,36.39473684210526,21.88823529411765,28.436111111111117,944.7058823529412,27.8,61,0.0,11.7,1008.2,78.76,65.36777777777777,60.196,27.578,76.25239651416123,66.83206791823588,13.770891094562009,2021,3,3,Pre-Monsoon,Kolkata,74.63452380952381
2021-03-18,57.7409375,139.52089285714283,26.02733333333333,5.574,26.266666666666666,715.8823529411765,27.9,59,0.0,19.5,1008.5,59.21471428571429,61.88263888888888,61.75361111111111,51.00285714285714,59.61276355820107,59.173280087034804,11.096548595227654,2021,3,3,Pre-Monsoon,Mumbai,58.33797619047618
2021-03-19,39.70666666666667,65.27178571428571,17.186785714285715,4.6775,27.63208333333333,671.0,26.4,75,0.0,16.6,1009.0,37.5,23.074285714285715,32.77272727272727,14.108888888888888,33.42698412698413,26.838854868287644,9.661742070368867,2021,3,4,Pre-Monsoon,Chennai,58.272000000000006
2021-03-19,62.471428571428575,209.5,45.285714285714285,16.28928571428571,29.206904761904763,1000.5,24.7,51,0.0,17.9,985.8,118.05575,90.85714285714286,127.0,62.5,90.46144047619043,102.9412260114572,22.168824387386042,2021,3,4,Pre-Monsoon,Delhi,126.08333333333331
2021-03-19,74.63452380952381,200.3086904761905,50.522619047619045,18.33833333333333,25.104761904761904,1265.0,28.0,61,0.0,9.7,1007.4,84.62941176470588,78.76,65.36777777777777,42.4146590909091,79.34131185807658,71.43490573518083,8.700481802183038,2021,3,4,Pre-Monsoon,Kolkata,117.12625
2021-03-19,58.33797619047618,172.33642857142854,15.683214285714286,5.843333333333334,35.714285714285715,512.0,27.2,65,0.0,24.2,1009.5,57.7409375,59.21471428571429,61.88263888888888,37.23033333333333,58.43120932539683,62.18865763805521,5.691479776750238,2021,3,4,Pre-Monsoon,Mumbai,49.1803125
2021-03-20,58.272000000000006,99.75,15.239285714285714,2.51875,18.00353846153846,845.8205128205127,26.1,79,0.0,16.6,1007.8,39.70666666666667,37.5,23.074285714285715,20.20024886877828,45.15955555555556,32.277676458462174,14.702616661852764,2021,3,5,Pre-Monsoon,Chennai,37.24810606060606
2021-03-20,126.08333333333331,296.25,50.07142857142857,23.168939393939397,32.92444444444445,899.375,24.9,44,0.0,20.1,984.4,62.471428571428575,118.05575,90.85714285714286,121.47619047619048,102.20350396825391,103.59938927676333,22.868175192154013,2021,3,5,Pre-Monsoon,Delhi,124.04166666666669
2021-03-20,117.12625,250.73583333333332,34.960625,36.1078125,46.81850694444445,853.8888888888889,29.2,57,0.0,12.7,1005.7,74.63452380952381,84.62941176470588,78.76,72.26026315789474,92.13006185807656,77.84433242691016,19.380586393670406,2021,3,5,Pre-Monsoon,Kolkata,84.09833333333333
2021-03-20,49.1803125,185.62301948051947,15.1425,8.17357142857143,12.795,456.9230769230769,26.3,75,0.0,18.0,1008.2,58.33797619047618,57.7409375,59.21471428571429,74.45872549019607,55.086408730158745,58.577455782312924,4.504343802174789,2021,3,5,Pre-Monsoon,Mumbai,55.69111111111111
2021-03-21,37.24810606060606,58.63636363636363,13.48,6.276999999999999,24.18125,1055.0,26.5,79,0.0,13.1,1007.5,58.272000000000006,39.70666666666667,37.5,15.61111111111111,45.07559090909092,35.36867573696145,12.76095904446387,2021,3,6,Pre-Monsoon,Chennai,36.15444444444445
2021-03-21,124.04166666666669,315.54636363636365,58.65,21.833333333333336,30.8,1270.8333333333337,25.8,42,0.0,21.1,983.9,126.08333333333331,62.471428571428575,118.05575,101.0,104.19880952380947,106.89105594343002,24.058972733254045,2021,3,6,Pre-Monsoon,Delhi,93.50394736842104
2021-03-21,84.09833333333333,177.02555555555557,31.31736111111111,22.996875,46.98659722222222,629.375,29.3,61,0.0,9.7,1006.2,117.12625,74.63452380952381,84.62941176470588,64.19636363636363,91.95303571428572,80.68747095504868,18.48379557059662,2021,3,6,Pre-Monsoon,Kolkata,89.24
2021-03-21,55.69111111111111,153.0641666666667,18.694444444444443,8.595,25.77777777777778,556.6666666666666,26.9,74,0.0,15.6,1007.5,49.1803125,58.33797619047618,57.7409375,61.932,54.40313326719578,57.68590022675737,4.344509907557743,2021,3,6,Pre-Monsoon,Mumbai,52.35992307692308
2021-03-22,36.15444444444445,58.80444444444444,10.338888888888889,3.9816666666666665,25.11548701298701,765.4166666666667,26.7,78,0.0,13.6,1009.0,37.24810606060606,58.272000000000006,39.70666666666667,19.006944444444443,43.89151683501684,37.81831859410431,10.551132522839882,2021,3,0,Pre-Monsoon,Chennai,51.92857142857143
2021-03-22,93.50394736842104,281.3333333333333,50.40714285714286,21.29583333333333,27.020000000000003,1206.25,25.0,48,0.0,21.9,987.1,124.04166666666669,126.08333333333331,62.471428571428575,99.7280701754386,114.5429824561403,106.00189554242749,24.479164886464936,2021,3,0,Pre-Monsoon,Delhi,79.96862745098039
2021-03-22,89.24,198.49375,40.2625,17.76153846153846,29.734375,973.3333333333334,29.2,61,0.0,9.5,1008.8,84.09833333333333,117.12625,74.63452380952381,60.196,96.8215277777778,84.83661381219154,16.241109661359946,2021,3,0,Pre-Monsoon,Kolkata,112.05
2021-03-22,52.35992307692308,142.89619047619047,16.956923076923076,6.681111111111111,8.980833333333335,557.7777777777778,27.8,70,0.0,18.0,1009.5,55.69111111111111,49.1803125,58.33797619047618,61.75361111111111,52.41044889601141,56.34394479330194,4.329404271671504,2021,3,0,Pre-Monsoon,Mumbai,66.41233333333332
2021-03-23,51.92857142857143,126.28571428571428,12.523653846153843,3.938125,31.382994652406417,886.1160714285714,27.0,78,0.0,14.3,1010.0,36.15444444444445,37.24810606060606,58.272000000000006,32.77272727272727,41.77704064454065,40.554867759224905,11.468643620945716,2021,3,1,Pre-Monsoon,Chennai,51.0
2021-03-23,79.96862745098039,302.15384615384613,42.5,20.113333333333333,18.25,762.6373626373627,24.7,49,0.5,30.6,988.4,93.50394736842104,124.04166666666669,126.08333333333331,127.0,99.17141382868931,99.2831280354247,24.20810773360301,2021,3,1,Pre-Monsoon,Delhi,84.36021428571428
2021-03-23,112.05,215.2866666666667,45.04294117647059,37.804375,31.22625,1098.0,30.1,58,0.0,9.0,1009.5,89.24,84.09833333333333,117.12625,65.36777777777777,95.12944444444445,91.50550270108043,16.4967477420016,2021,3,1,Pre-Monsoon,Kolkata,84.10785714285714
2021-03-23,66.41233333333332,162.578,24.303,6.91,22.13,876.0,28.6,52,0.0,23.7,1010.1,52.35992307692308,55.69111111111111,49.1803125,61.88263888888888,58.154455840455846,56.99104399965115,5.4806721290055185,2021,3,1,Pre-Monsoon,Mumbai,76.32666666666667
2021-03-24,51.0,138.34333333333333,10.809166666666666,5.033333333333333,50.28208333333333,859.6428571428571,27.2,78,0.0,14.8,1009.6,51.92857142857143,36.15444444444445,37.24810606060606,23.074285714285715,46.36100529100529,44.54425551432694,8.95639673919405,2021,3,2,Pre-Monsoon,Chennai,51.07692307692308
2021-03-24,84.36021428571428,241.875,44.275,22.78333333333333,18.465,830.6349206349206,24.4,44,0.0,17.6,989.0,79.96862745098039,93.50394736842104,124.04166666666669,90.85714285714286,85.9442630350385,98.35499538236346,24.704456403839718,2021,3,2,Pre-Monsoon,Delhi,59.09090909090909
2021-03-24,84.10785714285714,174.70999999999998,36.80571428571429,18.255,30.925000000000004,806.3571428571429,29.7,59,0.0,18.0,1008.2,112.05,89.24,84.09833333333333,78.76,95.13261904761907,92.26948229291716,15.921933421981452,2021,3,2,Pre-Monsoon,Kolkata,89.89500000000001
2021-03-24,76.32666666666667,169.29,20.04,7.765,11.791666666666668,1160.0,29.7,49,0.0,17.9,1010.0,66.41233333333332,52.35992307692308,55.69111111111111,59.21471428571429,65.03297435897436,59.43560862550148,9.195260761431445,2021,3,2,Pre-Monsoon,Mumbai,68.349
2021-03-25,51.07692307692308,122.871,13.649269230769232,6.310499999999999,15.60888111888112,940.1538461538462,27.4,79,0.0,13.9,1008.6,51.0,51.92857142857143,36.15444444444445,37.5,51.33516483516484,46.48381595388738,8.64121135547933,2021,3,3,Pre-Monsoon,Chennai,47.16666666666666
2021-03-25,59.09090909090909,141.15,32.26398601398601,13.81111111111111,32.014273504273504,642.8571428571429,23.5,40,0.0,23.3,988.5,84.36021428571428,79.96862745098039,93.50394736842104,118.05575,74.47325027586787,89.93144668106477,26.828829419089818,2021,3,3,Pre-Monsoon,Delhi,78.75083333333333
2021-03-25,89.89500000000001,185.41727272727277,44.379285714285714,25.32586363636364,47.37290909090909,553.8181818181818,29.9,47,0.0,11.6,1007.7,84.10785714285714,112.05,89.24,84.62941176470588,95.35095238095239,93.02170918367347,15.622389674124525,2021,3,3,Pre-Monsoon,Kolkata,89.37083333333334
2021-03-25,68.349,132.169,23.244,8.959602272727272,28.2125,1035.1136363636365,30.9,32,0.0,25.3,1009.1,76.32666666666667,66.41233333333332,52.35992307692308,57.7409375,70.36266666666667,60.951046125501485,9.728118203442193,2021,3,3,Pre-Monsoon,Mumbai,71.36176470588236
2021-03-26,47.16666666666666,103.0,13.762738095238095,4.493928571428571,17.19159090909091,863.9285714285714,27.9,80,0.0,14.5,1008.0,51.07692307692308,51.0,51.92857142857143,39.70666666666667,49.74786324786325,47.54953023960167,8.109762698990517,2021,3,4,Pre-Monsoon,Chennai,44.0
2021-03-26,78.75083333333333,157.41666666666666,36.87777777777777,18.51388888888889,43.260000000000005,714.9572649572649,23.6,46,0.0,21.2,986.8,59.09090909090909,84.36021428571428,79.96862745098039,62.471428571428575,74.06731890331885,92.25707593276545,24.67052961303922,2021,3,4,Pre-Monsoon,Delhi,124.66666666666669
2021-03-26,89.37083333333334,196.87738095238092,24.19083333333333,26.309910714285717,57.65315476190476,593.4375,29.2,53,0.0,9.2,1007.8,89.89500000000001,84.10785714285714,112.05,74.63452380952381,87.79123015873017,95.12689625850341,13.592718485352066,2021,3,4,Pre-Monsoon,Kolkata,86.2
2021-03-26,71.36176470588236,145.73000000000002,27.009444444444444,9.903472222222224,22.26142857142857,1119.3055555555557,30.5,31,0.0,22.5,1008.1,68.349,76.32666666666667,66.41233333333332,58.33797619047618,72.01247712418302,62.81158734198808,10.36935657138941,2021,3,4,Pre-Monsoon,Mumbai,71.16999999999999
2021-03-27,44.0,122.33333333333331,10.82,6.98,62.5375,1175.0,28.0,79,0.0,16.5,1007.6,47.16666666666666,51.07692307692308,51.0,58.272000000000006,47.414529914529915,45.510673096744526,6.622420808888048,2021,3,5,Pre-Monsoon,Chennai,21.17391304347826
2021-03-27,124.66666666666669,277.5,63.5,20.2,8.366666666666667,1280.0,25.6,45,0.0,12.0,985.0,78.75083333333333,59.09090909090909,84.36021428571428,126.08333333333331,87.50280303030299,92.05469498038451,24.35052827554045,2021,3,5,Pre-Monsoon,Delhi,85.26833333333335
2021-03-27,86.2,162.43333333333334,42.2,20.375,36.295,875.0,29.5,58,0.0,11.5,1007.1,89.37083333333334,89.89500000000001,84.10785714285714,117.12625,88.48861111111113,90.70886054421769,9.726738145355194,2021,3,5,Pre-Monsoon,Kolkata,61.755
2021-03-27,71.16999999999999,137.9675,17.785,18.1,7.275,1350.0,30.5,32,0.0,24.2,1007.1,71.36176470588236,68.349,76.32666666666667,49.1803125,70.29358823529414,65.9529712705595,8.757041848941677,2021,3,5,Pre-Monsoon,Mumbai,66.68
2021-03-28,21.17391304347826,31.0,10.7,8.145,58.61,910.0,28.0,80,0.0,19.7,1007.0,44.0,47.16666666666666,51.07692307692308,37.24810606060606,37.44685990338164,43.21435980858342,11.182093103572917,2021,3,6,Pre-Monsoon,Chennai,16.333333333333332
2021-03-28,85.26833333333335,205.0,84.4,21.495,30.975,1040.0,27.9,43,0.0,10.4,982.6,124.66666666666669,78.75083333333333,59.09090909090909,124.04166666666669,96.22861111111105,86.51564736133687,19.85703221720369,2021,3,6,Pre-Monsoon,Delhi,85.45833333333333
2021-03-28,61.755,118.55,10.51,10.715,45.665,645.0,29.0,68,0.0,22.5,1005.7,86.2,89.37083333333334,89.89500000000001,84.09833333333333,79.10861111111113,87.51695578231293,14.668366121433571,2021,3,6,Pre-Monsoon,Kolkata,52.565
2021-03-28,66.68,114.0,15.83,12.05,8.57,870.0,28.1,59,0.0,18.3,1007.2,71.16999999999999,71.36176470588236,68.349,55.69111111111111,69.7372549019608,67.52281254040078,7.5065158053806575,2021,3,6,Pre-Monsoon,Mumbai,72.91499999999999
2021-03-29,16.333333333333332,35.39,12.37,3.945,24.87,880.0,28.7,79,0.0,22.3,1006.6,21.17391304347826,44.0,47.16666666666666,36.15444444444445,27.169082125603865,40.382772506996105,15.093360626174649,2021,3,0,Pre-Monsoon,Chennai,22.479166666666664
2021-03-29,85.45833333333333,300.0,52.475,12.03,26.525,1835.0,29.3,37,0.0,13.7,980.0,85.26833333333335,124.66666666666669,78.75083333333333,93.50394736842104,98.4644444444444,85.36627392775293,19.61650891377972,2021,3,0,Pre-Monsoon,Delhi,78.57
2021-03-29,52.565,115.3,14.765,12.405,50.615,585.0,29.9,70,0.1,19.7,1003.6,61.755,86.2,89.37083333333334,89.24,66.84000000000002,82.2776700680272,19.653181744507044,2021,3,0,Pre-Monsoon,Kolkata,55.7
2021-03-29,72.91499999999999,132.0,16.05,12.44,7.5,750.0,27.8,78,0.0,24.3,1007.4,66.68,71.16999999999999,71.36176470588236,52.35992307692308,70.25500000000001,70.45925210084035,3.579813889287116,2021,3,0,Pre-Monsoon,Mumbai,24.9
2021-03-30,22.479166666666664,39.57,17.5,5.195,44.9025,990.0,29.3,75,0.0,21.0,1004.8,16.333333333333332,21.17391304347826,44.0,51.92857142857143,19.995471014492754,36.17571468386686,15.439103442282047,2021,3,1,Pre-Monsoon,Chennai,30.9325
2021-03-30,78.57,427.12,20.75,12.15,59.5,590.0,30.2,30,0.0,35.5,976.2,85.45833333333333,85.26833333333335,124.66666666666669,79.96862745098039,83.09888888888882,85.1664700061843,19.68764346974059,2021,3,1,Pre-Monsoon,Delhi,97.885
2021-03-30,55.7,115.235,26.09,17.105,29.72,535.0,31.4,65,0.0,22.2,998.8,52.565,61.755,86.2,112.05,56.673333333333346,74.22767006802722,16.752356713621044,2021,3,1,Pre-Monsoon,Kolkata,44.385000000000005
2021-03-30,24.9,66.5,15.465,7.9725,7.5,495.0,26.8,78,0.0,14.4,1007.6,72.91499999999999,66.68,71.16999999999999,66.41233333333332,54.83166666666668,64.528918767507,17.748128217071233,2021,3,1,Pre-Monsoon,Mumbai,33.035
2021-03-31,30.9325,47.49,22.69,5.29,67.05,1010.0,29.6,76,0.0,25.0,1002.8,22.479166666666664,16.333333333333332,21.17391304347826,51.0,23.248333333333335,33.30892896958114,14.026154933875494,2021,3,2,Pre-Monsoon,Chennai,28.57894736842105
2021-03-31,97.885,267.1,17.0,17.235,49.6,470.0,27.6,23,0.0,27.9,977.5,78.57,85.45833333333333,85.26833333333335,84.36021428571428,87.30444444444437,87.09858225108225,20.25092337474318,2021,3,2,Pre-Monsoon,Delhi,45.66666666666666
2021-03-31,44.385000000000005,89.375,11.57,10.935,34.865,515.0,32.1,55,0.0,17.3,996.7,55.7,52.565,61.755,84.10785714285714,50.883333333333354,68.5529761904762,19.370942752356836,2021,3,2,Pre-Monsoon,Kolkata,44.285833333333336
2021-03-31,33.035,78.99,11.88,11.27,4.41,560.0,26.6,81,0.0,19.2,1006.8,24.9,72.91499999999999,66.68,76.32666666666667,43.616666666666674,58.34439495798319,20.309759771457276,2021,3,2,Pre-Monsoon,Mumbai,46.27318181818181
2021-04-01,28.57894736842105,66.17666666666666,21.345,5.5616666666666665,64.26958333333333,1025.0,30.2,73,0.0,24.8,1002.5,30.9325,22.479166666666664,16.333333333333332,51.07692307692308,27.330204678362577,30.09493243979514,11.653045588092118,2021,4,3,Pre-Monsoon,Chennai,44.6875
2021-04-01,45.66666666666666,232.05,27.26333333333333,18.200833333333332,44.86666666666667,665.0,26.1,16,0.0,29.2,978.4,97.885,78.57,85.45833333333333,59.09090909090909,74.0405555555555,85.18083333333334,23.68905841643876,2021,4,3,Pre-Monsoon,Delhi,62.265
2021-04-01,44.285833333333336,108.38666666666668,12.318333333333335,9.635000000000002,37.93083333333334,465.83333333333337,30.4,60,0.0,16.4,1000.0,44.385000000000005,55.7,52.565,89.89500000000001,48.12361111111113,62.03738095238095,18.653158408637722,2021,4,3,Pre-Monsoon,Kolkata,44.18666666666667
2021-04-01,46.27318181818181,77.41,0.0,10.165,6.0,600.0,27.3,78,0.0,18.1,1006.4,33.035,24.9,72.91499999999999,68.349,34.73606060606061,55.19070664629488,20.211052531946596,2021,4,3,Pre-Monsoon,Mumbai,45.5
2021-04-02,44.6875,84.86333333333333,20.0,5.833333333333333,61.48916666666666,1040.0,31.2,64,0.0,19.3,1002.9,28.57894736842105,30.9325,22.479166666666664,47.16666666666666,34.732982456140356,29.74076577312847,11.07084541457638,2021,4,4,Pre-Monsoon,Chennai,27.0
2021-04-02,62.265,197.0,37.52666666666666,19.166666666666668,40.13333333333333,860.0,25.3,17,0.0,15.5,981.6,45.66666666666666,97.885,78.57,78.75083333333333,68.6055555555555,82.8257142857143,25.205797445583155,2021,4,4,Pre-Monsoon,Delhi,82.95
2021-04-02,44.18666666666667,127.39833333333334,13.066666666666668,8.335,40.99666666666667,416.6666666666667,30.1,67,0.0,18.1,1003.6,44.285833333333336,44.385000000000005,55.7,89.37083333333334,44.28583333333335,55.582499999999996,15.096985771939918,2021,4,4,Pre-Monsoon,Kolkata,58.6
2021-04-02,45.5,166.27499999999998,13.6075,9.06,17.25,375.0,27.0,76,0.1,16.0,1006.7,46.27318181818181,33.035,24.9,71.36176470588236,41.60272727272727,51.49616883116882,19.09528421522289,2021,4,4,Pre-Monsoon,Mumbai,32.02
2021-04-03,27.0,63.5,16.25,7.399999999999999,27.05,945.0,30.0,74,0.0,25.0,1004.0,44.6875,28.57894736842105,30.9325,44.0,33.42214912280702,27.312194344557042,9.11301295914561,2021,4,5,Pre-Monsoon,Chennai,27.285714285714285
2021-04-03,82.95,207.5,84.245,15.239999999999998,16.69,1695.0,25.2,19,0.0,13.3,984.1,62.265,45.66666666666666,97.885,124.66666666666669,63.627222222222166,76.86619047619047,17.38165715031361,2021,4,5,Pre-Monsoon,Delhi,59.583333333333336
2021-04-03,58.6,150.76,31.18,10.87,26.04,560.0,29.9,69,0.0,14.0,1005.7,44.18666666666667,44.285833333333336,44.385000000000005,86.2,49.02416666666668,51.63964285714286,7.420298952266952,2021,4,5,Pre-Monsoon,Kolkata,56.57833333333333
2021-04-03,32.02,78.85,13.58,7.2,19.91,410.0,27.1,75,0.0,17.9,1007.8,45.5,46.27318181818181,33.035,71.16999999999999,41.26439393939395,45.90331168831168,18.078903165008363,2021,4,5,Pre-Monsoon,Mumbai,26.58823529411765
2021-04-04,27.285714285714285,60.0,14.375,6.824999999999999,26.655,1032.5,29.6,81,0.0,15.6,1006.0,27.0,44.6875,28.57894736842105,21.17391304347826,32.99107142857142,28.185308807733623,8.710797255542698,2021,4,6,Pre-Monsoon,Chennai,19.0
2021-04-04,59.583333333333336,269.83000000000004,86.4225,17.365000000000002,22.415,1730.0,26.6,22,0.0,16.8,984.9,82.95,62.265,45.66666666666666,85.26833333333335,68.26611111111106,73.19690476190476,18.011975528350757,2021,4,6,Pre-Monsoon,Delhi,123.7875
2021-04-04,56.57833333333333,135.54999999999998,27.985,14.395,42.575,481.6666666666667,28.8,69,1.3,12.3,1006.7,58.6,44.18666666666667,44.285833333333336,61.755,53.12166666666668,50.90011904761905,6.436963110092885,2021,4,6,Pre-Monsoon,Kolkata,54.556666666666665
2021-04-04,26.58823529411765,93.175,15.72,6.38,13.6725,408.75,27.3,76,0.0,21.1,1009.5,32.02,45.5,46.27318181818181,66.68,34.70274509803923,40.17591673032849,16.697606943201336,2021,4,6,Pre-Monsoon,Mumbai,41.38
2021-04-05,19.0,56.5,12.5,6.25,26.26,1120.0,29.3,78,0.0,15.8,1007.5,27.285714285714285,27.0,44.6875,16.333333333333332,24.42857142857143,28.566261188686003,8.1460894012075,2021,4,0,Pre-Monsoon,Chennai,25.208333333333336
2021-04-05,123.7875,332.16,88.6,19.49,28.14,1765.0,29.4,26,0.0,18.1,983.4,59.583333333333336,82.95,62.265,85.45833333333333,88.77361111111107,78.6725,26.286175923400652,2021,4,0,Pre-Monsoon,Delhi,131.33333333333334
2021-04-05,54.556666666666665,120.34,24.79,17.92,59.11000000000001,403.33333333333337,29.0,64,0.0,9.8,1007.9,56.57833333333333,58.6,44.18666666666667,52.565,56.57833333333335,51.18464285714286,6.565551510239385,2021,4,0,Pre-Monsoon,Kolkata,52.535
2021-04-05,41.38,107.5,17.86,5.56,7.435,407.5,27.4,80,0.0,22.7,1009.4,26.58823529411765,32.02,45.5,72.91499999999999,33.329411764705895,35.67091673032849,8.759733005441088,2021,4,0,Pre-Monsoon,Mumbai,34.0
2021-04-06,25.208333333333336,50.0,15.37,10.275,43.405,910.0,28.6,79,0.1,18.9,1008.7,19.0,27.285714285714285,27.0,22.479166666666664,23.831349206349206,28.956142141066955,7.8667183422455995,2021,4,1,Pre-Monsoon,Chennai,20.207857142857144
2021-04-06,131.33333333333334,345.5,42.955,20.004166666666663,92.35,1030.0,30.1,29,0.0,16.5,981.8,123.7875,59.583333333333336,82.95,78.57,104.90138888888885,86.21011904761905,32.96771456748177,2021,4,1,Pre-Monsoon,Delhi,85.5
2021-04-06,52.535,105.13,21.595,21.445,75.64500000000001,325.0,29.0,65,0.0,17.4,1007.8,54.556666666666665,56.57833333333333,58.6,55.7,54.55666666666668,50.73250000000001,6.306647048214256,2021,4,1,Pre-Monsoon,Kolkata,19.95
2021-04-06,34.0,118.52,14.375,9.01,10.5,515.0,28.5,66,0.0,24.7,1008.4,41.38,26.58823529411765,32.02,24.9,33.98941176470589,36.97091673032849,7.476037826145026,2021,4,1,Pre-Monsoon,Mumbai,57.27333333333333
2021-04-07,20.207857142857144,64.86,0.0,3.896666666666667,14.403333333333334,383.3333333333333,28.3,77,0.0,20.6,1009.3,25.208333333333336,19.0,27.285714285714285,30.9325,21.472063492063494,27.424050304332262,8.44103969807978,2021,4,2,Pre-Monsoon,Chennai,32.0
2021-04-07,85.5,244.0,23.35333333333333,14.566666666666668,90.22166666666666,600.0,28.7,31,0.0,19.9,984.4,131.33333333333334,123.7875,59.583333333333336,97.885,113.54027777777772,84.44083333333333,32.56662412925181,2021,4,2,Pre-Monsoon,Delhi,47.64
2021-04-07,19.95,46.8,8.11,10.91,58.85,2620.0,28.9,70,0.0,21.9,1008.1,52.535,54.556666666666665,56.57833333333333,44.385000000000005,42.347222222222236,47.24178571428571,13.295479986152387,2021,4,2,Pre-Monsoon,Kolkata,40.63916666666667
2021-04-07,57.27333333333333,176.28333333333333,29.315,25.60666666666667,26.011666666666667,1436.6666666666663,28.1,70,0.0,21.7,1009.2,34.0,41.38,26.58823529411765,33.035,44.21777777777779,40.43353577794754,10.393230282248322,2021,4,2,Pre-Monsoon,Mumbai,44.56
2021-04-08,32.0,79.72,10.35,3.5600000000000005,78.87,805.0,28.3,75,0.0,22.7,1007.7,20.207857142857144,25.208333333333336,19.0,28.57894736842105,25.805396825396826,27.912772108843537,8.616268454504734,2021,4,3,Pre-Monsoon,Chennai,29.3
2021-04-08,47.64,135.0,45.7,13.058333333333334,34.8,993.3333333333334,27.1,25,0.0,15.9,984.2,85.5,131.33333333333334,123.7875,45.66666666666666,88.15777777777772,84.7227380952381,32.18130690407512,2021,4,3,Pre-Monsoon,Delhi,70.0
2021-04-08,40.63916666666667,99.54083333333332,13.9025,10.59,33.84833333333333,440.0,29.5,71,2.1,20.8,1006.4,19.95,52.535,54.556666666666665,44.285833333333336,37.70805555555557,46.72083333333334,13.500468587546978,2021,4,3,Pre-Monsoon,Kolkata,37.70166666666667
2021-04-08,44.56,122.59,9.1875,7.564999999999999,12.0,352.5,27.9,80,0.0,18.2,1008.1,57.27333333333333,34.0,41.38,46.27318181818181,45.27777777777779,40.18879551820728,10.252010946935824,2021,4,3,Pre-Monsoon,Mumbai,49.64735294117647
2021-04-09,29.3,58.99,13.53,4.73,82.60833333333332,870.0,28.2,72,0.0,20.2,1007.5,32.0,20.207857142857144,25.208333333333336,44.6875,27.169285714285717,25.714557823129248,4.693051167396174,2021,4,4,Pre-Monsoon,Chennai,20.0
2021-04-09,70.0,191.33333333333331,28.216666666666665,18.53333333333333,56.4,600.0,26.9,21,0.0,16.7,985.0,47.64,85.5,131.33333333333334,62.265,67.71333333333327,85.8277380952381,31.405097585138154,2021,4,4,Pre-Monsoon,Delhi,64.0
2021-04-09,37.70166666666667,85.42500000000001,15.826666666666668,10.8025,43.195,627.5,28.6,76,2.8,18.4,1007.3,40.63916666666667,19.95,52.535,44.18666666666667,32.763611111111125,45.794404761904765,13.919359359545547,2021,4,4,Pre-Monsoon,Kolkata,44.120000000000005
2021-04-09,49.64735294117647,126.735,50.49,17.421666666666667,26.715,590.0,28.1,77,0.0,20.8,1007.6,44.56,57.27333333333333,34.0,45.5,50.49356209150327,40.78127450980393,10.719301646441027,2021,4,4,Pre-Monsoon,Mumbai,32.25
2021-04-10,20.0,58.035,8.96,5.615,43.04,955.0,28.5,76,0.8,19.1,1008.9,29.3,32.0,20.207857142857144,27.0,27.100000000000005,24.71455782312925,5.1015060698222765,2021,4,5,Pre-Monsoon,Chennai,24.916666666666668
2021-04-10,64.0,198.7125,68.425,17.9,34.614999999999995,920.0,28.2,18,0.0,20.0,986.5,70.0,47.64,85.5,82.95,60.5466666666666,83.12059523809523,32.49243333110796,2021,4,5,Pre-Monsoon,Delhi,68.79166666666667
2021-04-10,44.120000000000005,102.78,13.42,8.585,37.355,630.0,29.3,75,1.1,12.4,1008.4,37.70166666666667,40.63916666666667,19.95,58.6,40.8202777777778,43.725833333333334,12.723723495240815,2021,4,5,Pre-Monsoon,Kolkata,39.31
2021-04-10,32.25,116.615,6.75,2.83,28.97,270.0,28.0,77,0.0,18.8,1008.7,49.64735294117647,44.56,57.27333333333333,32.02,42.15245098039216,40.81413165266106,10.688278028655137,2021,4,5,Pre-Monsoon,Mumbai,32.833333333333336
2021-04-11,24.916666666666668,53.45333333333333,9.536666666666669,5.183333333333334,45.33277777777778,970.0,28.5,78,0.6,16.6,1010.1,20.0,29.3,32.0,27.285714285714285,24.73888888888889,24.376122448979594,4.979632148308643,2021,4,6,Pre-Monsoon,Chennai,11.791666666666666
2021-04-11,68.79166666666667,215.83888888888887,69.7,19.21111111111111,24.508888888888883,996.6666666666666,29.1,20,0.0,15.6,986.4,64.0,70.0,47.64,59.583333333333336,67.59722222222217,84.43607142857142,31.55352990141449,2021,4,6,Pre-Monsoon,Delhi,112.29166666666669
2021-04-11,39.31,90.54,14.61,20.3225,69.1325,550.0,30.5,67,0.0,15.9,1009.1,44.120000000000005,37.70166666666667,40.63916666666667,56.57833333333333,40.37722222222224,41.25892857142857,11.424187290916874,2021,4,6,Pre-Monsoon,Kolkata,34.5
2021-04-11,32.833333333333336,114.95444444444443,16.865000000000002,9.095,27.967777777777776,424.44444444444446,28.9,75,0.0,18.2,1009.5,32.25,49.64735294117647,44.56,26.58823529411765,38.24356209150327,41.70628851540617,9.497202490229759,2021,4,6,Pre-Monsoon,Mumbai,33.708333333333336
2021-04-12,11.791666666666666,48.87166666666666,10.113333333333332,4.751666666666667,47.62555555555555,985.0,29.1,75,0.2,18.6,1010.3,24.916666666666668,20.0,29.3,19.0,18.902777777777782,23.346360544217685,6.7184247370184496,2021,4,0,Pre-Monsoon,Chennai,17.827280701754386
2021-04-12,112.29166666666669,232.96527777777777,70.975,20.522222222222226,14.402777777777777,1073.3333333333333,29.9,19,0.0,17.2,987.0,68.79166666666667,64.0,70.0,123.7875,81.6944444444444,82.79380952380953,29.38897633962514,2021,4,0,Pre-Monsoon,Delhi,91.66
2021-04-12,34.5,78.3,15.8,32.06,100.91,470.0,29.9,72,1.5,12.8,1009.5,39.31,44.120000000000005,37.70166666666667,54.556666666666665,39.31000000000002,38.39369047619048,9.953713571116591,2021,4,0,Pre-Monsoon,Kolkata,30.40833333333333
2021-04-12,33.708333333333336,113.29388888888889,26.98,15.36,26.96555555555556,578.8888888888889,29.1,74,0.0,19.2,1010.5,32.833333333333336,32.25,49.64735294117647,41.38,32.930555555555564,40.61033613445378,9.971911989788362,2021,4,0,Pre-Monsoon,Mumbai,34.5
2021-04-13,17.827280701754386,44.29,10.69,4.32,49.91833333333333,1000.0,28.8,77,0.0,19.1,1009.8,11.791666666666666,24.916666666666668,20.0,25.208333333333336,18.17853801169591,22.291924453992124,6.952623450220966,2021,4,1,Pre-Monsoon,Chennai,15.5
2021-04-13,91.66,250.09166666666664,72.25,21.83333333333333,4.296666666666667,1150.0,30.3,22,0.0,19.8,985.4,112.29166666666669,68.79166666666667,64.0,131.33333333333334,90.91444444444441,77.12619047619047,21.13426208777472,2021,4,1,Pre-Monsoon,Delhi,89.0
2021-04-13,30.40833333333333,79.1,17.248333333333335,7.506666666666668,11.291666666666668,358.33333333333337,30.5,68,0.7,16.8,1008.2,34.5,39.31,44.120000000000005,52.535,34.73944444444446,35.2327380952381,8.044733651104098,2021,4,1,Pre-Monsoon,Kolkata,26.83416666666667
2021-04-13,34.5,111.63333333333333,37.095,21.625,25.96333333333333,733.3333333333334,29.9,67,0.0,20.2,1009.6,33.708333333333336,32.833333333333336,32.25,34.0,33.680555555555564,40.68176470588235,9.918317414194988,2021,4,1,Pre-Monsoon,Mumbai,29.5
2021-04-14,28.47,71.53806451612903,19.91583333333333,4.215,17.26375,1838.75,24.7,72,4.6,16.1,913.2,36.25,39.125,42.0,30.27333333333333,34.615,39.64023809523809,6.26721565477781,2021,4,2,Pre-Monsoon,Bengaluru,20.69
2021-04-14,15.5,34.0,1.6,3.5,33.901666666666664,930.0,28.6,79,2.1,19.1,1009.1,17.827280701754386,11.791666666666666,24.916666666666668,20.207857142857144,15.03964912280702,21.619373433583956,7.401063709015137,2021,4,2,Pre-Monsoon,Chennai,9.25
2021-04-14,89.0,258.56645833333334,60.45625,21.679166666666667,17.527083333333334,1000.0,30.6,22,0.0,27.2,984.1,91.66,112.29166666666669,68.79166666666667,85.5,97.6505555555555,77.62619047619047,21.405057309878806,2021,4,2,Pre-Monsoon,Delhi,97.0
2021-04-14,26.83416666666667,69.00999999999999,13.804166666666667,9.613333333333332,12.1375,389.1666666666667,31.0,67,0.0,16.6,1007.0,30.40833333333333,34.5,39.31,19.95,30.580833333333345,36.21619047619048,6.034761875407174,2021,4,2,Pre-Monsoon,Kolkata,23.26
2021-04-14,29.5,102.15,6.67,16.61,28.0,170.0,30.0,68,0.0,18.8,1009.3,34.5,33.708333333333336,32.833333333333336,57.27333333333333,32.56944444444445,36.714145658263305,7.413903920353837,2021,4,2,Pre-Monsoon,Mumbai,35.666666666666664
2021-04-15,20.69,70.57612903225807,21.72,3.23,6.78,3440.0,23.0,83,22.6,11.5,912.6,28.47,36.25,39.125,39.01166666666666,28.47,37.02285714285714,9.543144073601935,2021,4,3,Pre-Monsoon,Bengaluru,20.379310344827587
2021-04-15,9.25,19.37,8.911666666666665,5.318333333333333,17.884999999999998,804.1666666666667,27.5,81,3.7,12.6,1008.8,15.5,17.827280701754386,11.791666666666666,32.0,14.192426900584799,18.369373433583956,7.070607651603403,2021,4,3,Pre-Monsoon,Chennai,21.104166666666668
2021-04-15,97.0,267.04125,48.6625,21.525,30.7575,850.0,31.0,19,0.0,19.6,983.0,89.0,91.66,112.29166666666669,47.64,92.55333333333328,84.67761904761905,17.687911279269827,2021,4,3,Pre-Monsoon,Delhi,95.48333333333332
2021-04-15,23.26,58.92,10.36,11.72,12.983333333333334,420.0,30.4,72,0.9,17.0,1005.8,26.83416666666667,30.40833333333333,34.5,40.63916666666667,26.83416666666668,33.733452380952386,7.344639082171811,2021,4,3,Pre-Monsoon,Kolkata,42.1
2021-04-15,35.666666666666664,80.4225,12.36,5.997916666666667,17.646666666666665,266.66666666666663,29.0,75,0.0,19.4,1009.3,29.5,34.5,33.708333333333336,44.56,33.22222222222223,35.44366946778711,6.557906699467763,2021,4,3,Pre-Monsoon,Mumbai,27.540000000000003
2021-04-16,20.379310344827587,69.61419354838709,22.61862068965517,3.3013793103448275,7.06448275862069,3326.551724137931,24.5,68,0.9,12.0,912.2,20.69,28.47,36.25,47.75,23.179770114942528,33.112758620689654,10.01119003770611,2021,4,4,Pre-Monsoon,Bengaluru,20.068620689655173
2021-04-16,21.104166666666668,38.66666666666666,14.27,4.300000000000001,51.575833333333335,985.0,28.5,78,0.6,18.1,1007.9,9.25,15.5,17.827280701754386,29.3,15.284722222222223,17.19854010025063,5.452300698017906,2021,4,4,Pre-Monsoon,Chennai,31.81
2021-04-16,95.48333333333332,322.445,43.6,17.89,27.9,846.6666666666667,29.4,33,2.6,31.0,982.4,97.0,89.0,91.66,70.0,93.82777777777771,88.31809523809524,16.761725868793114,2021,4,4,Pre-Monsoon,Delhi,15.0
2021-04-16,42.1,75.05000000000001,6.199999999999999,11.963333333333331,45.38,416.6666666666667,29.7,66,0.0,14.4,1006.1,23.26,26.83416666666667,30.40833333333333,37.70166666666667,30.731388888888905,34.361785714285716,7.907286876506094,2021,4,4,Pre-Monsoon,Kolkata,23.83
2021-04-16,27.540000000000003,69.125,9.82,8.093333333333334,19.0,163.33333333333334,28.1,76,0.0,23.5,1009.1,35.666666666666664,29.5,34.5,49.64735294117647,30.902222222222232,32.28547619047619,2.856014562269475,2021,4,4,Pre-Monsoon,Mumbai,23.0
2021-04-17,31.81,52.0,13.315,7.7,36.71,1010.0,29.2,79,0.0,18.9,1008.4,21.104166666666668,9.25,15.5,20.0,20.721388888888892,18.88568295739348,7.789810899489819,2021,4,5,Pre-Monsoon,Chennai,9.145833333333332
2021-04-17,15.0,94.37,13.375,6.3,58.5,665.0,27.5,44,0.0,17.7,984.9,95.48333333333332,97.0,89.0,64.0,69.16111111111105,81.31809523809524,31.955453519800436,2021,4,5,Pre-Monsoon,Delhi,65.33333333333333
2021-04-17,23.83,58.81,9.78,8.21,31.51,280.0,29.5,69,0.1,16.8,1008.1,42.1,23.26,26.83416666666667,44.120000000000005,29.730000000000015,31.463214285714287,7.439028436610466,2021,4,5,Pre-Monsoon,Kolkata,25.113333333333333
2021-04-17,23.0,64.21,6.7,6.5,21.0,90.0,28.4,79,0.0,22.0,1009.7,27.540000000000003,35.666666666666664,29.5,32.25,28.735555555555564,30.96404761904762,4.526523874480736,2021,4,5,Pre-Monsoon,Mumbai,28.402083333333334
2021-04-18,9.145833333333332,29.0,6.4,5.15,53.064166666666665,950.0,29.6,79,0.0,22.5,1009.2,31.81,21.104166666666668,9.25,24.916666666666668,20.686666666666667,16.632706766917295,8.031682236541734,2021,4,6,Pre-Monsoon,Chennai,38.0
2021-04-18,65.33333333333333,190.0,21.1275,10.8,59.02333333333333,775.0,28.9,29,0.0,17.2,986.6,15.0,95.48333333333332,97.0,68.79166666666667,58.6055555555555,80.82404761904762,32.207138641881805,2021,4,6,Pre-Monsoon,Delhi,68.0
2021-04-18,25.113333333333333,46.78,15.503333333333332,12.383333333333333,38.02333333333333,326.6666666666667,29.3,72,0.8,18.4,1007.5,23.83,42.1,23.26,39.31,30.347777777777793,29.43511904761905,6.855552670210674,2021,4,6,Pre-Monsoon,Kolkata,0.0
2021-04-18,28.402083333333334,77.45,5.896666666666667,7.7799999999999985,33.58,165.0,29.5,76,0.0,19.5,1009.9,23.0,27.540000000000003,35.666666666666664,32.833333333333336,26.314027777777785,30.33101190476191,4.531386887186189,2021,4,6,Pre-Monsoon,Mumbai,32.03
2021-04-19,38.0,75.0,17.685000000000002,11.3,54.41,1020.0,30.0,79,0.0,21.3,1007.0,9.145833333333332,31.81,21.104166666666668,11.791666666666666,26.31861111111111,20.37675438596491,10.970018384465867,2021,4,0,Pre-Monsoon,Chennai,16.083333333333332
2021-04-19,68.0,216.5,16.0,16.1,75.61500000000001,805.0,29.5,29,0.0,19.0,982.7,65.33333333333333,15.0,95.48333333333332,112.29166666666669,49.44444444444438,74.49666666666667,29.205574746892754,2021,4,0,Pre-Monsoon,Delhi,48.15
2021-04-19,0.0,0.0,5.365,99.02,193.86,1680.0,30.6,66,0.0,18.0,1005.0,25.113333333333333,23.83,42.1,34.5,16.314444444444458,24.50654761904762,12.601118432399822,2021,4,0,Pre-Monsoon,Kolkata,21.905
2021-04-19,32.03,91.58,9.489999999999998,3.77,22.12,115.0,28.7,78,0.0,18.3,1008.9,28.402083333333334,23.0,27.540000000000003,33.708333333333336,27.81069444444445,30.091250000000002,4.364223162015297,2021,4,0,Pre-Monsoon,Mumbai,23.74
2021-04-20,16.083333333333332,46.615,10.966666666666669,4.3175,55.39000000000001,936.6666666666666,29.8,78,0.0,24.8,1006.3,38.0,9.145833333333332,31.81,17.827280701754386,21.07638888888889,20.12761904761905,11.05702634439691,2021,4,1,Pre-Monsoon,Chennai,17.050833333333333
2021-04-20,48.15,170.16666666666669,22.2525,16.700000000000003,39.95,645.8333333333333,27.7,29,0.0,29.0,981.7,68.0,65.33333333333333,15.0,91.66,60.49444444444438,68.28095238095239,29.571705740848394,2021,4,1,Pre-Monsoon,Delhi,28.0
2021-04-20,21.905,58.91250000000001,7.2575,9.84,30.3025,532.5,30.4,73,1.7,18.8,1004.9,0.0,25.113333333333333,23.83,30.40833333333333,15.67277777777779,23.291785714285712,12.34461127026823,2021,4,1,Pre-Monsoon,Kolkata,32.36525
2021-04-20,23.74,73.0,6.105,3.52125,13.664166666666668,83.75,28.5,78,0.0,14.9,1008.3,32.03,28.402083333333334,23.0,34.5,28.057361111111117,28.55410714285714,4.446727367858387,2021,4,1,Pre-Monsoon,Mumbai,19.166666666666668
2021-04-21,17.050833333333333,57.0,14.91,3.94,100.93,490.0,29.8,79,0.0,26.1,1007.6,16.083333333333332,38.0,9.145833333333332,15.5,23.71138888888889,20.349166666666665,10.963995305341708,2021,4,2,Pre-Monsoon,Chennai,13.620833333333334
2021-04-21,28.0,91.0,17.795,9.6,38.7,550.0,26.2,41,0.0,23.0,983.4,48.15,68.0,65.33333333333333,89.0,48.04999999999995,59.56666666666667,31.38104375905071,2021,4,2,Pre-Monsoon,Delhi,49.5
2021-04-21,32.36525,67.56175000000002,10.00225,11.274375,31.472,700.875,30.6,73,5.7,22.4,1006.0,21.905,0.0,25.113333333333333,26.83416666666667,18.09008333333335,24.08194047619048,12.77853306645052,2021,4,2,Pre-Monsoon,Kolkata,42.8255
2021-04-21,19.166666666666668,75.48,6.346,3.851625,15.049583333333334,106.75,28.3,77,0.0,20.0,1009.6,23.74,32.03,28.402083333333334,29.5,24.9788888888889,27.077916666666663,5.6364241448992445,2021,4,2,Pre-Monsoon,Mumbai,27.468
2021-04-22,13.620833333333334,34.75,4.88,8.563333333333334,33.516000000000005,385.0,29.5,78,0.2,23.0,1008.1,17.050833333333333,16.083333333333332,38.0,9.25,15.585000000000003,20.97357142857143,10.33283567029968,2021,4,3,Pre-Monsoon,Chennai,16.958333333333336
2021-04-22,49.5,138.175,20.2,17.625,58.08,695.0,26.5,43,0.0,20.4,985.9,28.0,48.15,68.0,97.0,41.883333333333276,52.780952380952385,26.728204046183897,2021,4,3,Pre-Monsoon,Delhi,46.4
2021-04-22,42.8255,76.21100000000001,12.747,12.70875,32.64149999999999,869.25,29.0,79,11.6,18.1,1006.9,32.36525,21.905,0.0,23.26,32.36525000000001,26.877011904761904,14.581403175636025,2021,4,3,Pre-Monsoon,Kolkata,57.65
2021-04-22,27.468,77.96000000000001,6.587,4.182,16.435000000000002,129.75,28.3,77,0.0,23.4,1009.5,19.166666666666668,23.74,32.03,35.666666666666664,23.45822222222223,25.906678571428575,4.230811792897091,2021,4,3,Pre-Monsoon,Mumbai,28.996666666666663
2021-04-23,16.958333333333336,35.6425,7.625,9.02,42.86,397.5,29.8,77,0.6,22.3,1007.8,13.620833333333334,17.050833333333333,16.083333333333332,21.104166666666668,15.87666666666667,20.381309523809524,10.442338663943351,2021,4,4,Pre-Monsoon,Chennai,18.642857142857142
2021-04-23,46.4,115.924,21.224,13.725,52.7375,637.5,27.7,35,0.0,24.5,984.3,49.5,28.0,48.15,95.48333333333332,41.29999999999994,45.76904761904762,18.971192656069434,2021,4,4,Pre-Monsoon,Delhi,18.5
2021-04-23,57.65,108.2325,18.915,12.1375,63.655750000000005,660.0,29.5,67,0.0,9.4,1006.8,42.8255,32.36525,21.905,42.1,44.28025000000002,29.098440476190472,18.05730750923699,2021,4,4,Pre-Monsoon,Kolkata,38.5
2021-04-23,28.996666666666663,78.22,8.994166666666668,6.075,11.566666666666666,260.0,28.2,72,0.0,21.5,1009.4,27.468,19.166666666666668,23.74,27.540000000000003,25.21044444444445,26.114773809523808,4.35843574202871,2021,4,4,Pre-Monsoon,Mumbai,22.17
2021-04-24,18.642857142857142,53.66,10.775,8.33,60.275,255.0,29.8,77,0.1,20.0,1007.3,16.958333333333336,13.620833333333334,17.050833333333333,31.81,16.40734126984127,18.500289115646257,9.145984609686215,2021,4,5,Pre-Monsoon,Chennai,20.42313664596273
2021-04-24,18.5,110.0,9.66,8.075,75.68,440.0,26.5,36,0.0,18.6,985.3,46.4,49.5,28.0,15.0,38.133333333333276,46.26904761904762,18.048792994864794,2021,4,5,Pre-Monsoon,Delhi,59.7909375
2021-04-24,38.5,83.3,38.0,15.94,81.57,520.0,30.6,65,0.0,15.6,1005.5,57.65,42.8255,32.36525,23.83,46.32516666666668,31.194154761904763,18.194719264830756,2021,4,5,Pre-Monsoon,Kolkata,35.9475
2021-04-24,22.17,85.71,9.82,4.36,15.0,670.0,27.7,77,0.0,22.2,1008.9,28.996666666666663,27.468,19.166666666666668,23.0,26.211555555555563,25.99620238095238,4.46722850214864,2021,4,5,Pre-Monsoon,Mumbai,503.585
2021-04-25,20.42313664596273,53.745,9.713392857142855,9.261785714285717,52.16410714285714,298.75,29.6,77,0.2,21.7,1007.2,18.642857142857142,16.958333333333336,13.620833333333334,9.145833333333332,18.674775707384402,20.111332446021887,8.164123572464922,2021,4,6,Pre-Monsoon,Chennai,22.203416149068325
2021-04-25,59.7909375,183.92803819444444,26.28984375,12.077083333333334,63.65505952380953,621.6666666666667,28.7,27,0.0,20.9,985.1,18.5,46.4,49.5,65.33333333333333,41.563645833333275,45.47727678571429,17.17342802227687,2021,4,6,Pre-Monsoon,Delhi,101.081875
2021-04-25,35.9475,78.76875,32.80375,13.85625,66.73875,495.0,31.7,62,0.0,16.4,1004.9,38.5,57.65,42.8255,25.113333333333333,44.032500000000006,32.74189285714286,18.051483336936652,2021,4,6,Pre-Monsoon,Kolkata,33.395
2021-04-25,503.585,82.85499999999999,9.64,2.18,7.51,590.0,29.0,78,0.0,23.9,1007.6,22.17,28.996666666666663,27.468,28.402083333333334,184.91722222222222,93.8794761904762,180.71526226327322,2021,4,6,Pre-Monsoon,Mumbai,985.0
2021-04-26,22.203416149068325,53.83,8.651785714285714,10.19357142857143,44.05321428571429,342.5,29.4,76,0.4,24.6,1007.0,20.42313664596273,18.642857142857142,16.958333333333336,38.0,20.42313664596274,17.854677610174505,2.8472920546135914,2021,4,0,Pre-Monsoon,Chennai,23.983695652173918
2021-04-26,101.081875,257.8560763888889,42.9196875,16.079166666666666,51.63011904761905,803.3333333333334,30.0,24,0.0,13.6,983.3,59.7909375,18.5,46.4,68.0,59.79093749999995,50.20325892857143,26.45062605213888,2021,4,0,Pre-Monsoon,Delhi,142.3728125
2021-04-26,33.395,74.23750000000001,27.6075,11.7725,51.9075,470.0,31.5,62,0.0,19.2,1004.4,35.9475,38.5,57.65,0.0,35.94750000000001,37.51260714285714,10.986456067071906,2021,4,0,Pre-Monsoon,Kolkata,30.8425
2021-04-26,985.0,80.0,9.46,0.0,0.02,510.0,29.9,79,0.0,17.4,1007.3,503.585,22.17,28.996666666666663,32.03,503.58500000000004,230.01804761904762,377.8188481103389,2021,4,0,Pre-Monsoon,Mumbai,37.0
2021-04-27,23.983695652173918,53.915,7.590178571428572,11.125357142857144,35.94232142857143,386.25,29.3,78,0.2,21.3,1007.6,22.203416149068325,20.42313664596273,18.642857142857142,16.083333333333332,22.203416149068328,18.983300798580302,3.5155156513139367,2021,4,1,Pre-Monsoon,Chennai,25.763975155279503
2021-04-27,142.3728125,331.7841145833333,59.54953125,20.08125,39.605178571428574,985.0,32.8,22,0.0,19.2,982.4,101.081875,59.7909375,18.5,48.15,101.08187499999995,63.66366071428571,43.62825447459319,2021,4,1,Pre-Monsoon,Delhi,183.66375
2021-04-27,30.8425,69.70625000000001,22.41125,9.68875,37.07625,445.0,31.5,67,0.1,16.9,1005.2,33.395,35.9475,38.5,21.905,33.39500000000002,38.78939285714286,9.25288205310653,2021,4,1,Pre-Monsoon,Kolkata,28.29
2021-04-27,37.0,123.67,2.96,2.8,9.0,250.0,29.7,75,0.0,17.4,1008.3,985.0,503.585,22.17,23.74,508.52833333333336,231.91233333333335,376.64366614283927,2021,4,1,Pre-Monsoon,Mumbai,29.696875
2021-04-28,25.763975155279503,54.0,6.528571428571429,12.05714285714286,27.83142857142857,430.0,29.8,78,0.0,21.3,1007.8,23.983695652173918,22.203416149068325,20.42313664596273,17.050833333333333,23.983695652173918,20.22803534457261,4.194255344421557,2021,4,2,Pre-Monsoon,Chennai,21.714285714285715
2021-04-28,183.66375,405.71215277777776,76.179375,24.083333333333336,27.58023809523809,1166.6666666666667,33.8,19,0.0,17.7,983.0,142.3728125,101.081875,59.7909375,28.0,142.37281249999995,85.90133928571429,59.28331950095185,2021,4,2,Pre-Monsoon,Delhi,144.16666666666669
2021-04-28,28.29,65.17500000000001,17.215,7.605,22.245,420.0,31.1,71,0.4,15.3,1007.0,30.8425,33.395,35.9475,32.36525,30.842500000000012,38.20721428571428,9.834379097742051,2021,4,2,Pre-Monsoon,Kolkata,25.85
2021-04-28,29.696875,109.19145833333334,7.84,4.32,12.666666666666666,338.75,29.7,75,0.0,21.6,1009.2,37.0,985.0,503.585,19.166666666666668,350.565625,233.41664880952382,375.6721175930911,2021,4,2,Pre-Monsoon,Mumbai,20.6775
2021-04-29,21.714285714285715,44.65714285714286,11.534999999999998,7.98,29.59714285714286,325.7142857142857,30.1,77,0.0,20.9,1007.2,25.763975155279503,23.983695652173918,22.203416149068325,13.620833333333334,23.820652173913047,21.38424282756581,3.020672632138259,2021,4,3,Pre-Monsoon,Chennai,17.25
2021-04-29,144.16666666666669,350.365,43.1,14.283333333333331,45.833333333333336,870.0,33.3,21,0.0,23.8,983.1,183.66375,142.3728125,101.081875,49.5,156.73440972222218,99.4251488095238,60.38295666145305,2021,4,3,Pre-Monsoon,Delhi,124.00375
2021-04-29,25.85,83.6,32.55,8.05,65.715,590.0,30.7,70,0.0,16.4,1006.9,28.29,30.8425,33.395,42.8255,28.327500000000015,35.78214285714286,10.571151430167607,2021,4,3,Pre-Monsoon,Kolkata,27.8
2021-04-29,20.6775,72.04833333333333,5.76,5.033333333333333,10.5,286.6666666666667,29.6,79,0.0,22.1,1008.7,29.696875,37.0,985.0,27.468,29.124791666666667,232.44657738095242,376.30079985763166,2021,4,3,Pre-Monsoon,Mumbai,34.3275
2021-04-30,17.25,57.125,10.25,7.2625,23.57,595.0,29.7,78,0.3,18.6,1006.9,21.714285714285715,25.763975155279503,23.983695652173918,16.958333333333336,21.57608695652174,21.425909494232478,2.9506472462737974,2021,4,4,Pre-Monsoon,Chennai,11.0
2021-04-30,124.00375,369.6,47.1,18.384,52.84400000000001,1100.0,32.2,28,0.0,14.8,982.7,144.16666666666669,183.66375,142.3728125,46.4,150.61138888888885,110.51139880952381,55.9891587539414,2021,4,4,Pre-Monsoon,Delhi,97.66666666666666
2021-04-30,27.8,66.7,29.4,21.9,58.61,460.0,30.4,71,1.0,16.6,1006.3,25.85,28.29,30.8425,57.65,27.313333333333347,31.517857142857142,4.631737531373636,2021,4,4,Pre-Monsoon,Kolkata,31.527500000000003
2021-04-30,34.3275,86.0925,7.2175,4.0825,19.404000000000003,317.5,29.2,79,0.0,16.6,1007.8,20.6775,29.696875,37.0,28.996666666666663,28.233958333333334,233.20812500000002,375.82553461461265,2021,4,4,Pre-Monsoon,Mumbai,24.41
2021-05-01,11.0,24.0,3.9,8.65,29.99,585.0,29.8,75,0.2,17.8,1007.2,17.25,21.714285714285715,25.763975155279503,18.642857142857142,16.65476190476191,20.3340727595386,4.913372420183192,2021,5,5,Pre-Monsoon,Chennai,5.388888888888889
2021-05-01,97.66666666666666,300.07,20.7,9.67,111.51,790.0,32.2,30,0.0,24.1,982.6,124.00375,144.16666666666669,183.66375,18.5,121.94569444444438,121.82092261904761,40.025549588551364,2021,5,5,Pre-Monsoon,Delhi,78.7
2021-05-01,31.527500000000003,78.975,25.23,23.4,43.95,465.0,29.6,71,2.8,19.4,1006.7,27.8,25.85,28.29,38.5,28.392500000000016,30.521785714285716,3.4886153277157637,2021,5,5,Pre-Monsoon,Kolkata,35.255
2021-05-01,24.41,78.76,9.37,5.6,33.010000000000005,305.0,30.0,74,0.0,20.9,1006.8,34.3275,20.6775,29.696875,22.17,26.471666666666668,233.52812500000002,375.6167916041908,2021,5,5,Pre-Monsoon,Mumbai,27.16
2021-05-02,5.388888888888889,56.2,3.6,4.34,11.975,360.0,29.6,76,0.2,18.0,1007.3,11.0,17.25,21.714285714285715,20.42313664596273,11.212962962962967,18.186323079956622,7.482291972664,2021,5,6,Pre-Monsoon,Chennai,2.0
2021-05-02,78.7,238.0,47.8,14.0,50.6,950.0,31.9,30,0.0,21.4,983.0,97.66666666666666,124.00375,144.16666666666669,59.7909375,100.12347222222216,124.52221726190476,35.52671221210275,2021,5,6,Pre-Monsoon,Delhi,106.0
2021-05-02,35.255,91.25,21.06,24.9,29.29,470.0,29.7,73,1.7,16.7,1007.1,31.527500000000003,27.8,25.85,35.9475,31.527500000000014,30.422857142857143,3.314590355715463,2021,5,6,Pre-Monsoon,Kolkata,25.130000000000003
2021-05-02,27.16,87.4,8.34,11.6025,18.0475,262.5,30.2,77,0.0,15.9,1007.4,24.41,34.3275,20.6775,503.585,28.632500000000004,165.4674107142857,361.42290701426106,2021,5,6,Pre-Monsoon,Mumbai,22.08
2021-05-03,2.0,29.975,8.23,4.279999999999999,51.5375,465.0,29.6,74,0.5,16.8,1006.8,5.388888888888889,11.0,17.25,22.203416149068325,6.129629629629632,15.30012077294686,9.340387490258497,2021,5,0,Pre-Monsoon,Chennai,9.84625
2021-05-03,106.0,218.25,38.02533333333333,15.993055555555555,54.440666666666665,898.6666666666666,31.7,31,0.0,16.9,981.6,78.7,97.66666666666666,124.00375,101.081875,94.12222222222216,125.22480654761905,35.031060381278266,2021,5,0,Pre-Monsoon,Delhi,59.30434782608695
2021-05-03,25.130000000000003,74.88499999999999,22.527500000000003,16.95,44.3275,527.5,29.4,70,0.0,14.6,1005.9,35.255,31.527500000000003,27.8,33.395,30.637500000000017,29.242142857142856,3.543565891330665,2021,5,0,Pre-Monsoon,Kolkata,15.005
2021-05-03,22.08,87.4,10.065,31.79,44.53,1410.0,30.2,75,0.0,19.3,1007.0,27.16,24.41,34.3275,985.0,24.55,27.907410714285714,6.138888849441802,2021,5,0,Pre-Monsoon,Mumbai,31.38235294117647
2021-05-04,9.84625,3.75,12.86,4.22,91.1,570.0,29.6,75,0.9,19.1,1006.6,2.0,5.388888888888889,11.0,23.983695652173918,5.745046296296299,13.280485679779158,8.652983908909148,2021,5,1,Pre-Monsoon,Chennai,6.25
2021-05-04,59.30434782608695,198.5,28.250666666666664,17.98611111111111,58.281333333333336,847.3333333333334,32.8,30,0.0,20.9,980.3,106.0,78.7,97.66666666666666,142.3728125,81.33478260869559,113.35788302277433,41.690799946197835,2021,5,1,Pre-Monsoon,Delhi,68.56333333333333
2021-05-04,15.005,58.52,23.995,9.0,59.365,585.0,26.6,83,4.2,13.9,1007.0,25.130000000000003,35.255,31.527500000000003,30.8425,25.130000000000013,26.97964285714286,6.319861619756324,2021,5,1,Pre-Monsoon,Kolkata,17.919999999999998
2021-05-04,31.38235294117647,104.3,17.51,37.44,64.75,0.0,30.0,73,0.0,20.3,1006.8,22.08,27.16,24.41,37.0,26.874117647058824,27.104889705882353,5.016763591763194,2021,5,1,Pre-Monsoon,Mumbai,31.295
2021-05-05,6.25,31.4125,6.13,4.4625,27.543333333333333,545.0,29.7,75,0.7,19.9,1006.5,9.84625,2.0,5.388888888888889,25.763975155279503,6.032083333333335,10.492774943310659,6.933441720196199,2021,5,2,Pre-Monsoon,Chennai,3.695652173913044
2021-05-05,68.56333333333333,178.75,18.476,19.979166666666664,62.122,796.0,31.5,39,0.3,23.2,981.2,59.30434782608695,106.0,78.7,183.66375,77.9558937198067,96.91496635610767,30.549923600109597,2021,5,2,Pre-Monsoon,Delhi,57.91666666666666
2021-05-05,17.919999999999998,43.63,26.7,8.4,38.542,565.0,26.7,83,9.9,13.3,1007.2,15.005,25.130000000000003,35.255,28.29,19.351666666666677,25.498214285714287,7.125559439190767,2021,5,2,Pre-Monsoon,Kolkata,11.466
2021-05-05,31.295,72.1925,5.4591666666666665,4.48125,11.71,367.5,30.0,75,0.0,20.8,1006.7,31.38235294117647,22.08,27.16,29.696875,28.252450980392158,27.333193277310922,5.187826784577917,2021,5,2,Pre-Monsoon,Mumbai,22.751666666666665
2021-05-06,3.695652173913044,19.805,5.433333333333334,4.7275,18.75333333333333,705.0,30.1,74,0.1,20.2,1007.5,6.25,9.84625,2.0,21.714285714285715,6.597300724637684,7.918684437543133,5.201484803401813,2021,5,3,Pre-Monsoon,Chennai,8.65625
2021-05-06,57.91666666666666,172.22866666666667,20.985,7.388,59.944,860.0,29.3,53,6.1,22.0,983.0,68.56333333333333,59.30434782608695,106.0,144.16666666666669,61.92811594202893,84.5935377846791,25.249448752986257,2021,5,3,Pre-Monsoon,Delhi,56.36363636363637
2021-05-06,11.466,37.584,22.195,13.545000000000002,44.92700000000001,427.0,28.6,78,0.6,12.9,1008.2,17.919999999999998,15.005,25.130000000000003,25.85,14.797000000000011,23.443357142857142,8.86814339228921,2021,5,3,Pre-Monsoon,Kolkata,23.41633333333333
2021-05-06,22.751666666666665,71.18666666666667,5.123333333333333,5.57,11.54,286.6666666666667,29.6,79,0.0,18.3,1007.3,31.295,31.38235294117647,22.08,20.6775,28.47633986928105,27.629502801120452,4.788159323195136,2021,5,3,Pre-Monsoon,Mumbai,26.0
2021-05-07,8.65625,31.11,13.14,4.2,92.88,640.0,29.6,75,1.3,19.3,1008.3,3.695652173913044,6.25,9.84625,17.25,6.200634057971018,6.691005866114561,3.2977986362036082,2021,5,4,Pre-Monsoon,Chennai,5.21
2021-05-07,56.36363636363637,158.3251666666667,34.442499999999995,9.738166666666666,54.362,880.0,28.3,56,4.1,24.0,984.9,57.91666666666666,68.56333333333333,59.30434782608695,124.00375,60.94787878787873,74.9306644080557,20.063950375880008,2021,5,4,Pre-Monsoon,Delhi,56.47368421052632
2021-05-07,23.41633333333333,50.642,25.3475,10.947500000000002,40.51016666666667,614.3333333333334,29.2,76,2.1,16.6,1008.5,11.466,17.919999999999998,15.005,27.8,17.600777777777786,22.817119047619048,8.661591247141143,2021,5,4,Pre-Monsoon,Kolkata,35.36666666666667
2021-05-07,26.0,58.41,15.67,17.65,5.98,80.0,29.8,78,0.0,20.0,1008.1,22.751666666666665,31.295,31.38235294117647,34.3275,26.682222222222226,26.439859943977588,3.77368476504517,2021,5,4,Pre-Monsoon,Mumbai,25.6725
2021-05-08,5.21,16.25,13.2,4.17,15.68,675.0,29.5,76,0.4,17.6,1007.5,8.65625,3.695652173913044,6.25,11.0,5.853967391304351,5.8638630089717045,2.710770058379099,2021,5,5,Pre-Monsoon,Chennai,3.875
2021-05-08,56.47368421052632,144.42166666666668,47.9,12.088333333333331,48.78,900.0,31.1,39,0.0,11.4,983.5,56.36363636363637,57.91666666666666,68.56333333333333,97.66666666666666,56.91799574694306,69.04595262860708,18.24234139912246,2021,5,5,Pre-Monsoon,Delhi,48.75
2021-05-08,35.36666666666667,63.7,28.5,8.35,36.09333333333333,801.6666666666667,29.0,76,0.0,14.3,1007.4,23.41633333333333,11.466,17.919999999999998,31.527500000000003,23.41633333333334,23.365571428571428,9.395511220819303,2021,5,5,Pre-Monsoon,Kolkata,18.1
2021-05-08,25.6725,64.8875,5.25,4.925,15.0,705.0,29.8,78,0.0,19.8,1007.1,26.0,22.751666666666665,31.295,24.41,24.80805555555556,26.620217086834735,3.689737778266544,2021,5,5,Pre-Monsoon,Mumbai,26.99
2021-05-09,3.875,13.5,10.15,4.6,10.78,680.0,29.8,76,0.7,17.7,1006.0,5.21,8.65625,3.695652173913044,5.388888888888889,5.913750000000003,5.647593167701863,2.813426528880015,2021,5,6,Pre-Monsoon,Chennai,4.8925
2021-05-09,48.75,114.6825,16.55,13.55,28.75,650.0,31.0,40,0.0,22.3,981.7,56.47368421052632,56.36363636363637,57.91666666666666,78.7,53.8624401913875,64.76738120003566,19.09310506657957,2021,5,6,Pre-Monsoon,Delhi,62.875
2021-05-09,18.1,36.3,14.4,7.8225,10.38,562.5,29.2,75,1.6,11.7,1006.1,35.36666666666667,23.41633333333333,11.466,35.255,25.62766666666668,20.91485714285714,7.8949299526775105,2021,5,6,Pre-Monsoon,Kolkata,23.085
2021-05-09,26.99,79.82749999999999,5.4,2.72,8.0,803.3333333333334,29.9,77,0.0,17.7,1006.4,25.6725,26.0,22.751666666666665,27.16,26.220833333333335,26.59593137254902,3.686150532111134,2021,5,6,Pre-Monsoon,Mumbai,24.28
2021-05-10,4.8925,47.0,3.755,4.195,38.345,945.0,30.2,75,0.0,20.5,1005.5,3.875,5.21,8.65625,2.0,4.65916666666667,6.060807453416149,2.365101141383854,2021,5,0,Pre-Monsoon,Chennai,7.4
2021-05-10,62.875,145.05875,21.2,10.0,51.165,900.0,30.5,42,0.4,16.1,980.1,48.75,56.47368421052632,56.36363636363637,106.0,56.032894736842046,58.60666691432137,6.1244240060098,2021,5,0,Pre-Monsoon,Delhi,43.86666666666667
2021-05-10,23.085,47.785,22.925,7.44,20.325,522.5,28.4,81,12.3,17.9,1004.7,18.1,35.36666666666667,23.41633333333333,25.130000000000003,25.517222222222234,20.622714285714288,7.74945344650765,2021,5,0,Pre-Monsoon,Kolkata,42.63
2021-05-10,24.28,71.41499999999999,4.93,3.625,4.220000000000001,315.0,29.7,73,0.0,20.1,1006.2,26.99,25.6725,26.0,22.08,25.647500000000004,26.910217086834734,3.311714255529293,2021,5,0,Pre-Monsoon,Mumbai,17.2
2021-05-11,7.4,52.755833333333335,7.047499999999999,4.640000000000001,47.9525,895.8333333333334,30.7,72,0.0,25.5,1004.9,4.8925,3.875,5.21,9.84625,5.389166666666669,5.711343167701863,1.8335396027111601,2021,5,1,Pre-Monsoon,Chennai,5.083333333333333
2021-05-11,43.86666666666667,143.32104166666664,22.6,11.783333333333331,49.58333333333333,892.5,31.3,41,0.1,28.5,979.1,62.875,48.75,56.47368421052632,59.30434782608695,51.8305555555555,56.401283891547045,8.24405103836061,2021,5,1,Pre-Monsoon,Delhi,53.0
2021-05-11,42.63,88.28,6.84,0.0,24.67,490.0,27.4,85,23.2,16.9,1004.2,23.085,18.1,35.36666666666667,15.005,27.938333333333347,24.569142857142857,10.832558898571355,2021,5,1,Pre-Monsoon,Kolkata,28.40333333333333
2021-05-11,17.2,74.5325,10.26,15.325,32.4275,217.5,29.5,73,0.0,19.0,1006.8,24.28,26.99,25.6725,31.38235294117647,22.823333333333334,24.884166666666665,4.308109842687717,2021,5,1,Pre-Monsoon,Mumbai,15.6875
2021-05-12,5.083333333333333,58.51166666666667,10.34,5.085,57.56,846.6666666666667,30.6,75,1.2,25.0,1003.8,7.4,4.8925,3.875,6.25,5.791944444444447,5.544676501035196,1.82943550368681,2021,5,2,Pre-Monsoon,Chennai,5.133333333333334
2021-05-12,53.0,141.58333333333331,24.0,13.566666666666666,48.001666666666665,885.0,29.8,45,0.4,18.7,977.7,43.86666666666667,62.875,48.75,68.56333333333333,53.24722222222217,54.177950558213716,6.282741875530096,2021,5,2,Pre-Monsoon,Delhi,49.5
2021-05-12,28.40333333333333,55.77,22.761666666666663,5.366666666666667,30.35666666666667,661.6666666666667,28.1,78,0.0,12.7,1002.8,42.63,23.085,18.1,17.919999999999998,31.372777777777788,26.066761904761904,10.478993828421535,2021,5,2,Pre-Monsoon,Kolkata,24.4
2021-05-12,15.6875,77.65,15.59,27.025,60.635000000000005,120.0,29.5,69,0.0,19.3,1005.6,17.2,24.28,26.99,31.295,19.055833333333336,22.654523809523806,4.4728738963727075,2021,5,2,Pre-Monsoon,Mumbai,21.61
2021-05-13,5.133333333333334,43.94,2.65,3.605,15.12,840.0,30.7,75,0.1,25.1,1003.4,5.083333333333333,7.4,4.8925,3.695652173913044,5.872222222222226,5.750059523809525,1.6601226114315026,2021,5,3,Pre-Monsoon,Chennai,8.487272727272726
2021-05-13,49.5,119.0,28.01,12.51,33.4,1000.0,27.3,58,1.5,24.5,979.0,53.0,43.86666666666667,62.875,57.91666666666666,48.788888888888835,52.97556960583277,6.253295883641216,2021,5,3,Pre-Monsoon,Delhi,34.0
2021-05-13,24.4,58.83,25.91,5.395,27.24,730.0,28.0,83,2.1,16.4,1002.5,28.40333333333333,42.63,23.085,11.466,31.81111111111112,27.914476190476194,8.411830760034432,2021,5,3,Pre-Monsoon,Kolkata,22.55
2021-05-13,21.61,70.33,6.12,4.56,14.0,310.0,29.3,66,0.0,18.1,1004.7,15.6875,17.2,24.28,22.751666666666665,18.165833333333335,22.49142857142857,4.489524811793498,2021,5,3,Pre-Monsoon,Mumbai,30.93978260869565
2021-05-14,8.487272727272726,72.27,3.71,5.0,25.56,760.0,30.5,75,0.5,25.0,1002.8,5.133333333333334,5.083333333333333,7.4,8.65625,6.234646464646467,5.725919913419913,1.611332600763606,2021,5,4,Pre-Monsoon,Chennai,4.933333333333334
2021-05-14,34.0,106.5,19.15,7.5,37.75,600.0,29.6,47,0.0,14.0,979.3,49.5,53.0,43.86666666666667,56.36363636363637,45.49999999999994,49.78076441102757,9.235511539084518,2021,5,4,Pre-Monsoon,Delhi,63.0
2021-05-14,22.55,50.315,21.155,7.1875,19.97,580.0,29.0,79,4.6,14.3,1002.0,24.4,28.40333333333333,42.63,23.41633333333333,25.11777777777779,27.790714285714284,8.495003207613651,2021,5,4,Pre-Monsoon,Kolkata,20.7
2021-05-14,30.93978260869565,92.16,26.1,16.59,15.0,0.0,29.3,73,0.0,24.2,1002.8,21.61,15.6875,17.2,26.0,22.74576086956522,23.197111801242233,5.423923686440715,2021,5,4,Pre-Monsoon,Mumbai,61.16
2021-05-15,4.933333333333334,85.86500000000001,16.775,2.91,79.945,775.0,31.0,68,0.0,29.7,1001.8,8.487272727272726,5.133333333333334,5.083333333333333,5.21,6.184646464646467,5.6863961038961035,1.6293885208331398,2021,5,5,Pre-Monsoon,Chennai,6.07
2021-05-15,63.0,191.22,57.7,14.93,21.9,1070.0,30.2,41,0.0,13.8,980.4,34.0,49.5,53.0,56.47368421052632,48.83333333333328,50.71309523809524,10.292686473478037,2021,5,5,Pre-Monsoon,Delhi,43.0
2021-05-15,20.7,41.8,16.4,8.98,12.7,430.0,30.8,77,0.5,19.6,1003.4,22.55,24.4,28.40333333333333,35.36666666666667,22.55000000000001,25.695476190476192,8.115247920398724,2021,5,5,Pre-Monsoon,Kolkata,16.6
2021-05-15,61.16,136.51,8.555,4.21,71.615,485.0,31.3,65,0.0,28.0,999.6,30.93978260869565,21.61,15.6875,25.6725,37.90326086956522,28.26675465838509,15.446995779665285,2021,5,5,Pre-Monsoon,Mumbai,14.875
2021-05-16,6.07,27.0,2.49,5.48,22.54,920.0,30.9,71,0.3,29.0,1003.2,4.933333333333334,8.487272727272726,5.133333333333334,3.875,6.49686868686869,5.999967532467532,1.4205133185529955,2021,5,6,Pre-Monsoon,Chennai,19.6
2021-05-16,43.0,128.0,27.65,11.8,82.11500000000001,740.0,31.6,37,0.0,11.2,981.5,63.0,34.0,49.5,48.75,46.66666666666661,49.891666666666666,10.696971923557687,2021,5,6,Pre-Monsoon,Delhi,74.4090909090909
2021-05-16,16.6,25.14,17.7,10.33,18.25,420.0,31.1,75,0.1,17.2,1004.6,20.7,22.55,24.4,18.1,19.950000000000014,25.481190476190477,8.365190701723572,2021,5,6,Pre-Monsoon,Kolkata,12.566666666666666
2021-05-16,14.875,68.96000000000001,4.57,5.0,25.17,300.0,31.0,62,7.0,25.7,997.4,61.16,30.93978260869565,21.61,26.99,35.65826086956522,26.536040372670804,16.2706251595896,2021,5,6,Pre-Monsoon,Mumbai,7.533333333333333
2021-05-17,19.6,42.025000000000006,3.88,9.5,22.1475,932.5,30.9,73,0.1,23.4,1004.5,6.07,4.933333333333334,8.487272727272726,4.8925,10.201111111111114,8.101038961038961,5.243091315815381,2021,5,0,Pre-Monsoon,Chennai,9.210526315789473
2021-05-17,74.4090909090909,180.7576666666667,42.46666666666666,14.19,56.6,954.0,32.3,35,0.0,18.0,981.7,43.0,63.0,34.0,62.875,60.136363636363576,51.53939393939394,13.54057704876857,2021,5,0,Pre-Monsoon,Delhi,19.0
2021-05-17,12.566666666666666,32.075,12.083333333333332,7.725416666666666,34.89125,285.41666666666663,31.9,71,0.0,17.3,1004.2,16.6,20.7,22.55,23.085,16.622222222222234,23.978571428571428,9.704780963266805,2021,5,0,Pre-Monsoon,Kolkata,8.23
2021-05-17,7.533333333333333,39.2225,8.4875,4.928333333333333,17.08833333333333,112.5,26.8,88,199.9,61.9,995.7,14.875,61.16,30.93978260869565,24.28,27.856111111111115,24.143659420289854,17.815481136798663,2021,5,0,Pre-Monsoon,Mumbai,16.925
2021-05-18,9.210526315789473,51.0,16.37,13.9,24.5,750.0,30.6,75,0.0,24.5,1004.9,19.6,6.07,4.933333333333334,7.4,11.62684210526316,8.359685577580315,5.247400298172906,2021,5,1,Pre-Monsoon,Chennai,9.52173913043478
2021-05-18,19.0,65.25,19.875,10.3,26.87,607.5,27.1,54,1.1,21.2,981.8,74.4090909090909,43.0,63.0,43.86666666666667,45.46969696969691,47.98701298701298,18.310693150940402,2021,5,1,Pre-Monsoon,Delhi,16.0
2021-05-18,8.23,14.62,15.9,3.55,22.575,495.0,32.1,70,0.1,20.4,1003.6,12.566666666666666,16.6,20.7,42.63,12.465555555555568,19.064285714285713,7.025986609060721,2021,5,1,Pre-Monsoon,Kolkata,11.8
2021-05-18,16.925,58.0,5.79,5.67,8.870000000000001,165.0,27.4,88,22.6,47.5,1001.7,7.533333333333333,14.875,61.16,17.2,13.111111111111114,24.10437370600414,17.833638827243984,2021,5,1,Pre-Monsoon,Mumbai,20.03
2021-05-19,9.52173913043478,28.02,17.14,3.56,89.86,830.0,30.6,76,0.8,26.6,1004.3,9.210526315789473,19.6,6.07,5.083333333333333,12.777421815408088,8.993743548594807,5.049965960160209,2021,5,2,Pre-Monsoon,Chennai,9.520833333333332
2021-05-19,16.0,16.5,12.15,9.85,17.95,385.0,21.7,87,98.7,21.8,979.4,19.0,74.4090909090909,43.0,53.0,36.46969696969691,42.7012987012987,21.657009775416498,2021,5,2,Pre-Monsoon,Delhi,33.31
2021-05-19,11.8,33.0,13.3,6.1,10.77,450.0,31.7,73,0.9,18.8,1002.8,8.23,12.566666666666666,16.6,28.40333333333333,10.865555555555568,16.69238095238095,6.087657432533966,2021,5,2,Pre-Monsoon,Kolkata,13.65
2021-05-19,20.03,84.51,13.21,5.28,14.31,310.0,27.5,88,15.2,28.0,1003.9,16.925,7.533333333333333,14.875,15.6875,14.829444444444448,24.72473084886128,17.565567170575523,2021,5,2,Pre-Monsoon,Mumbai,28.33
2021-05-20,9.520833333333332,20.5,4.1,3.31,51.675,820.0,29.4,77,30.0,20.1,1004.8,9.52173913043478,9.210526315789473,19.6,5.133333333333334,9.417699593185864,9.620529262880522,4.754611296455841,2021,5,3,Pre-Monsoon,Chennai,11.6
2021-05-20,33.31,50.5,9.9,7.333333333333333,37.43666666666667,700.0,24.2,77,31.5,21.6,977.5,16.0,19.0,74.4090909090909,49.5,22.769999999999943,40.38844155844156,21.67442974751628,2021,5,3,Pre-Monsoon,Delhi,24.444444444444443
2021-05-20,13.65,34.474999999999994,13.175,4.4,17.865000000000002,442.5,31.8,69,0.0,20.9,1002.9,11.8,8.23,12.566666666666666,24.4,11.226666666666679,15.156666666666666,5.0940684460798655,2021,5,3,Pre-Monsoon,Kolkata,12.52
2021-05-20,28.33,126.1575,6.406666666666666,3.6883333333333335,10.5,273.3333333333333,28.3,83,1.0,14.1,1005.9,20.03,16.925,7.533333333333333,21.61,21.76166666666667,25.684730848861285,17.550594090302233,2021,5,3,Pre-Monsoon,Mumbai,25.63636363636364
2021-05-21,11.6,24.5334375,4.016666666666667,5.025,47.99583333333333,725.0,29.8,76,7.7,18.7,1004.8,9.520833333333332,9.52173913043478,9.210526315789473,8.487272727272726,10.21419082125604,10.065204587555845,4.776467531822058,2021,5,4,Pre-Monsoon,Chennai,13.928571428571429
2021-05-21,24.444444444444443,76.16499999999999,21.739,8.754666666666667,35.248333333333335,668.0,26.1,76,2.3,14.4,980.4,33.31,16.0,19.0,34.0,24.58481481481476,39.02336219336219,22.431526162950814,2021,5,4,Pre-Monsoon,Delhi,19.214285714285715
2021-05-21,12.52,30.389999999999997,13.52,4.28,22.434,422.0,31.9,69,0.0,18.7,1002.8,13.65,11.8,8.23,22.55,12.656666666666679,13.723809523809525,3.9500269237596424,2021,5,4,Pre-Monsoon,Kolkata,11.39
2021-05-21,25.63636363636364,102.243125,5.289999999999999,4.196666666666666,17.625,282.5,28.4,82,0.3,12.1,1006.8,28.33,20.03,16.925,30.93978260869565,24.665454545454548,24.927099567099567,17.399755035681235,2021,5,4,Pre-Monsoon,Mumbai,19.84210526315789
2021-05-22,13.928571428571429,28.566875,3.933333333333333,6.74,44.31666666666666,630.0,28.9,77,2.6,20.4,1004.1,11.6,9.520833333333332,9.52173913043478,4.933333333333334,11.683134920634922,11.350238601161289,4.3573341689765765,2021,5,5,Pre-Monsoon,Chennai,19.964285714285715
2021-05-22,19.214285714285715,101.83,33.578,10.176,33.06,636.0,28.5,66,0.0,11.2,979.9,24.444444444444443,33.31,16.0,63.0,25.65624338624333,32.768260152545864,20.66670605769468,2021,5,5,Pre-Monsoon,Delhi,35.58285714285714
2021-05-22,11.39,26.305,13.865,4.16,27.003,401.5,31.4,71,0.9,15.4,1001.3,12.52,13.65,11.8,20.7,12.520000000000012,12.393809523809525,2.5170554729647443,2021,5,5,Pre-Monsoon,Kolkata,10.26
2021-05-22,19.84210526315789,78.32875,4.173333333333333,4.705,24.75,291.66666666666663,28.7,78,1.2,15.5,1006.4,25.63636363636364,28.33,20.03,61.16,24.602822966507176,19.024543176122126,6.9000210320964,2021,5,5,Pre-Monsoon,Mumbai,19.771052631578947
2021-05-23,19.964285714285715,32.6003125,3.85,8.455,40.6375,535.0,30.4,69,0.0,20.3,1003.4,13.928571428571429,11.6,9.520833333333332,6.07,15.164285714285718,13.335136560344962,4.702132760498469,2021,5,6,Pre-Monsoon,Chennai,26.0
2021-05-23,35.58285714285714,127.495,45.417,11.597333333333331,30.871666666666663,604.0,28.4,56,0.0,17.3,980.8,19.214285714285715,24.444444444444443,33.31,43.0,26.413862433862374,31.70866831581117,20.24043291508151,2021,5,6,Pre-Monsoon,Delhi,51.951428571428565
2021-05-23,19.771052631578947,54.41437500000001,3.056666666666666,5.213333333333333,31.875,300.8333333333333,28.8,79,1.6,16.4,1007.2,19.84210526315789,25.63636363636364,28.33,14.875,21.749840510366827,19.723979266347687,6.653017277229085,2021,5,6,Pre-Monsoon,Mumbai,19.7
2021-05-25,68.32,178.825,69.095,14.44,26.495,540.0,30.1,35,0.0,20.4,977.7,51.951428571428565,35.58285714285714,19.214285714285715,19.0,51.9514285714285,35.54614512471655,18.798447454410493,2021,5,1,Pre-Monsoon,Delhi,59.5
2021-05-25,19.29,61.245000000000005,6.225,6.23,15.415,160.0,29.0,78,1.7,21.9,1006.3,19.7,19.771052631578947,19.84210526315789,16.925,19.58701754385965,21.799931647300067,3.632069317025186,2021,5,1,Pre-Monsoon,Mumbai,12.0
2021-05-26,59.5,149.04500000000002,53.625,10.35,28.38,800.0,30.2,36,0.0,11.8,975.5,68.32,51.951428571428565,35.58285714285714,16.0,59.92380952380946,41.76043083900226,18.446787009104582,2021,5,2,Pre-Monsoon,Delhi,41.0
2021-05-26,12.0,77.63499999999999,6.55,8.64,14.315,20.0,29.2,71,0.0,17.3,1005.4,19.29,19.7,19.771052631578947,20.03,16.99666666666667,20.65278879015721,5.209702650741115,2021,5,2,Pre-Monsoon,Mumbai,12.0
2021-05-27,41.0,180.0,19.1,23.6,133.1,9740.0,30.2,44,0.0,11.8,975.8,59.5,68.32,51.951428571428565,33.31,56.27333333333328,42.8590022675737,18.085095913329884,2021,5,3,Pre-Monsoon,Delhi,43.24
2021-05-27,12.0,69.15083333333332,7.17,8.23,13.2775,37.625,29.6,72,4.8,20.7,1005.5,12.0,19.29,19.7,28.33,14.430000000000001,18.31993164730007,4.842203957540165,2021,5,3,Pre-Monsoon,Mumbai,23.96666666666667
2021-05-28,13.77,52.7675,4.22,6.01,24.897,947.5,31.1,62,0.0,20.9,1003.2,22.428571428571427,13.25,25.041666666666668,11.6,16.482857142857142,19.197585034013606,5.538474427826643,2021,5,4,Pre-Monsoon,Chennai,25.70833333333333
2021-05-28,43.24,130.8,18.666666666666668,8.4,37.064,784.0,30.4,59,0.0,20.2,977.2,41.0,59.5,68.32,24.444444444444443,47.91333333333328,45.544081632653054,16.191591574226432,2021,5,4,Pre-Monsoon,Delhi,17.0
2021-05-28,11.56,48.3,16.0,3.933333333333333,24.054,448.0,30.0,79,1.3,24.4,1002.3,15.565,7.315,8.0,12.52,11.480000000000011,10.681666666666667,2.9605314838189303,2021,5,4,Pre-Monsoon,Kolkata,17.049999999999997
2021-05-28,23.96666666666667,60.66666666666666,7.790000000000001,7.82,12.239999999999998,55.25,29.2,79,3.6,17.7,1005.7,12.0,12.0,19.29,25.63636363636364,15.988888888888892,18.081403508771928,4.446699236826603,2021,5,4,Pre-Monsoon,Mumbai,17.5
2021-05-29,25.70833333333333,52.90895833333333,7.35,12.45,23.62,295.0,31.0,65,0.0,18.5,1004.1,13.77,22.428571428571427,13.25,13.928571428571429,20.635634920634917,20.880408163265308,5.45973560377067,2021,5,5,Pre-Monsoon,Chennai,21.347826086956523
2021-05-29,17.0,55.47,14.8,11.0,38.96,497.5,31.1,55,0.0,21.5,978.6,43.24,41.0,59.5,19.214285714285715,33.74666666666661,45.22775510204081,16.801844303876617,2021,5,5,Pre-Monsoon,Delhi,24.625
2021-05-29,17.049999999999997,54.83,17.45,4.4,29.26,360.0,29.5,81,0.7,14.4,1003.6,11.56,15.565,7.315,11.39,14.725000000000009,11.625,3.9632915613182327,2021,5,5,Pre-Monsoon,Kolkata,15.825
2021-05-29,17.5,61.5,3.1225,5.23,8.0,160.0,28.8,82,2.8,16.0,1006.7,23.96666666666667,12.0,12.0,19.84210526315789,17.822222222222226,17.746817042606516,4.379747467329825,2021,5,5,Pre-Monsoon,Mumbai,14.166666666666666
2021-05-30,21.347826086956523,53.05041666666666,7.533333333333333,12.61111111111111,24.717777777777776,424.44444444444446,31.7,63,0.1,18.9,1003.7,25.70833333333333,13.77,22.428571428571427,19.964285714285715,20.27538647342995,21.07805678793256,5.446069247639682,2021,5,6,Pre-Monsoon,Chennai,20.0625
2021-05-30,24.625,153.04000000000002,48.905,11.055,30.415,1121.25,30.3,63,0.7,18.8,978.7,17.0,43.24,41.0,35.58285714285714,28.28833333333328,43.66234693877551,18.294387910861936,2021,5,6,Pre-Monsoon,Delhi,75.13
2021-05-30,15.825,45.19,18.625,4.1,27.770000000000003,460.0,29.8,82,1.8,18.6,1002.0,17.049999999999997,11.56,15.565,10.26,14.811666666666676,12.5525,4.222644609722228,2021,5,6,Pre-Monsoon,Kolkata,14.6
2021-05-30,14.166666666666666,71.66499999999999,5.838749999999999,7.94,5.805,170.0,28.9,82,3.3,16.5,1006.7,17.5,23.96666666666667,12.0,19.771052631578947,18.544444444444448,16.946190476190477,4.459560030021868,2021,5,6,Pre-Monsoon,Mumbai,62.0
2021-05-31,20.0625,53.191875,7.716666666666667,12.77222222222222,25.81555555555555,553.8888888888889,31.3,66,0.1,17.1,1002.6,21.347826086956523,25.70833333333333,13.77,26.0,22.372886473429954,20.229842502218276,4.995457599756512,2021,5,0,Pre-Monsoon,Chennai,29.33333333333333
2021-05-31,75.13,250.61,83.01,11.11,21.87,1745.0,31.6,59,0.1,12.0,975.9,24.625,17.0,43.24,51.951428571428565,38.91833333333327,46.973571428571425,21.805437531781603,2021,5,0,Pre-Monsoon,Delhi,28.25
2021-05-31,62.0,81.83,8.555,10.65,3.61,180.0,28.5,85,3.5,15.6,1004.8,14.166666666666666,17.5,23.96666666666667,19.7,31.222222222222225,22.98904761904762,17.72933295671167,2021,5,0,Pre-Monsoon,Mumbai,19.59
2021-06-01,29.33333333333333,53.333333333333336,7.9,12.933333333333332,26.91333333333333,683.3333333333333,31.3,68,0.0,16.1,1003.2,20.0625,21.347826086956523,25.70833333333333,25.041666666666668,23.581219806763286,20.842937740313516,5.871062835517823,2021,6,1,Monsoon,Chennai,14.0
2021-06-01,28.25,62.66666666666666,21.85,8.175,26.0125,900.0,29.0,66,0.5,19.9,978.1,75.13,24.625,17.0,68.32,42.66833333333327,41.24928571428571,20.487364485738,2021,6,1,Monsoon,Delhi,27.1
2021-06-01,20.576666666666668,51.73333333333333,18.34,4.375,30.7475,496.6666666666667,30.9,82,3.1,17.3,1001.2,14.6,15.825,17.049999999999997,8.0,17.000555555555568,14.641666666666666,4.2121959171503045,2021,6,1,Monsoon,Kolkata,20.65
2021-06-01,19.59,58.48625,14.565,9.537916666666668,6.0,390.0,28.2,86,7.4,19.5,1005.1,62.0,14.166666666666666,17.5,19.29,31.91888888888889,23.031904761904762,17.719260691995448,2021,6,1,Monsoon,Mumbai,19.355
2021-06-02,14.0,28.64,3.525,4.65,19.4,845.0,30.7,72,0.1,15.5,1004.0,29.33333333333333,20.0625,21.347826086956523,13.25,21.131944444444443,20.950080597456374,5.714149239071145,2021,6,2,Monsoon,Chennai,11.0
2021-06-02,27.1,85.93,30.85,7.95,24.3,650.0,29.3,64,5.4,10.7,980.1,28.25,75.13,24.625,59.5,43.493333333333275,36.62071428571429,19.302593182561758,2021,6,2,Monsoon,Delhi,48.6
2021-06-02,20.65,44.15,18.205,5.699999999999999,36.905,400.0,29.8,84,6.5,15.1,1003.1,20.576666666666668,14.6,15.825,7.315,18.608888888888902,16.546666666666663,3.2524969040914002,2021,6,2,Monsoon,Kolkata,20.375
2021-06-02,19.355,44.0,16.884999999999998,7.56,6.28,495.0,28.1,86,11.1,13.3,1005.8,19.59,62.0,14.166666666666666,12.0,33.64833333333333,24.08261904761905,17.165478433988397,2021,6,2,Monsoon,Mumbai,22.39
2021-06-03,11.0,21.0,1.5,13.1,19.6375,555.0,30.3,73,0.1,20.4,1005.5,14.0,29.33333333333333,20.0625,22.428571428571427,18.11111111111111,19.317427536231882,6.75855366416231,2021,6,3,Monsoon,Chennai,8.729166666666668
2021-06-03,48.6,134.16500000000002,22.85,9.725,42.13333333333333,840.0,30.3,59,0.0,10.2,981.0,27.1,28.25,75.13,41.0,34.64999999999994,37.70642857142857,19.797366557678785,2021,6,3,Monsoon,Delhi,36.18
2021-06-03,20.375,35.925,13.363333333333332,4.438333333333334,36.635,349.16666666666663,30.0,82,7.0,14.1,1004.4,20.65,20.576666666666668,14.6,15.565,20.5338888888889,17.233809523809523,3.508554455198368,2021,6,3,Monsoon,Kolkata,30.1
2021-06-03,22.39,58.5,15.5625,8.125,17.455,295.0,28.8,84,1.3,14.0,1006.4,19.355,19.59,62.0,12.0,20.445000000000004,25.566904761904762,16.377705612739614,2021,6,3,Monsoon,Mumbai,19.33
2021-06-04,8.729166666666668,19.0,2.6,8.43,19.875,780.0,29.4,79,1.6,18.6,1006.6,11.0,14.0,29.33333333333333,13.77,11.243055555555557,18.597308488612835,7.656975051776719,2021,6,4,Monsoon,Chennai,9.916666666666668
2021-06-04,36.18,97.0,27.89,6.5,31.8,510.0,30.4,62,0.0,10.0,981.0,48.6,27.1,28.25,43.24,37.29333333333327,36.69785714285714,19.64774538743758,2021,6,4,Monsoon,Delhi,36.83333333333333
2021-06-04,30.1,58.93,16.03,6.465,25.450000000000003,475.0,30.9,80,0.4,14.5,1003.9,20.375,20.65,20.576666666666668,11.56,23.708333333333343,19.882380952380952,5.133256840804232,2021,6,4,Monsoon,Kolkata,27.025
2021-06-04,19.33,48.0,12.31,6.345000000000001,9.28,190.0,28.6,84,5.2,12.7,1007.2,22.39,19.355,19.59,23.96666666666667,20.358333333333334,24.904523809523813,16.546109442959963,2021,6,4,Monsoon,Mumbai,24.708333333333336
2021-06-05,9.916666666666668,19.33333333333333,7.5,8.025,13.07,936.6666666666666,28.9,80,3.9,19.4,1006.1,8.729166666666668,11.0,14.0,25.70833333333333,9.881944444444448,16.341356107660456,7.5380946061101595,2021,6,5,Monsoon,Chennai,18.45833333333333
2021-06-05,36.83333333333333,98.25,23.25,10.966666666666669,47.85,700.0,30.9,59,0.1,16.3,979.4,36.18,48.6,27.1,17.0,40.53777777777773,39.531190476190474,17.66362423263687,2021,6,5,Monsoon,Delhi,37.673913043478265
2021-06-05,27.025,56.9,15.57,6.18,46.105,500.0,31.4,79,2.9,16.5,1002.9,30.1,20.375,20.65,17.049999999999997,25.833333333333343,21.307380952380953,5.580952797416996,2021,6,5,Monsoon,Kolkata,24.9
2021-06-05,24.708333333333336,70.0,19.32333333333333,9.535,12.81,340.0,27.3,86,7.7,12.2,1006.5,19.33,22.39,19.355,17.5,22.14277777777778,25.934285714285718,16.229762151595175,2021,6,5,Monsoon,Mumbai,15.0
2021-06-06,18.45833333333333,44.29,8.85,6.58,24.8,760.0,29.2,76,0.4,16.5,1005.7,9.916666666666668,8.729166666666668,11.0,21.347826086956523,12.368055555555557,15.928571428571427,7.293391235968273,2021,6,6,Monsoon,Chennai,21.11111111111111
2021-06-06,37.673913043478265,184.25,27.085,9.75,39.2,850.0,31.9,52,0.0,13.1,978.8,36.83333333333333,36.18,48.6,24.625,36.895748792270474,41.39532091097309,16.477013357984447,2021,6,6,Monsoon,Delhi,60.0
2021-06-06,24.9,54.3,16.18,6.98,78.38499999999999,555.0,31.0,79,5.6,19.6,1002.3,27.025,30.1,20.375,15.825,27.34166666666668,22.603809523809527,5.131074062197733,2021,6,6,Monsoon,Kolkata,18.6125
2021-06-06,15.0,47.355,15.31,8.125,22.31,400.0,27.4,84,9.7,15.9,1006.8,24.708333333333336,19.33,22.39,14.166666666666666,19.679444444444446,26.053333333333335,16.13181957430018,2021,6,6,Monsoon,Mumbai,17.580555555555556
2021-06-07,21.11111111111111,45.66666666666666,8.575,7.075555555555556,23.93,950.0,30.8,70,4.7,17.4,1005.1,18.45833333333333,9.916666666666668,8.729166666666668,20.0625,16.49537037037037,16.078373015873016,7.402405046603788,2021,6,0,Monsoon,Chennai,17.655
2021-06-07,60.0,199.3125,32.1125,11.514285714285714,45.0,1088.888888888889,32.7,50,0.0,17.7,976.8,37.673913043478265,36.83333333333333,36.18,75.13,44.83574879227047,39.23389233954452,11.578391595809855,2021,6,0,Monsoon,Delhi,64.58771929824562
2021-06-07,18.6125,38.15,19.428571428571427,9.422857142857142,42.47571428571428,518.1818181818181,31.3,80,5.3,17.9,1000.8,24.9,27.025,30.1,14.6,23.512500000000014,23.177023809523806,4.233538486312793,2021,6,0,Monsoon,Kolkata,18.75
2021-06-07,17.580555555555556,43.15428571428571,15.046875,7.678333333333333,10.914761904761905,324.42857142857144,27.4,87,10.5,15.8,1007.3,15.0,24.708333333333336,19.33,62.0,19.0962962962963,19.707698412698413,3.1403067172895414,2021,6,0,Monsoon,Mumbai,17.913333333333334
2021-06-08,17.0,52.12,12.15,3.5,38.57,207.7275,24.4,70,0.0,18.3,910.8,15.598214285714286,7.0,7.234999999999999,6.333333333333333,13.19940476190476,10.328197278911562,4.168922749997733,2021,6,1,Monsoon,Bengaluru,18.905
2021-06-08,17.655,25.405,5.029999999999999,10.2,29.2,492.5,30.7,73,1.0,20.9,1004.4,21.11111111111111,18.45833333333333,9.916666666666668,29.33333333333333,19.074814814814815,14.410039682539681,4.76238787612131,2021,6,1,Monsoon,Chennai,20.0
2021-06-08,64.58771929824562,295.75,24.33333333333333,7.4,33.53,700.0,35.0,39,0.0,26.2,974.5,60.0,37.673913043478265,36.83333333333333,28.25,54.08721078057457,44.424995096436746,13.771303057277422,2021,6,1,Monsoon,Delhi,49.29385964912281
2021-06-08,18.75,34.3,15.475,7.525,38.53,455.0,30.8,79,1.8,16.8,999.3,18.6125,24.9,27.025,20.576666666666668,20.754166666666677,22.916071428571428,4.470218082196129,2021,6,1,Monsoon,Kolkata,18.10833333333333
2021-06-08,17.913333333333334,50.7,13.15,9.009999999999998,11.0,277.5,27.0,91,25.1,14.5,1006.3,17.580555555555556,15.0,24.708333333333336,19.59,16.831296296296298,19.468174603174607,3.2138618826969383,2021,6,1,Monsoon,Mumbai,15.219166666666666
2021-06-09,18.905,44.425,14.855,4.345000000000001,49.475,343.86375,23.4,75,1.7,23.0,910.0,17.0,15.598214285714286,7.0,7.836666666666666,17.167738095238093,11.909387755102037,5.068401757349816,2021,6,2,Monsoon,Bengaluru,20.81
2021-06-09,20.0,29.9525,5.815,11.93,33.3675,648.75,31.6,60,0.2,20.3,1003.1,17.655,21.11111111111111,18.45833333333333,14.0,19.588703703703704,15.267182539682539,5.196452257108211,2021,6,2,Monsoon,Chennai,13.652173913043478
2021-06-09,49.29385964912281,197.8875,19.36833333333333,7.395,32.2175,691.6666666666667,36.0,38,0.0,20.8,973.1,64.58771929824562,60.0,37.673913043478265,27.1,57.96052631578942,47.59554647488285,11.482423829557552,2021,6,2,Monsoon,Delhi,34.0
2021-06-09,18.10833333333333,34.83333333333333,13.8875,6.987500000000001,31.2775,474.1666666666666,29.3,85,13.3,13.3,998.6,18.75,18.6125,24.9,20.65,18.490277777777788,22.55297619047619,4.777612671336377,2021,6,2,Monsoon,Kolkata,17.466666666666665
2021-06-09,15.219166666666666,41.23333333333333,12.95,8.558333333333334,8.406666666666666,336.25,26.8,90,24.0,17.3,1005.2,17.913333333333334,17.580555555555556,15.0,19.355,16.904351851851853,18.877341269841274,3.5956251418812593,2021,6,2,Monsoon,Mumbai,12.525
2021-06-10,20.81,36.73,17.56,5.19,60.38,480.0,23.6,75,0.7,23.4,909.1,18.905,17.0,15.598214285714286,9.34,18.904999999999998,13.547959183673466,5.887230657047577,2021,6,3,Monsoon,Bengaluru,14.405
2021-06-10,13.652173913043478,34.5,6.6,13.66,37.535,805.0,31.5,56,0.9,22.7,1002.1,20.0,17.655,21.11111111111111,11.0,17.10239130434783,15.64606452726018,4.92296051639664,2021,6,3,Monsoon,Chennai,18.0
2021-06-10,34.0,100.025,14.403333333333332,7.390000000000001,30.905,683.3333333333334,33.0,58,0.0,22.3,973.6,49.29385964912281,64.58771929824562,60.0,48.6,49.29385964912276,45.50983218916857,12.546280129349762,2021,6,3,Monsoon,Delhi,29.0
2021-06-10,17.466666666666665,35.36666666666667,12.3,6.45,24.025,493.3333333333333,28.3,87,9.2,12.8,997.1,18.10833333333333,18.75,18.6125,20.375,18.108333333333345,22.137499999999996,5.113252683886416,2021,6,3,Monsoon,Kolkata,16.66736111111111
2021-06-10,12.525,31.766666666666666,12.75,8.106666666666667,5.813333333333333,395.0,27.0,89,24.0,17.7,1004.5,15.219166666666666,17.913333333333334,17.580555555555556,22.39,15.219166666666668,17.468055555555555,3.909006387990605,2021,6,3,Monsoon,Mumbai,13.5
2021-06-11,14.405,33.4025,19.1925,3.63,50.9575,507.5,23.6,71,0.0,27.5,909.2,20.81,18.905,17.0,8.2875,18.039999999999996,14.421887755102038,5.410987878963291,2021,6,4,Monsoon,Bengaluru,8.0
2021-06-11,18.0,32.5,2.6,12.6,17.84,515.0,31.4,58,0.0,23.0,1002.2,13.652173913043478,20.0,17.655,8.729166666666668,17.217391304347828,16.970469289164942,3.890853416635166,2021,6,4,Monsoon,Chennai,16.0
2021-06-11,29.0,117.4,10.125,5.2,26.1,380.0,32.1,59,0.0,19.1,973.4,34.0,49.29385964912281,64.58771929824562,36.18,37.43128654970754,44.48411790345428,13.678566153961055,2021,6,4,Monsoon,Delhi,33.0
2021-06-11,16.66736111111111,34.106944444444444,12.677916666666668,6.20125,23.468333333333334,493.88888888888886,28.1,86,8.5,12.9,995.4,17.466666666666665,18.10833333333333,18.75,30.1,17.41412037037038,20.218551587301587,4.033538359703166,2021,6,4,Monsoon,Kolkata,15.868055555555555
2021-06-11,13.5,32.945,9.29,7.31,5.01,420.0,27.1,89,19.6,22.0,1003.6,12.525,15.219166666666666,17.913333333333334,19.33,13.748055555555558,16.63519841269841,4.064173886597923,2021,6,4,Monsoon,Mumbai,8.0
2021-06-12,8.0,30.075,20.825,2.07,41.535,535.0,23.1,79,3.2,32.1,909.3,14.405,20.81,18.905,7.234999999999999,14.404999999999996,14.531173469387753,5.246878788400319,2021,6,5,Monsoon,Bengaluru,6.81
2021-06-12,16.0,26.0,18.85,12.6,19.8,1010.0,32.0,52,0.9,20.5,1002.0,18.0,13.652173913043478,20.0,9.916666666666668,15.884057971014494,17.839516908212563,2.474247855857467,2021,6,5,Monsoon,Chennai,8.894736842105264
2021-06-12,33.0,85.0,27.355,8.01,21.16,920.0,32.4,59,0.0,21.7,974.4,29.0,34.0,49.29385964912281,36.83333333333333,31.999999999999943,43.93649885583524,14.10596968959458,2021,6,5,Monsoon,Delhi,41.25
2021-06-12,15.868055555555555,32.84722222222222,13.055833333333332,5.9525,22.911666666666665,494.44444444444446,28.0,88,26.3,15.5,996.0,16.66736111111111,17.466666666666665,18.10833333333333,27.025,16.667361111111124,18.624702380952378,2.9561568202266666,2021,6,5,Monsoon,Kolkata,15.06875
2021-06-12,8.0,35.25,10.72,10.0,7.9,690.0,27.0,90,15.7,18.0,1003.4,13.5,12.525,15.219166666666666,24.708333333333336,11.341666666666669,14.248293650793652,3.3816909001782416,2021,6,5,Monsoon,Mumbai,12.0
2021-06-13,6.81,34.87,19.69,2.905,40.510000000000005,790.0,22.6,80,2.0,29.6,908.8,8.0,14.405,20.81,7.0,9.738333333333332,14.504030612244895,5.29262396952119,2021,6,6,Monsoon,Bengaluru,3.35
2021-06-13,8.894736842105264,31.0,9.0,9.26,35.67,957.5,32.6,48,0.1,30.5,1001.5,16.0,18.0,13.652173913043478,18.45833333333333,14.29824561403509,16.473288838037124,4.1491267635125295,2021,6,6,Monsoon,Chennai,10.5
2021-06-13,41.25,98.07166666666666,23.285,9.5,42.125,900.0,30.7,67,7.2,17.2,975.2,33.0,29.0,34.0,37.673913043478265,34.41666666666661,44.44736842105262,13.904679466275475,2021,6,6,Monsoon,Delhi,30.03333333333333
2021-06-13,15.06875,31.5875,13.43375,5.703749999999999,22.355,495.0,27.8,90,16.0,15.6,996.0,15.868055555555555,16.66736111111111,17.466666666666665,24.9,15.868055555555566,17.220238095238095,1.4077746323947167,2021,6,6,Monsoon,Kolkata,18.3425
2021-06-13,12.0,40.25,11.40375,7.854999999999999,11.735,258.33333333333337,27.4,89,9.6,19.0,1003.3,8.0,13.5,12.525,15.0,11.16666666666667,13.819722222222223,3.4597458404998616,2021,6,6,Monsoon,Mumbai,19.865
2021-06-14,3.35,27.49,22.23,3.88,28.245,670.0,21.5,87,4.7,28.4,908.4,6.81,8.0,14.405,15.598214285714286,6.053333333333331,12.754285714285711,6.706403922478019,2021,6,0,Monsoon,Bengaluru,7.47
2021-06-14,10.5,31.0,16.27,8.258333333333333,35.24166666666667,876.6666666666666,31.9,50,0.0,29.7,1001.7,8.894736842105264,16.0,18.0,21.11111111111111,11.79824561403509,14.957415822164107,4.110498844471512,2021,6,0,Monsoon,Chennai,11.0
2021-06-14,30.03333333333333,82.44833333333332,15.7,8.916666666666666,42.98,788.3333333333333,31.3,61,0.0,12.5,973.4,41.25,33.0,29.0,60.0,34.761111111111056,40.16641604010025,12.894668483672113,2021,6,0,Monsoon,Delhi,23.5
2021-06-14,18.3425,33.95,11.8625,4.907500000000001,32.67583333333334,430.0,28.0,89,13.3,17.8,994.6,15.06875,15.868055555555555,16.66736111111111,18.6125,16.4264351851852,17.181666666666665,1.366360175758866,2021,6,0,Monsoon,Kolkata,11.55
2021-06-14,19.865,71.095,11.045,12.485,14.2475,315.0,27.3,90,5.2,19.3,1002.2,12.0,8.0,13.5,17.580555555555556,13.288333333333336,14.146071428571428,3.947046091765477,2021,6,0,Monsoon,Mumbai,21.5
2021-06-15,7.47,40.07,22.24,2.94,26.25,410.0,22.5,80,2.9,29.8,908.0,3.35,6.81,8.0,17.0,5.876666666666664,11.392857142857139,6.668061848057784,2021,6,1,Monsoon,Bengaluru,0.0
2021-06-15,11.0,25.0,13.5,9.366666666666667,40.69666666666667,890.0,30.6,62,0.1,22.9,1001.4,10.5,8.894736842105264,16.0,17.655,10.131578947368423,14.006701536449821,4.151995113275575,2021,6,1,Monsoon,Chennai,14.0
2021-06-15,23.5,49.75,13.6,5.8275,15.455833333333334,857.5,30.6,64,4.2,23.8,970.7,30.03333333333333,41.25,33.0,64.58771929824562,31.594444444444388,34.29674185463659,8.542371814605199,2021,6,1,Monsoon,Delhi,27.5
2021-06-15,11.55,26.25,13.8475,5.425000000000001,23.8425,385.0,27.5,91,25.5,13.8,994.3,18.3425,15.06875,15.868055555555555,18.75,14.987083333333345,16.153095238095236,2.347052282249845,2021,6,1,Monsoon,Kolkata,14.5875
2021-06-15,21.5,67.055,12.125,9.313333333333334,4.975,243.3333333333333,26.8,89,9.2,21.0,1001.2,19.865,12.0,8.0,17.913333333333334,17.788333333333338,14.658452380952381,4.681974309255862,2021,6,1,Monsoon,Mumbai,14.055
2021-06-16,0.0,64.01,27.22,2.28,37.97,1180.0,22.7,80,3.2,29.5,909.2,7.47,3.35,6.81,18.905,3.6066666666666642,8.692142857142853,6.941255804453334,2021,6,2,Monsoon,Bengaluru,10.298333333333334
2021-06-16,14.0,40.0,9.9,13.5,19.4,595.0,32.8,48,0.1,27.1,1002.5,11.0,10.5,8.894736842105264,20.0,11.833333333333336,13.149558679306963,3.2241779784033393,2021,6,2,Monsoon,Chennai,28.0
2021-06-16,27.5,55.0,21.245,8.865,18.605,800.0,29.4,72,2.3,13.2,973.1,23.5,30.03333333333333,41.25,49.29385964912281,27.011111111111052,31.183333333333337,5.645967095591019,2021,6,2,Monsoon,Delhi,35.857142857142854
2021-06-16,14.5875,33.0625,14.925625,4.916250000000001,21.164375,516.25,26.6,92,25.3,15.6,995.4,11.55,18.3425,15.06875,18.10833333333333,14.82666666666668,15.650119047619047,2.232680138191922,2021,6,2,Monsoon,Kolkata,17.625
2021-06-16,14.055,45.935,7.0,13.29,11.0,330.0,26.4,91,13.7,22.1,1001.6,21.5,19.865,12.0,15.219166666666666,18.473333333333336,14.492142857142856,4.679413119489377,2021,6,2,Monsoon,Mumbai,17.982045454545457
2021-06-17,10.298333333333334,73.175,27.188333333333333,2.61,33.336666666666666,926.6666666666666,23.3,75,0.8,32.7,910.0,0.0,7.47,3.35,20.81,5.922777777777775,7.190476190476188,4.637502192700455,2021,6,3,Monsoon,Bengaluru,20.596666666666668
2021-06-17,28.0,52.66666666666666,8.433333333333334,11.766666666666667,20.216666666666665,686.6666666666666,31.9,56,0.6,24.8,1003.4,14.0,11.0,10.5,13.652173913043478,17.666666666666668,15.199248120300751,6.496747128795037,2021,6,3,Monsoon,Chennai,27.20833333333333
2021-06-17,35.857142857142854,27.5,10.6225,4.4325,9.3025,400.0,30.0,68,0.1,14.3,975.2,27.5,23.5,30.03333333333333,34.0,28.952380952380896,31.448639455782313,5.84065977509473,2021,6,3,Monsoon,Delhi,19.0
2021-06-17,17.625,39.875,16.00375,4.407500000000001,18.48625,647.5,26.3,93,14.5,15.7,997.2,14.5875,11.55,18.3425,17.466666666666665,14.587500000000013,15.672738095238094,2.2548426320353037,2021,6,3,Monsoon,Kolkata,20.6625
2021-06-17,17.982045454545457,50.623333333333335,9.103333333333332,11.013333333333334,10.66,336.6666666666667,26.2,90,18.5,24.0,1002.8,14.055,21.5,19.865,12.525,17.84568181818182,15.27172077922078,4.751087942424478,2021,6,3,Monsoon,Mumbai,21.90909090909091
2021-06-18,20.596666666666668,82.34,27.156666666666663,2.94,28.703333333333333,673.3333333333333,23.3,75,1.1,30.0,911.0,10.298333333333334,0.0,7.47,14.405,10.298333333333332,8.074999999999998,6.470941098766366,2021,6,4,Monsoon,Bengaluru,30.895
2021-06-18,27.20833333333333,65.33333333333333,6.966666666666667,10.033333333333331,21.03333333333333,778.3333333333334,31.7,56,0.0,21.8,1004.7,28.0,14.0,11.0,18.0,23.069444444444446,16.51472431077694,7.932075315255459,2021,6,4,Monsoon,Chennai,24.0
2021-06-18,19.0,0.0,0.0,0.0,0.0,0.0,29.3,70,0.7,15.6,975.9,35.857142857142854,27.5,23.5,29.0,27.452380952380896,30.020068027210886,7.520714887123335,2021,6,4,Monsoon,Delhi,23.68
2021-06-18,20.6625,46.6875,17.081875,3.89875,15.808125,778.75,25.8,95,25.7,14.2,999.7,17.625,14.5875,11.55,16.66736111111111,17.62500000000001,16.24347222222222,2.947716025107163,2021,6,4,Monsoon,Kolkata,23.7
2021-06-18,21.90909090909091,55.31166666666667,11.206666666666669,8.736666666666668,10.32,343.3333333333333,26.1,90,15.9,26.6,1003.8,17.982045454545457,14.055,21.5,13.5,17.982045454545457,16.47301948051948,5.263884458475609,2021,6,4,Monsoon,Mumbai,24.0
2021-06-19,30.895,91.505,27.125,3.27,24.07,420.0,22.7,76,0.0,27.2,912.3,20.596666666666668,10.298333333333334,0.0,8.0,20.596666666666664,11.345714285714283,10.778854636515526,2021,6,5,Monsoon,Bengaluru,35.74
2021-06-19,24.0,78.0,5.5,8.3,21.85,870.0,31.7,53,0.0,24.3,1006.2,27.20833333333333,28.0,14.0,16.0,26.402777777777782,17.657581453634087,8.407620221422368,2021,6,5,Monsoon,Chennai,32.25
2021-06-19,23.68,52.005,19.83,9.033333333333331,17.881249999999998,941.6666666666669,28.4,72,0.2,17.6,976.0,19.0,35.857142857142854,27.5,33.0,26.179047619047562,28.688639455782315,7.727380628021043,2021,6,5,Monsoon,Delhi,19.3775
2021-06-19,23.7,53.5,18.16,3.39,13.13,910.0,26.8,91,24.5,14.8,1001.1,20.6625,17.625,14.5875,15.868055555555555,20.662500000000012,17.362321428571427,4.0585359139588615,2021,6,5,Monsoon,Kolkata,24.33
2021-06-19,24.0,60.0,13.31,6.46,9.98,350.0,25.8,90,18.5,22.7,1005.8,21.90909090909091,17.982045454545457,14.055,8.0,21.297045454545458,18.758733766233767,4.369264347023798,2021,6,5,Monsoon,Mumbai,43.17318181818182
2021-06-20,35.74,105.24,26.47,1.81,40.25,420.0,23.6,73,0.3,26.4,912.6,30.895,20.596666666666668,10.298333333333334,6.81,29.077222222222222,15.478571428571426,13.856690068558388,2021,6,6,Monsoon,Bengaluru,28.875
2021-06-20,32.25,81.5,7.925000000000001,9.28888888888889,27.061666666666667,810.0,31.4,57,0.6,21.9,1006.3,24.0,27.20833333333333,28.0,8.894736842105264,27.819444444444446,20.994047619047617,8.966192565798679,2021,6,6,Monsoon,Chennai,30.875
2021-06-20,19.3775,50.0,21.055,8.8,28.11,1040.0,28.9,73,1.1,12.7,976.5,23.68,19.0,35.857142857142854,41.25,20.685833333333278,25.563996598639456,6.039319174821958,2021,6,6,Monsoon,Delhi,32.586666666666666
2021-06-20,24.33,54.31,16.437,4.779999999999999,18.281,814.0,27.2,90,17.0,14.0,1001.5,23.7,20.6625,17.625,15.06875,22.89750000000001,18.685357142857146,4.652336202691063,2021,6,6,Monsoon,Kolkata,24.96
2021-06-20,43.17318181818182,33.15,11.95,18.61,13.61,190.0,26.7,88,10.3,24.8,1006.6,24.0,21.90909090909091,17.982045454545457,12.0,29.694090909090914,23.212045454545457,9.363971043408146,2021,6,6,Monsoon,Mumbai,39.0
2021-06-21,28.875,62.95,20.655,3.4025000000000003,29.745,550.0,23.6,75,0.2,21.3,911.8,35.74,30.895,20.596666666666668,3.35,31.836666666666662,19.125,13.486623757277817,2021,6,0,Monsoon,Bengaluru,30.42
2021-06-21,30.875,85.0,10.35,10.277777777777777,32.27333333333333,750.0,31.1,61,0.3,21.3,1005.3,32.25,24.0,27.20833333333333,10.5,29.041666666666668,23.9047619047619,8.272021475172417,2021,6,0,Monsoon,Chennai,29.25
2021-06-21,32.586666666666666,76.83333333333333,19.375714285714285,5.001428571428571,27.81,783.3333333333334,30.7,64,0.1,12.6,977.3,19.3775,23.68,19.0,30.03333333333333,25.214722222222164,25.928758503401358,6.419395374934141,2021,6,0,Monsoon,Delhi,46.9
2021-06-21,24.96,55.12,14.714,6.17,23.432,718.0,27.3,89,14.2,11.3,1000.9,24.33,23.7,20.6625,18.3425,24.330000000000013,19.630714285714284,5.209975750561725,2021,6,0,Monsoon,Kolkata,25.59
2021-06-21,39.0,93.295,9.485,11.125,14.065,442.5,27.3,85,5.6,16.9,1007.2,43.17318181818182,24.0,21.90909090909091,19.865,35.39106060606061,25.945616883116884,10.892303309979598,2021,6,0,Monsoon,Mumbai,31.05916666666667
2021-06-22,30.42,95.45,14.33,4.14,22.13,450.0,24.2,70,0.0,20.0,910.9,28.875,35.74,30.895,7.47,31.67833333333333,22.40357142857143,12.960381346861856,2021,6,1,Monsoon,Bengaluru,26.44
2021-06-22,29.25,88.5,12.775,11.266666666666666,37.485,690.0,30.1,66,2.8,20.2,1004.7,30.875,32.25,24.0,11.0,30.791666666666668,26.51190476190476,6.123947107430189,2021,6,1,Monsoon,Chennai,32.578947368421055
2021-06-22,46.9,151.92142857142858,29.56404761904762,8.227857142857143,27.648333333333333,1057.142857142857,33.5,48,0.0,17.5,976.7,32.586666666666666,19.3775,23.68,23.5,32.954722222222166,29.271615646258507,10.024329294075075,2021,6,1,Monsoon,Delhi,68.0
2021-06-22,31.05916666666667,88.0325,14.645,11.3925,15.05,403.3333333333333,27.4,86,5.9,15.1,1006.9,39.0,43.17318181818182,24.0,21.5,37.74411616161617,27.311212121212122,10.841160437708284,2021,6,1,Monsoon,Mumbai,43.47555555555556
2021-06-23,26.44,93.37,26.74,5.07,24.82,470.0,24.7,66,0.3,14.5,910.6,30.42,28.875,35.74,0.0,28.578333333333333,26.180714285714284,8.389815191158807,2021,6,2,Monsoon,Bengaluru,28.0
2021-06-23,32.578947368421055,82.25,14.4375,9.873333333333331,32.9775,917.5,30.5,67,4.0,23.9,1004.6,29.25,30.875,32.25,14.0,30.90131578947369,29.166040100250626,3.0541385448308906,2021,6,2,Monsoon,Chennai,25.32142857142857
2021-06-23,68.0,228.0,17.96,13.3,54.2,835.0,34.4,43,0.0,16.9,976.9,46.9,32.586666666666666,19.3775,27.5,49.16222222222217,35.05732993197279,17.632123954390444,2021,6,2,Monsoon,Delhi,60.71
2021-06-23,43.47555555555556,48.36,2.81,10.91,77.5,65.0,27.0,89,5.6,15.2,1006.5,31.05916666666667,39.0,43.17318181818182,14.055,37.84490740740741,31.51414862914863,10.544277038986673,2021,6,2,Monsoon,Mumbai,22.655
2021-06-24,28.0,95.0,14.9,7.6,42.92,0.49,24.4,69,0.6,19.4,911.3,26.44,30.42,28.875,10.298333333333334,28.286666666666665,28.709523809523805,4.630148057216551,2021,6,3,Monsoon,Bengaluru,19.0
2021-06-24,25.32142857142857,76.0,16.1,8.48,28.47,1145.0,28.9,72,1.1,16.3,1005.1,32.578947368421055,29.25,30.875,28.0,29.050125313283207,28.783387039026138,3.3754752317621426,2021,6,3,Monsoon,Chennai,23.0
2021-06-24,60.71,142.865,17.4,9.01,23.43,1095.0,32.5,58,0.0,19.9,977.0,68.0,46.9,32.586666666666666,35.857142857142854,58.536666666666605,38.6077380952381,20.143372627580085,2021,6,3,Monsoon,Delhi,46.0
2021-06-24,22.655,87.0,16.15,10.6,9.16,315.0,26.4,90,8.7,19.1,1006.9,43.47555555555556,31.05916666666667,39.0,17.982045454545457,32.39657407407408,32.18171356421357,9.655204703137697,2021,6,3,Monsoon,Mumbai,15.130434782608695
2021-06-25,19.0,64.5,12.9,6.725,30.47,150.245,24.6,63,0.0,20.8,910.3,28.0,26.44,30.42,20.596666666666668,24.48,28.48142857142857,5.110802867689294,2021,6,4,Monsoon,Bengaluru,10.0
2021-06-25,23.0,81.05,12.9325,7.42375,30.68,1080.0,29.7,70,0.0,16.9,1003.8,25.32142857142857,32.578947368421055,29.25,27.20833333333333,26.966791979949875,28.182196562835664,4.0166271046771325,2021,6,4,Monsoon,Chennai,29.95
2021-06-25,46.0,124.85,23.025,7.814999999999999,18.8975,1147.5,32.5,59,1.6,16.2,976.2,60.71,68.0,46.9,19.0,58.2366666666666,42.46488095238095,18.260029438619643,2021,6,4,Monsoon,Delhi,39.5
2021-06-25,15.130434782608695,19.145,19.185,1.24,2.33,500.0,26.0,92,36.7,16.3,1006.0,22.655,43.47555555555556,31.05916666666667,21.90909090909091,27.08699677938809,31.21333411757325,11.090483065536363,2021,6,4,Monsoon,Mumbai,25.41
2021-06-26,10.0,34.0,10.9,5.85,18.02,300.0,23.0,79,17.2,20.2,909.8,19.0,28.0,26.44,30.895,19.0,25.496428571428567,8.466484273438478,2021,6,5,Monsoon,Bengaluru,4.0
2021-06-26,29.95,86.1,9.765,6.3675,32.89,1015.0,30.0,66,0.8,17.4,1003.3,23.0,25.32142857142857,32.578947368421055,24.0,26.090476190476192,29.03219656283566,3.5911145134070783,2021,6,5,Monsoon,Chennai,19.68
2021-06-26,39.5,106.835,28.65,6.62,14.365,1200.0,32.0,57,0.0,12.2,977.7,46.0,60.71,68.0,23.68,48.7366666666666,44.72488095238095,16.435417129186796,2021,6,5,Monsoon,Delhi,63.0
2021-06-26,25.41,53.96,13.7425,9.805,7.217499999999999,635.0,27.6,82,3.5,18.3,1005.8,15.130434782608695,22.655,43.47555555555556,24.0,21.065144927536238,31.414762689001822,10.949546195044055,2021,6,5,Monsoon,Mumbai,26.07
2021-06-27,4.0,10.5,5.4,6.765,15.25,290.0,22.1,81,2.6,23.2,910.5,10.0,19.0,28.0,35.74,11.0,20.962142857142855,10.354834562151336,2021,6,6,Monsoon,Bengaluru,26.795
2021-06-27,19.68,56.845,8.47,10.9625,31.645,785.0,28.8,73,2.6,15.0,1004.8,29.95,23.0,25.32142857142857,32.25,24.210000000000004,27.23648227712138,4.688884261539511,2021,6,6,Monsoon,Chennai,21.77
2021-06-27,63.0,191.0,24.6825,13.8,11.52,1457.5,33.4,54,0.0,13.1,980.2,39.5,46.0,60.71,19.3775,49.499999999999936,50.95666666666666,13.168028199647601,2021,6,6,Monsoon,Delhi,64.75
2021-06-27,22.4,55.9,12.2,3.67,19.02,210.0,28.9,84,6.2,19.6,1004.1,21.99,8.23,26.85,24.33,17.54000000000001,21.67,6.845316647169425,2021,6,6,Monsoon,Kolkata,50.94499999999999
2021-06-27,26.07,88.0,19.4,8.725,7.71,525.0,27.2,85,9.3,15.4,1007.4,25.41,15.130434782608695,22.655,43.17318181818182,22.20347826086957,28.97145100069013,9.728592181511614,2021,6,6,Monsoon,Mumbai,36.50333333333334
2021-06-28,26.795,58.61,26.83,8.61,31.480000000000004,570.0,23.8,71,0.1,13.8,910.1,4.0,10.0,19.0,28.875,13.598333333333334,20.665,10.117035550660745,2021,6,0,Monsoon,Bengaluru,18.0
2021-06-28,21.77,51.885000000000005,9.285,11.155,42.55,905.0,28.5,78,5.4,17.8,1005.1,19.68,29.95,23.0,30.875,23.8,25.93576799140709,4.773440886887031,2021,6,0,Monsoon,Chennai,20.5775
2021-06-28,64.75,152.0,18.795,9.69,62.37,1160.0,34.3,49,0.0,10.3,978.9,63.0,39.5,46.0,32.586666666666666,55.749999999999936,55.55142857142857,11.145986465349806,2021,6,0,Monsoon,Delhi,71.5
2021-06-28,50.94499999999999,81.22,9.6,5.680000000000001,36.75,410.0,29.1,83,0.6,20.7,1003.6,22.4,21.99,8.23,24.96,31.77833333333334,26.000833333333333,13.91370993540834,2021,6,0,Monsoon,Kolkata,16.15
2021-06-28,36.50333333333334,119.605,20.25,6.04,35.875,295.0,26.1,90,19.2,10.6,1006.5,26.07,25.41,15.130434782608695,39.0,29.327777777777783,28.61478433402346,9.33755868940466,2021,6,0,Monsoon,Mumbai,16.791666666666668
2021-06-29,18.0,58.0,15.2,4.266666666666667,31.13,470.0,25.1,69,0.6,11.5,910.2,26.795,4.0,10.0,30.42,16.265,18.890714285714285,9.165442537311653,2021,6,1,Monsoon,Bengaluru,16.0
2021-06-29,20.5775,51.105,14.12,5.86,23.46,920.0,29.4,79,0.8,23.2,1005.1,21.77,19.68,29.95,29.25,20.675833333333333,24.69683941997852,4.893817893166688,2021,6,1,Monsoon,Chennai,17.280263157894737
2021-06-29,71.5,222.0,30.10833333333333,11.0,41.375,1000.0,36.1,38,0.0,19.9,975.7,64.75,63.0,39.5,46.9,66.4166666666666,59.06571428571429,11.821282864878691,2021,6,1,Monsoon,Delhi,67.0
2021-06-29,16.15,39.71,9.9825,7.1825,29.755,352.5,29.7,81,4.9,23.3,1001.6,50.94499999999999,22.4,21.99,25.59,29.831666666666678,24.4275,14.491200692144677,2021,6,1,Monsoon,Kolkata,17.0
2021-06-29,16.791666666666668,95.925,22.81,6.135,19.0575,410.0,27.4,88,3.0,14.8,1005.9,36.50333333333334,26.07,25.41,31.05916666666667,26.45500000000001,26.57657004830918,10.229621186657335,2021,6,1,Monsoon,Mumbai,14.78
2021-06-30,16.0,38.0,17.415,4.199999999999999,28.785,130.325,25.7,68,0.8,10.8,910.2,18.0,26.795,4.0,26.44,20.265,17.39928571428571,8.561795191708445,2021,6,2,Monsoon,Bengaluru,18.5
2021-06-30,17.280263157894737,16.06,22.8,5.69,65.34,800.0,29.7,79,1.4,18.9,1004.3,20.5775,21.77,19.68,32.578947368421055,19.875921052631583,22.511313104189043,4.146062835796064,2021,6,2,Monsoon,Chennai,9.666666666666666
2021-06-30,67.0,239.215,42.5,11.895,9.65,1000.0,36.9,30,0.0,33.9,972.9,71.5,64.75,63.0,68.0,67.74999999999993,58.92285714285715,11.700747432375271,2021,6,2,Monsoon,Delhi,33.6
2021-06-30,14.78,44.44,13.59,7.720000000000001,5.07,370.0,27.5,89,4.8,16.1,1006.0,16.791666666666668,36.50333333333334,26.07,43.47555555555556,22.691666666666674,22.4772049689441,7.78696232053038,2021,6,2,Monsoon,Mumbai,16.3775
2021-07-01,18.5,38.32875,16.48125,5.933333333333334,23.6675,305.0,24.6,77,10.9,14.8,909.2,16.0,18.0,26.795,28.0,17.5,16.042142857142853,7.2545341322644825,2021,7,3,Monsoon,Bengaluru,17.25
2021-07-01,9.666666666666666,34.66666666666667,6.216666666666667,6.4795,21.9725,775.0,29.3,81,3.6,24.3,1003.4,17.280263157894737,20.5775,21.77,25.32142857142857,15.841476608187136,20.274918546365914,6.126676519779799,2021,7,3,Monsoon,Chennai,19.95833333333333
2021-07-01,33.6,189.05,17.175,8.620833333333334,21.85,500.0,37.0,33,0.0,26.7,971.6,67.0,71.5,64.75,60.71,57.366666666666596,55.050000000000004,15.025006932889589,2021,7,3,Monsoon,Delhi,53.21428571428572
2021-07-01,17.235,34.9,12.1,6.766666666666666,25.6975,372.5,29.8,86,10.5,19.1,998.5,17.0,16.15,50.94499999999999,26.85,16.795000000000012,21.99285714285714,13.59848884286545,2021,7,3,Monsoon,Kolkata,19.1175
2021-07-01,16.3775,46.5,9.013333333333334,10.74,8.49125,410.6666666666666,28.3,80,2.9,22.8,1004.4,14.78,16.791666666666668,36.50333333333334,22.655,15.983055555555564,21.580419254658384,8.117531545999908,2021,7,3,Monsoon,Mumbai,11.05
2021-07-02,17.25,41.164375,15.515625,6.041666666666667,26.59625,152.815,23.8,81,4.3,17.2,909.8,18.5,16.0,18.0,19.0,17.25,15.792142857142853,7.165217987578865,2021,7,4,Monsoon,Bengaluru,16.0
2021-07-02,19.95833333333333,41.833333333333336,9.973333333333333,8.122250000000001,31.24125,672.5,28.5,81,18.3,15.9,1004.4,9.666666666666666,17.280263157894737,20.5775,23.0,15.635087719298246,19.840394736842104,6.007904123583025,2021,7,4,Monsoon,Chennai,19.21
2021-07-02,53.21428571428572,132.0,22.9,2.7,7.1,1430.0,35.5,42,0.1,22.4,972.9,33.6,67.0,71.5,46.0,51.27142857142851,56.080612244897964,14.540387522023615,2021,7,4,Monsoon,Delhi,47.25
2021-07-02,19.1175,39.375,14.45,7.483333333333332,31.51375,358.75,29.2,88,15.9,18.7,999.7,17.235,17.0,16.15,8.23,17.78416666666668,23.548214285714288,12.324980621544224,2021,7,4,Monsoon,Kolkata,21.0
2021-07-02,11.05,53.25,7.491666666666667,8.525,11.495625,360.3333333333333,28.1,81,1.8,22.6,1004.8,16.3775,14.78,16.791666666666668,15.130434782608695,14.069166666666675,20.997500000000002,8.777573472481428,2021,7,4,Monsoon,Mumbai,19.0
2021-07-03,16.0,44.0,14.55,6.15,29.525,0.63,23.8,79,7.8,12.7,910.3,17.25,18.5,16.0,10.0,17.25,16.64928571428571,6.700665656343045,2021,7,5,Monsoon,Bengaluru,6.0
2021-07-03,19.21,49.0,13.73,9.765,40.51,570.0,28.7,81,1.7,14.7,1004.9,19.95833333333333,9.666666666666666,17.280263157894737,29.95,16.278333333333332,18.30610902255639,4.04731437962128,2021,7,5,Monsoon,Chennai,19.6
2021-07-03,47.25,198.0,21.7775,8.25,34.3,800.0,33.3,50,0.0,24.7,976.1,53.21428571428572,33.6,67.0,39.5,44.68809523809517,57.18775510204082,13.31052133217017,2021,7,5,Monsoon,Delhi,46.78
2021-07-03,21.0,43.85,16.8,8.2,37.33,345.0,29.2,84,7.6,15.5,1000.7,19.1175,17.235,17.0,21.99,19.11750000000001,23.406785714285714,12.35149271632545,2021,7,5,Monsoon,Kolkata,24.9
2021-07-03,19.0,60.0,5.97,6.3100000000000005,14.5,310.0,27.9,85,1.8,18.5,1005.9,11.05,16.3775,14.78,25.41,15.475833333333341,20.08178571428572,8.572484060619258,2021,7,5,Monsoon,Mumbai,14.79
2021-07-04,6.0,18.0,6.2,6.1,35.48,45.135,23.3,83,6.9,14.4,910.2,16.0,17.25,18.5,4.0,13.083333333333334,16.934999999999995,6.085843546022737,2021,7,6,Monsoon,Bengaluru,20.0
2021-07-04,19.6,38.51,5.3,5.6,10.66,645.0,29.2,80,10.7,19.1,1004.6,19.21,19.95833333333333,9.666666666666666,19.68,19.589444444444446,18.294680451127817,4.042898821448744,2021,7,6,Monsoon,Chennai,9.0
2021-07-04,46.78,117.0,36.2,10.2,15.2,1300.0,34.2,48,0.0,12.7,977.4,47.25,53.21428571428572,33.6,63.0,49.08142857142851,54.87061224489797,13.539910063538661,2021,7,6,Monsoon,Delhi,42.0
2021-07-04,24.9,55.6,20.7,4.2,18.65,410.0,28.6,88,8.0,12.0,1001.5,21.0,19.1175,17.235,22.4,21.672500000000014,23.76392857142857,12.353673193389067,2021,7,6,Monsoon,Kolkata,20.3
2021-07-04,14.79,49.0,7.96,11.87,9.63,360.0,27.7,86,2.3,13.0,1006.4,19.0,11.05,16.3775,26.07,14.946666666666674,18.470357142857146,8.315570427878006,2021,7,6,Monsoon,Mumbai,25.26
2021-07-05,20.0,43.370000000000005,22.025,6.1,23.13,385.0,23.5,79,1.6,15.3,909.3,6.0,16.0,17.25,26.795,14.0,15.96428571428571,4.61525679004919,2021,7,0,Monsoon,Bengaluru,10.0
2021-07-05,9.0,37.5,10.725,10.115,19.0,890.0,29.2,78,2.6,15.5,1003.6,19.6,19.21,19.95833333333333,21.77,15.93666666666667,16.470394736842103,4.984765046840316,2021,7,0,Monsoon,Chennai,9.0
2021-07-05,42.0,138.305,25.26,8.85,28.935,700.0,34.7,46,0.0,13.0,977.7,46.78,47.25,53.21428571428572,64.75,45.34333333333327,51.62061224489797,13.503628181067699,2021,7,0,Monsoon,Delhi,40.0
2021-07-05,20.3,48.65,12.9,6.54,32.739999999999995,345.0,28.4,88,8.7,12.8,1001.5,24.9,21.0,19.1175,50.94499999999999,22.066666666666677,19.386071428571427,3.0196074031337763,2021,7,0,Monsoon,Kolkata,66.3
2021-07-05,25.26,69.0,6.65,7.9,14.32,445.0,27.7,87,1.2,13.0,1006.2,14.79,19.0,11.05,36.50333333333334,19.68333333333334,16.86416666666667,4.4299050811243195,2021,7,0,Monsoon,Mumbai,21.35
2021-07-06,10.0,25.0,30.7,4.7,18.21,0.25,23.9,81,3.8,10.5,908.6,20.0,6.0,16.0,18.0,12.0,14.821428571428568,5.001487873861223,2021,7,1,Monsoon,Bengaluru,15.166666666666666
2021-07-06,9.0,23.0,9.14,6.795,33.32,930.0,29.3,79,8.2,17.2,1003.1,9.0,19.6,19.21,20.5775,12.533333333333337,14.816466165413532,5.3053027133091115,2021,7,1,Monsoon,Chennai,19.352941176470587
2021-07-06,40.0,151.0,18.02,7.52,17.89,760.0,35.2,45,0.0,15.3,976.3,42.0,46.78,47.25,71.5,42.9266666666666,47.12061224489797,10.740782216577864,2021,7,1,Monsoon,Delhi,55.125
2021-07-06,66.3,110.0,14.78,4.8,58.23,400.0,28.9,88,15.9,12.4,1000.2,20.3,24.9,21.0,16.15,37.16666666666668,26.55035714285714,17.728807914226365,2021,7,1,Monsoon,Kolkata,42.125
2021-07-06,21.35,68.5,4.945,7.135,7.075,480.0,27.8,86,1.0,13.8,1005.1,25.26,14.79,19.0,16.791666666666668,20.466666666666672,17.515357142857145,4.7415443222137394,2021,7,1,Monsoon,Mumbai,17.0
2021-07-07,15.166666666666666,32.665,28.15,5.133333333333333,22.641666666666666,203.45833333333331,23.4,85,10.0,13.8,908.7,10.0,20.0,6.0,16.0,15.055555555555555,14.702380952380949,4.978624945625675,2021,7,2,Monsoon,Bengaluru,20.33333333333333
2021-07-07,19.352941176470587,41.935,8.018333333333334,7.463333333333334,32.48625,837.5,29.6,78,7.6,19.2,1003.0,9.0,9.0,19.6,17.280263157894737,12.450980392156865,15.112563025210083,5.519254444400171,2021,7,2,Monsoon,Chennai,24.363636363636363
2021-07-07,55.125,203.215,15.0725,8.085,26.51375,698.75,36.2,40,0.0,21.3,975.0,40.0,42.0,46.78,67.0,45.708333333333265,45.42418367346939,7.537920715448727,2021,7,2,Monsoon,Delhi,42.9225
2021-07-07,42.125,74.85249999999999,13.9375,4.55,45.0775,406.25,29.0,88,27.3,13.6,999.8,66.3,20.3,24.9,17.0,42.90833333333334,30.139642857142857,18.014083172882682,2021,7,2,Monsoon,Kolkata,17.95
2021-07-07,17.0,62.75,6.9425,9.9825,8.5775,437.5,28.2,84,2.2,14.2,1005.0,21.35,25.26,14.79,14.78,21.203333333333344,17.8325,4.600232104650843,2021,7,2,Monsoon,Mumbai,19.0
2021-07-08,20.33333333333333,40.33,25.6,5.566666666666666,27.07333333333333,406.6666666666667,23.6,81,2.3,15.7,909.1,15.166666666666666,10.0,20.0,18.5,15.166666666666664,14.96428571428571,5.2523930046343805,2021,7,3,Monsoon,Bengaluru,13.625
2021-07-08,24.363636363636363,60.870000000000005,6.8966666666666665,8.131666666666668,31.6525,745.0,29.6,77,3.9,13.6,1003.3,19.352941176470587,9.0,9.0,9.666666666666666,17.572192513368986,17.212130124777183,5.885580040206166,2021,7,3,Monsoon,Chennai,16.0375
2021-07-08,42.9225,255.43,12.125,8.65,35.1375,637.5,36.0,39,0.0,21.2,975.1,55.125,40.0,42.0,33.6,46.01583333333327,46.7559693877551,5.700190371251929,2021,7,3,Monsoon,Delhi,46.03333333333333
2021-07-08,17.95,39.705,13.095,4.3,31.925,412.5,27.4,92,16.5,11.3,999.9,42.125,66.3,20.3,17.235,42.12500000000001,30.241785714285715,17.930549856453734,2021,7,3,Monsoon,Kolkata,24.82
2021-07-08,19.0,57.0,8.94,12.83,10.08,395.0,27.6,88,8.9,14.9,1005.0,17.0,21.35,25.26,16.3775,19.116666666666674,18.20714285714286,4.568667618629924,2021,7,3,Monsoon,Mumbai,19.625
2021-07-09,13.625,41.70833333333333,21.0,5.800000000000001,28.19833333333333,193.98,22.6,88,10.9,15.8,907.5,20.33333333333333,15.166666666666666,10.0,17.25,16.374999999999996,14.446428571428568,5.167490653700744,2021,7,4,Monsoon,Bengaluru,11.666666666666666
2021-07-09,16.0375,38.434250000000006,12.78875,9.87375,16.412499999999998,774.0,29.1,78,4.9,16.4,1001.7,24.363636363636363,19.352941176470587,9.0,19.95833333333333,19.91802584670232,16.652011077158136,5.766025564934215,2021,7,4,Monsoon,Chennai,5.5
2021-07-09,46.03333333333333,129.99666666666667,21.956666666666667,8.1375,31.38083333333333,1033.3333333333333,33.2,58,0.2,20.3,976.3,42.9225,55.125,40.0,53.21428571428572,48.02694444444438,45.73011904761905,4.939615239101761,2021,7,4,Monsoon,Delhi,41.0
2021-07-09,24.82,46.35,13.495,4.2,28.12,376.0,28.3,88,10.9,16.2,999.3,17.95,42.125,66.3,19.1175,28.298333333333343,31.056428571428572,17.464383927078334,2021,7,4,Monsoon,Kolkata,38.31999999999999
2021-07-09,19.625,59.392,9.85875,10.152333333333331,9.901333333333334,554.1666666666666,27.4,86,4.1,13.8,1003.1,19.0,17.0,21.35,11.05,18.541666666666675,19.432142857142857,3.3044816249327367,2021,7,4,Monsoon,Mumbai,15.05
2021-07-10,11.666666666666666,22.375,15.108333333333334,6.65,24.965,106.42,22.0,85,3.4,24.0,906.9,13.625,20.33333333333333,15.166666666666666,16.0,15.20833333333333,13.827380952380949,5.209745840209156,2021,7,5,Monsoon,Bengaluru,9.444444444444445
2021-07-10,5.5,9.75,13.02,8.29,20.5775,1023.75,28.9,75,6.3,16.3,1000.7,16.0375,24.363636363636363,19.352941176470587,19.21,15.30037878787879,14.693439648586706,6.9576616563182965,2021,7,5,Monsoon,Chennai,11.38888888888889
2021-07-10,41.0,84.9,14.0825,7.550000000000001,21.419,823.3333333333334,33.6,58,1.2,15.8,976.1,46.03333333333333,42.9225,55.125,47.25,43.318611111111046,44.83726190476191,5.178198258316308,2021,7,5,Monsoon,Delhi,37.9075
2021-07-10,38.31999999999999,69.07249999999999,16.627499999999998,3.89,30.521,338.0,28.8,86,6.3,12.9,999.6,24.82,17.95,42.125,21.0,27.030000000000005,33.53071428571428,17.023519619576497,2021,7,5,Monsoon,Kolkata,28.527222222222218
2021-07-10,15.05,26.8625,6.53,7.00375,8.68,540.0,26.3,92,85.5,16.1,1002.0,19.625,19.0,17.0,19.0,17.891666666666676,18.867857142857144,3.703716441114863,2021,7,5,Monsoon,Mumbai,12.448076923076924
2021-07-11,9.444444444444445,22.916666666666668,16.93888888888889,6.833333333333334,12.8725,134.28,22.2,81,3.0,30.6,906.7,11.666666666666666,13.625,20.33333333333333,6.0,11.578703703703704,14.319444444444441,4.45526027699868,2021,7,6,Monsoon,Bengaluru,7.222222222222222
2021-07-11,11.38888888888889,27.375,11.01,9.795,27.82875,831.875,29.2,66,1.4,20.3,1000.6,5.5,16.0375,24.363636363636363,19.6,10.975462962962965,13.520423775570833,6.679175247435609,2021,7,6,Monsoon,Chennai,17.27777777777778
2021-07-11,37.9075,95.45,15.64125,10.75,19.5695,861.6666666666667,32.1,64,2.0,26.0,977.5,41.0,46.03333333333333,42.9225,46.78,41.64694444444438,43.5697619047619,5.68453894663091,2021,7,6,Monsoon,Delhi,34.815
2021-07-11,28.527222222222218,53.428888888888885,15.53922222222222,4.168888888888889,29.28661111111111,309.94444444444446,29.0,85,5.0,15.8,1001.5,38.31999999999999,24.82,17.95,24.9,30.555740740740745,34.04888888888889,16.77034829066272,2021,7,6,Monsoon,Kolkata,18.73444444444444
2021-07-11,12.448076923076924,29.493611111111107,7.171666666666667,6.754722222222222,11.23111111111111,533.3333333333334,27.1,88,13.7,14.7,1000.7,15.05,19.625,19.0,14.79,15.707692307692318,18.533296703296706,4.205279167027336,2021,7,6,Monsoon,Mumbai,9.846153846153848
2021-07-12,7.222222222222222,23.45833333333333,18.76944444444445,7.016666666666667,0.78,162.14,22.6,80,0.7,29.5,906.8,9.444444444444445,11.666666666666666,13.625,20.0,9.444444444444445,12.494047619047615,4.356477967262934,2021,7,0,Monsoon,Bengaluru,5.0
2021-07-12,17.27777777777778,45.0,9.0,11.3,35.08,640.0,29.1,68,0.4,19.7,1001.0,11.38888888888889,5.5,16.0375,9.0,11.388888888888891,14.702963458110517,6.475118650102436,2021,7,0,Monsoon,Chennai,28.833333333333336
2021-07-12,34.815,106.0,17.2,13.95,17.72,900.0,30.5,69,4.9,23.1,979.3,37.9075,41.0,46.03333333333333,42.0,37.907499999999935,42.54333333333333,6.591543983269999,2021,7,0,Monsoon,Delhi,26.666666666666668
2021-07-12,18.73444444444444,37.78527777777778,14.450944444444444,4.447777777777778,28.052222222222223,281.8888888888889,28.6,86,6.0,16.0,1002.9,28.527222222222218,38.31999999999999,24.82,20.3,28.527222222222225,33.82523809523809,16.9932222565413,2021,7,0,Monsoon,Kolkata,8.941666666666666
2021-07-12,9.846153846153848,32.12472222222222,7.813333333333333,6.505694444444445,13.78222222222222,526.6666666666666,26.9,91,41.0,36.8,998.8,12.448076923076924,15.05,19.625,25.26,12.448076923076933,16.331318681318685,4.130843347094495,2021,7,0,Monsoon,Mumbai,17.714
2021-07-13,5.0,24.0,20.6,7.2,20.775,190.0,22.1,84,4.5,30.9,907.5,7.222222222222222,9.444444444444445,11.666666666666666,10.0,7.222222222222221,11.7797619047619,5.167888822567875,2021,7,1,Monsoon,Bengaluru,10.915
2021-07-13,28.833333333333336,65.25,18.3,11.533333333333331,59.66285714285714,1575.0,29.5,66,4.1,16.2,1001.8,17.27777777777778,11.38888888888889,5.5,9.0,19.16666666666667,17.53629679144385,7.772945445143289,2021,7,1,Monsoon,Chennai,13.9
2021-07-13,26.666666666666668,58.80535714285715,18.836666666666662,8.18,16.534,846.25,30.0,76,5.3,15.5,978.7,34.815,37.9075,41.0,40.0,33.12972222222215,40.638571428571424,8.95259633759461,2021,7,1,Monsoon,Delhi,33.833333333333336
2021-07-13,8.941666666666666,22.141666666666666,13.362666666666666,4.726666666666667,26.817833333333333,253.83333333333331,28.4,86,4.4,20.1,1002.2,18.73444444444444,28.527222222222218,38.31999999999999,66.3,18.73444444444445,25.631190476190476,11.741682641687062,2021,7,1,Monsoon,Kolkata,9.24065934065934
2021-07-13,17.714,34.75583333333333,8.455,6.256666666666667,16.333333333333332,520.0,26.6,91,34.6,23.7,1000.7,9.846153846153848,12.448076923076924,15.05,21.35,13.33607692307693,15.811890109890111,3.587459726004903,2021,7,1,Monsoon,Mumbai,13.105833333333337
2021-07-14,10.915,21.333333333333336,22.6,5.465,16.27,368.33333333333337,21.2,91,10.5,20.7,907.9,5.0,7.222222222222222,9.444444444444445,15.166666666666666,7.712407407407407,11.17238095238095,4.948682606361681,2021,7,2,Monsoon,Bengaluru,10.0
2021-07-14,13.9,39.632666666666665,13.118000000000002,8.738333333333333,40.86866666666667,932.6666666666666,28.7,71,5.3,18.4,1002.7,28.833333333333336,17.27777777777778,11.38888888888889,19.352941176470587,20.00370370370371,16.757305194805195,7.833546956726382,2021,7,2,Monsoon,Chennai,11.02777777777778
2021-07-14,33.833333333333336,76.43035714285713,17.762500000000003,8.697142857142858,18.78,891.0,29.3,81,9.4,15.6,978.1,26.666666666666668,34.815,37.9075,55.125,31.7716666666666,37.59690476190476,6.488276441699524,2021,7,2,Monsoon,Delhi,38.0
2021-07-14,9.24065934065934,28.58772727272727,11.853636363636364,5.423454545454545,22.977662337662338,229.0909090909091,28.5,84,4.0,19.9,1002.6,8.941666666666666,18.73444444444444,28.527222222222218,42.125,12.305590150590158,20.933427524856093,10.561909459761301,2021,7,2,Monsoon,Kolkata,9.6
2021-07-14,13.105833333333337,26.9,10.648,4.775153846153846,15.338375,628.75,26.2,91,34.9,23.1,1001.6,17.714,9.846153846153848,12.448076923076924,17.0,13.555329059829068,15.255580586080587,3.673417570357006,2021,7,2,Monsoon,Mumbai,10.483611111111111
2021-07-15,10.0,22.0,13.9,6.6,18.275,0.94,20.5,92,17.3,25.1,907.6,10.915,5.0,7.222222222222222,20.33333333333333,8.638333333333334,9.696190476190472,2.8616492199574997,2021,7,3,Monsoon,Bengaluru,10.5
2021-07-15,11.02777777777778,28.5,12.89,9.96,18.03,915.0,28.5,74,5.2,18.8,1002.7,13.9,28.833333333333336,17.27777777777778,24.363636363636363,17.920370370370375,14.852182539682541,7.277264960071743,2021,7,3,Monsoon,Chennai,19.80952380952381
2021-07-15,38.0,78.25,20.6325,7.525,15.6,850.0,30.7,75,2.5,14.6,978.5,33.833333333333336,26.666666666666668,34.815,42.9225,32.833333333333265,36.89369047619048,6.068021862092607,2021,7,3,Monsoon,Delhi,35.857142857142854
2021-07-15,9.6,26.07,13.6,7.9,15.505,400.0,29.3,79,0.9,13.4,1003.5,9.24065934065934,8.941666666666666,18.73444444444444,17.95,9.260775335775344,19.740570381998953,11.39377733048038,2021,7,3,Monsoon,Kolkata,9.82
2021-07-15,10.483611111111111,24.335,8.3225,6.7425,8.82,537.5,26.8,88,22.4,23.2,1000.3,13.105833333333337,17.714,9.846153846153848,19.0,13.767814814814825,14.038953601953603,3.6367047187988972,2021,7,3,Monsoon,Mumbai,10.0
2021-07-16,10.5,21.0,18.3,6.425,20.6025,0.69,21.2,93,22.3,23.0,909.3,10.0,10.915,5.0,13.625,10.471666666666666,9.2497619047619,2.343419642992422,2021,7,4,Monsoon,Bengaluru,11.0
2021-07-16,19.80952380952381,21.25,12.35,9.85,19.695,697.5,28.4,80,20.1,15.5,1004.7,11.02777777777778,13.9,28.833333333333336,16.0375,14.912433862433867,15.391043083900229,7.515419393660653,2021,7,4,Monsoon,Chennai,8.17
2021-07-16,35.857142857142854,62.52,11.14,7.8625,9.89,1755.0,31.0,74,3.8,13.7,980.0,38.0,33.833333333333336,26.666666666666668,46.03333333333333,35.89682539682533,35.43994897959184,4.540065068382935,2021,7,4,Monsoon,Delhi,42.0
2021-07-16,9.82,24.1725,12.0725,6.9725,18.0025,320.0,29.4,82,2.5,15.8,1004.6,9.6,9.24065934065934,8.941666666666666,24.82,9.553553113553123,17.597713239141807,11.686054548453075,2021,7,4,Monsoon,Kolkata,10.04
2021-07-16,10.0,33.98,5.32,3.06,22.75,850.0,26.5,91,31.8,31.5,1003.0,10.483611111111111,13.105833333333337,17.714,19.625,11.196481481481491,12.663953601953603,2.922002284621759,2021,7,4,Monsoon,Mumbai,7.04
2021-07-17,11.0,20.0,22.7,6.25,22.93,0.44,22.0,87,14.4,18.8,909.8,10.5,10.0,10.915,11.666666666666666,10.5,9.154523809523807,2.2400932434978786,2021,7,5,Monsoon,Bengaluru,8.2
2021-07-17,8.17,14.0,11.81,9.74,21.36,480.0,27.9,84,26.8,14.2,1004.5,19.80952380952381,11.02777777777778,13.9,5.5,13.002433862433866,15.7724716553288,6.9783174622292545,2021,7,5,Monsoon,Chennai,11.666666666666666
2021-07-17,42.0,96.46,15.739999999999998,8.2,16.0,700.0,32.7,67,0.7,12.7,977.6,35.857142857142854,38.0,33.833333333333336,41.0,38.61904761904756,35.58280612244898,4.754828946254967,2021,7,5,Monsoon,Delhi,34.0
2021-07-17,10.04,22.275,10.545,6.045,20.5,240.0,29.5,82,1.5,16.7,1003.4,9.82,9.6,9.24065934065934,38.31999999999999,9.82000000000001,13.557713239141808,7.448018598508696,2021,7,5,Monsoon,Kolkata,13.416666666666666
2021-07-17,7.04,16.0,7.94,9.95,9.575,360.0,26.8,90,40.6,26.6,1004.9,10.0,10.483611111111111,13.105833333333337,15.05,9.174537037037046,11.51966788766789,3.366464323289202,2021,7,5,Monsoon,Mumbai,11.815833333333334
2021-07-18,8.2,16.2,18.12,6.959999999999999,17.15,373.3333333333333,20.8,94,10.9,23.9,908.8,11.0,10.5,10.0,9.444444444444445,9.9,8.976746031746028,2.262518272408089,2021,7,6,Monsoon,Bengaluru,11.333333333333334
2021-07-18,11.666666666666666,20.66933333333333,8.87,9.752666666666666,24.07166666666667,778.0,27.9,81,13.1,19.2,1003.4,8.17,19.80952380952381,11.02777777777778,11.38888888888889,13.215396825396828,15.812154195011336,6.949967642957373,2021,7,6,Monsoon,Chennai,11.0
2021-07-18,34.0,85.0,18.886666666666667,6.3,24.950000000000003,866.6666666666666,30.2,81,24.9,18.4,974.7,42.0,35.857142857142854,38.0,37.9075,37.28571428571422,35.02459183673469,4.6649444641991815,2021,7,6,Monsoon,Delhi,20.0
2021-07-18,13.416666666666666,30.24,9.78,4.525,30.498,292.0,30.0,80,2.8,16.5,1001.1,10.04,9.82,9.6,28.527222222222218,11.092222222222231,11.399062445491015,3.56261066403482,2021,7,6,Monsoon,Kolkata,19.78333333333333
2021-07-18,11.815833333333334,35.333333333333336,5.23,7.122999999999999,20.66033333333333,300.0,26.9,90,32.9,21.6,1004.1,7.04,10.0,10.483611111111111,12.448076923076924,9.61861111111112,11.429347374847376,3.3458222285112,2021,7,6,Monsoon,Mumbai,11.103333333333335
2021-07-19,11.333333333333334,29.0,16.45,6.1,15.160000000000002,490.0,22.6,81,1.7,28.5,909.2,8.2,11.0,10.5,7.222222222222222,10.177777777777777,9.564047619047615,2.264752430493995,2021,7,0,Monsoon,Bengaluru,18.3
2021-07-19,11.0,34.01416666666667,9.483333333333334,8.35125,12.0775,638.3333333333333,29.3,69,0.9,21.3,1003.0,11.666666666666666,8.17,19.80952380952381,17.27777777777778,10.278888888888892,14.915328798185941,7.131982033913546,2021,7,0,Monsoon,Chennai,20.545
2021-07-19,20.0,34.33333333333333,25.166666666666664,6.833333333333333,11.4,1033.3333333333333,26.3,96,122.7,12.1,974.0,34.0,42.0,35.857142857142854,34.815,31.999999999999932,32.90816326530612,7.35877914422758,2021,7,0,Monsoon,Delhi,23.89833333333333
2021-07-19,19.78333333333333,42.725,16.93333333333333,4.880833333333333,20.19125,381.25,29.7,83,6.5,13.5,999.2,13.416666666666666,10.04,9.82,18.73444444444444,14.413333333333341,11.548903715332285,3.9260703608078726,2021,7,0,Monsoon,Kolkata,32.141666666666666
2021-07-19,11.103333333333335,42.45333333333333,15.296666666666669,5.846666666666667,13.256666666666666,408.33333333333337,26.3,92,55.2,22.0,1003.5,11.815833333333334,7.04,10.0,9.846153846153848,9.986388888888898,11.608944444444445,3.2797651329251862,2021,7,0,Monsoon,Mumbai,17.8725
2021-07-20,18.3,44.2,16.747500000000002,6.56,21.638,304.231,22.4,80,2.2,28.0,910.9,11.333333333333334,8.2,11.0,5.0,12.611111111111112,11.464047619047616,3.1882846684359953,2021,7,1,Monsoon,Bengaluru,9.0
2021-07-20,20.545,51.07,15.342857142857143,8.926666666666668,20.10428571428572,962.3333333333331,30.0,62,0.0,23.0,1004.3,11.0,11.666666666666666,8.17,28.833333333333336,14.403888888888892,13.731281179138321,4.7145090349427035,2021,7,1,Monsoon,Chennai,14.691666666666666
2021-07-20,23.89833333333333,56.85714285714286,17.621625,4.825,19.7,822.5,27.8,88,27.3,10.9,974.0,20.0,34.0,42.0,26.666666666666668,25.966111111111047,32.512687074829934,7.810630882038523,2021,7,1,Monsoon,Delhi,21.8
2021-07-20,32.141666666666666,64.16714285714286,25.530833333333334,4.152321428571428,27.41642857142857,671.0,28.3,91,11.3,11.7,998.4,19.78333333333333,13.416666666666666,10.04,8.941666666666666,21.780555555555566,14.863189429618002,8.493693182184932,2021,7,1,Monsoon,Kolkata,47.25
2021-07-20,17.8725,53.8,9.85,8.290000000000001,12.86125,484.0,26.4,91,29.1,23.4,1005.5,11.103333333333335,11.815833333333334,7.04,17.714,13.59722222222223,11.631587301587302,3.329113794269295,2021,7,1,Monsoon,Mumbai,15.805
2021-07-21,9.0,32.0,19.6,7.3,21.56,0.29,22.0,83,3.4,29.2,910.1,18.3,11.333333333333334,8.2,10.915,12.87777777777778,11.190476190476188,3.322577886148601,2021,7,2,Monsoon,Bengaluru,14.0
2021-07-21,14.691666666666666,16.0,7.2,8.93,20.78,773.3333333333334,29.4,63,0.6,19.3,1004.0,20.545,11.0,11.666666666666666,13.9,15.412222222222226,13.84437641723356,4.728705128561829,2021,7,2,Monsoon,Chennai,14.586363636363636
2021-07-21,21.8,42.0,26.9,4.758333333333333,11.0325,1133.3333333333333,28.8,85,5.3,11.6,973.1,23.89833333333333,20.0,34.0,33.833333333333336,21.89944444444438,30.793639455782312,8.740398669969059,2021,7,2,Monsoon,Delhi,26.65204545454545
2021-07-21,47.25,90.4,23.133333333333336,4.35,13.575,820.0,28.6,87,9.6,13.4,996.1,32.141666666666666,19.78333333333333,13.416666666666666,9.24065934065934,33.058333333333344,20.293095238095237,14.397699225550953,2021,7,2,Monsoon,Kolkata,10.47
2021-07-21,15.805,46.333333333333336,4.529999999999999,7.443333333333332,16.015,418.33333333333337,26.5,90,36.7,34.8,1004.3,17.8725,11.103333333333335,11.815833333333334,13.105833333333337,14.926944444444453,12.017182539682539,3.667450938250046,2021,7,2,Monsoon,Mumbai,22.15909090909091
2021-07-22,14.0,32.822500000000005,21.517142857142854,5.033333333333333,22.82758928571429,461.4285714285714,21.1,87,11.2,33.8,907.3,9.0,18.3,11.333333333333334,10.0,13.766666666666666,11.76190476190476,3.4260672071540577,2021,7,3,Monsoon,Bengaluru,13.0
2021-07-22,14.586363636363636,45.27272727272727,8.25,8.13,15.574285714285711,843.5714285714286,28.6,68,1.7,29.7,1001.2,14.691666666666666,20.545,11.0,11.02777777777778,16.607676767676768,14.352745825602968,4.563846223441527,2021,7,3,Monsoon,Chennai,22.475
2021-07-22,26.65204545454545,56.285714285714285,13.339583333333334,6.4,21.224545454545453,787.0,28.0,87,5.1,13.7,972.0,21.8,23.89833333333333,20.0,38.0,24.11679292929286,29.17250309214595,8.217785592555517,2021,7,3,Monsoon,Delhi,30.416666666666664
2021-07-22,10.47,26.01,11.724,5.612,32.72,377.0,28.7,85,7.3,20.6,993.7,47.25,32.141666666666666,19.78333333333333,9.6,29.953888888888898,20.41738095238095,14.293385671065183,2021,7,3,Monsoon,Kolkata,10.333333333333332
2021-07-22,22.15909090909091,61.22285714285715,8.1,7.088181818181818,17.80909090909091,425.0,26.6,88,18.5,34.0,1001.6,15.805,17.8725,11.103333333333335,10.483611111111111,18.612196969696978,13.685108225108227,5.19188163881934,2021,7,3,Monsoon,Mumbai,19.965
2021-07-23,13.0,33.5,19.9,6.75,17.04,185.3,21.8,86,8.1,28.6,907.1,14.0,9.0,18.3,10.5,12.0,12.119047619047617,3.4028232909168596,2021,7,4,Monsoon,Bengaluru,17.0
2021-07-23,22.475,74.06,10.775,11.39,23.715,963.3333333333334,28.9,69,3.9,20.2,1000.9,14.586363636363636,14.691666666666666,20.545,19.80952380952381,17.251010101010106,14.733528138528138,5.166426470107736,2021,7,4,Monsoon,Chennai,14.19
2021-07-23,30.416666666666664,67.0,18.076,6.755,25.5375,850.0,28.9,85,5.8,14.2,973.4,26.65204545454545,21.8,23.89833333333333,35.857142857142854,26.28957070707064,28.395292207792206,7.722555030259954,2021,7,4,Monsoon,Delhi,31.97
2021-07-23,10.333333333333332,21.87666666666667,14.826250000000002,6.051666666666667,20.176666666666662,358.3333333333333,27.7,90,16.4,21.7,993.0,10.47,47.25,32.141666666666666,9.82,22.684444444444452,20.490714285714287,14.231134485930005,2021,7,4,Monsoon,Kolkata,13.845
2021-07-23,19.965,56.52166666666666,8.456666666666667,8.02,13.796666666666669,590.0,26.0,90,28.2,25.3,1001.6,22.15909090909091,15.805,17.8725,10.0,19.309696969696976,15.108679653679655,5.375948575165417,2021,7,4,Monsoon,Mumbai,15.0
2021-07-24,17.0,29.0,23.95,7.300000000000001,10.39,0.89,22.7,83,2.6,24.1,908.6,13.0,14.0,9.0,11.0,14.666666666666666,12.976190476190473,3.805780899364565,2021,7,5,Monsoon,Bengaluru,15.0
2021-07-24,14.19,33.765,1.875,5.825,1.705,395.0,30.0,67,0.0,21.7,1002.2,22.475,14.586363636363636,14.691666666666666,8.17,17.083787878787884,15.59352813852814,4.324158801399038,2021,7,5,Monsoon,Chennai,16.42857142857143
2021-07-24,31.97,93.065,19.16,6.0,16.75,1025.0,30.2,82,0.7,12.5,974.5,30.416666666666664,26.65204545454545,21.8,42.0,29.67957070707064,26.96243506493506,5.340818316166793,2021,7,5,Monsoon,Delhi,22.5
2021-07-24,13.845,30.19,18.29,3.865,11.025,610.0,27.9,89,13.0,18.4,996.6,10.333333333333332,10.47,47.25,10.04,11.549444444444454,21.034285714285712,13.832515633702577,2021,7,5,Monsoon,Kolkata,23.405
2021-07-24,15.0,47.5,10.67,7.445,6.43,665.0,26.5,88,13.1,24.2,1003.0,19.965,22.15909090909091,15.805,7.04,19.041363636363645,16.24582251082251,4.067380427816406,2021,7,5,Monsoon,Mumbai,21.477916666666665
2021-07-25,15.0,42.17,10.25,7.175,20.97,370.0,23.1,81,1.9,24.3,909.8,17.0,13.0,14.0,8.2,15.0,13.947619047619044,3.203693305179305,2021,7,6,Monsoon,Bengaluru,15.451612903225806
2021-07-25,16.42857142857143,52.66666666666666,4.25,8.3975,27.57333333333333,567.5,30.4,67,0.4,20.7,1003.3,14.19,22.475,14.586363636363636,11.666666666666666,17.697857142857146,16.273800247371675,3.9629063686656347,2021,7,6,Monsoon,Chennai,16.832804232804236
2021-07-25,22.5,50.39083333333333,14.885833333333334,5.666666666666667,20.381666666666664,550.0,30.9,78,0.0,12.1,974.1,31.97,30.416666666666664,26.65204545454545,34.0,28.29555555555549,25.31957792207792,4.521046911731607,2021,7,6,Monsoon,Delhi,22.17460317460317
2021-07-25,23.405,46.65833333333333,12.78,5.285,56.477500000000006,456.25,28.4,88,11.1,10.9,997.8,13.845,10.333333333333332,10.47,13.416666666666666,15.861111111111121,22.461190476190474,13.424918984316516,2021,7,6,Monsoon,Kolkata,23.698387096774194
2021-07-25,21.477916666666665,62.19125,6.605,9.0525,11.5,490.0,26.4,90,15.3,23.9,1004.0,15.0,19.965,22.15909090909091,11.815833333333334,18.814305555555563,17.62612012987013,3.951264687633034,2021,7,6,Monsoon,Mumbai,20.403458333333333
2021-07-26,15.451612903225806,43.51903225806452,10.746774193548386,7.159677419354838,20.876290322580644,363.7096774193548,22.8,79,0.0,26.3,910.1,15.0,17.0,13.0,11.333333333333334,15.81720430107527,14.535944700460828,3.016248303415651,2021,7,0,Monsoon,Bengaluru,15.903225806451612
2021-07-26,16.832804232804236,52.596774193548384,4.403225806451613,8.490967741935485,27.20209677419355,579.8387096774194,30.1,68,1.3,16.5,1003.9,16.42857142857143,14.19,22.475,11.0,15.817125220458559,17.10705799491514,3.2111017945695695,2021,7,0,Monsoon,Chennai,17.237037037037037
2021-07-26,22.17460317460317,53.63629032258064,15.275645161290324,5.695161290322581,20.180806451612906,563.5483870967741,29.0,85,4.9,12.5,973.1,22.5,31.97,30.416666666666664,20.0,25.54820105820099,25.6302355184498,4.1544472349194095,2021,7,0,Monsoon,Delhi,21.849206349206348
2021-07-26,23.698387096774194,46.8016129032258,12.945161290322584,5.291935483870968,55.31112903225807,466.2096774193548,29.2,86,17.1,14.2,996.1,23.405,13.845,10.333333333333332,19.78333333333333,20.316129032258075,23.02048387096774,13.376227490733415,2021,7,0,Monsoon,Kolkata,23.991774193548387
2021-07-26,20.403458333333333,61.659435483870965,6.6611290322580645,9.113387096774192,11.365806451612904,504.8387096774193,26.6,88,12.5,28.7,1004.4,21.477916666666665,15.0,19.965,11.103333333333335,18.96045833333334,18.954709415584414,2.783456162847299,2021,7,0,Monsoon,Mumbai,19.329
2021-07-27,15.903225806451612,44.86806451612903,11.243548387096777,7.144354838709678,20.78258064516129,357.4193548387097,22.8,77,0.5,26.5,909.6,15.451612903225806,15.0,17.0,18.3,15.451612903225808,14.193548387096772,2.628916812558616,2021,7,1,Monsoon,Bengaluru,16.35483870967742
2021-07-27,17.237037037037037,52.5268817204301,4.556451612903226,8.584435483870969,26.830860215053765,592.1774193548387,30.4,65,0.2,18.8,1003.1,16.832804232804236,16.42857142857143,14.19,20.545,16.83280423280424,16.634491857349,2.843157471631735,2021,7,1,Monsoon,Chennai,17.641269841269843
2021-07-27,21.849206349206348,56.88174731182796,15.665456989247312,5.723655913978495,19.979946236559137,577.0967741935484,28.2,89,14.1,15.6,971.2,22.17460317460317,22.5,31.97,23.89833333333333,22.174603174603106,25.337503092145948,4.363741541620142,2021,7,1,Monsoon,Delhi,21.52380952380953
2021-07-27,23.991774193548387,46.94489247311828,13.110322580645162,5.298870967741936,54.14475806451613,476.1693548387097,28.2,88,25.3,15.5,994.0,23.698387096774194,23.405,13.845,32.141666666666666,23.6983870967742,21.856213517665132,12.7919214246873,2021,7,1,Monsoon,Kolkata,24.28516129032258
2021-07-27,19.329,61.12762096774193,6.7172580645161295,9.174274193548388,11.231612903225807,519.6774193548387,26.7,86,8.4,27.2,1003.8,20.403458333333333,21.477916666666665,15.0,17.8725,20.403458333333344,19.162780844155844,2.743222844564535,2021,7,1,Monsoon,Mumbai,18.254541666666665
2021-08-25,15.0,50.5,9.0,11.295,16.064999999999998,950.0,29.0,75,6.6,17.3,1004.4,28.666666666666668,24.70833333333333,17.75,22.75,22.791666666666668,20.470238095238095,4.843841204978436,2021,8,2,Monsoon,Chennai,23.875
2021-08-25,35.0,151.0,26.97,6.55,14.155,970.0,30.4,68,0.0,26.6,975.1,40.91666666666666,27.875,32.416666666666664,52.083333333333336,34.597222222222165,37.495798319327726,15.657412601863502,2021,8,2,Monsoon,Delhi,27.75
2021-08-25,17.645,45.705,8.344999999999999,10.94,7.34,950.0,26.7,88,1.6,16.6,1006.3,13.0,13.791666666666666,16.083333333333332,15.291666666666666,14.812222222222232,13.773690476190476,2.642769304453349,2021,8,2,Monsoon,Mumbai,9.958333333333334
2021-08-26,23.875,52.0,9.432142857142855,11.107619047619048,17.262142857142855,935.0238095238096,28.6,80,10.7,12.1,1003.2,15.0,28.666666666666668,24.70833333333333,16.625,22.513888888888896,21.50595238095238,4.656078549629165,2021,8,3,Monsoon,Chennai,19.25
2021-08-26,27.75,136.56285714285715,26.068571428571428,6.587619047619048,13.352857142857143,1015.952380952381,29.7,67,0.0,22.7,974.4,35.0,40.91666666666666,27.875,69.47058823529412,34.55555555555549,31.535714285714285,7.010261516836796,2021,8,3,Monsoon,Delhi,41.333333333333336
2021-08-26,9.958333333333334,44.318571428571424,8.50547619047619,10.865952380952384,7.2023809523809526,949.404761904762,26.6,87,3.4,17.0,1004.7,17.645,13.0,13.791666666666666,13.5625,13.534444444444453,13.258809523809523,3.0155709664951083,2021,8,3,Monsoon,Mumbai,12.526315789473683
2021-08-27,19.25,53.5,9.864285714285714,10.920238095238094,18.459285714285716,920.047619047619,28.2,85,11.8,13.7,1002.6,23.875,15.0,28.666666666666668,18.95833333333333,19.375000000000004,21.547619047619044,4.6307164729563635,2021,8,4,Monsoon,Chennai,13.083333333333334
2021-08-27,41.333333333333336,122.12571428571428,25.167142857142856,6.625238095238095,12.550714285714289,1061.904761904762,29.6,67,0.0,16.2,976.5,27.75,35.0,40.91666666666666,36.958333333333336,34.69444444444438,32.160714285714285,7.73214896684964,2021,8,4,Monsoon,Delhi,43.75
2021-08-27,12.526315789473683,42.93214285714286,8.66595238095238,10.791904761904762,7.064761904761904,948.8095238095236,26.5,89,2.1,12.3,1004.3,9.958333333333334,17.645,13.0,13.083333333333334,13.376549707602349,13.17923558897243,3.0282954672964255,2021,8,4,Monsoon,Mumbai,17.208333333333332
2021-08-28,13.083333333333334,55.0,10.29642857142857,10.732857142857142,19.65642857142857,905.0714285714286,27.1,88,27.4,14.8,1001.7,19.25,23.875,15.0,21.58333333333333,18.736111111111118,20.333333333333336,5.627057236970979,2021,8,5,Monsoon,Chennai,13.727272727272728
2021-08-28,43.75,107.68857142857144,24.265714285714285,6.662857142857143,11.748571428571427,1107.857142857143,29.4,74,0.0,11.3,977.4,41.333333333333336,27.75,35.0,19.83333333333333,37.61111111111105,35.57738095238095,6.574555882564302,2021,8,5,Monsoon,Delhi,45.333333333333336
2021-08-28,17.208333333333332,41.54571428571428,8.82642857142857,10.717857142857143,6.927142857142857,948.2142857142856,26.5,87,0.6,14.5,1003.3,12.526315789473683,9.958333333333334,17.645,9.25,13.23099415204679,14.316140350877193,2.791961970847832,2021,8,5,Monsoon,Mumbai,15.5
2021-09-01,32.833333333333336,61.0,12.025,9.983333333333333,24.445000000000004,845.1666666666667,28.2,84,0.4,10.7,1005.2,19.70833333333333,16.791666666666668,13.727272727272728,15.0,23.111111111111114,19.89556277056277,6.80394587645298,2021,9,2,Monsoon,Chennai,28.44947735191638
2021-09-01,32.1625,49.94,20.66,6.813333333333333,8.540000000000001,1291.6666666666663,26.4,90,10.7,13.1,982.6,17.25,22.95833333333333,45.333333333333336,35.0,24.123611111111046,32.933928571428574,10.910613893625118,2021,9,2,Monsoon,Delhi,28.69687799043062
2021-09-01,17.59,36.0,9.468333333333334,10.421666666666669,6.376666666666666,945.8333333333331,26.1,91,17.2,18.9,1005.0,16.791666666666668,19.45833333333333,15.5,17.645,17.946666666666673,15.576140350877195,3.269444246618719,2021,9,2,Monsoon,Mumbai,11.741764705882352
2021-09-02,28.44947735191638,69.97417073170732,13.278125,8.994,19.228,981.5625,27.6,85,26.7,13.3,1004.8,32.833333333333336,19.70833333333333,16.791666666666668,23.875,26.99704800619435,20.54905953512225,7.439827560627599,2021,9,3,Monsoon,Chennai,20.77696078431372
2021-09-02,28.69687799043062,56.06060606060606,20.735714285714288,7.160654101995566,17.376363636363635,1021.3636363636364,27.8,87,1.2,8.0,980.4,32.1625,17.25,22.95833333333333,27.75,26.036459330143476,33.06919685577581,10.841282003262672,2021,9,3,Monsoon,Delhi,21.857142857142858
2021-09-02,11.741764705882352,34.75476731601732,9.1453021978022,10.918666666666669,7.001038461538462,743.2979664014147,26.5,89,7.1,23.8,1004.9,17.59,16.791666666666668,19.45833333333333,9.958333333333334,15.374477124183015,15.830916261241338,2.7935610380403033,2021,9,3,Monsoon,Mumbai,12.416666666666666
2021-09-03,20.77696078431372,52.1919191919192,12.585,12.625,5.15,1125.0,27.4,85,19.8,18.8,1003.7,28.44947735191638,32.833333333333336,19.70833333333333,19.25,27.35325715652115,20.76719679002421,7.417743379458495,2021,9,4,Monsoon,Chennai,21.704545454545453
2021-09-03,21.857142857142858,48.125,19.57374542124542,6.481578947368422,20.889102564102565,842.8571428571429,27.1,89,11.3,13.8,979.0,28.69687799043062,32.1625,17.25,41.333333333333336,27.572173615857764,30.286883930605736,10.866045888448337,2021,9,4,Monsoon,Delhi,28.19635944700461
2021-09-03,12.416666666666666,30.935277777777777,12.787619047619048,10.785492424242424,6.913823529411764,885.8988095238095,26.1,91,13.7,19.1,1004.7,11.741764705882352,17.59,16.791666666666668,12.526315789473683,13.91614379084968,15.815252100840334,2.8154010399390623,2021,9,4,Monsoon,Mumbai,13.622
2021-09-04,18.12865384615385,44.70634615384616,14.842857142857143,6.057142857142857,22.916666666666664,423.46153846153845,21.3,90,16.3,23.3,909.1,20.1875,19.304747899159665,22.743,26.318428571428573,19.206967248437838,20.09097543632837,1.958861152232519,2021,9,5,Monsoon,Bengaluru,15.23777777777778
2021-09-04,21.704545454545453,46.46285434995112,11.736666666666668,9.866666666666667,15.09,1180.78125,26.6,88,12.5,13.8,1003.9,20.77696078431372,28.44947735191638,32.833333333333336,13.083333333333334,23.64366119692519,21.99879852162594,6.599955380932784,2021,9,5,Monsoon,Chennai,15.320833333333333
2021-09-04,28.19635944700461,59.33272727272728,19.047222222222224,6.640526315789474,29.91453488372093,904.7222222222222,27.3,88,14.7,10.0,978.7,21.857142857142858,28.69687799043062,32.1625,43.75,26.250126764859303,28.064935280177824,9.10110915568149,2021,9,5,Monsoon,Delhi,38.375
2021-09-04,28.575,61.54428571428572,17.3465,7.784264705882353,34.94797826086957,756.75,29.1,86,2.0,11.6,1001.2,21.18369565217391,15.699,19.14857142857143,26.77795918367347,21.81923188405798,21.151566770186335,5.442146264861278,2021,9,5,Monsoon,Kolkata,18.404545454545456
2021-09-04,13.622,31.3125,12.602,10.511538461538462,8.404,829.1176470588235,26.2,91,16.6,14.5,1005.2,12.416666666666666,11.741764705882352,17.59,17.208333333333332,12.593477124183016,15.302918767507,2.845791613375351,2021,9,5,Monsoon,Mumbai,18.348412162162163
2021-09-05,15.320833333333333,42.0,8.789473684210526,5.103333333333333,18.336842105263155,864.2424242424242,27.6,83,10.4,14.8,1003.3,21.704545454545453,20.77696078431372,28.44947735191638,13.727272727272728,19.267446524064173,22.22645003677746,6.2871664230234865,2021,9,6,Monsoon,Chennai,13.611255411255412
2021-09-05,38.375,78.52380952380952,19.85116279069767,5.6454545454545455,23.10023255813953,1050.0,28.2,86,3.8,9.9,978.8,28.19635944700461,21.857142857142858,28.69687799043062,45.333333333333336,29.476167434715762,27.0708876611302,7.049398032266474,2021,9,6,Monsoon,Delhi,45.6965350877193
2021-09-05,18.348412162162163,46.986250000000005,9.536,12.759741602067184,7.513333333333334,1040.5405405405406,26.1,91,10.1,12.3,1005.4,13.622,12.416666666666666,11.741764705882352,15.5,14.79569294294295,15.709834790673025,3.0732258810536375,2021,9,6,Monsoon,Mumbai,13.300588235294118
2021-09-06,13.611255411255412,43.78030303030303,11.651428571428571,5.0,17.66857142857143,895.0,27.7,77,1.9,18.3,1003.0,15.320833333333333,21.704545454545453,20.77696078431372,16.791666666666668,16.878878066378075,21.772105571718708,6.836305967526712,2021,9,0,Monsoon,Chennai,13.893649193548388
2021-09-06,45.6965350877193,94.42880952380952,20.14078947368421,6.154896049896051,30.575625,907.1428571428572,29.0,84,4.1,9.7,980.2,38.375,28.19635944700461,21.857142857142858,22.95833333333333,37.42263151157457,30.31920219747106,9.611667245032926,2021,9,0,Monsoon,Delhi,40.11111111111112
2021-09-06,13.300588235294118,35.67142857142858,11.6273125,12.578645833333333,8.632464285714285,841.0625,26.5,89,7.9,16.8,1004.6,18.348412162162163,13.622,12.416666666666666,19.45833333333333,15.090333465818768,14.830156919524567,2.677209350462656,2021,9,0,Monsoon,Mumbai,18.84575757575757
2021-09-07,13.893649193548388,46.43426724137931,12.374193548387098,5.673333333333333,15.0713082437276,925.0,29.0,70,0.0,19.5,1003.4,13.611255411255412,15.320833333333333,21.704545454545453,19.70833333333333,14.27524597937905,20.941436408892287,7.454208161995423,2021,9,1,Monsoon,Chennai,11.5
2021-09-07,40.11111111111112,76.98548387096774,18.96,6.370436507936508,24.978421052631575,966.6666666666666,28.0,88,7.6,16.2,981.7,45.6965350877193,38.375,28.19635944700461,17.25,41.39421539961008,33.585075213344076,8.213006266276874,2021,9,1,Monsoon,Delhi,20.624864864864865
2021-09-07,18.84575757575757,38.286515151515154,13.515916666666667,14.581002506265664,8.7744,929.9318181818182,26.0,92,32.0,13.3,1002.7,13.300588235294118,18.348412162162163,13.622,16.791666666666668,16.831585991071293,15.123598477966125,3.0188152185332933,2021,9,1,Monsoon,Mumbai,13.351666666666668
2021-09-08,15.0,34.52181818181818,7.3,5.800000000000001,14.75,292.27272727272725,22.6,80,2.0,24.5,910.3,15.823238636363635,14.738888888888887,15.23777777777778,22.743,15.18737584175084,16.9172581497634,2.247249172539844,2021,9,2,Monsoon,Bengaluru,18.466
2021-09-08,11.5,48.56,12.2,6.053333333333334,16.986666666666668,576.6666666666667,28.8,77,0.2,18.2,1005.1,13.893649193548388,13.611255411255412,15.320833333333333,32.833333333333336,13.00163486826794,17.89381736127324,6.0013741748579,2021,9,2,Monsoon,Chennai,11.416666666666668
2021-09-08,20.624864864864865,50.0,15.402564102564105,6.835135135135134,17.028333333333332,636.6666666666667,28.0,80,2.3,24.8,980.5,40.11111111111112,45.6965350877193,38.375,32.1625,35.47750368789837,31.93684162261048,9.58859953131208,2021,9,2,Monsoon,Delhi,27.06578947368421
2021-09-08,11.2,20.3,12.200769230769232,7.34,14.2,650.0,27.0,90,11.7,12.3,1004.8,10.10576923076923,9.16809523809524,18.404545454545456,19.14857142857143,10.157954822954833,16.333729367940546,7.0065566609289105,2021,9,2,Monsoon,Kolkata,12.15
2021-09-08,13.351666666666668,22.0,18.55166666666667,13.53,10.88,680.0,26.4,90,146.8,34.9,1001.9,18.84575757575757,13.300588235294118,18.348412162162163,17.59,15.166004159239462,14.518122287489932,2.862687196128207,2021,9,2,Monsoon,Mumbai,10.45
2021-09-09,18.466,46.678592592592594,9.0,6.0,15.965,183.33333333333331,22.9,80,1.0,24.1,911.4,15.0,15.823238636363635,14.738888888888887,19.304747899159665,16.429746212121213,16.797437021312017,2.1173398151266998,2021,9,3,Monsoon,Bengaluru,23.33666666666667
2021-09-09,11.416666666666668,47.0,9.7,6.353333333333334,3.483333333333333,720.4166666666667,29.5,72,0.3,16.2,1005.7,11.5,13.893649193548388,13.611255411255412,28.44947735191638,12.270105286738358,15.460558691951855,4.186988594437374,2021,9,3,Monsoon,Chennai,19.675
2021-09-09,27.06578947368421,59.55865853658537,16.566904761904762,7.175135135135136,18.79,881.8181818181819,27.7,84,4.4,20.3,979.5,20.624864864864865,40.11111111111112,45.6965350877193,28.69687799043062,29.26725514988667,31.703828977360995,9.699632005743462,2021,9,3,Monsoon,Delhi,31.501309523809525
2021-09-09,12.15,29.9075,17.875,5.315,18.022916666666667,527.5,27.7,88,3.1,10.7,1003.1,11.2,10.10576923076923,9.16809523809524,15.699,11.151923076923085,15.826729367940548,7.186241304401137,2021,9,3,Monsoon,Kolkata,24.7825
2021-09-09,10.45,24.75,8.746777777777778,11.670000000000002,8.915,580.0,26.8,88,6.9,32.1,1005.5,13.351666666666668,18.84575757575757,13.300588235294118,11.741764705882352,14.215808080808086,14.333584472363883,3.1030346970291354,2021,9,3,Monsoon,Mumbai,14.35
2021-09-10,23.33666666666667,50.336666666666666,6.43921875,5.082,6.597,743.75,22.8,79,0.3,23.7,911.0,18.466,15.0,15.823238636363635,20.1875,18.93422222222222,17.247317973692972,3.0754678400836437,2021,9,4,Monsoon,Bengaluru,21.187272727272727
2021-09-10,19.675,48.25,10.6,10.34,15.39,590.0,29.2,75,0.1,14.3,1005.0,11.416666666666668,11.5,13.893649193548388,20.77696078431372,14.19722222222223,15.303135722764178,3.9688191218633673,2021,9,4,Monsoon,Chennai,20.0
2021-09-10,31.501309523809525,72.0,17.54090909090909,7.566666666666666,19.35,647.5,26.8,88,16.6,19.4,979.5,27.06578947368421,20.624864864864865,40.11111111111112,21.857142857142858,26.397321287452808,33.08156707259909,8.701473218623525,2021,9,4,Monsoon,Delhi,24.5
2021-09-10,24.7825,54.15083333333333,19.990625,6.5525,19.153333333333336,832.5,28.6,86,5.7,15.1,1001.7,12.15,11.2,10.10576923076923,21.18369565217391,16.044166666666673,16.340844274772845,7.74070329914258,2021,9,4,Monsoon,Kolkata,10.9
2021-09-10,14.35,38.85,8.111944444444443,11.3675,8.614999999999998,632.5,26.5,89,9.9,26.2,1005.8,10.45,13.351666666666668,18.84575757575757,12.416666666666666,12.717222222222231,14.60977494855436,2.987883122646659,2021,9,4,Monsoon,Mumbai,8.36
2021-09-11,21.187272727272727,47.94228896103896,9.5,6.7,25.380000000000003,181.78571428571428,22.3,84,1.0,23.8,909.9,23.33666666666667,18.466,15.0,18.12865384615385,20.996646464646464,17.684263528138526,3.4195773430268077,2021,9,5,Monsoon,Bengaluru,18.70683908045977
2021-09-11,20.0,63.3825,7.4275,10.205,18.9175,615.0,29.2,75,1.5,14.7,1003.9,19.675,11.416666666666668,11.5,21.704545454545453,17.030555555555562,15.059629229257686,3.5396932760335087,2021,9,5,Monsoon,Chennai,18.25
2021-09-11,24.5,41.487,19.6,6.08,19.609736842105264,800.0,25.9,91,15.3,25.5,979.3,31.501309523809525,27.06578947368421,20.624864864864865,28.19635944700461,27.68903299916452,32.553515723027,9.148041587578469,2021,9,5,Monsoon,Delhi,30.243513513513516
2021-09-11,10.9,31.8,9.7,4.5,19.263846153846156,430.0,27.8,87,15.1,20.2,1000.8,24.7825,12.15,11.2,28.575,15.944166666666675,13.815844274772846,5.698095741932286,2021,9,5,Monsoon,Kolkata,13.668888888888889
2021-09-11,8.36,26.86,10.2925,11.15,10.670000000000002,545.0,26.3,92,53.6,25.3,1003.6,14.35,10.45,13.351666666666668,13.622,11.053333333333342,13.858060662840073,3.823025423115789,2021,9,5,Monsoon,Mumbai,9.145
2021-09-12,18.70683908045977,42.123333333333335,5.706617647058824,1.8086206896551724,7.023793103448276,708.8235294117648,22.2,86,4.8,25.5,908.7,21.187272727272727,23.33666666666667,18.466,15.23777777777778,21.076926158133055,18.17984371423595,3.2532605546121993,2021,9,6,Monsoon,Bengaluru,18.5687962962963
2021-09-12,18.25,45.55083333333333,9.929166666666667,7.4125,5.990833333333334,674.1666666666667,29.3,72,0.8,18.9,1002.6,20.0,19.675,11.416666666666668,15.320833333333333,19.30833333333334,15.478081610210069,3.7430177716945847,2021,9,6,Monsoon,Chennai,16.729166666666664
2021-09-12,30.243513513513516,61.45,20.40209302325581,9.317906976744188,22.9973538654934,956.7543859649122,26.5,91,6.4,13.3,977.6,24.5,31.501309523809525,27.06578947368421,38.375,28.748274345774288,31.391874796386073,8.79507961734074,2021,9,6,Monsoon,Delhi,38.38529411764706
2021-09-12,13.668888888888889,32.38111111111111,4.928888888888888,1.7033333333333334,22.785555555555558,895.5555555555555,27.9,86,8.4,30.3,997.3,10.9,24.7825,12.15,18.404545454545456,16.45046296296297,13.13932190825048,5.331844744656388,2021,9,6,Monsoon,Kolkata,12.002222222222224
2021-09-12,9.145,24.5,8.139268292682926,12.515,15.0,535.0,26.4,91,45.3,21.4,1001.9,8.36,14.35,10.45,18.348412162162163,10.618333333333341,12.54328749681691,3.597277331358217,2021,9,6,Monsoon,Mumbai,17.60625
2021-09-13,18.5687962962963,43.083333333333336,5.82375,1.5437037037037038,7.326296296296296,745.0,23.0,79,1.7,30.0,908.2,18.70683908045977,21.187272727272727,23.33666666666667,14.738888888888887,19.487636034676267,18.726973343865584,2.87859582658095,2021,9,0,Monsoon,Bengaluru,20.41
2021-09-13,16.729166666666664,84.0,10.9,6.470000000000001,9.443333333333335,465.0,29.9,68,0.0,23.9,1001.8,18.25,20.0,19.675,13.611255411255412,18.326388888888896,15.923497503840247,3.6686168776217274,2021,9,0,Monsoon,Chennai,18.666666666666668
2021-09-13,38.38529411764706,75.212,16.6325,7.326470588235294,25.76,833.6666666666666,27.6,88,7.8,9.2,977.8,30.243513513513516,24.5,31.501309523809525,45.6965350877193,31.042935877053463,30.34741180066147,7.0801228798028975,2021,9,0,Monsoon,Delhi,26.91640243902439
2021-09-13,12.002222222222224,26.18,3.576666666666666,2.6555555555555554,21.03222222222222,653.3333333333334,27.0,91,23.2,30.9,997.7,13.668888888888889,10.9,24.7825,9.16809523809524,12.19037037037038,13.544197191697192,5.081769651589733,2021,9,0,Monsoon,Kolkata,9.75
2021-09-13,17.60625,52.2475,8.152258064516129,9.375,7.0,365.0,26.4,90,27.4,25.0,1001.3,9.145,8.36,14.35,13.300588235294118,11.703750000000008,13.158382034632032,4.083587496699686,2021,9,0,Monsoon,Mumbai,23.37
2021-09-14,20.41,52.51689655172414,6.480625,4.982413793103449,6.451034482758621,837.5,23.3,78,1.0,23.3,908.8,18.5687962962963,18.70683908045977,21.187272727272727,15.823238636363635,19.228545125585356,19.382224967242205,2.617674038817642,2021,9,1,Monsoon,Bengaluru,21.186
2021-09-14,18.666666666666668,47.36666666666667,11.14,11.6,8.688333333333333,546.6666666666666,29.9,70,0.0,22.1,1002.9,16.729166666666664,18.25,20.0,13.893649193548388,17.881944444444454,16.605357142857144,3.672026318226114,2021,9,1,Monsoon,Chennai,20.38095238095238
2021-09-14,26.91640243902439,64.83045454545454,20.427209302325583,7.434736842105263,22.84102564102564,808.8888888888889,27.9,84,0.3,16.0,979.9,38.38529411764706,30.243513513513516,24.5,40.11111111111112,31.84840335672826,28.462453418934793,5.661851350155223,2021,9,1,Monsoon,Delhi,25.39393939393939
2021-09-14,9.75,17.07,3.42,3.305,23.700000000000003,625.0,26.5,93,29.5,23.7,1002.2,12.002222222222224,13.668888888888889,10.9,10.10576923076923,11.807037037037047,13.493373015873017,5.12349751244149,2021,9,1,Monsoon,Kolkata,11.518823529411764
2021-09-14,23.37,68.27166666666668,7.804411764705883,12.190833333333334,15.798333333333332,437.9166666666666,26.8,85,6.0,25.5,1002.3,17.60625,9.145,8.36,18.84575757575757,16.70708333333334,13.80470238095238,5.308184122239471,2021,9,1,Monsoon,Mumbai,25.38139705882353
2021-09-15,21.186,59.23072727272727,18.35,5.797435897435897,15.198974358974358,212.66666666666669,22.9,81,1.6,18.7,909.7,20.41,18.5687962962963,18.70683908045977,15.0,20.054932098765434,20.265939252956493,1.8118294794143832,2021,9,2,Monsoon,Bengaluru,22.61887096774193
2021-09-15,20.38095238095238,59.142857142857146,11.242857142857144,10.263482142857145,22.657857142857143,628.7916666666667,29.5,76,0.7,17.7,1004.1,18.666666666666668,16.729166666666664,18.25,11.5,18.592261904761912,17.87406462585034,3.1044532743156776,2021,9,2,Monsoon,Chennai,21.22701149425287
2021-09-15,25.39393939393939,84.7063789868668,20.96923076923077,7.4,19.90833333333333,1258.409090909091,28.4,77,0.0,19.2,981.0,26.91640243902439,38.38529411764706,30.243513513513516,20.624864864864865,30.23187865020355,29.143749780231154,4.779787218465247,2021,9,2,Monsoon,Delhi,23.7344
2021-09-15,11.518823529411764,26.575,16.486923076923077,3.792307692307692,15.375384615384617,453.75,26.8,92,11.8,18.4,1004.5,9.75,12.002222222222224,13.668888888888889,11.2,11.090348583878004,13.53891923436041,5.1010803633215,2021,9,2,Monsoon,Kolkata,17.053461538461537
2021-09-15,25.38139705882353,83.718,11.01529411764706,12.149090909090908,8.692857142857143,699.4313725490197,26.5,87,6.0,24.1,1003.6,23.37,17.60625,9.145,13.351666666666668,22.119215686274515,15.523235294117645,6.858110074264596,2021,9,2,Monsoon,Mumbai,24.88689655172414
2021-09-16,22.61887096774193,61.72668202764977,12.92058823529412,5.617869875222817,17.13265625,344.6820276497696,23.2,78,0.6,18.0,909.8,21.186,20.41,18.5687962962963,18.466,21.40495698924731,20.85920653406248,1.804120295653962,2021,9,3,Monsoon,Bengaluru,25.09837092731829
2021-09-16,21.22701149425287,49.793103448275865,12.348387096774196,10.793030303030305,25.4269696969697,641.3961038961039,29.2,79,1.3,17.7,1004.2,20.38095238095238,18.666666666666668,16.729166666666664,11.416666666666668,20.091543513957316,19.275542458362654,1.5067107822645303,2021,9,3,Monsoon,Chennai,32.74549549549549
2021-09-16,23.7344,69.88447368421053,23.458459051724137,6.557230255839822,17.136363636363637,1023.2352941176472,27.9,77,4.1,21.6,979.2,25.39393939393939,26.91640243902439,38.38529411764706,27.06578947368421,25.348247277654533,28.66783699827627,5.171007160117661,2021,9,3,Monsoon,Delhi,20.966666666666665
2021-09-16,17.053461538461537,37.22692307692308,14.710769230769232,4.5,18.483214285714286,500.6060606060606,27.3,91,7.5,13.2,1003.6,11.518823529411764,9.75,12.002222222222224,12.15,12.774095022624442,14.239413739854916,5.213990607658868,2021,9,3,Monsoon,Kolkata,22.545714285714286
2021-09-16,24.88689655172414,78.7057142857143,8.916666666666666,11.341739130434783,11.55692118226601,633.5833333333333,26.7,85,4.4,24.5,1004.9,25.38139705882353,23.37,17.60625,10.45,24.546097870182564,17.585649087221096,7.238411703822574,2021,9,3,Monsoon,Mumbai,23.485277777777775
2021-09-17,25.09837092731829,74.1687837837838,14.89613798008535,5.577258687258688,20.66769401330377,332.0632827949901,23.6,74,0.1,14.0,909.6,22.61887096774193,21.186,20.41,23.33666666666667,22.967747298353405,21.11087857129843,2.270037980271934,2021,9,4,Monsoon,Bengaluru,24.118348416289592
2021-09-17,32.74549549549549,67.28891891891892,11.419444444444444,9.86066856330014,27.001351351351357,638.5135135135135,29.1,82,3.3,14.8,1004.2,21.22701149425287,20.38095238095238,18.666666666666668,19.675,24.784486456900254,21.142756100576296,5.330661705074169,2021,9,4,Monsoon,Chennai,28.93530701754386
2021-09-17,20.966666666666665,54.75,17.257585470085473,6.551147342995169,20.225806451612904,782.3529411764706,26.8,75,1.5,26.6,978.6,23.7344,25.39393939393939,26.91640243902439,31.501309523809525,23.365002020201956,27.162888018684434,5.713452666080007,2021,9,4,Monsoon,Delhi,31.394642857142856
2021-09-17,22.545714285714286,42.06896551724138,14.43125,3.968571428571429,17.74310344827586,504.72222222222223,27.6,89,8.4,8.7,1002.6,17.053461538461537,11.518823529411764,9.75,24.7825,17.039333117862537,13.919872923528386,4.476557547876914,2021,9,4,Monsoon,Kolkata,25.02579071969697
2021-09-17,23.485277777777775,67.95277777777778,8.346505791505791,12.79522857142857,10.891034482758622,840.3333333333334,26.7,84,3.3,21.6,1005.3,24.88689655172414,25.38139705882353,23.37,14.35,24.58452379610849,18.89068876976078,7.37994938582458,2021,9,4,Monsoon,Mumbai,17.469957983193275
2021-09-18,24.118348416289592,70.05541103603603,15.965176715176714,5.3810714285714285,21.049459459459463,316.0323886639676,23.7,73,0.0,9.9,910.7,25.09837092731829,22.61887096774193,21.186,21.187272727272727,23.945196770449936,21.529603669729408,2.540674399850506,2021,9,5,Monsoon,Bengaluru,25.01010101010101
2021-09-18,28.93530701754386,56.68885714285714,12.608,10.806959921798631,29.6453125,680.6770833333333,28.9,82,2.5,15.5,1005.7,32.74549549549549,21.22701149425287,20.38095238095238,20.0,27.63593800243075,22.41922853165399,6.034732947704804,2021,9,5,Monsoon,Chennai,23.516666666666666
2021-09-18,31.394642857142856,73.39363557105493,21.425,7.108333333333333,24.25240060015004,850.2777777777778,27.4,80,0.1,18.1,980.8,20.966666666666665,23.7344,25.39393939393939,24.5,25.365236507936444,28.14783699827627,5.771873658399987,2021,9,5,Monsoon,Delhi,27.743714285714287
2021-09-18,25.02579071969697,46.144444444444446,21.50985691573927,4.075653594771242,16.14872972972973,574.9285714285714,27.1,93,19.7,7.2,1004.2,22.545714285714286,17.053461538461537,11.518823529411764,10.9,21.54165551462427,15.937843026342238,5.8588076026151,2021,9,5,Monsoon,Kolkata,33.96363636363636
2021-09-18,17.469957983193275,55.52941176470589,10.202121212121211,12.166774193548388,9.859334365325076,835.1808406647117,26.2,89,3.3,17.9,1007.0,23.485277777777775,24.88689655172414,25.38139705882353,8.36,21.94737743756507,20.192111338788386,5.86016328987668,2021,9,5,Monsoon,Mumbai,14.700559309309307
2021-09-19,25.01010101010101,67.05694444444444,16.851944444444445,6.050311942959002,21.503353174603177,283.89561975768873,24.2,75,4.1,16.3,912.1,24.118348416289592,25.09837092731829,22.61887096774193,18.70683908045977,24.742273451236297,22.430069659678157,2.4899848477736053,2021,9,6,Monsoon,Bengaluru,22.928571428571427
2021-09-19,23.516666666666666,50.55555555555556,10.552941176470588,8.807344322344322,26.49897435897436,600.9935897435897,28.9,84,1.4,14.1,1007.1,28.93530701754386,32.74549549549549,21.22701149425287,18.25,28.399156393235348,23.171609484034942,5.749889487766501,2021,9,6,Monsoon,Chennai,21.132675438596493
2021-09-19,27.743714285714287,78.21428571428571,18.055422794117646,6.217105263157895,22.162857142857145,788.8888888888889,28.1,81,0.3,13.5,982.5,31.394642857142856,20.966666666666665,23.7344,30.243513513513516,26.701674603174542,27.79072282287638,5.697454029967843,2021,9,6,Monsoon,Delhi,29.633333333333333
2021-09-19,33.96363636363636,68.84848484848484,25.279411764705884,4.435294117647059,18.385526315789477,604.375,25.8,95,60.4,8.4,1005.7,25.02579071969697,22.545714285714286,17.053461538461537,13.668888888888889,27.178380456349213,18.83709266559188,8.821331082598489,2021,9,6,Monsoon,Kolkata,20.1
2021-09-19,14.700559309309307,34.846666666666664,10.62625,12.860555555555557,9.209291666666669,667.4404761904761,26.2,91,6.4,17.1,1008.8,17.469957983193275,23.485277777777775,24.88689655172414,9.145,18.55193169009346,20.985762668689716,4.277039093243897,2021,9,6,Monsoon,Mumbai,11.212727272727273
2021-09-20,22.928571428571427,53.13735294117648,23.7,6.16764705882353,20.118346153846154,402.1078431372549,23.8,79,1.4,9.8,911.3,25.01010101010101,24.118348416289592,25.09837092731829,18.5687962962963,24.01900695165401,23.052894678574603,1.8176836106492238,2021,9,0,Monsoon,Bengaluru,19.602096774193548
2021-09-20,21.132675438596493,45.689655172413794,10.709545454545456,6.8971875,20.875,728.0357142857142,28.6,81,3.7,16.5,1006.3,23.516666666666666,28.93530701754386,32.74549549549549,16.729166666666664,24.528216374269018,23.800682165739204,5.13565040093411,2021,9,0,Monsoon,Chennai,20.75
2021-09-20,29.633333333333333,81.00528017241379,19.69393939393939,7.726551724137931,21.848892857142857,1000.1330049261084,28.3,81,0.7,14.0,981.6,27.743714285714287,31.394642857142856,20.966666666666665,38.38529411764706,29.590563492063428,26.54044271083156,3.5349154776511473,2021,9,0,Monsoon,Delhi,28.438914027149323
2021-09-20,20.1,35.978125,18.4741935483871,6.74375,25.78518518518519,473.2258064516129,25.5,94,58.8,14.4,1003.8,33.96363636363636,25.02579071969697,22.545714285714286,12.002222222222224,26.36314236111112,19.993918062417272,8.290627824833104,2021,9,0,Monsoon,Kolkata,12.707692307692309
2021-09-20,11.212727272727273,35.125,8.158823529411764,13.7125,8.146731182795698,947.176724137931,26.4,90,10.2,13.1,1008.1,14.700559309309307,17.469957983193275,23.485277777777775,17.60625,14.461081521743294,20.07240227907933,5.597765997767253,2021,9,0,Monsoon,Mumbai,10.185467032967033
2021-09-21,19.602096774193548,47.10526315789474,15.574341991341992,5.578947368421052,17.069187969924812,380.483870967742,23.7,75,1.0,15.8,910.6,22.928571428571427,25.01010101010101,24.118348416289592,20.41,22.513589737622,22.937479932030822,2.027055014848765,2021,9,1,Monsoon,Bengaluru,19.46594017094017
2021-09-21,20.75,55.98333333333333,10.469988876529476,9.900104166666669,23.84010775862069,721.5625,28.9,80,7.5,15.3,1004.9,21.132675438596493,23.516666666666666,28.93530701754386,18.666666666666668,21.799780701754397,24.09830121335825,4.840419008942488,2021,9,1,Monsoon,Chennai,15.284347826086956
2021-09-21,28.438914027149323,70.68431003584229,21.24814814814815,7.097222222222222,18.79910256410256,900.7135874877811,28.0,83,1.7,13.4,980.7,29.633333333333333,27.743714285714287,31.394642857142856,26.91640243902439,28.60532054873225,26.75794436627798,3.6079879765974505,2021,9,1,Monsoon,Delhi,26.535714285714285
2021-09-21,12.707692307692309,24.236896551724136,13.469666666666669,8.021290322580645,21.177241379310345,502.3076923076923,25.4,95,35.5,17.8,1003.0,20.1,33.96363636363636,25.02579071969697,9.75,22.25710955710957,20.41644553494475,7.738524629016791,2021,9,1,Monsoon,Kolkata,16.034375
2021-09-21,10.185467032967033,27.230357142857144,8.197777777777778,12.664,7.319887218045112,1006.7619047619048,26.0,91,17.8,14.5,1007.1,11.212727272727273,14.700559309309307,17.469957983193275,23.37,12.032917871667879,18.18889756950319,6.4556708002781455,2021,9,1,Monsoon,Mumbai,13.192307692307692
2021-09-22,19.46594017094017,40.69834224598931,12.81939393939394,5.122941176470588,19.36963488843813,294.88235294117646,23.3,77,1.7,17.9,909.2,19.602096774193548,22.928571428571427,25.01010101010101,21.186,20.66553612456838,22.69175709930799,2.352833773212582,2021,9,2,Monsoon,Bengaluru,17.716022727272726
2021-09-22,15.284347826086956,28.565217391304348,8.777333333333333,7.891999999999999,12.463703703703702,838.1018518518518,28.5,79,2.9,13.6,1003.7,20.75,21.132675438596493,23.516666666666666,20.38095238095238,19.055674421561157,23.37021484837748,5.784091123934915,2021,9,2,Monsoon,Chennai,28.55232558139535
2021-09-22,26.535714285714285,64.125,19.406206896551723,7.45925925925926,22.226086956521737,862.0689655172414,26.4,90,17.3,14.4,980.6,28.438914027149323,29.633333333333333,27.743714285714287,25.39393939393939,28.202653882065587,26.921055065102966,3.561556410224683,2021,9,2,Monsoon,Delhi,24.33333333333333
2021-09-22,16.034375,35.90769230769231,14.6575,4.35,21.16642857142857,574.8275862068965,26.1,92,19.3,17.4,1002.7,12.707692307692309,20.1,33.96363636363636,11.518823529411764,16.28068910256411,21.061524316457355,7.028875668540196,2021,9,2,Monsoon,Kolkata,28.36709677419355
2021-09-22,13.192307692307692,42.92837701612903,7.079916666666668,13.84890909090909,8.229545454545455,1003.157894736842,25.8,92,19.7,16.8,1005.5,10.185467032967033,11.212727272727273,14.700559309309307,25.38139705882353,11.530167332667341,16.447599088572357,5.803205028093789,2021,9,2,Monsoon,Mumbai,20.4075
2021-09-23,17.716022727272726,46.84660714285714,13.381761904761904,5.997727272727273,21.786076923076923,329.7435897435897,23.5,77,1.9,18.4,909.3,19.46594017094017,19.602096774193548,22.928571428571427,22.61887096774193,18.928019890802148,21.99135020781239,3.014785565716502,2021,9,3,Monsoon,Bengaluru,24.66771428571429
2021-09-23,28.55232558139535,59.74418604651163,7.855,7.800000000000001,16.9775,997.797619047619,28.4,81,5.4,15.9,1003.9,15.284347826086956,20.75,21.132675438596493,21.22701149425287,21.528891135827447,24.41668828939783,5.990679777408367,2021,9,3,Monsoon,Chennai,20.973684210526315
2021-09-23,24.33333333333333,60.9,17.24823529411765,7.023,23.320833333333333,710.7142857142857,26.6,88,6.4,14.8,982.0,26.535714285714285,28.438914027149323,29.633333333333333,23.7344,26.43598721539892,27.006616969864865,3.4784668979206006,2021,9,3,Monsoon,Delhi,25.272972972972973
2021-09-23,28.36709677419355,53.346428571428575,19.27741935483871,4.9,17.995483870967742,803.3333333333334,27.0,91,8.9,13.6,1004.5,16.034375,12.707692307692309,20.1,17.053461538461537,19.036388027295292,22.677757921561923,7.250883891197579,2021,9,3,Monsoon,Kolkata,34.43333333333334
2021-09-23,20.4075,58.626,8.1390625,14.2459375,11.378630952380952,1042.029761904762,26.2,91,6.6,14.5,1005.5,13.192307692307692,10.185467032967033,11.212727272727273,24.88689655172414,14.595091575091582,15.807685295468909,4.89312063866362,2021,9,3,Monsoon,Mumbai,20.126666666666665
2021-09-24,24.66771428571429,55.894340659340656,17.600571428571428,6.535714285714286,22.428571428571427,577.3333333333334,23.3,81,5.7,17.1,910.0,17.716022727272726,19.46594017094017,19.602096774193548,25.09837092731829,20.61655906130906,21.929827830440388,2.944385729631271,2021,9,4,Monsoon,Bengaluru,15.26923076923077
2021-09-24,20.973684210526315,59.05706043956044,12.725158730158729,9.89107142857143,24.096111111111117,848.0714285714286,28.4,81,4.9,13.4,1004.9,28.55232558139535,15.284347826086956,20.75,32.74549549549549,21.603452539336217,22.735000962973665,4.796147880269629,2021,9,4,Monsoon,Chennai,27.629800853485065
2021-09-24,25.272972972972973,57.11111111111112,22.91260617760618,8.818205128205127,20.268181818181816,967.5862068965516,27.0,85,2.1,11.7,982.9,24.33333333333333,26.535714285714285,28.438914027149323,20.966666666666665,25.380673530673466,27.621803585051484,2.465553744492895,2021,9,4,Monsoon,Delhi,34.0
2021-09-24,34.43333333333334,67.06190476190476,19.3,6.604761904761904,19.88774193548387,1113.3333333333333,28.5,84,0.0,9.8,1005.0,28.36709677419355,16.034375,12.707692307692309,22.545714285714286,26.278268369175635,24.37598921407893,8.499412668940327,2021,9,4,Monsoon,Kolkata,45.765
2021-09-24,20.126666666666665,68.30973684210527,6.099512195121951,15.030810810810811,10.553733333333334,1037.8177150192555,26.7,87,2.0,15.0,1006.5,20.4075,13.192307692307692,10.185467032967033,23.485277777777775,17.908824786324796,15.32788370816732,4.118099972989223,2021,9,4,Monsoon,Mumbai,26.28125
2021-09-25,15.26923076923077,41.45465916197624,13.961777777777778,4.633333333333333,21.355055555555555,256.65197623514695,22.9,83,7.5,14.5,909.7,24.66771428571429,17.716022727272726,19.46594017094017,24.118348416289592,19.21765592740593,20.665668166574843,3.660684754159931,2021,9,5,Monsoon,Bengaluru,13.912431941923774
2021-09-25,27.629800853485065,67.84974358974358,7.96,8.073076923076924,21.868484848484847,705.5849358974359,28.9,81,9.4,13.2,1004.1,20.973684210526315,28.55232558139535,15.284347826086956,28.93530701754386,25.71860354846892,22.548500082393836,4.533026944641964,2021,9,5,Monsoon,Chennai,14.916849816849815
2021-09-25,34.0,72.45833333333334,20.92529761904762,7.360748106060607,25.1575,777.9120879120879,27.2,86,2.1,9.9,981.7,25.272972972972973,24.33333333333333,26.535714285714285,31.394642857142856,27.868768768768703,27.993997462602504,3.2132825106402554,2021,9,5,Monsoon,Delhi,35.88311111111111
2021-09-25,45.765,91.745,19.3975,4.814054054054054,17.814054054054054,947.0,28.0,90,5.3,9.2,1003.5,34.43333333333334,28.36709677419355,16.034375,25.02579071969697,36.18847670250897,27.338733396979368,11.75487603119114,2021,9,5,Monsoon,Kolkata,21.954310897435896
2021-09-25,26.28125,67.33928571428571,7.09064935064935,12.9045,11.491410256410257,1085.5405405405404,26.4,87,2.2,13.4,1006.9,20.126666666666665,20.4075,13.192307692307692,17.469957983193275,22.271805555555563,16.58663971056828,5.860161666334646,2021,9,5,Monsoon,Mumbai,19.34210526315789
2021-09-26,13.912431941923774,30.65,12.36928746928747,5.651724137931035,24.69136363636364,185.3571212121212,23.0,77,3.7,17.8,907.9,15.26923076923077,24.66771428571429,17.716022727272726,25.01010101010101,17.94979233228961,19.080286871120954,3.863110642695407,2021,9,6,Monsoon,Bengaluru,12.68
2021-09-26,14.916849816849815,29.102564102564106,9.62142857142857,9.855,12.073,860.8333333333333,28.2,81,4.6,19.5,1002.1,27.629800853485065,20.973684210526315,28.55232558139535,23.516666666666666,21.173444960287075,21.319954818134285,5.323367897948219,2021,9,6,Monsoon,Chennai,18.12
2021-09-26,35.88311111111111,74.58824786324786,19.9787037037037,7.379318996415771,25.92325581395349,815.5882352941177,26.8,85,1.5,14.9,981.5,34.0,25.272972972972973,24.33333333333333,27.743714285714287,31.71869469469463,29.156768437659192,4.37154292110787,2021,9,6,Monsoon,Delhi,53.16932773109244
2021-09-26,21.954310897435896,44.20084821428571,12.35,4.050000000000001,12.452789915966385,663.2900432900433,28.0,87,7.6,18.8,1002.7,45.765,34.43333333333334,28.36709677419355,33.96363636363636,34.050881410256416,25.623115473236446,11.500448653321639,2021,9,6,Monsoon,Kolkata,17.743976608187133
2021-09-26,19.34210526315789,59.34285714285714,8.463179314565483,10.947368421052632,12.403846153846152,964.8706896551724,26.5,85,2.8,14.1,1005.0,26.28125,20.126666666666665,20.4075,14.700559309309307,21.916673976608195,17.24971770397522,5.87376302846791,2021,9,6,Monsoon,Mumbai,21.120298295454543
2021-09-27,12.68,33.138888888888886,12.072,5.466666666666667,21.348000000000003,214.66666666666663,22.2,83,5.9,24.3,906.8,13.912431941923774,15.26923076923077,24.66771428571429,22.928571428571427,13.953887570384849,17.616205238467895,4.096571245856433,2021,9,0,Monsoon,Bengaluru,15.61904761904762
2021-09-27,18.12,51.38048780487805,8.569408536585367,6.285870288248336,13.419474671669793,1102.6666666666667,29.0,74,1.4,21.3,1000.4,14.916849816849815,27.629800853485065,20.973684210526315,21.132675438596493,20.222216890111635,20.889572612620498,5.4610363795677435,2021,9,0,Monsoon,Chennai,19.04054054054054
2021-09-27,53.16932773109244,113.7560975609756,22.593103448275865,8.595,28.174625,942.3626852659112,28.1,81,0.2,8.2,981.9,35.88311111111111,34.0,25.272972972972973,29.633333333333333,41.01747961406779,32.51905335162478,10.098708629395986,2021,9,0,Monsoon,Delhi,46.225
2021-09-27,17.743976608187133,39.89654654654655,13.232432432432432,4.281418918918919,16.488209459459462,630.2796052631579,27.3,91,14.2,16.0,1003.3,21.954310897435896,45.765,34.43333333333334,20.1,28.487762501874347,25.286540702977458,11.721383323214086,2021,9,0,Monsoon,Kolkata,12.4
2021-09-27,21.120298295454543,57.5,8.192307692307692,14.437,7.176091800356506,989.6957236842104,25.9,89,5.2,9.6,1003.7,19.34210526315789,26.28125,20.126666666666665,11.212727272727273,22.24788451953749,18.66508499293626,5.346647569538469,2021,9,0,Monsoon,Mumbai,17.63197505197505
2021-09-28,15.61904761904762,44.28833333333333,12.236585365853658,5.441463414634146,21.44275,208.33333333333331,22.5,78,0.5,24.4,908.6,12.68,13.912431941923774,15.26923076923077,19.602096774193548,14.070493186990467,17.047198216304192,4.051128778100139,2021,9,1,Monsoon,Bengaluru,17.195121951219512
2021-09-28,19.04054054054054,68.07023255813954,11.294,6.776777944486122,17.115348837209304,829.4707297514034,29.0,71,1.0,19.3,1003.2,18.12,14.916849816849815,27.629800853485065,20.75,17.35913011913013,20.645364118412004,5.5063521591379,2021,9,1,Monsoon,Chennai,32.26864035087719
2021-09-28,46.225,109.897212543554,21.14264705882353,7.709273182957393,29.647441860465115,941.0344827586208,28.1,82,1.7,15.8,982.6,53.16932773109244,35.88311111111111,34.0,28.438914027149323,45.09247961406779,35.05992277631773,11.089911409897288,2021,9,1,Monsoon,Delhi,29.05
2021-09-28,12.4,29.591666666666665,13.263513513513514,6.383870967741935,17.55638888888889,547.0588235294117,26.3,91,22.2,32.4,1003.0,17.743976608187133,21.954310897435896,45.765,12.707692307692309,17.366095835207684,25.242584659021418,11.776862495727608,2021,9,1,Monsoon,Kolkata,9.261627906976743
2021-09-28,17.63197505197505,48.68391391391391,11.477567567567569,13.309127819548872,7.761666666666667,1035.6756756756756,25.7,91,14.3,17.6,1003.0,21.120298295454543,19.34210526315789,26.28125,10.185467032967033,19.36479287019584,19.728871852794548,3.931957515405861,2021,9,1,Monsoon,Mumbai,8.408782051282051
2021-09-29,17.195121951219512,48.79076923076923,12.5825,4.994736842105263,21.38714285714285,207.1794871794872,22.7,80,0.4,20.6,910.3,15.61904761904762,12.68,13.912431941923774,19.46594017094017,15.164723190089044,16.722795613486955,3.913753009319393,2021,9,2,Monsoon,Bengaluru,16.457142857142856
2021-09-29,32.26864035087719,77.26666666666667,11.513684210526316,11.308947368421054,27.71681818181818,821.9677033492823,28.6,77,0.0,12.0,1005.3,19.04054054054054,18.12,14.916849816849815,15.284347826086956,23.143060297139254,23.07169162195347,6.4170357020873094,2021,9,2,Monsoon,Chennai,28.626254826254826
2021-09-29,29.05,82.64333333333333,19.61924603174603,7.566818181818181,23.467352941176472,813.7209302325581,28.2,80,0.2,16.0,983.7,46.225,53.16932773109244,35.88311111111111,26.535714285714285,42.81477591036409,35.41910644978712,10.804865890601004,2021,9,2,Monsoon,Delhi,32.205128205128204
2021-09-29,9.261627906976743,20.236046511627908,13.181538461538462,7.762142857142857,21.666097560975608,552.4324324324324,25.9,93,49.4,25.8,1005.6,12.4,17.743976608187133,21.954310897435896,16.034375,13.135201505054633,24.275049360018095,12.885482290560942,2021,9,2,Monsoon,Kolkata,11.429032258064517
2021-09-29,8.408782051282051,27.0,9.582666666666666,11.378947368421052,12.607751937984496,851.694701429773,26.3,89,30.7,24.9,1003.9,17.63197505197505,21.120298295454543,19.34210526315789,13.192307692307692,15.720351799570556,19.045511046933743,5.399238026039393,2021,9,2,Monsoon,Mumbai,16.056598746081505
2021-09-30,16.457142857142856,50.19620689655173,14.66764705882353,5.171875,22.20942857142857,205.17241379310343,22.6,84,5.7,10.0,911.0,17.195121951219512,15.61904761904762,12.68,17.716022727272726,16.423770809136663,16.542955632039828,3.889354060823068,2021,9,3,Monsoon,Bengaluru,16.721208791208788
2021-09-30,28.626254826254826,58.77421052631579,10.999473684210528,13.157575757575756,18.006944444444443,956.6374269005848,28.0,85,11.4,10.2,1006.5,32.26864035087719,19.04054054054054,18.12,28.55232558139535,26.645145239224195,23.082252942647678,6.427611352774663,2021,9,3,Monsoon,Chennai,20.041666666666668
2021-09-30,32.205128205128204,80.62041467304626,18.63924731182796,6.351862170087976,24.70625,700.0,28.2,82,0.7,9.0,985.0,29.05,46.225,53.16932773109244,24.33333333333333,35.826709401709344,36.54364857432925,9.823898471939069,2021,9,3,Monsoon,Delhi,43.375
2021-09-30,11.429032258064517,25.47741935483871,12.970967741935484,4.811764705882353,10.97709677419355,572.5806451612904,27.2,90,5.9,15.9,1007.3,9.261627906976743,12.4,17.743976608187133,28.36709677419355,11.030220055013762,21.855325857713947,13.561611222569638,2021,9,3,Monsoon,Kolkata,14.792842963488123
2021-09-30,16.056598746081505,37.64851851851852,8.154054054054054,14.546875,8.5008211143695,847.7011494252874,26.4,89,4.4,23.1,1007.2,8.408782051282051,17.63197505197505,21.120298295454543,20.4075,14.032451949779542,18.423953724945388,5.466334479845224,2021,9,3,Monsoon,Mumbai,18.666666666666668
2021-10-01,16.721208791208788,48.27342175066313,15.72398190045249,5.234134615384615,21.280021978021978,204.5822281167109,23.0,85,12.3,13.2,910.6,16.457142857142856,17.195121951219512,15.61904761904762,24.66771428571429,16.79115786652372,15.407740561396187,1.6207780166032344,2021,10,4,Post-Monsoon,Bengaluru,16.985274725274724
2021-10-01,20.041666666666668,57.12811740890688,10.485219298245614,12.91583916083916,18.51073717948718,933.3864709851553,28.0,85,10.1,17.1,1006.1,28.626254826254826,32.26864035087719,19.04054054054054,20.973684210526315,26.978853947932905,22.949107579239158,6.487939261981036,2021,10,4,Post-Monsoon,Chennai,6.166666666666667
2021-10-01,43.375,92.49576739050424,20.5964846980976,6.617744567260696,24.1225,736.3076923076923,28.6,82,0.2,6.6,984.5,32.205128205128204,29.05,46.225,25.272972972972973,34.87670940170934,39.129652435333114,8.678337101925274,2021,10,4,Post-Monsoon,Delhi,49.91666666666666
2021-10-01,14.792842963488123,30.99124423963133,13.403115522470362,4.844513574660633,11.358309110244596,630.5552109181142,27.8,89,0.8,12.0,1007.2,11.429032258064517,9.261627906976743,12.4,34.43333333333334,11.827834376176469,19.04954151916463,12.517116321302572,2021,10,4,Post-Monsoon,Kolkata,18.156653668911733
2021-10-01,18.666666666666668,46.08067231379732,8.292075537075537,14.034961538461538,8.430501541469283,890.8908045977012,27.0,89,0.2,15.1,1008.1,16.056598746081505,8.408782051282051,17.63197505197505,20.126666666666665,14.37734915467675,18.21538229637396,5.418179888082468,2021,10,4,Post-Monsoon,Mumbai,25.375
2021-10-02,16.985274725274724,46.35063660477454,16.780316742081446,5.296394230769231,20.350615384615384,203.9920424403183,23.0,85,12.4,13.8,910.3,16.721208791208788,16.457142857142856,17.195121951219512,15.26923076923077,16.72120879120879,15.652889697973894,1.7228982682363343,2021,10,5,Post-Monsoon,Bengaluru,17.249340659340657
2021-10-02,6.166666666666667,55.48202429149798,9.970964912280705,12.674102564102563,19.014529914529916,910.1355150697256,27.6,85,11.0,15.1,1006.3,20.041666666666668,28.626254826254826,32.26864035087719,27.629800853485065,18.278196053196062,19.882945552550815,8.626433423321668,2021,10,5,Post-Monsoon,Chennai,5.958333333333333
2021-10-02,49.91666666666666,104.3711201079622,22.553722084367248,6.883626964433416,23.53875,772.6153846153846,28.9,77,0.2,12.7,983.1,43.375,32.205128205128204,29.05,34.0,41.83226495726489,41.40346195914263,9.180923000018574,2021,10,5,Post-Monsoon,Delhi,29.791666666666668
2021-10-02,18.156653668911733,36.50506912442396,13.83526330300524,4.877262443438914,11.73952144629564,688.529776674938,28.5,84,0.3,13.5,1006.5,14.792842963488123,11.429032258064517,9.261627906976743,45.765,14.792842963488132,15.105492043294877,4.439633036660558,2021,10,5,Post-Monsoon,Kolkata,21.52046437433534
2021-10-02,25.375,54.51282610907611,8.430097020097019,13.523048076923075,8.360181968569064,934.080459770115,26.9,89,0.8,16.4,1007.7,18.666666666666668,16.056598746081505,8.408782051282051,26.28125,20.03275513758273,18.08591801065967,5.19975346592633,2021,10,5,Post-Monsoon,Mumbai,29.875
2021-10-03,5.958333333333333,53.83593117408907,9.45671052631579,12.432365967365966,19.51832264957265,886.884559154296,27.7,86,3.6,15.3,1005.8,6.166666666666667,20.041666666666668,28.626254826254826,14.916849816849815,10.722222222222234,18.60315748347703,10.035435862725272,2021,10,6,Post-Monsoon,Chennai,9.875
2021-10-03,29.791666666666668,116.2464728254202,24.51095947063689,7.149509361606135,22.955,808.9230769230769,29.1,74,0.0,16.8,981.3,49.91666666666666,43.375,32.205128205128204,35.88311111111111,41.027777777777715,40.53325560993628,10.03987703768687,2021,10,6,Post-Monsoon,Delhi,27.0
2021-10-03,29.875,62.9449799043549,8.568118503118503,13.011134615384616,8.289862395668846,977.2701149425288,27.5,89,0.2,17.8,1007.1,25.375,18.666666666666668,16.056598746081505,19.34210526315789,24.638888888888896,19.590617258779975,6.87725993868525,2021,10,6,Post-Monsoon,Mumbai,33.458333333333336
2021-10-13,23.558958333333337,37.375,4.314166666666667,10.015,24.55625,654.375,27.7,82,0.0,13.9,1003.5,27.791666666666668,34.208333333333336,23.416666666666668,23.33333333333333,28.51965277777779,23.698898809523808,5.839344455803899,2021,10,2,Post-Monsoon,Chennai,22.39221014492753
2021-10-13,84.11607142857143,235.0,44.083333333333336,9.808333333333334,17.1175,1172.0,26.4,54,0.0,19.3,982.8,75.2,49.958333333333336,51.66666666666666,45.708333333333336,69.75813492063487,66.2046768707483,12.27005381293027,2021,10,2,Post-Monsoon,Delhi,71.77272727272727
2021-10-13,71.29166666666667,147.26651785714284,9.948333333333332,7.892,7.586666666666667,1409.1666666666663,28.1,85,1.6,12.8,1005.3,36.625,31.45833333333333,18.70833333333333,27.416666666666668,46.45833333333334,30.9047619047619,19.73853561842389,2021,10,2,Post-Monsoon,Mumbai,65.58616666666667
2021-10-14,22.39221014492753,48.1063829787234,4.059659090909091,9.55818181818182,20.897954545454542,629.3383838383838,28.3,81,4.7,13.3,1002.9,23.558958333333337,27.791666666666668,34.208333333333336,16.875,24.58094504830919,24.487071687370598,5.088892920651101,2021,10,3,Post-Monsoon,Chennai,35.38207070707071
2021-10-14,71.77272727272727,203.03306159420288,36.38677556818182,7.9804651162790705,36.89769230769231,947.6190476190476,25.2,54,0.0,17.6,982.7,84.11607142857143,75.2,49.958333333333336,65.08333333333333,77.02959956709951,67.160304576376,12.427647452360402,2021,10,3,Post-Monsoon,Delhi,91.97826086956522
2021-10-14,65.58616666666667,131.26286025145066,20.44709486166008,9.34037037037037,16.38216216216216,1067.3684210526317,28.6,80,0.7,18.7,1004.8,71.29166666666667,36.625,31.45833333333333,28.416666666666668,57.83427777777779,36.214690476190476,23.582834712520093,2021,10,3,Post-Monsoon,Mumbai,59.38085326086957
2021-10-15,35.38207070707071,66.31111111111112,7.669347826086957,10.314782608695651,19.910434782608696,767.7070393374742,28.2,82,5.8,11.0,1000.7,22.39221014492753,23.558958333333337,27.791666666666668,18.666666666666668,27.11107972844387,26.874986550285463,5.777685728063909,2021,10,4,Post-Monsoon,Chennai,28.906976744186046
2021-10-15,91.97826086956522,215.86430260047285,46.62673758865249,9.52238675958188,39.34651162790698,1202.9411764705883,25.8,53,0.0,12.1,980.7,71.77272727272727,84.11607142857143,75.2,71.20833333333333,82.62235319028792,70.12743708155199,15.623677639145182,2021,10,4,Post-Monsoon,Delhi,172.4466666666667
2021-10-15,59.38085326086957,131.28491279069766,18.320705602537,10.113991228070176,19.53333333333333,1043.809523809524,28.2,69,0.0,18.6,1002.8,65.58616666666667,71.29166666666667,36.625,16.833333333333332,65.41956219806765,42.29290760869565,23.235467097257338,2021,10,4,Post-Monsoon,Mumbai,51.07536585365854
2021-10-16,28.906976744186046,59.77272727272727,7.739565217391304,10.059503105590062,15.478142062689583,745.8695652173913,28.4,83,2.5,18.0,1000.5,35.38207070707071,22.39221014492753,23.558958333333337,21.375,28.893752532061438,27.950983228026328,5.260935664164406,2021,10,5,Post-Monsoon,Chennai,18.563953488372093
2021-10-16,172.4466666666667,324.243717948718,50.50125,12.900099681020734,40.89511627906977,1823.076923076923,27.0,62,0.0,9.7,980.9,91.97826086956522,71.77272727272727,84.11607142857143,66.2,112.06588493631966,85.30553231964723,41.444287449733,2021,10,5,Post-Monsoon,Delhi,109.4
2021-10-16,51.07536585365854,130.67636363636365,17.191,9.375416666666666,29.578484848484848,800.5921052631579,27.5,70,0.0,20.0,1002.1,59.38085326086957,65.58616666666667,71.29166666666667,13.0,58.68079526039827,47.732245587789734,19.370398122150203,2021,10,5,Post-Monsoon,Mumbai,61.17911111111111
2021-10-17,18.563953488372093,39.72916666666666,5.649869976359338,5.394255319148936,16.66936170212766,631.7553191489362,28.4,84,2.1,14.7,1001.7,28.906976744186046,35.38207070707071,22.39221014492753,23.416666666666668,27.617666979876294,27.25773848826996,6.194847955424938,2021,10,6,Post-Monsoon,Chennai,36.408361018826135
2021-10-17,109.4,189.74242424242425,28.63636363636364,8.509141940657578,18.55081081081081,1114.1666666666667,26.4,77,3.3,18.1,982.3,172.4466666666667,91.97826086956522,71.77272727272727,51.66666666666666,124.60830917874391,93.55315136726628,39.32467699378749,2021,10,6,Post-Monsoon,Delhi,14.153846153846152
2021-10-17,61.17911111111111,147.73978723404255,17.941702127659575,7.406444444444445,28.51235951991271,1033.3947368421054,27.3,73,0.0,17.4,1003.2,51.07536585365854,59.38085326086957,65.58616666666667,18.70833333333333,57.21177674187975,53.7994995560437,14.899796728504112,2021,10,6,Post-Monsoon,Mumbai,38.0
2021-10-18,36.408361018826135,70.35714285714286,7.336281838316722,7.161666666666667,12.472857142857142,802.6306620209059,29.1,78,1.8,14.1,1004.3,18.563953488372093,28.906976744186046,35.38207070707071,34.208333333333336,27.959763750461434,27.572028157626075,6.645656791815842,2021,10,0,Post-Monsoon,Chennai,40.58854166666667
2021-10-18,14.153846153846152,32.04122621564482,22.12472222222222,5.733333333333333,19.03076923076923,815.7894736842105,22.4,93,27.4,15.2,980.9,109.4,172.4466666666667,91.97826086956522,49.958333333333336,98.66683760683755,88.43822462733954,47.43273395745586,2021,10,0,Post-Monsoon,Delhi,54.28235591506572
2021-10-18,38.0,104.11697674418603,17.71666666666667,5.38,20.586176470588235,697.1052631578948,27.8,80,1.1,19.9,1006.3,61.17911111111111,51.07536585365854,59.38085326086957,31.45833333333333,50.08482565492323,54.73402336556751,13.394070765834742,2021,10,0,Post-Monsoon,Mumbai,35.05348837209302
2021-10-19,40.58854166666667,71.5,9.685434782608697,11.674888888888889,26.817021276595742,778.9314420803782,29.0,81,2.4,12.5,1007.1,36.408361018826135,18.563953488372093,28.906976744186046,27.791666666666668,31.85361872462164,29.400153157626075,8.27622720924875,2021,10,1,Post-Monsoon,Chennai,44.04166666666667
2021-10-19,54.28235591506572,102.28571428571428,22.831914893617014,7.086666666666666,24.86421996124031,969.3023255813952,23.8,80,0.0,18.2,982.8,14.153846153846152,109.4,172.4466666666667,75.2,59.278734022970575,85.44998975806323,49.03748812021471,2021,10,1,Post-Monsoon,Delhi,102.71184210526316
2021-10-19,35.05348837209302,95.85756097560976,14.835869565217392,6.698936170212766,18.837279255319142,735.0059523809524,26.7,82,0.5,13.8,1010.2,38.0,61.17911111111111,51.07536585365854,36.625,44.74419982773472,54.509521704437944,13.756457353335849,2021,10,1,Post-Monsoon,Mumbai,33.990425531914894
2021-10-20,43.55263157894737,103.79545454545456,32.46850951374207,5.3244444444444445,19.369200581395347,381.25,23.2,81,11.9,11.1,913.6,34.575,27.80555555555556,26.03347934918649,19.89,35.31106237816764,30.848759087762364,9.057616498330152,2021,10,2,Post-Monsoon,Bengaluru,38.73888888888889
2021-10-20,44.04166666666667,71.44177777777779,9.303777777777778,9.246818181818185,28.19413043478261,954.8282828282828,28.4,86,9.1,10.2,1009.3,40.58854166666667,36.408361018826135,18.563953488372093,23.558958333333337,40.346189784053166,32.32625434810227,9.410061145182029,2021,10,2,Post-Monsoon,Chennai,39.19410569105691
2021-10-20,102.71184210526316,225.58695652173915,46.95457142857144,8.506666666666668,29.610233918128653,1437.015503875969,24.4,70,0.0,14.6,985.8,54.28235591506572,14.153846153846152,109.4,84.11607142857143,57.049348058058285,88.10652842616204,49.45510299137026,2021,10,2,Post-Monsoon,Delhi,69.76888341543514
2021-10-20,19.875,49.36,11.040652173913044,6.234347826086956,14.739166666666668,750.8888888888889,25.9,92,13.7,13.4,1008.6,10.891947990543734,8.571951219512195,8.016444444444444,55.15857142857143,13.112966403351983,16.28441534740119,8.928359717806682,2021,10,2,Post-Monsoon,Kolkata,46.56666666666667
2021-10-20,33.990425531914894,96.0741304347826,16.908372093023253,5.746628787878788,18.352408536585365,765.4233409610983,26.3,84,0.0,18.6,1012.1,35.05348837209302,38.0,61.17911111111111,71.29166666666667,35.68130463466932,49.18077297090197,13.391942168288796,2021,10,2,Post-Monsoon,Mumbai,51.77295454545455
2021-10-21,38.73888888888889,80.45285285285286,27.43813424947146,4.893181818181818,19.10452892069171,386.25,22.6,85,7.0,12.0,913.7,43.55263157894737,34.575,27.80555555555556,16.523809523809526,38.95550682261209,34.022341854202274,6.816537183272956,2021,10,3,Post-Monsoon,Bengaluru,35.05555555555556
2021-10-21,39.19410569105691,78.72727272727273,9.372555555555556,7.958444444444444,21.25190476190476,789.2222222222222,28.2,84,2.5,11.5,1009.8,44.04166666666667,40.58854166666667,36.408361018826135,22.39221014492753,41.27477134146343,34.72652514040646,8.558120444349541,2021,10,3,Post-Monsoon,Chennai,18.633152173913043
2021-10-21,69.76888341543514,227.88372093023256,40.62627906976744,8.153846153846153,26.30254506892895,1233.718487394958,23.3,61,0.0,21.8,985.5,102.71184210526316,54.28235591506572,14.153846153846152,71.77272727272727,75.58769381192128,87.82026501797743,49.57106987038857,2021,10,3,Post-Monsoon,Delhi,54.6224593495935
2021-10-21,46.56666666666667,91.25454545454544,17.40232558139535,9.335348837209304,27.750714285714285,1020.0,26.7,81,0.0,10.8,1008.6,19.875,10.891947990543734,8.571951219512195,28.39333333333333,25.77787155240348,18.880605823591672,14.150977932966377,2021,10,3,Post-Monsoon,Kolkata,54.52142857142857
2021-10-21,51.77295454545455,126.36114285714288,23.792272727272724,6.153611111111111,29.274166666666662,753.6363636363636,26.8,80,0.0,18.1,1011.8,33.990425531914894,35.05348837209302,38.0,65.58616666666667,40.27228948315417,47.20745695358596,11.448357382217123,2021,10,3,Post-Monsoon,Mumbai,59.5104761904762
2021-10-22,35.05555555555556,67.18604651162791,35.44285714285714,4.728571428571429,21.525357142857143,193.90243902439025,22.7,82,3.0,11.8,913.8,38.73888888888889,43.55263157894737,34.575,28.12333333333333,39.11569200779727,35.01265931451973,6.3007301606449975,2021,10,4,Post-Monsoon,Bengaluru,26.794117647058822
2021-10-22,18.633152173913043,35.58695652173913,9.085777777777778,8.652666666666667,17.435238095238095,800.1111111111111,27.7,82,10.0,16.4,1010.3,39.19410569105691,44.04166666666667,40.58854166666667,35.38207070707071,33.95630817721222,32.33382249281251,10.471710183235176,2021,10,4,Post-Monsoon,Chennai,16.99157955865273
2021-10-22,54.6224593495935,180.1935483870968,40.175,7.897499999999999,22.65548780487805,1148.525641025641,23.9,61,0.0,18.8,985.8,69.76888341543514,102.71184210526316,54.28235591506572,91.97826086956522,75.70106162343053,82.48372194369577,51.03789496765776,2021,10,4,Post-Monsoon,Delhi,64.8
2021-10-22,54.52142857142857,99.88292682926829,18.225853658536582,10.26904761904762,32.98609756097561,1007.1428571428572,26.5,76,0.2,9.4,1009.3,46.56666666666667,19.875,10.891947990543734,27.65813953488372,40.32103174603176,22.71821854309807,19.543256753294926,2021,10,4,Post-Monsoon,Kolkata,86.61162790697675
2021-10-22,59.5104761904762,176.64579787234044,23.79231225296443,6.460143758765778,21.69184659090909,1023.272435897436,27.1,73,0.0,15.0,1011.7,51.77295454545455,33.990425531914894,35.05348837209302,59.38085326086957,48.42461875594856,47.22597451495834,11.471411021130912,2021,10,4,Post-Monsoon,Mumbai,45.65838888888889
2021-10-23,26.794117647058822,59.294117647058826,27.58178571428571,5.192443064182195,25.60042890716804,289.3280788530466,22.0,86,9.5,9.7,914.3,35.05555555555556,38.73888888888889,43.55263157894737,39.32750427350428,33.529520697167754,33.22217551074181,6.641798422392194,2021,10,5,Post-Monsoon,Bengaluru,14.339460784313726
2021-10-23,16.99157955865273,40.69311111111112,10.9644496124031,11.792222222222222,17.078837209302325,766.7635933806147,27.4,84,6.1,11.2,1010.7,18.633152173913043,39.19410569105691,44.04166666666667,28.906976744186046,24.939612474540905,30.63162289487918,11.981228701163426,2021,10,5,Post-Monsoon,Chennai,20.92391304347826
2021-10-23,64.8,175.91452569169962,43.19850649350649,8.532137733142036,24.642857142857142,1250.486111111111,23.9,65,0.0,11.5,987.4,54.6224593495935,69.76888341543514,102.71184210526316,172.4466666666667,63.06378092167616,67.10562670560053,32.12782346312964,2021,10,5,Post-Monsoon,Delhi,74.475
2021-10-23,86.61162790697675,160.0487804878049,25.35333333333333,9.620444444444445,33.498000000000005,1383.4782608695652,26.4,75,0.0,8.0,1010.9,54.52142857142857,46.56666666666667,19.875,10.584090909090907,62.566574381690664,33.57929525708177,30.002841815800764,2021,10,5,Post-Monsoon,Kolkata,72.35555555555555
2021-10-23,45.65838888888889,112.67906313131311,21.32104292929293,7.138671970624235,16.425265151515152,698.2595693779904,26.6,77,0.0,18.1,1012.1,59.5104761904762,51.77295454545455,33.990425531914894,51.07536585365854,52.313939874939884,46.45212066284837,11.350529998051222,2021,10,5,Post-Monsoon,Mumbai,23.794
2021-10-24,14.339460784313726,25.0,25.077777777777776,5.071463414634146,31.02470588235294,382.8888888888889,21.4,86,13.1,14.6,914.1,26.794117647058822,35.05555555555556,38.73888888888889,26.03347934918649,25.396377995642705,31.5516014300457,9.574486551289986,2021,10,6,Post-Monsoon,Bengaluru,34.86181818181819
2021-10-24,20.92391304347826,46.80434782608695,10.504651162790696,6.29872340425532,18.474418604651163,803.4521276595744,26.6,84,4.6,14.3,1010.7,16.99157955865273,18.633152173913043,39.19410569105691,18.563953488372093,18.849548258681356,30.968759974180063,11.61259662981006,2021,10,6,Post-Monsoon,Chennai,31.397240384615387
2021-10-24,74.475,151.47717741935486,30.727547065337763,7.526726726726727,34.74444444444445,895.4545454545455,22.8,70,0.2,17.3,989.1,64.8,54.6224593495935,69.76888341543514,109.4,64.63248644986443,62.116340991314814,26.722104114019263,2021,10,6,Post-Monsoon,Delhi,47.57142857142857
2021-10-24,72.35555555555555,130.125,21.26086956521739,6.98404255319149,29.2475,1019.5555555555557,26.1,82,0.1,6.1,1011.2,86.61162790697675,54.52142857142857,46.56666666666667,8.016444444444444,71.16287067798696,42.770596844383356,30.71319463772449,2021,10,6,Post-Monsoon,Kolkata,71.61749999999999
2021-10-24,23.794,72.15673913043479,16.76804347826087,6.729776315789474,16.152173913043477,523.5,26.0,80,0.0,17.2,1012.7,45.65838888888889,59.5104761904762,51.77295454545455,61.17911111111111,42.9876216931217,41.111390504118226,12.040553567910612,2021,10,6,Post-Monsoon,Mumbai,21.08333333333333
2021-10-25,34.86181818181819,65.53846153846153,29.194736842105264,5.033333333333333,29.23409090909091,464.25,22.1,81,0.9,14.8,912.7,14.339460784313726,26.794117647058822,35.05555555555556,27.80555555555556,25.33179887106358,32.55963894808322,9.485396267513275,2021,10,0,Post-Monsoon,Bengaluru,51.792678018575856
2021-10-25,31.397240384615387,61.46477272727272,10.5685,7.875,17.81219512195122,825.784090909091,27.2,80,2.1,20.0,1009.2,20.92391304347826,16.99157955865273,18.633152173913043,36.408361018826135,23.10424432891547,30.25288559786424,11.373370989571862,2021,10,0,Post-Monsoon,Chennai,52.7437015503876
2021-10-25,47.57142857142857,104.57636469221836,28.53787456445993,7.822115384615385,30.153,1051.5263157894738,22.0,78,0.0,10.2,989.6,74.475,64.8,54.6224593495935,14.153846153846152,62.282142857142794,66.89028133668373,18.421206579206807,2021,10,0,Post-Monsoon,Delhi,72.90199335548172
2021-10-25,71.61749999999999,129.39,25.861538461538466,10.2525,32.48146341463415,1257.560975609756,25.5,84,0.1,7.1,1009.9,72.35555555555555,86.61162790697675,54.52142857142857,8.571951219512195,76.86156115417744,51.777103813024475,28.15012798605964,2021,10,0,Post-Monsoon,Kolkata,73.79230769230769
2021-10-25,21.08333333333333,76.20822222222222,17.832820512820515,6.368846153846154,15.709047619047618,694.0909090909091,26.1,80,0.0,20.2,1011.8,23.794,45.65838888888889,59.5104761904762,38.0,30.178574074074078,38.694723837451555,14.261895386267426,2021,10,0,Post-Monsoon,Mumbai,48.53133333333333
2021-10-26,51.792678018575856,88.23042273042273,32.978957219251335,5.331844919786096,22.796579545454545,715.6372549019609,22.0,78,0.5,14.2,911.9,34.86181818181819,14.339460784313726,26.794117647058822,34.575,33.664652328235924,35.01930723645119,11.995379591092705,2021,10,1,Post-Monsoon,Bengaluru,61.801178294573646
2021-10-26,52.7437015503876,106.09534883720931,11.205813953488372,5.564736842105264,23.566315789473684,837.6499388004895,27.5,76,0.6,17.4,1008.3,31.397240384615387,20.92391304347826,16.99157955865273,40.58854166666667,35.02161832616043,31.98933700982437,13.868583064451991,2021,10,1,Post-Monsoon,Chennai,61.91313131313132
2021-10-26,72.90199335548172,166.4857142857143,33.422222222222224,8.165622119815668,21.89565972222222,1266.1363636363635,20.9,71,0.0,13.4,988.7,47.57142857142857,74.475,64.8,54.28235591506572,64.98280730897004,69.55022954245744,17.62431434959933,2021,10,1,Post-Monsoon,Delhi,108.82916666666668
2021-10-26,73.79230769230769,127.8,21.364102564102566,11.148048780487803,36.81,1045.6756756756756,26.0,82,0.1,9.2,1009.3,71.61749999999999,72.35555555555555,86.61162790697675,10.891947990543734,72.58845441595442,60.76286948470503,22.369784591656355,2021,10,1,Post-Monsoon,Kolkata,57.87162790697675
2021-10-26,48.53133333333333,114.87307692307692,25.36609311740891,6.7828,12.869565217391305,874.3589743589744,26.9,74,0.0,16.3,1010.2,21.08333333333333,23.794,45.65838888888889,35.05348837209302,31.13622222222223,40.62013026048589,14.594290672818316,2021,10,1,Post-Monsoon,Mumbai,50.375
2021-10-27,61.801178294573646,116.70988446726574,33.27668455575432,5.2475000000000005,22.43011111111111,634.6428571428571,22.1,75,0.0,17.6,912.1,51.792678018575856,34.86181818181819,14.339460784313726,43.55263157894737,49.4852248316559,37.626242481540665,15.600283131199102,2021,10,2,Post-Monsoon,Bengaluru,63.84957264957265
2021-10-27,61.91313131313132,104.62690476190475,11.016904761904762,7.821702127659575,23.12914893617021,832.5734549138805,27.7,74,0.7,21.2,1008.5,52.7437015503876,31.397240384615387,20.92391304347826,44.04166666666667,48.684691082711446,34.54240338789075,17.60006324386062,2021,10,2,Post-Monsoon,Chennai,69.01063829787233
2021-10-27,108.82916666666668,259.24844444444443,40.13333333333333,9.741293103448276,29.459719737626717,1355.1237809452364,20.9,64,0.0,15.2,990.3,72.90199335548172,47.57142857142857,74.475,102.71184210526316,76.43419619785892,70.42413305122938,19.58526291289958,2021,10,2,Post-Monsoon,Delhi,127.84108527131784
2021-10-27,57.87162790697675,94.97317073170731,18.85333333333333,7.534888888888888,33.34681818181818,607.1739130434783,25.5,85,2.0,16.5,1010.1,73.79230769230769,71.61749999999999,72.35555555555555,19.875,67.76047853309483,66.1909591857017,13.740062337987434,2021,10,2,Post-Monsoon,Kolkata,53.91818181818182
2021-10-27,50.375,121.38305555555556,24.85355555555556,9.459426426426424,16.47974358974359,931.891891891892,27.3,64,0.0,20.2,1010.5,48.53133333333333,21.08333333333333,23.794,33.990425531914894,39.99655555555557,42.96078375592661,14.667502677706075,2021,10,2,Post-Monsoon,Mumbai,53.97454166666667
2021-10-28,63.84957264957265,118.235,27.99397233201581,5.214878048780488,24.29266304347826,806.2850241545893,21.6,74,0.0,16.1,912.0,61.801178294573646,51.792678018575856,34.86181818181819,38.73888888888889,59.14780965424072,41.2134830187812,18.513778666221953,2021,10,3,Post-Monsoon,Bengaluru,48.63133933442444
2021-10-28,69.01063829787233,91.72340425531917,10.5425,10.1765,30.21275,926.8977272727273,26.3,85,16.6,21.7,1008.6,61.91313131313132,52.7437015503876,31.397240384615387,39.19410569105691,61.22249038713043,38.801908046007235,21.977225261211288,2021,10,3,Post-Monsoon,Chennai,41.04166666666666
2021-10-28,127.84108527131784,267.1794871794872,45.35,10.87037037037037,32.41237955346651,1410.438596491228,20.6,64,0.0,12.8,990.4,108.82916666666668,72.90199335548172,47.57142857142857,69.76888341543514,103.19074843115537,78.72016188778404,29.20046668909157,2021,10,3,Post-Monsoon,Delhi,133.84909903381643
2021-10-28,53.91818181818182,96.00666666666667,18.111904761904764,7.106444444444445,27.36619047619048,720.0,25.1,89,5.3,14.0,1010.8,57.87162790697675,73.79230769230769,71.61749999999999,46.56666666666667,61.860705805822086,67.24117563591815,12.18279800651039,2021,10,3,Post-Monsoon,Kolkata,55.562790697674416
2021-10-28,53.97454166666667,131.28071692876966,26.18012820512821,9.417238475177308,23.30995238095238,804.839243498818,27.7,58,0.0,21.6,1010.9,50.375,48.53133333333333,21.08333333333333,51.77295454545455,50.96029166666668,43.27529620181406,14.909560084865808,2021,10,3,Post-Monsoon,Mumbai,59.92456521739131
2021-10-29,48.63133933442444,70.59309309309309,29.22,5.506388888888889,19.92624873609707,262.31235493230173,21.5,84,7.1,22.3,912.6,63.84957264957265,61.801178294573646,51.792678018575856,35.05555555555556,58.09403009285691,43.15288070147676,18.47221192804116,2021,10,4,Post-Monsoon,Bengaluru,16.794871794871796
2021-10-29,41.04166666666666,54.09693244739756,9.45508658008658,8.668977272727272,22.952992424242424,871.3636363636364,25.9,89,16.1,15.7,1009.5,69.01063829787233,61.91313131313132,52.7437015503876,18.633152173913043,57.321812092556776,42.0031244021149,20.101798772052497,2021,10,4,Post-Monsoon,Chennai,15.35190476190476
2021-10-29,133.84909903381643,274.6666666666667,54.29111111111111,11.11184837092732,29.96928904428904,1749.2105263157896,21.0,63,0.0,9.0,991.9,127.84108527131784,108.82916666666668,72.90199335548172,54.6224593495935,123.50645032393358,90.03825327124446,33.361179096983406,2021,10,4,Post-Monsoon,Delhi,118.06976744186046
2021-10-29,55.562790697674416,105.60222222222222,20.726,13.657777777777778,41.77739130434782,695.8139534883721,26.2,82,0.0,10.4,1011.8,53.91818181818182,57.87162790697675,73.79230769230769,54.52142857142857,55.784200140944336,67.38994165395329,12.006673100745227,2021,10,4,Post-Monsoon,Kolkata,56.4304347826087
2021-10-29,59.92456521739131,139.06955555555555,35.549,10.556363636363637,24.03881063122924,719.375,27.6,46,0.0,21.2,1012.0,53.97454166666667,50.375,48.53133333333333,59.5104761904762,54.758035628019336,43.334451777087644,14.985339977010563,2021,10,4,Post-Monsoon,Mumbai,58.23311111111111
2021-10-30,16.794871794871796,36.59119047619048,24.992682926829268,5.607317073170732,13.90609756097561,583.3333333333334,22.3,86,2.6,17.4,913.6,48.63133933442444,63.84957264957265,61.801178294573646,26.794117647058822,43.09192792628963,41.72441700830718,20.249228900042702,2021,10,5,Post-Monsoon,Bengaluru,18.66046511627907
2021-10-30,15.35190476190476,33.24567099567099,10.274277408637872,5.428309523809524,12.990830409356724,1062.857142857143,26.4,87,5.6,17.6,1010.5,41.04166666666666,69.01063829787233,61.91313131313132,16.99157955865273,41.80140324214792,41.76888514543661,20.448390074694416,2021,10,5,Post-Monsoon,Chennai,14.208333333333334
2021-10-30,118.06976744186046,257.7619047619048,44.054761904761904,10.079924242424244,27.35,1315.3270509977829,21.4,56,0.0,18.2,991.4,133.84909903381643,127.84108527131784,108.82916666666668,64.8,126.58665058233152,97.6482200486531,32.71397464511441,2021,10,5,Post-Monsoon,Delhi,140.74418604651163
2021-10-30,56.4304347826087,116.00238095238096,26.87619047619048,14.685227272727271,44.46309523809524,610.0,25.6,73,0.0,12.7,1012.1,55.562790697674416,53.91818181818182,57.87162790697675,86.61162790697675,55.30380243282165,63.07834263618641,8.995087173120988,2021,10,5,Post-Monsoon,Kolkata,65.82608695652173
2021-10-30,58.23311111111111,147.80558139534884,36.56952380952381,12.555,29.55715476190476,854.406015037594,27.5,46,0.0,19.6,1012.2,59.92456521739131,53.97454166666667,50.375,45.65838888888889,57.37740599838971,45.13084066597653,16.027802720743093,2021,10,5,Post-Monsoon,Mumbai,65.4420265780731
2021-10-31,18.66046511627907,33.19159090909091,20.97906976744186,6.1646511627906975,14.286666666666664,510.9090909090909,21.8,87,4.6,18.5,913.3,16.794871794871796,48.63133933442444,63.84957264957265,14.339460784313726,28.028892081858434,42.34170334144509,19.319810121764245,2021,10,6,Post-Monsoon,Bengaluru,11.970588235294118
2021-10-31,14.208333333333334,23.82238405797101,8.696671497584541,4.839444444444444,15.707677624602333,1082.888888888889,26.7,86,20.6,21.0,1010.0,15.35190476190476,41.04166666666666,69.01063829787233,20.92391304347826,23.533968253968254,40.809516615415916,21.7080951809174,2021,10,6,Post-Monsoon,Chennai,11.06547619047619
2021-10-31,140.74418604651163,316.16986166007905,47.77391304347826,12.368045454545454,32.25714690867839,1466.195587358378,22.2,51,0.0,15.2,989.1,118.06976744186046,133.84909903381643,127.84108527131784,74.475,130.88768417406277,107.11524662672618,34.43379356277495,2021,10,6,Post-Monsoon,Delhi,145.0981719367589
2021-10-31,65.82608695652173,121.5086956521739,21.274545454545457,17.49318181818182,58.91478260869565,654.6666666666666,25.4,70,0.0,9.5,1011.8,56.4304347826087,55.562790697674416,53.91818181818182,72.35555555555555,59.27310414560162,62.145561407753014,8.173763036591282,2021,10,6,Post-Monsoon,Kolkata,76.52272727272727
2021-10-31,65.4420265780731,147.09707039337474,39.95340425531915,12.047095238095238,31.294146341463414,926.3414634146342,27.5,53,0.0,18.1,1011.2,58.23311111111111,59.92456521739131,53.97454166666667,23.794,61.199900968858515,51.08055874855841,14.438560910777696,2021,10,6,Post-Monsoon,Mumbai,89.98671225937183
2021-11-01,11.970588235294118,28.727272727272727,19.56206896551724,5.907317073170732,13.65304347826087,523.3333333333334,21.1,91,4.9,20.7,912.2,18.66046511627907,16.794871794871796,48.63133933442444,34.86181818181819,15.808641715481661,39.07152763479879,22.476387556610135,2021,11,0,Post-Monsoon,Bengaluru,18.069974424552427
2021-11-01,11.06547619047619,21.244802431610943,8.907212138400453,8.322554347826088,20.74725739491437,1020.25,25.7,89,23.6,13.0,1009.4,14.208333333333334,15.35190476190476,41.04166666666666,31.397240384615387,13.541904761904766,37.90497887339603,24.373862362492755,2021,11,0,Post-Monsoon,Chennai,18.58333333333333
2021-11-01,145.0981719367589,313.3363636363636,59.246511627906976,11.537717391304348,28.775596562184024,1799.0591397849462,22.1,54,0.0,12.2,988.5,140.74418604651163,118.06976744186046,133.84909903381643,47.57142857142857,134.63737514171027,121.0476385360591,24.673104017131756,2021,11,0,Post-Monsoon,Delhi,137.72093023255815
2021-11-01,76.52272727272727,128.9209302325581,28.190425531914894,13.878958333333337,39.95348837209303,963.6363636363636,25.1,72,0.0,8.4,1012.1,65.82608695652173,56.4304347826087,55.562790697674416,71.61749999999999,66.25974967061923,62.84630816099976,9.25932294679672,2021,11,0,Post-Monsoon,Kolkata,68.54047619047618
2021-11-01,89.98671225937183,200.97744680851065,34.1634496124031,15.129279556650246,31.466666666666665,1140.212765957447,27.0,67,0.0,14.3,1009.9,65.4420265780731,58.23311111111111,59.92456521739131,21.08333333333333,71.22061664951867,60.923898595135334,14.062053667548684,2021,11,0,Post-Monsoon,Mumbai,84.9882619047619
2021-11-02,18.069974424552427,33.93778772378516,25.035852272727272,5.893359173126615,15.343581196581196,548.8303693570451,21.8,86,0.5,23.9,911.9,11.970588235294118,18.66046511627907,16.794871794871796,51.792678018575856,16.233675925375206,34.2539985499383,22.905259404561193,2021,11,1,Post-Monsoon,Bengaluru,25.62789502164502
2021-11-02,18.58333333333333,32.34075,9.002836538461539,9.911758373205744,19.960924269528924,813.0,26.2,86,9.4,17.4,1009.3,11.06547619047619,14.208333333333334,15.35190476190476,52.7437015503876,14.61904761904762,33.02492627095971,24.327436159844257,2021,11,1,Post-Monsoon,Chennai,46.810810810810814
2021-11-02,137.72093023255815,280.20953436807093,50.65847826086957,10.995348837209304,30.769767441860463,1302.5581395348838,21.5,65,0.0,14.7,990.0,145.0981719367589,140.74418604651163,118.06976744186046,72.90199335548172,141.1877627386095,130.30748666135574,12.989446781001275,2021,11,1,Post-Monsoon,Delhi,166.40836101882616
2021-11-02,68.54047619047618,133.0857142857143,35.33357142857143,12.254358974358976,36.69276595744681,842.5581395348837,24.3,71,0.0,11.9,1012.6,76.52272727272727,65.82608695652173,56.4304347826087,73.79230769230769,70.2964301399084,62.096046517880986,8.397209503509968,2021,11,1,Post-Monsoon,Kolkata,66.68829268292683
2021-11-02,84.9882619047619,189.93982947232948,33.52525451559934,12.630415384615386,22.642857142857142,1162.3076923076924,27.6,67,0.0,14.2,1009.4,89.98671225937183,65.4420265780731,58.23311111111111,48.53133333333333,80.13900024740228,66.13203124819655,15.395310474841668,2021,11,1,Post-Monsoon,Mumbai,82.53439024390244
2021-11-03,25.62789502164502,43.55714285714286,21.439221175166296,5.127790697674419,14.476022727272728,534.5658263305322,21.5,88,7.8,18.5,912.1,18.069974424552427,11.970588235294118,18.66046511627907,61.801178294573646,18.556152560497186,29.086386653805643,19.47878551816333,2021,11,2,Post-Monsoon,Bengaluru,30.441010638297872
2021-11-03,46.810810810810814,53.86625086625087,9.608634085213032,10.40448912326961,13.900025062656642,876.4285714285714,25.3,90,14.2,11.2,1009.2,18.58333333333333,11.06547619047619,14.208333333333334,61.91313131313132,25.48654011154012,30.867451913485347,21.885627907499888,2021,11,2,Post-Monsoon,Chennai,82.31818181818181
2021-11-03,166.40836101882616,308.67571428571426,59.917073170731705,11.009246411483254,27.12625,1840.0560897435896,21.7,62,0.0,12.9,989.8,137.72093023255815,145.0981719367589,140.74418604651163,108.82916666666668,149.742487729381,138.53308585452137,15.169519279529675,2021,11,2,Post-Monsoon,Delhi,312.3965909090909
2021-11-03,66.68829268292683,125.3609756097561,46.013,12.265217391304349,33.83195121951219,675.3846153846154,23.9,72,0.0,12.0,1011.7,68.54047619047618,76.52272727272727,65.82608695652173,57.87162790697675,70.5838320487101,63.35557005730243,8.31882383604353,2021,11,2,Post-Monsoon,Kolkata,105.34666666666668
2021-11-03,82.53439024390244,170.15642857142856,31.50619047619048,11.206279069767442,20.84967948717949,1139.529761904762,27.9,60,0.0,21.1,1009.5,84.9882619047619,89.98671225937183,65.4420265780731,50.375,85.83645480267872,70.72622985446834,14.691835764186076,2021,11,2,Post-Monsoon,Mumbai,80.96577138849929
2021-11-04,30.441010638297872,51.055652173913046,19.15691489361702,5.233924611973393,18.28416531165312,542.7424749163879,21.9,86,2.8,13.6,911.9,25.62789502164502,18.069974424552427,11.970588235294118,63.84957264957265,24.71296002816511,24.313734937909242,12.318326363119745,2021,11,3,Post-Monsoon,Bengaluru,31.59949604743083
2021-11-04,82.31818181818181,109.62067669172932,9.681661585365852,19.879791666666662,12.614623306233064,939.5833333333334,24.7,93,28.4,12.6,1008.8,46.810810810810814,18.58333333333333,11.06547619047619,69.01063829787233,49.23744198744199,32.768529559243845,25.951430660944148,2021,11,3,Post-Monsoon,Chennai,49.74977272727272
2021-11-04,312.3965909090909,479.2419444444444,51.2,12.159645877378434,25.86215909090909,2138.116279069767,21.2,64,0.0,9.4,988.9,166.40836101882616,137.72093023255815,145.0981719367589,127.84108527131784,205.508627386825,164.89815808848894,66.61964946258337,2021,11,3,Post-Monsoon,Delhi,444.2434640522876
2021-11-04,105.34666666666668,194.30217391304348,47.58711111111111,14.207777777777778,43.010666666666665,911.3333333333334,23.6,74,0.0,10.0,1011.4,66.68829268292683,68.54047619047618,76.52272727272727,53.91818181818182,80.1918118466899,70.70249646422883,16.889659481323076,2021,11,3,Post-Monsoon,Kolkata,87.31190476190476
2021-11-04,80.96577138849929,156.2064476284585,30.657391304347826,11.269891304347826,28.660833333333333,956.818181818182,27.9,60,0.0,15.8,1009.1,82.53439024390244,84.9882619047619,89.98671225937183,53.97454166666667,82.82947451238789,74.58211981473015,13.008037071474819,2021,11,3,Post-Monsoon,Mumbai,92.19727272727272
2021-11-05,31.59949604743083,53.11287878787879,19.40492063492064,5.976904761904763,19.060477272727272,591.6051136363636,21.1,89,11.0,10.1,911.8,30.441010638297872,25.62789502164502,18.069974424552427,48.63133933442444,29.222800569124573,21.88061446833873,7.424541412925629,2021,11,4,Post-Monsoon,Bengaluru,26.88993243243243
2021-11-05,49.74977272727272,61.65704413472706,10.84219512195122,14.092272727272729,12.876685144124169,869.5348837209302,25.0,90,26.0,12.9,1008.3,82.31818181818181,46.810810810810814,18.58333333333333,41.04166666666666,59.626255118755125,34.012544710758995,26.614361180109345,2021,11,4,Post-Monsoon,Chennai,17.3
2021-11-05,444.2434640522876,634.3134146341463,49.00731707317073,17.266760475297062,17.602828947368423,2303.0892448512586,20.6,63,0.0,10.1,988.9,312.3965909090909,166.40836101882616,137.72093023255815,133.84909903381643,307.6828053267348,209.2402102339848,122.4304557314175,2021,11,4,Post-Monsoon,Delhi,342.54816017316017
2021-11-05,87.31190476190476,168.6261904761905,30.405128205128204,11.747906976744185,46.716097560975605,725.4545454545455,22.9,72,0.0,10.4,1010.6,105.34666666666668,66.68829268292683,68.54047619047618,55.562790697674416,86.44895470383274,75.23808418769032,16.402359818487714,2021,11,4,Post-Monsoon,Kolkata,74.4
2021-11-05,92.19727272727272,172.78555555555556,26.4578125,10.272307692307692,20.591376262626262,978.2972136222912,28.0,70,1.6,17.1,1009.0,80.96577138849929,82.53439024390244,84.9882619047619,59.92456521739131,85.2324781198915,79.19250660185605,12.661715337893806,2021,11,4,Post-Monsoon,Mumbai,50.75
2021-11-06,26.88993243243243,49.823907867494825,23.147134387351777,5.677992831541219,20.752676767676768,559.1666666666666,22.0,82,0.5,13.6,910.8,31.59949604743083,30.441010638297872,25.62789502164502,16.794871794871796,29.64347970605371,23.32276598799025,7.250434148365682,2021,11,5,Post-Monsoon,Bengaluru,39.7436974789916
2021-11-06,17.3,18.793493427704757,10.833689024390244,15.906704545454543,11.096985683987274,857.0454545454545,25.4,89,17.9,15.5,1006.8,49.74977272727272,82.31818181818181,46.810810810810814,15.35190476190476,49.78931818181818,34.29084403048689,26.395999823144557,2021,11,5,Post-Monsoon,Chennai,20.05263157894737
2021-11-06,342.54816017316017,466.26138888888886,48.82368421052632,10.308794326241134,28.38520309477757,1844.8405253283304,20.9,57,0.0,19.9,987.2,444.2434640522876,312.3965909090909,166.40836101882616,118.06976744186046,366.39607171151283,241.30855205274193,123.95940800160926,2021,11,5,Post-Monsoon,Delhi,255.17241379310343
2021-11-06,74.4,149.49318181818182,30.79266666666667,11.001136363636364,40.74760869565217,895.5555555555555,22.9,72,0.0,11.9,1009.1,87.31190476190476,105.34666666666668,66.68829268292683,56.4304347826087,89.01952380952382,77.80516493303193,14.230658392945767,2021,11,5,Post-Monsoon,Kolkata,68.069
2021-11-06,50.75,103.17625,21.61375,11.274117647058825,16.015119825708062,885.3794037940379,26.5,80,0.1,15.3,1008.5,92.19727272727272,80.96577138849929,82.53439024390244,58.23311111111111,74.63768137192402,78.1234907288402,14.852578730582882,2021,11,5,Post-Monsoon,Mumbai,55.375
2021-11-07,39.7436974789916,60.74605451936873,18.45964912280701,5.8230179028133,23.233026315789477,710.2380952380952,21.2,86,1.0,20.0,910.9,26.88993243243243,31.59949604743083,30.441010638297872,18.66046511627907,32.744375319618285,26.334656325520605,9.127087248180208,2021,11,6,Post-Monsoon,Bengaluru,58.33333333333333
2021-11-07,20.05263157894737,24.759125,11.698654485049834,16.053571428571427,13.273881932021466,836.9767441860465,24.5,93,58.3,21.9,1006.9,17.3,49.74977272727272,82.31818181818181,14.208333333333334,29.034134768740035,35.125743779860315,25.739181852945674,2021,11,6,Post-Monsoon,Chennai,65.6036730506156
2021-11-07,255.17241379310343,394.04651162790697,51.19366816431322,11.684,28.355263157894736,1776.853448275862,21.2,60,0.0,13.6,987.1,342.54816017316017,444.2434640522876,312.3965909090909,140.74418604651163,347.32134600618366,257.65544173082645,115.7613049409179,2021,11,6,Post-Monsoon,Delhi,260.8809523809524
2021-11-07,68.069,150.08634146341464,47.93783783783784,11.55951219512195,35.181666666666665,923.0555555555557,22.7,71,0.0,12.3,1009.1,74.4,87.31190476190476,105.34666666666668,65.82608695652173,76.59363492063493,78.12558108210024,13.938231371878508,2021,11,6,Post-Monsoon,Kolkata,62.5219512195122
2021-11-07,55.375,104.3,21.651666666666667,11.187209302325584,20.126029411764705,863.2435740514076,26.5,76,0.0,13.0,1008.0,50.75,92.19727272727272,80.96577138849929,65.4420265780731,66.10742424242424,76.68534407482973,16.662287790760832,2021,11,6,Post-Monsoon,Mumbai,83.05551282051282
2021-11-08,58.33333333333333,86.93952380952382,23.15534709193246,6.101585695006747,16.31717636022514,723.6280487804878,20.7,88,3.6,17.1,911.6,39.7436974789916,26.88993243243243,31.59949604743083,11.970588235294118,41.65565441491912,32.95790562524049,12.976512043954271,2021,11,0,Post-Monsoon,Bengaluru,59.9375
2021-11-08,65.6036730506156,88.14705882352942,14.611958874458876,11.029285714285711,22.59759090909091,1200.4545454545455,25.8,83,12.8,22.4,1008.2,20.05263157894737,17.3,49.74977272727272,11.06547619047619,34.31876820985433,42.916914759880235,25.4955034409178,2021,11,0,Post-Monsoon,Chennai,71.72727272727273
2021-11-08,260.8809523809524,402.9257142857143,61.25727272727273,12.185784313725492,26.65815476190476,1773.772200772201,21.0,60,0.0,13.1,988.8,255.17241379310343,342.54816017316017,444.2434640522876,145.0981719367589,286.2005087824053,274.1958389371398,104.74592282200956,2021,11,0,Post-Monsoon,Delhi,280.125
2021-11-08,62.5219512195122,139.7846153846154,40.79268292682927,15.145238095238096,39.69,866.829268292683,22.6,73,0.0,11.7,1009.9,68.069,74.4,87.31190476190476,76.52272727272727,68.33031707317073,76.12547021735523,15.157763593351756,2021,11,0,Post-Monsoon,Kolkata,76.8530303030303
2021-11-08,83.05551282051282,149.84224209898628,18.54944055944056,12.495488565488564,23.923076923076923,905.3846153846154,26.8,69,0.0,16.8,1009.5,55.375,50.75,92.19727272727272,89.98671225937183,63.06017094017094,75.6951727264213,15.929953890423388,2021,11,0,Post-Monsoon,Mumbai,80.56818181818181
2021-11-09,59.9375,100.75,22.42619047619048,6.305555555555555,12.306666666666668,689.0625,20.4,79,0.0,15.3,911.7,58.33333333333333,39.7436974789916,26.88993243243243,18.069974424552427,52.671510270774974,38.93898070744729,14.526839482939321,2021,11,1,Post-Monsoon,Bengaluru,47.93277777777778
2021-11-09,71.72727272727273,82.92764957264956,11.61331313131313,7.940221445221446,32.865219696969696,910.4444444444443,25.2,87,12.6,25.3,1008.2,65.6036730506156,20.05263157894737,17.3,18.58333333333333,52.46119245227857,50.50890610187158,24.94851160438206,2021,11,1,Post-Monsoon,Chennai,67.28571428571429
2021-11-09,280.125,441.7125,62.00384615384615,15.141857241857242,26.210452196382427,1931.7293233082703,20.9,60,0.0,12.3,989.6,260.8809523809524,255.17241379310343,342.54816017316017,137.72093023255815,265.3927887246852,294.53927747534584,85.96803271283203,2021,11,1,Post-Monsoon,Delhi,231.6888888888889
2021-11-09,76.8530303030303,166.24571428571426,44.33710029069768,16.507023809523808,33.3299861572536,1039.3583042973287,23.0,75,0.0,9.7,1010.6,62.5219512195122,68.069,74.4,68.54047619047618,69.14799384084749,77.31297794772011,14.785537809711117,2021,11,1,Post-Monsoon,Kolkata,69.50243902439024
2021-11-09,80.56818181818181,169.14136363636365,29.20674418604651,11.972142857142856,22.002164750957853,1220.3475609756097,26.0,61,0.0,18.3,1010.4,83.05551282051282,55.375,50.75,84.9882619047619,72.99956487956489,75.06373271405273,15.584042486965851,2021,11,1,Post-Monsoon,Mumbai,77.7006607142857
2021-11-10,47.93277777777778,102.23772609819122,21.97211287577992,5.896428571428571,18.96811403508772,814.2584047462096,19.6,83,1.9,15.3,910.9,59.9375,58.33333333333333,39.7436974789916,25.62789502164502,55.40120370370371,42.12539252975198,13.532708731543499,2021,11,2,Post-Monsoon,Bengaluru,44.022083333333335
2021-11-10,67.28571428571429,77.42354437229437,12.089805764411029,10.389394963144964,42.44706937799043,542.3684210526316,23.8,93,76.4,27.9,1006.9,71.72727272727273,65.6036730506156,20.05263157894737,46.810810810810814,68.20555335453422,53.43389231257208,25.63352609822433,2021,11,2,Post-Monsoon,Chennai,24.25
2021-11-10,231.6888888888889,401.2282142857143,58.24801084010841,13.912820512820511,29.86829268292683,1934.2857142857144,20.7,61,0.0,12.4,988.9,280.125,260.8809523809524,255.17241379310343,166.40836101882616,257.56494708994705,303.86506717106903,72.1882527498142,2021,11,2,Post-Monsoon,Delhi,310.89130434782606
2021-11-10,69.50243902439024,148.33095238095237,40.89268292682927,11.4290243902439,31.75190476190476,1172.439024390244,23.4,75,0.0,8.8,1010.3,76.8530303030303,62.5219512195122,68.069,66.68829268292683,69.62580684897758,77.71499885364345,14.483680503528339,2021,11,2,Post-Monsoon,Kolkata,63.67213768115943
2021-11-10,77.7006607142857,157.20875,31.59,12.689871212121211,27.90055555555556,1086.9444444444443,26.0,56,0.0,20.9,1009.7,80.56818181818181,83.05551282051282,55.375,82.53439024390244,80.44145178432679,74.37319992410747,15.302391414555254,2021,11,2,Post-Monsoon,Mumbai,79.33171510119357
2021-11-11,44.022083333333335,66.26666666666667,16.9025,5.7631578947368425,20.741333333333333,738.0,18.0,92,20.4,23.2,907.8,47.93277777777778,59.9375,58.33333333333333,30.441010638297872,50.63078703703704,44.06554577189989,12.51351620764984,2021,11,3,Post-Monsoon,Bengaluru,19.523931623931624
2021-11-11,24.25,33.32788461538462,8.914402173913043,11.986818181818183,43.50144480519481,485.0,24.1,89,186.3,38.6,1000.2,67.28571428571429,71.72727272727273,65.6036730506156,82.31818181818181,54.42099567099567,45.13843776711753,24.07682630258155,2021,11,3,Post-Monsoon,Chennai,17.411764705882355
2021-11-11,310.89130434782606,506.8811285846439,81.58081395348836,13.47,12.043176532769555,2628.875,20.4,61,0.0,12.0,988.4,231.6888888888889,280.125,260.8809523809524,312.3965909090909,274.2350644122383,303.6500262337455,72.16083936106999,2021,11,3,Post-Monsoon,Delhi,415.02564102564105
2021-11-11,63.67213768115943,125.83304347826086,44.18666666666667,14.73764492753623,38.64143133462282,1219.553654024052,24.4,76,0.0,8.4,1009.8,69.50243902439024,76.8530303030303,62.5219512195122,105.34666666666668,70.00920233619333,71.7614947128567,8.604702284890157,2021,11,3,Post-Monsoon,Kolkata,57.07380952380952
2021-11-11,79.33171510119357,165.62214285714285,31.354444444444447,14.15767441860465,24.820930232558137,1153.0232558139537,26.2,48,0.0,18.7,1008.2,77.7006607142857,80.56818181818181,83.05551282051282,80.96577138849929,79.20018587788702,74.13976331163524,15.197162694121054,2021,11,3,Post-Monsoon,Mumbai,82.51521317829457
2021-11-12,19.523931623931624,33.87076023391813,27.913966275659824,5.72064935064935,22.133983870967743,339.7698717008798,19.8,93,5.7,18.4,907.9,44.022083333333335,47.93277777777778,59.9375,31.59949604743083,37.15959757834758,42.34046513997144,15.086338379600987,2021,11,4,Post-Monsoon,Bengaluru,29.53191489361702
2021-11-12,17.411764705882355,22.44117647058824,10.759090909090908,12.6296547314578,18.644782608695653,1080.108695652174,26.3,80,1.6,14.5,1004.6,24.25,67.28571428571429,71.72727272727273,49.74977272727272,36.31582633053222,40.51872233549034,26.064896518349062,2021,11,4,Post-Monsoon,Chennai,32.309782608695656
2021-11-12,415.02564102564105,602.6428571428571,73.00266544117648,11.64782608695652,18.995,2744.390243902439,20.2,60,0.0,12.8,988.7,310.89130434782606,231.6888888888889,280.125,444.2434640522876,319.20194475411864,299.4760515156531,62.92744337961831,2021,11,4,Post-Monsoon,Delhi,257.03228120516496
2021-11-12,57.07380952380952,120.46377777777778,29.38913043478261,11.670444444444444,35.24044444444444,862.3913043478261,25.4,73,0.0,9.6,1010.5,63.67213768115943,69.50243902439024,76.8530303030303,87.31190476190476,63.416128743119735,67.44176682170024,6.922642903462277,2021,11,4,Post-Monsoon,Kolkata,45.771111111111104
2021-11-12,82.51521317829457,167.74902484143763,32.01314855875832,12.08485472972973,25.209146341463416,1239.875939849624,26.3,48,0.0,22.6,1007.8,79.33171510119357,77.7006607142857,80.56818181818181,92.19727272727272,79.84919633125794,72.7566119474955,13.640657877644957,2021,11,4,Post-Monsoon,Mumbai,87.9687967644085
2021-11-13,29.53191489361702,50.87,29.726190476190474,5.8388888888888895,16.319285714285712,587.3913043478261,21.4,90,18.9,8.3,909.3,19.523931623931624,44.022083333333335,47.93277777777778,26.88993243243243,31.025976616960662,42.71789120585495,14.662471822326577,2021,11,5,Post-Monsoon,Bengaluru,19.725
2021-11-13,32.309782608695656,41.47826086956522,16.721136363636365,9.797727272727274,22.203958333333333,907.1653368794326,26.6,83,0.8,13.1,1006.0,17.411764705882355,24.25,67.28571428571429,17.3,24.657182438192677,42.662976993875425,24.400702897454195,2021,11,5,Post-Monsoon,Chennai,20.14627906976744
2021-11-13,257.03228120516496,410.7632895559725,60.39,10.476904761904764,21.587063492063493,2212.576499388005,19.4,58,0.0,12.9,988.8,415.02564102564105,310.89130434782606,231.6888888888889,342.54816017316017,327.64974219287734,287.2594973773681,61.45558899270304,2021,11,5,Post-Monsoon,Delhi,179.6904761904762
2021-11-13,45.771111111111104,86.38863636363637,24.35217391304348,8.115217391304348,37.90152173913044,703.1111111111111,23.3,87,7.0,11.2,1010.9,57.07380952380952,63.67213768115943,69.50243902439024,74.4,55.50568610536002,63.35192555185897,9.930177971625682,2021,11,5,Post-Monsoon,Kolkata,35.81627906976745
2021-11-13,87.9687967644085,171.27568181818182,35.0588253968254,13.082630266075387,33.559999999999995,1230.267131242741,27.2,57,0.0,19.8,1007.6,82.51521317829457,79.33171510119357,77.7006607142857,50.75,83.27190834796556,78.07358291383957,10.53275541432053,2021,11,5,Post-Monsoon,Mumbai,88.34463414634146
2021-11-14,19.725,37.567567567567565,18.71860465116279,4.871794871794871,22.843888888888888,678.974358974359,21.2,92,11.9,8.4,909.7,29.53191489361702,19.523931623931624,44.022083333333335,39.7436974789916,22.926948839182884,39.858077280284725,17.090474674021866,2021,11,6,Post-Monsoon,Bengaluru,21.35258695652174
2021-11-14,20.14627906976744,30.28653431650596,14.979302325581394,7.283604651162792,12.73627906976744,1009.0697674418604,26.3,88,11.6,11.5,1006.3,32.309782608695656,17.411764705882355,24.25,20.05263157894737,23.289275461448486,42.67635520684973,24.38626158354355,2021,11,6,Post-Monsoon,Chennai,26.73375
2021-11-14,179.6904761904762,309.48837209302326,52.67807807807808,14.330000000000002,26.805641025641027,1680.2380952380952,18.6,54,0.0,10.3,987.8,257.03228120516496,415.02564102564105,310.89130434782606,255.17241379310343,283.916132807094,276.47636343413564,73.47144349262376,2021,11,6,Post-Monsoon,Delhi,200.02439024390245
2021-11-14,35.81627906976745,64.12926829268294,19.08409090909091,7.104545454545455,38.53410256410256,543.4883720930233,23.1,88,1.0,9.7,1010.2,45.771111111111104,57.07380952380952,63.67213768115943,68.069,46.22039990156269,58.74439399039717,14.017882706845732,2021,11,6,Post-Monsoon,Kolkata,29.213043478260868
2021-11-14,88.34463414634146,173.03,27.53075,10.910232558139535,25.858002152080346,1170.7142857142858,27.6,66,0.0,18.1,1007.3,87.9687967644085,82.51521317829457,79.33171510119357,55.375,86.27621469634818,82.78353064903119,4.095061927776783,2021,11,6,Post-Monsoon,Mumbai,96.0406352657005
2021-11-15,21.35258695652174,44.476613965744406,22.73897727272728,5.443122009569378,25.03212121212121,755.8005050505051,21.7,89,17.8,10.9,908.7,19.725,29.53191489361702,19.523931623931624,58.33333333333333,23.536500616712924,34.575113512168784,16.115500251677446,2021,11,0,Post-Monsoon,Bengaluru,25.46272727272727
2021-11-15,26.73375,38.0,16.623478260869565,12.237391304347826,15.898,978.2954545454544,25.6,90,7.0,10.1,1005.3,20.14627906976744,32.309782608695656,17.411764705882355,65.6036730506156,26.396603892821037,37.12350905676178,22.659819721380003,2021,11,0,Post-Monsoon,Chennai,25.682926829268293
2021-11-15,200.02439024390245,334.56756756756755,61.1559935897436,11.684615384615384,23.66681818181818,1844.2857142857144,18.5,53,0.0,11.8,987.1,179.6904761904762,257.03228120516496,415.02564102564105,260.8809523809524,212.24904921318114,267.7825688431285,79.01574838955297,2021,11,0,Post-Monsoon,Delhi,254.53658536585365
2021-11-15,29.213043478260868,60.44545454545455,22.581818181818186,7.245454545454546,30.66355555555556,622.3255813953489,22.8,91,35.1,10.0,1008.8,35.81627906976745,45.771111111111104,57.07380952380952,62.5219512195122,36.933477886379805,53.985978598789835,17.693404226222846,2021,11,0,Post-Monsoon,Kolkata,56.85333333333334
2021-11-15,96.0406352657005,163.34853658536585,26.639,13.43717391304348,31.79,1286.578947368421,27.9,65,0.0,21.9,1006.0,88.34463414634146,87.9687967644085,82.51521317829457,83.05551282051282,90.78468872548349,84.63854814120087,6.483394332136572,2021,11,0,Post-Monsoon,Mumbai,98.4335935143288
2021-11-16,25.46272727272727,49.21983695652174,28.049473975636765,5.4525,19.87121816168328,789.7700258397933,21.6,90,25.4,14.8,909.0,21.35258695652174,19.725,29.53191489361702,59.9375,22.180104743083007,29.65014597970125,11.749141021215978,2021,11,1,Post-Monsoon,Bengaluru,19.1194385026738
2021-11-16,25.682926829268293,55.74418604651163,12.54660101010101,4.573666666666666,14.661863636363636,980.8888888888888,26.4,86,10.4,15.2,1005.8,26.73375,20.14627906976744,32.309782608695656,71.72727272727273,24.187651966345253,30.545745357046858,16.88886326028244,2021,11,1,Post-Monsoon,Chennai,13.96875
2021-11-16,254.53658536585365,397.4285714285714,54.69798534798535,13.389473684210529,22.54594594594595,1956.25,17.9,57,0.0,11.0,988.1,200.02439024390245,179.6904761904762,257.03228120516496,280.125,211.4171506000774,264.1270810382504,78.94144802229867,2021,11,1,Post-Monsoon,Delhi,217.95652173913044
2021-11-16,56.85333333333334,115.575,24.59952380952381,11.77911111111111,32.180217391304346,990.2380952380952,23.2,84,0.0,12.3,1009.9,29.213043478260868,35.81627906976745,45.771111111111104,76.8530303030303,40.627551960453886,51.12887903169028,14.756455438497538,2021,11,1,Post-Monsoon,Kolkata,70.38863636363637
2021-11-16,98.4335935143288,172.22421650717703,33.75025396825397,14.340334928229666,17.18937755937756,1149.6934460887949,28.2,68,0.0,19.2,1005.4,96.0406352657005,88.34463414634146,87.9687967644085,80.56818181818181,94.27295430879026,87.19074981207902,7.961843103799754,2021,11,1,Post-Monsoon,Mumbai,56.40068965517242
2021-11-17,19.1194385026738,35.425,22.84261363636364,5.422916666666667,21.971876321353065,654.7512919896641,21.6,89,13.3,13.7,910.7,25.46272727272727,21.35258695652174,19.725,47.93277777777778,21.978250910640938,25.533954654686397,9.002720382864943,2021,11,2,Post-Monsoon,Bengaluru,12.508680555555555
2021-11-17,13.96875,24.2326581027668,13.755671936758894,4.749183403805497,13.38705866807611,788.2608695652174,25.8,89,13.9,19.1,1007.1,25.682926829268293,26.73375,20.14627906976744,67.28571428571429,22.128475609756105,22.92903617337339,6.195076808975326,2021,11,2,Post-Monsoon,Chennai,9.916666666666666
2021-11-17,217.95652173913044,367.5541134751773,50.27182621951219,12.97275,25.376,1807.8947368421047,17.7,65,0.0,9.7,990.1,254.53658536585365,200.02439024390245,179.6904761904762,231.6888888888889,224.17249911629543,262.16531430257066,80.04483934035744,2021,11,2,Post-Monsoon,Delhi,205.78293868921776
2021-11-17,70.38863636363637,147.0285714285714,29.38022727272727,11.50952380952381,42.79204545454545,910.4761904761904,22.1,77,0.0,13.0,1011.7,56.85333333333334,29.213043478260868,35.81627906976745,69.50243902439024,52.151671058410194,51.25547865158258,14.942981719879905,2021,11,2,Post-Monsoon,Kolkata,65.45947662601625
2021-11-17,56.40068965517242,116.86023255813951,26.800697674418608,12.294210526315789,17.45,772.7777777777778,27.5,76,2.1,16.9,1007.0,98.4335935143288,96.0406352657005,88.34463414634146,77.7006607142857,83.62497281173391,84.14789680363425,13.985105207696298,2021,11,2,Post-Monsoon,Mumbai,33.24955555555555
2021-11-18,12.508680555555555,26.234848484848484,24.20119896640827,5.446421370967742,12.054375,714.0625,20.0,96,69.6,20.1,909.2,19.1194385026738,25.46272727272727,21.35258695652174,44.022083333333335,19.030282110318876,21.032039972146713,5.358327761679781,2021,11,3,Post-Monsoon,Bengaluru,16.590284552845528
2021-11-18,9.916666666666666,17.598550724637683,10.04416996047431,6.360115384615385,15.032159090909092,879.0,25.4,91,62.2,30.5,1003.4,13.96875,25.682926829268293,26.73375,24.25,16.522781165311656,20.881417125754346,7.836894244674057,2021,11,3,Post-Monsoon,Chennai,19.282
2021-11-18,205.78293868921776,364.53333333333336,65.82093023255814,12.61890243902439,26.627305555555555,2358.092105263158,19.1,66,0.0,6.3,989.0,217.95652173913044,254.53658536585365,200.02439024390245,310.89130434782606,226.09201526473393,247.14983349419805,79.23546697103772,2021,11,3,Post-Monsoon,Delhi,221.7164855072464
2021-11-18,65.45947662601625,138.20208333333335,34.60642045454546,13.57118394308943,33.65272644927536,1042.3484848484848,22.0,77,0.0,8.4,1010.3,70.38863636363637,56.85333333333334,29.213043478260868,63.67213768115943,64.23381544099531,51.510812786562134,15.203508281761446,2021,11,3,Post-Monsoon,Kolkata,68.80901702127659
2021-11-18,33.24955555555555,67.38849025974027,16.706590909090906,10.041904761904762,13.78251876172608,626.0277777777778,26.4,85,2.2,13.4,1007.5,56.40068965517242,98.4335935143288,96.0406352657005,79.33171510119357,62.69461290835227,77.5647311542574,23.935949434086943,2021,11,3,Post-Monsoon,Mumbai,43.151051136363634
2021-11-19,16.590284552845528,30.095087719298245,20.351357466063348,5.791560283687943,18.65139934533552,663.2692307692307,20.5,94,31.4,18.5,906.0,12.508680555555555,19.1194385026738,25.46272727272727,19.523931623931624,16.07280120369163,20.61294753342013,5.60498869340341,2021,11,4,Post-Monsoon,Bengaluru,18.204545454545453
2021-11-19,19.282,25.325004535147396,14.167632653061224,7.660651515151515,18.69711805555556,1011.4285714285714,26.6,83,8.0,28.9,1001.8,9.916666666666666,13.96875,25.682926829268293,17.411764705882355,14.389138888888894,21.148593596342582,7.730043475250889,2021,11,4,Post-Monsoon,Chennai,18.51533333333333
2021-11-19,221.7164855072464,388.2127659574468,63.78181818181818,16.24193181818182,24.44125850340136,2167.3116733755032,18.7,64,0.0,8.2,986.6,205.78293868921776,217.95652173913044,254.53658536585365,415.02564102564105,215.15198197853147,219.5342398487131,28.27182550836881,2021,11,4,Post-Monsoon,Delhi,215.52467385138968
2021-11-19,68.80901702127659,152.16924144310826,34.38191489361702,14.206485507246375,39.33263194444445,1157.4682971014493,22.6,78,0.0,8.3,1008.4,65.45947662601625,70.38863636363637,56.85333333333334,57.07380952380952,68.21904333697641,53.187271000486,16.510034002022184,2021,11,4,Post-Monsoon,Kolkata,82.181853043048
2021-11-19,43.151051136363634,86.48757791327913,21.076875,10.570607142857142,19.71068181818182,720.4740608228981,26.7,85,0.7,15.4,1005.2,33.24955555555555,56.40068965517242,98.4335935143288,82.51521317829457,44.26709878236388,71.94127943398155,27.00620202601233,2021,11,4,Post-Monsoon,Mumbai,46.30271739130435
2021-11-20,18.204545454545453,31.75,17.68725,5.79,21.864545454545453,664.25,21.2,93,7.5,15.0,907.6,16.590284552845528,12.508680555555555,19.1194385026738,29.53191489361702,15.767836854315513,18.994751899267044,4.008697035771235,2021,11,5,Post-Monsoon,Bengaluru,31.55813953488372
2021-11-20,18.51533333333333,24.03589855072464,14.324079365079363,8.084261904761906,17.912888888888887,967.6190476190476,26.2,87,12.6,17.5,1004.6,19.282,9.916666666666666,13.96875,32.309782608695656,15.904666666666671,19.177957985576533,5.967963349501384,2021,11,5,Post-Monsoon,Chennai,18.13953488372093
2021-11-20,215.52467385138968,366.5634146341464,65.40133838383838,16.014285714285712,26.326684782608694,1915.2716186252771,19.3,58,0.0,9.1,986.9,221.7164855072464,205.78293868921776,217.95652173913044,257.03228120516496,214.3413660159512,213.60458165531665,22.947855002654187,2021,11,5,Post-Monsoon,Delhi,188.97297297297297
2021-11-20,82.181853043048,164.79759858442873,27.84,14.566521739130431,55.94801086956522,944.0217391304348,23.9,80,0.0,7.9,1008.5,68.80901702127659,65.45947662601625,70.38863636363637,45.771111111111104,72.15011556344695,58.38880556219126,19.286359446637224,2021,11,5,Post-Monsoon,Kolkata,94.7625
2021-11-20,46.30271739130435,101.04848837209305,19.647435897435894,11.402697674418604,14.669999999999998,793.8461538461538,27.8,79,1.1,12.2,1004.4,43.151051136363634,33.24955555555555,56.40068965517242,87.9687967644085,40.901108027741195,65.98898238068097,27.47257832088423,2021,11,5,Post-Monsoon,Mumbai,20.57877777777778
2021-11-21,31.55813953488372,55.0,16.8,5.841176470588235,22.27,653.4782608695652,21.9,85,17.9,11.8,910.8,18.204545454545453,16.590284552845528,12.508680555555555,19.725,22.117656514091568,20.685200404250434,6.241261158688788,2021,11,6,Post-Monsoon,Bengaluru,19.72583333333333
2021-11-21,18.13953488372093,31.65628019323672,14.761626984126984,9.024,18.777494588744588,960.4444444444443,26.3,87,5.8,13.1,1007.4,18.51533333333333,19.282,9.916666666666666,20.14627906976744,18.645622739018094,18.89128024471275,5.961891578637634,2021,11,6,Post-Monsoon,Chennai,17.9421875
2021-11-21,188.97297297297297,306.67391304347825,53.36791979949875,9.475925394548064,27.363636363636363,1556.6477272727273,19.0,58,0.0,13.9,988.4,215.52467385138968,221.7164855072464,205.78293868921776,179.6904761904762,208.7380441105363,214.93065262424474,20.832125202174304,2021,11,6,Post-Monsoon,Delhi,129.44444444444446
2021-11-21,94.7625,185.2036067193676,36.41873737373737,12.865200845665964,46.05096376811594,1227.6944444444443,24.8,81,0.0,8.3,1009.6,82.181853043048,68.80901702127659,65.45947662601625,35.81627906976745,81.91779002144153,66.8096942665102,20.611198788682724,2021,11,6,Post-Monsoon,Kolkata,112.4895979020979
2021-11-21,20.57877777777778,54.55564336372847,15.335434782608695,11.379302325581396,10.325555555555557,531.7777777777778,27.6,81,7.9,16.7,1007.2,46.30271739130435,43.151051136363634,33.24955555555555,88.34463414634146,36.6775154351486,56.30814575660043,30.096336126949037,2021,11,6,Post-Monsoon,Mumbai,25.99
2021-11-22,19.72583333333333,46.97560975609756,24.17441860465116,5.6971428571428575,18.396410256410256,766.046511627907,21.4,88,8.8,17.3,912.2,31.55813953488372,18.204545454545453,16.590284552845528,21.35258695652174,23.162839440920838,20.452807029509234,6.242555282200633,2021,11,0,Post-Monsoon,Bengaluru,20.264976958525345
2021-11-22,17.9421875,31.36474358974359,14.849308300395258,8.112286931818183,11.886238636363636,842.1739130434783,26.3,86,11.8,15.3,1009.1,18.13953488372093,18.51533333333333,19.282,26.73375,18.199018572351424,17.635342744712748,4.858321028927404,2021,11,0,Post-Monsoon,Chennai,20.054054054054053
2021-11-22,129.44444444444446,259.1794871794872,44.22651162790697,11.807272727272728,28.982142857142858,1158.3720930232555,18.8,51,0.0,21.6,988.2,188.97297297297297,215.52467385138968,221.7164855072464,200.02439024390245,177.98069708960233,204.8478032243222,38.68228020100055,2021,11,0,Post-Monsoon,Delhi,155.03748006379584
2021-11-22,112.4895979020979,222.0091346153846,42.96522727272728,9.729244949494948,38.56863927738927,1429.8237179487178,25.6,77,0.0,8.7,1009.5,94.7625,82.181853043048,68.80901702127659,29.213043478260868,96.47798364838197,78.70634489848692,19.28454677061145,2021,11,0,Post-Monsoon,Kolkata,84.88839009287925
2021-11-22,25.99,59.96769230769231,16.411315789473683,12.66,8.180111111111112,624.6634615384615,26.7,86,2.3,10.2,1010.6,20.57877777777778,46.30271739130435,43.151051136363634,96.0406352657005,30.95716505636072,46.30091214721465,26.05840509808612,2021,11,0,Post-Monsoon,Mumbai,31.2634375
2021-11-23,20.264976958525345,46.46633986928104,27.12548319327731,5.727738095238095,17.738926640926643,587.5178571428571,22.3,85,1.0,13.2,912.0,19.72583333333333,31.55813953488372,18.204545454545453,25.46272727272727,23.849649942247467,19.71027127033753,5.84370662229327,2021,11,1,Post-Monsoon,Bengaluru,22.461701902748416
2021-11-23,20.054054054054053,37.71651515151515,13.627074721780604,7.777241532976827,15.496363636363636,829.7058823529412,26.9,84,1.3,18.6,1008.4,17.9421875,18.13953488372093,18.51533333333333,25.682926829268293,18.71192547925833,16.831218062539282,3.6097077118350636,2021,11,1,Post-Monsoon,Chennai,29.113000000000003
2021-11-23,155.03748006379584,290.1142857142857,62.64477272727272,11.9575,18.386344537815127,1715.7142857142858,18.3,55,0.0,15.6,987.0,129.44444444444446,188.97297297297297,215.52467385138968,254.53658536585365,157.81829916040437,190.63364532402824,35.53334124039559,2021,11,1,Post-Monsoon,Delhi,223.94189608636972
2021-11-23,84.88839009287925,175.00176984126983,35.011339869281045,12.678080065359476,22.2437091503268,999.109907120743,25.0,86,0.8,7.6,1009.5,112.4895979020979,94.7625,82.181853043048,56.85333333333334,97.38016266499238,82.71135300699348,16.731932562029172,2021,11,1,Post-Monsoon,Kolkata,76.4426268498943
2021-11-23,31.2634375,69.43807692307692,17.660882352941176,10.792894736842106,9.404128205128206,605.6794871794872,27.1,86,0.0,17.3,1010.0,25.99,20.57877777777778,46.30271739130435,98.4335935143288,25.94407175925927,36.705175573739105,12.503365627325984,2021,11,1,Post-Monsoon,Mumbai,63.08047619047619
2021-11-24,22.461701902748416,47.17054263565892,29.51682828282828,5.913571428571428,17.309333333333335,614.8611111111111,21.7,84,0.4,21.3,912.1,20.264976958525345,19.72583333333333,31.55813953488372,19.1194385026738,20.81750406486903,20.18773747034819,5.923384616432859,2021,11,2,Post-Monsoon,Bengaluru,28.02588235294117
2021-11-24,29.113000000000003,48.009199134199136,11.820503875968992,7.990061132561133,12.755714285714284,845.0,27.1,82,0.6,18.3,1008.7,20.054054054054053,17.9421875,18.13953488372093,13.96875,22.369747184684694,18.99468234825357,5.598576288227802,2021,11,2,Post-Monsoon,Chennai,29.435897435897434
2021-11-24,223.94189608636972,414.97435897435895,73.16012195121951,13.906964285714286,32.62663194444444,2694.871794871795,18.6,58,0.0,10.2,988.4,155.03748006379584,129.44444444444446,188.97297297297297,217.95652173913044,169.47460686486997,191.48869880220528,36.36273783315521,2021,11,2,Post-Monsoon,Delhi,255.44477272727272
2021-11-24,76.4426268498943,164.53128964059198,25.92754283965728,12.005861522198732,58.72447979797981,843.5650105708245,24.2,75,0.0,9.8,1011.2,84.88839009287925,112.4895979020979,94.7625,70.38863636363637,91.27353828162381,83.57620879074462,16.134627136664626,2021,11,2,Post-Monsoon,Kolkata,77.81025641025641
2021-11-24,63.08047619047619,119.04397009966776,16.879767441860466,9.416393540669857,16.299310344827585,721.6666666666666,27.9,81,0.0,16.6,1009.6,31.2634375,25.99,20.57877777777778,56.40068965517242,40.11130456349207,37.65943079306822,14.372275965608097,2021,11,2,Post-Monsoon,Mumbai,67.25736842105263
2021-11-25,28.02588235294117,56.618421052631575,28.96679487179487,5.650725115359261,18.80665991902834,537.5320512820513,21.8,80,0.0,21.7,912.0,22.461701902748416,20.264976958525345,19.72583333333333,12.508680555555555,23.584187071404983,22.40448058426042,5.455728820141161,2021,11,3,Post-Monsoon,Bengaluru,37.18482947232947
2021-11-25,29.435897435897434,47.796309523809526,11.37236842105263,6.714781746031746,17.868648648648648,834.2105263157895,25.5,88,34.3,22.3,1008.9,29.113000000000003,20.054054054054053,17.9421875,9.916666666666666,26.200983829983837,21.783143886715106,5.1679189599810345,2021,11,3,Post-Monsoon,Chennai,20.785714285714285
2021-11-25,255.44477272727272,415.0461538461538,74.33278225806453,12.017715617715618,29.192977564102563,2180.3783783783783,17.9,70,0.0,8.7,989.6,223.94189608636972,155.03748006379584,129.44444444444446,205.78293868921776,211.47471629247937,198.58324652192738,43.71730790519546,2021,11,3,Post-Monsoon,Delhi,273.8038636363636
2021-11-25,77.81025641025641,169.05454545454543,15.0275,18.02142857142857,54.28028571428571,908.3333333333334,23.5,72,0.0,9.8,1011.5,76.4426268498943,84.88839009287925,112.4895979020979,65.45947662601625,79.71375778434333,85.34060590277893,14.405992383831325,2021,11,3,Post-Monsoon,Kolkata,80.22829268292683
2021-11-25,67.25736842105263,126.93973684210526,21.038421052631577,12.148780487804878,14.913180778032036,774.560606060606,27.8,74,0.0,16.7,1010.2,63.08047619047619,31.2634375,25.99,33.24955555555555,53.86709403717629,42.51768977385351,17.938534167811945,2021,11,3,Post-Monsoon,Mumbai,63.4745
2021-11-26,37.18482947232947,72.22058823529412,26.41814671814672,5.9756320836966,22.05676470588235,632.7222222222222,21.4,79,0.0,22.9,912.4,28.02588235294117,22.461701902748416,20.264976958525345,16.590284552845528,29.22413790933969,25.346558429900977,7.102264253581071,2021,11,4,Post-Monsoon,Bengaluru,42.97719512195122
2021-11-26,20.785714285714285,31.435406976744183,14.06328641370869,6.477285714285713,17.636052631578945,736.2857142857143,25.3,89,40.3,23.0,1009.1,29.435897435897434,29.113000000000003,20.054054054054053,19.282,26.444870573870578,21.997960213245715,5.077079884958156,2021,11,4,Post-Monsoon,Chennai,21.21951219512195
2021-11-26,273.8038636363636,454.0634820867379,68.49044289044289,14.731156126482214,29.980357142857144,2683.333333333333,18.4,69,0.0,9.3,989.5,255.44477272727272,223.94189608636972,155.03748006379584,221.7164855072464,251.06351081666858,206.0243005403727,51.965738010174825,2021,11,4,Post-Monsoon,Delhi,251.88387096774196
2021-11-26,80.22829268292683,167.7904761904762,28.962954545454547,13.753809523809522,54.83512195121951,1009.2857142857144,23.2,77,0.0,9.7,1012.0,77.81025641025641,76.4426268498943,84.88839009287925,68.80901702127659,78.16039198102585,86.97193099730039,12.776341833905297,2021,11,4,Post-Monsoon,Kolkata,93.82801033591733
2021-11-26,63.4745,133.44526315789474,23.62,11.62923076923077,18.305,789.6157094594595,27.2,71,0.0,15.0,1010.8,67.25736842105263,63.08047619047619,31.2634375,43.151051136363634,64.6041148705096,45.421039611515845,19.623653732246876,2021,11,4,Post-Monsoon,Mumbai,67.3592
2021-11-27,42.97719512195122,77.14137214137214,24.649686882003955,5.560972222222222,22.36785,555.3777777777777,19.9,88,5.1,22.2,912.2,37.18482947232947,28.02588235294117,22.461701902748416,18.204545454545453,36.06263564907396,28.88550838238752,8.895830283805838,2021,11,5,Post-Monsoon,Bengaluru,29.31455357142857
2021-11-27,21.21951219512195,29.4130081300813,7.329239631336406,6.139176079734218,17.836451612903225,635.7142857142857,24.8,91,29.7,17.6,1009.3,20.785714285714285,29.435897435897434,29.113000000000003,18.51533333333333,23.81370797224456,22.38427147921552,4.866433970273758,2021,11,5,Post-Monsoon,Chennai,11.354166666666668
2021-11-27,251.88387096774196,398.3546207497821,61.41410256410256,12.072060123784262,28.11375,2537.3809523809523,18.8,72,0.0,10.6,990.6,273.8038636363636,255.44477272727272,223.94189608636972,215.52467385138968,260.3775024437927,211.21847155699447,54.81273389237446,2021,11,5,Post-Monsoon,Delhi,282.4634146341463
2021-11-27,93.82801033591733,188.17735618115051,21.157869634340223,15.816061208267092,34.82399632802938,1317.4042407660738,21.7,74,0.0,11.3,1013.0,80.22829268292683,77.81025641025641,76.4426268498943,82.181853043048,83.95551980970019,88.63566775342456,12.806862099896787,2021,11,5,Post-Monsoon,Kolkata,94.64117647058823
2021-11-27,67.3592,130.73189189189188,20.11397495056032,11.54,17.852789682539683,821.8069498069499,26.7,72,0.0,16.3,1010.7,63.4745,67.25736842105263,63.08047619047619,46.30271739130435,66.03035614035089,48.42910855561523,21.32171384971612,2021,11,5,Post-Monsoon,Mumbai,63.827935606060606
2021-11-28,29.31455357142857,51.3803125,21.20532608695652,5.17343685300207,21.597452380952383,373.3433488612836,20.9,91,4.4,17.8,912.3,42.97719512195122,37.18482947232947,28.02588235294117,31.55813953488372,36.49219272190309,28.564996101893932,8.823612301404474,2021,11,6,Post-Monsoon,Bengaluru,16.848484848484848
2021-11-28,11.354166666666668,16.409090909090907,11.484117647058824,8.454528657616894,9.526666666666667,597.4358974358975,24.7,91,30.2,18.8,1010.0,21.21951219512195,20.785714285714285,29.435897435897434,18.13953488372093,17.786464382500974,21.414933162493487,6.313493268746316,2021,11,6,Post-Monsoon,Chennai,25.18421052631579
2021-11-28,282.4634146341463,420.8212121212121,53.75003205128205,13.41512987012987,33.719242424242424,2269.696969696969,18.9,74,0.0,9.8,992.2,251.88387096774196,273.8038636363636,255.44477272727272,188.97297297297297,269.3837164127505,224.57424893716208,59.664278762299446,2021,11,6,Post-Monsoon,Delhi,223.55882352941177
2021-11-28,94.64117647058823,181.5055555555556,14.51219512195122,10.78529411764706,24.310285714285715,1164.054054054054,21.2,75,0.0,9.7,1013.4,93.82801033591733,80.22829268292683,77.81025641025641,94.7625,89.56582649647747,88.61833582065148,12.797267025147942,2021,11,6,Post-Monsoon,Kolkata,79.45365853658537
2021-11-28,63.827935606060606,135.39167410714288,25.212352941176476,12.83918181818182,18.486785714285716,666.7741935483871,26.0,64,0.0,16.1,1011.3,67.3592,63.4745,67.25736842105263,20.57877777777778,64.88721186868688,54.607559673941346,17.89768621674698,2021,11,6,Post-Monsoon,Mumbai,59.16969696969697
2021-11-29,16.848484848484848,37.09090909090909,23.710465116279067,5.493548387096775,16.269722222222224,552.3809523809524,21.1,89,1.4,26.0,912.9,29.31455357142857,42.97719512195122,37.18482947232947,19.72583333333333,29.71341118062155,28.153946318344143,9.355033478500914,2021,11,0,Post-Monsoon,Bengaluru,22.82234432234432
2021-11-29,25.18421052631579,33.88741192411924,14.32981684981685,11.3987617260788,8.311714285714286,505.45454545454544,24.9,90,27.5,14.8,1010.9,11.354166666666668,21.21951219512195,20.785714285714285,17.9421875,19.25262979603481,22.449507880538597,6.24254567471689,2021,11,0,Post-Monsoon,Chennai,23.945833333333333
2021-11-29,223.55882352941177,344.6188063063063,50.42918604651163,11.004761904761905,23.380444444444443,1924.8931623931624,18.1,64,0.0,15.0,992.5,282.4634146341463,251.88387096774196,273.8038636363636,129.44444444444446,252.6353697104333,238.01916023501457,42.90483435977512,2021,11,0,Post-Monsoon,Delhi,179.72727272727272
2021-11-29,79.45365853658537,154.03,15.13095238095238,13.630238095238097,28.05210526315789,951.190476190476,20.8,75,0.0,11.3,1013.3,94.64117647058823,93.82801033591733,80.22829268292683,112.4895979020979,89.30761511436363,83.89891591129253,7.537284505174181,2021,11,0,Post-Monsoon,Kolkata,82.41388888888889
2021-11-29,59.16969696969697,115.55495063879208,22.775142857142857,13.55771590909091,16.418055555555554,552.972972972973,26.0,55,0.0,15.1,1011.4,63.827935606060606,67.3592,63.4745,25.99,63.45227752525253,59.34751638389805,12.69213062758899,2021,11,0,Post-Monsoon,Mumbai,76.56121428571429
2021-11-30,22.82234432234432,51.09964743589744,25.9092766075388,5.870443520443521,17.720336970474968,512.940379403794,21.3,85,1.4,22.2,913.1,16.848484848484848,29.31455357142857,42.97719512195122,20.264976958525345,22.995127580752584,28.51928451317543,9.040241023802121,2021,11,1,Post-Monsoon,Bengaluru,35.212435897435896
2021-11-30,23.945833333333333,29.00277777777778,10.981111111111112,11.506982416335791,8.886136363636364,307.6666666666667,25.0,89,6.6,17.6,1010.9,25.18421052631579,11.354166666666668,21.21951219512195,20.054054054054053,20.161403508771937,23.005476349007065,6.166486618081956,2021,11,1,Post-Monsoon,Chennai,50.91666666666666
2021-11-30,179.72727272727272,301.82201713909035,51.18983739837398,12.172727272727274,25.03071428571429,1561.3939393939395,18.0,65,0.0,14.7,991.7,223.55882352941177,282.4634146341463,251.88387096774196,155.03748006379584,228.58317029694354,241.54627347265412,35.284203451585604,2021,11,1,Post-Monsoon,Delhi,237.22926829268292
2021-11-30,82.41388888888889,163.53074935400517,22.98443670150987,13.90965156794425,33.06688630490956,1035.4623477297896,20.8,74,0.0,12.0,1013.1,79.45365853658537,94.64117647058823,93.82801033591733,84.88839009287925,85.50290796535417,83.54541573929392,7.541169844832361,2021,11,1,Post-Monsoon,Kolkata,75.02142857142857
2021-11-30,76.56121428571429,146.4459756097561,18.26121951219512,11.058704994192798,21.015454545454546,621.219512195122,27.1,58,0.0,15.0,1010.5,59.16969696969697,63.827935606060606,67.3592,31.2634375,66.51961562049063,65.81862735328582,5.492571463012039,2021,11,1,Post-Monsoon,Mumbai,55.6890625
2021-12-01,35.212435897435896,57.924145299145295,26.67095238095238,5.884507722007722,17.626685810810812,471.2258687258688,21.4,85,1.0,19.1,912.7,22.82234432234432,16.848484848484848,29.31455357142857,22.461701902748416,24.961088356088357,30.340817940987925,8.899754929028667,2021,12,2,Winter,Bengaluru,42.90255813953488
2021-12-01,50.91666666666666,51.93857142857143,9.024820788530466,9.662601532567049,13.285428571428572,794.0,26.1,82,3.9,19.8,1010.1,23.945833333333333,25.18421052631579,11.354166666666668,29.113000000000003,33.34890350877193,26.120285872816588,12.260857599693548,2021,12,2,Winter,Chennai,40.45454545454545
2021-12-01,237.22926829268292,405.2702702702703,64.52,10.708634146341463,10.717958333333334,2001.2987012987012,17.1,73,0.0,8.9,992.0,179.72727272727272,223.55882352941177,282.4634146341463,223.94189608636972,213.50512151645572,243.44446950212745,34.52861246531233,2021,12,2,Winter,Delhi,267.3016098484849
2021-12-01,75.02142857142857,168.25,14.673809523809522,18.22,27.97088235294117,1245.0,21.1,77,0.0,9.8,1012.5,82.41388888888889,79.45365853658537,94.64117647058823,76.4426268498943,78.96299199896761,83.34238741379882,7.779627877727984,2021,12,2,Winter,Kolkata,95.36853776853778
2021-12-01,55.6890625,96.26133333333334,13.407109500805152,5.229354838709677,12.89030303030303,559.0131578947369,23.0,82,41.4,20.3,1010.6,76.56121428571429,59.16969696969697,63.827935606060606,63.08047619047619,63.80665791847043,64.76271111178922,6.687250882847881,2021,12,2,Winter,Mumbai,40.84643349753695
2021-12-02,42.90255813953488,93.47368421052632,27.473684210526315,5.802702702702702,19.3248717948718,564.8717948717949,21.6,86,3.9,11.6,912.8,35.212435897435896,22.82234432234432,16.848484848484848,28.02588235294117,33.64577945310504,32.46605733907274,9.967076797515256,2021,12,3,Winter,Bengaluru,48.78260869565217
2021-12-02,40.45454545454545,66.13159820282414,10.5015625,10.343685064935066,30.97954545454545,813.1818181818181,26.6,70,0.3,18.2,1009.9,50.91666666666666,23.945833333333333,25.18421052631579,29.435897435897434,38.43901515151515,27.69437844690916,13.410848346122844,2021,12,3,Winter,Chennai,48.43589743589744
2021-12-02,267.3016098484849,379.2121212121212,48.498648648648654,7.79484126984127,9.159375,1520.0,16.4,81,3.9,11.3,992.1,237.22926829268292,179.72727272727272,223.55882352941177,255.44477272727272,228.08605028948008,245.1383033765863,35.492775857275625,2021,12,3,Winter,Delhi,204.4219681219681
2021-12-02,95.36853776853778,195.27993762993765,27.545098039215684,13.932347756410255,27.6901713909031,1590.2009702009702,22.1,72,0.0,8.9,1012.2,75.02142857142857,82.41388888888889,79.45365853658537,77.81025641025641,84.26795174295175,85.85071332212472,8.496250019599977,2021,12,3,Winter,Kolkata,85.2827027027027
2021-12-02,40.84643349753695,66.44428571428571,22.02741935483871,4.757,13.813333333333333,679.4285714285714,22.3,89,56.7,26.9,1009.4,55.6890625,76.56121428571429,59.16969696969697,67.25736842105263,57.69890342775042,60.98972040842983,11.063700060097183,2021,12,3,Winter,Mumbai,48.72727272727273
2021-12-03,48.78260869565217,93.37142857142857,17.94,5.8625,21.784848484848485,586.0869565217391,21.6,85,1.8,13.4,913.0,42.90255813953488,35.212435897435896,22.82234432234432,37.18482947232947,42.299200910874326,34.12288294240455,11.696176437143214,2021,12,4,Winter,Bengaluru,51.828590785907856
2021-12-03,48.43589743589744,77.91105263157894,13.196531531531532,10.396960188933871,30.555348837209294,849.2307692307693,25.7,79,0.0,16.1,1009.7,40.45454545454545,50.91666666666666,23.945833333333333,20.785714285714285,46.602369852369854,31.64440461122104,15.013145033399777,2021,12,4,Winter,Chennai,63.285714285714285
2021-12-03,204.4219681219681,310.4102564102564,44.20526315789474,9.789305555555554,16.838774464119293,1738.4640738299277,17.2,80,0.0,9.2,992.2,267.3016098484849,237.22926829268292,179.72727272727272,273.8038636363636,236.3176154210452,235.22660401738696,35.83954043273601,2021,12,4,Winter,Delhi,176.80197444831592
2021-12-03,85.2827027027027,168.0998712998713,32.62654520917679,12.920535714285714,26.43664241164241,1653.1843381843382,22.8,74,0.0,8.4,1013.1,95.36853776853778,75.02142857142857,82.41388888888889,80.22829268292683,85.22422301422301,86.57277189637841,8.146359396487497,2021,12,4,Winter,Kolkata,72.31341158536586
2021-12-03,48.72727272727273,91.39029411764706,21.88609932088285,10.90391304347826,13.97893481717011,854.9444444444445,24.2,89,0.8,10.4,1010.7,40.84643349753695,55.6890625,76.56121428571429,63.4745,48.420922908269894,58.88297365518308,11.885268013083731,2021,12,4,Winter,Mumbai,52.14515151515151
2021-12-04,51.828590785907856,96.10868673050616,21.226704545454545,5.841389961389961,22.884444444444444,788.760162601626,21.3,88,4.2,5.6,913.1,48.78260869565217,42.90255813953488,35.212435897435896,42.97719512195122,47.83791920703164,35.3873680372555,13.195353018352263,2021,12,5,Winter,Bengaluru,36.0175
2021-12-04,63.285714285714285,91.33039473684212,16.553658536585367,11.18712918660287,36.76744186046512,819.5454545454545,25.6,80,0.0,9.4,1009.7,48.43589743589744,40.45454545454545,50.91666666666666,21.21951219512195,50.72538572538573,37.653862052734226,18.221169865497156,2021,12,5,Winter,Chennai,72.06666666666666
2021-12-04,176.80197444831592,292.88,41.16758620689655,8.759829059829059,18.572385866166357,1885.064935064935,17.4,73,0.0,9.8,991.0,204.4219681219681,267.3016098484849,237.22926829268292,251.88387096774196,216.17518413958956,224.50061880032607,40.90126615087817,2021,12,5,Winter,Delhi,172.70599868160843
2021-12-04,72.31341158536586,141.8184866962306,24.46920731707317,13.0277522172949,19.859634146341463,887.9878048780488,21.1,86,28.3,13.7,1013.1,85.2827027027027,95.36853776853778,75.02142857142857,93.82801033591733,84.32155068553544,83.49925778915677,8.969805622142578,2021,12,5,Winter,Kolkata,32.56488888888889
2021-12-04,52.14515151515151,110.40486486486486,23.572738486842105,10.683658536585366,7.792370370370371,1136.9285714285716,24.2,88,0.1,11.3,1011.3,48.72727272727273,40.84643349753695,55.6890625,67.3592,47.23961924665374,56.70953815734757,11.460385795981148,2021,12,5,Winter,Mumbai,47.40295454545455
2021-12-05,36.0175,63.04183135704875,17.428486622073578,5.803333333333334,22.88337944664032,658.2806324110672,21.6,83,1.2,7.9,913.2,51.828590785907856,48.78260869565217,42.90255813953488,29.31455357142857,45.54289982718669,36.3449318127657,12.921581041927228,2021,12,6,Winter,Bengaluru,61.90134615384615
2021-12-05,72.06666666666666,108.0374677002584,17.63667497231451,11.64536038961039,31.25048780487805,808.8636363636364,26.2,85,0.7,12.2,1009.5,63.285714285714285,48.43589743589744,40.45454545454545,11.354166666666668,61.26275946275947,46.327076338448514,18.064979053771086,2021,12,6,Winter,Chennai,59.175
2021-12-05,172.70599868160843,303.4558445945946,57.23846153846154,12.8785,24.908148148148147,2217.613751263903,19.0,70,0.5,9.1,991.2,176.80197444831592,204.4219681219681,267.3016098484849,282.4634146341463,184.6433137506307,208.8209879499635,35.68268170885676,2021,12,6,Winter,Delhi,141.38631484794274
2021-12-05,32.56488888888889,59.43039130434783,15.21841414141414,6.470888888888888,17.500777777777778,610.2222222222222,20.3,92,37.9,16.9,1012.3,72.31341158536586,85.2827027027027,95.36853776853778,94.64117647058823,63.38700105898581,74.63121670605686,20.010068266576162,2021,12,6,Winter,Kolkata,8.604545454545455
2021-12-05,47.40295454545455,101.59044444444444,17.235681818181817,14.305763403263402,10.55690476190476,887.1875,23.8,88,0.2,11.8,1011.8,52.14515151515151,48.72727272727273,40.84643349753695,63.827935606060606,49.42512626262627,54.36311229154671,11.441471142571475,2021,12,6,Winter,Mumbai,66.22444444444444
2021-12-06,61.90134615384615,116.42213675213677,18.418,6.327777777777778,26.994431009957324,816.8713450292398,21.7,81,0.7,12.1,912.9,36.0175,51.828590785907856,48.78260869565217,16.848484848484848,49.91581231325134,42.78105485638874,12.811821693602196,2021,12,0,Winter,Bengaluru,64.12555555555555
2021-12-06,59.175,85.02631578947368,14.951597744360903,11.162476190476193,27.9205,740.2857142857143,26.5,87,0.6,10.6,1009.7,72.06666666666666,63.285714285714285,48.43589743589744,25.18421052631579,64.84246031746032,51.18290340611769,15.869550410374856,2021,12,0,Winter,Chennai,57.33735294117647
2021-12-06,141.38631484794274,232.55603948896632,41.79189189189189,11.902337398373984,20.63421052631579,1338.4642857142858,18.2,79,1.6,12.9,991.5,172.70599868160843,176.80197444831592,204.4219681219681,223.55882352941177,163.63142932595562,197.08205813832507,42.8274379935827,2021,12,0,Winter,Delhi,101.90714285714286
2021-12-06,8.604545454545455,16.245454545454546,14.357111111111111,7.915,15.214761904761904,526.1363636363636,20.8,91,31.8,22.8,1009.9,32.56488888888889,72.31341158536586,85.2827027027027,79.45365853658537,37.82761530960007,64.50991483719402,31.679638841849275,2021,12,0,Winter,Kolkata,19.55555555555556
2021-12-06,66.22444444444444,125.4471794871795,15.237942875481387,8.263846153846155,17.527584033613444,818.6251920122888,24.4,82,0.0,16.3,1011.6,47.40295454545455,52.14515151515151,48.72727272727273,59.16969696969697,55.257516835016844,55.370933359367775,12.219667156389761,2021,12,0,Winter,Mumbai,90.37897435897436
2021-12-07,64.12555555555555,107.87878787878788,27.55560344827586,5.968,24.55333333333333,843.0434782608696,21.6,76,0.1,13.1,913.3,61.90134615384615,36.0175,51.828590785907856,22.82234432234432,54.01480056980057,48.68151360399036,11.535353921328499,2021,12,1,Winter,Bengaluru,32.94642857142857
2021-12-07,57.33735294117647,95.25714285714288,15.582575187969926,9.190519005847952,19.87972222222222,675.8823529411765,26.2,85,0.2,15.5,1010.4,59.175,72.06666666666666,63.285714285714285,23.945833333333333,62.85967320261438,55.95312049295243,10.390622750872401,2021,12,1,Winter,Chennai,22.205652173913045
2021-12-07,101.90714285714286,186.1386217948718,37.44285714285714,7.627047146401985,17.843970588235294,1086.7765567765568,16.7,71,0.0,16.3,992.4,141.38631484794274,172.70599868160843,176.80197444831592,179.72727272727272,138.66648546223126,185.96489672830654,56.120515630748805,2021,12,1,Winter,Delhi,111.24270557029178
2021-12-07,19.55555555555556,44.421875,14.620540540540542,12.437027027027028,13.905135135135136,691.3513513513514,22.0,85,0.0,14.2,1012.0,8.604545454545455,32.56488888888889,72.31341158536586,82.41388888888889,20.2416632996633,55.530152932432124,34.53859282844677,2021,12,1,Winter,Kolkata,46.17586206896552
2021-12-07,90.37897435897436,173.37,19.87678151260504,14.339354838709676,22.93208333333333,909.2279411764706,25.4,73,0.0,15.5,1011.7,66.22444444444444,47.40295454545455,52.14515151515151,76.56121428571429,68.00212444962446,57.34489908411922,16.558888532511777,2021,12,1,Winter,Mumbai,98.04166666666669
2021-12-08,32.94642857142857,72.8607142857143,27.38214285714286,6.5354,20.38236607142857,328.2142857142857,21.3,76,0.0,15.3,913.4,64.12555555555555,61.90134615384615,36.0175,35.212435897435896,52.9911100936101,48.357798271703594,11.998816927403698,2021,12,2,Winter,Bengaluru,27.440416666666664
2021-12-08,22.205652173913045,43.29798408488064,13.098076923076924,7.912144396551724,13.04125,617.2413793103449,26.7,82,1.2,16.9,1010.6,57.33735294117647,59.175,72.06666666666666,50.91666666666666,46.23933503836317,51.85154699398762,16.550708250374402,2021,12,2,Winter,Chennai,11.317380952380953
2021-12-08,111.24270557029178,208.52472527472528,45.190000000000005,11.525925925925923,22.72204433497537,1584.6148148148147,15.5,68,0.0,12.2,992.3,101.90714285714286,141.38631484794274,172.70599868160843,237.22926829268292,118.17872109179238,167.96681633939355,57.1327801758482,2021,12,2,Winter,Delhi,154.20454545454544
2021-12-08,46.17586206896552,93.01304347826088,18.203846153846158,12.026,31.54875,1107.8125,22.1,85,0.0,10.2,1014.1,19.55555555555556,8.604545454545455,32.56488888888889,75.02142857142857,24.778654359688847,51.409357717794535,33.5316085371488,2021,12,2,Winter,Kolkata,49.12051282051282
2021-12-08,98.04166666666669,176.4630434782609,22.17272792022792,14.39826086956522,20.5954,1075.4782608695652,25.6,67,0.0,16.2,1011.8,90.37897435897436,66.22444444444444,47.40295454545455,55.6890625,84.88169515669517,63.39527110792874,22.518203088767986,2021,12,2,Winter,Mumbai,87.6151282051282
2021-12-09,27.440416666666664,54.34848484848485,30.151515151515152,6.110501567398119,20.726637596899224,301.06060606060606,21.9,80,0.5,14.1,914.7,32.94642857142857,64.12555555555555,61.90134615384615,42.90255813953488,41.5041335978836,46.1489209184367,14.361133196483157,2021,12,3,Winter,Bengaluru,26.58823529411765
2021-12-09,11.317380952380953,25.21166666666667,10.425877192982457,7.682023809523809,17.98642857142857,661.1904761904761,26.4,81,1.4,14.1,1012.1,22.205652173913045,57.33735294117647,59.175,40.45454545454545,30.286795355823497,47.68909492224983,22.49222303888598,2021,12,3,Winter,Chennai,17.791666666666668
2021-12-09,154.20454545454544,282.9453316953317,47.29189189189189,11.73500611995104,19.864388335704128,1664.1025641025642,15.1,70,0.0,8.0,994.5,111.24270557029178,101.90714285714286,141.38631484794274,267.3016098484849,122.45146462732662,151.81009285454502,36.69615857684991,2021,12,3,Winter,Delhi,152.86666666666667
2021-12-09,49.12051282051282,97.30243902439024,21.151219512195123,9.12659090909091,21.01375,776.9767441860465,22.6,79,0.2,12.7,1015.8,46.17586206896552,19.55555555555556,8.604545454545455,95.36853776853778,38.2839768150113,44.802497010933834,27.42713883474623,2021,12,3,Winter,Kolkata,56.52209302325581
2021-12-09,87.6151282051282,173.81297297297297,25.335675675675677,14.436635846372688,18.6975,888.0769230769231,25.7,68,0.0,16.3,1013.2,98.04166666666669,90.37897435897436,66.22444444444444,40.84643349753695,92.0119230769231,70.07651320901321,21.633674561578832,2021,12,3,Winter,Mumbai,89.04166666666667
2021-12-10,26.58823529411765,55.0,21.195238095238096,6.223076923076922,18.92269230769231,552.6923076923077,21.2,79,0.0,17.1,915.3,27.440416666666664,32.94642857142857,64.12555555555555,48.78260869565217,28.991693510737637,42.97829614678892,16.035205854672117,2021,12,4,Winter,Bengaluru,25.743589743589745
2021-12-10,17.791666666666668,47.20140952921157,12.13205602536998,7.724860970677452,15.793488372093025,694.1304347826087,26.3,80,3.1,22.1,1012.8,11.317380952380953,22.205652173913045,57.33735294117647,48.43589743589744,17.104899930986893,43.31134766950259,25.148049588476237,2021,12,4,Winter,Chennai,14.681818181818182
2021-12-10,152.86666666666667,251.07142857142856,49.38478260869565,10.43191489361702,20.10333333333333,1458.5365853658536,15.4,68,0.0,11.9,994.6,154.20454545454544,111.24270557029178,101.90714285714286,204.4219681219681,139.43797256383456,144.44504978950198,28.6735890074237,2021,12,4,Winter,Delhi,130.33488372093024
2021-12-10,56.52209302325581,110.21386857707508,31.513444444444445,11.44270202020202,25.071921132457028,1341.3345665961945,22.1,80,0.0,8.8,1015.5,49.12051282051282,46.17586206896552,19.55555555555556,85.2827027027027,50.60615597091138,40.69383848529856,21.96217210586139,2021,12,4,Winter,Kolkata,95.92444444444445
2021-12-10,89.04166666666667,163.9831914893617,27.715439393939395,15.130714285714284,19.611440972222223,843.4408602150538,25.8,67,0.0,15.8,1013.7,87.6151282051282,98.04166666666669,90.37897435897436,48.72727272727273,91.56615384615385,75.83571234321235,20.32979588383947,2021,12,4,Winter,Mumbai,78.97847826086957
2021-12-11,25.743589743589745,55.0,18.807317073170733,5.663157894736842,18.992105263157896,553.1578947368421,21.1,83,2.3,19.8,914.8,26.58823529411765,27.440416666666664,32.94642857142857,51.828590785907856,26.590747234791362,39.25186742645776,16.654681290663998,2021,12,5,Winter,Bengaluru,19.33090909090909
2021-12-11,14.681818181818182,27.21659090909091,9.29911067193676,9.168881313131312,17.303636363636365,615.2272727272727,25.9,82,7.2,21.2,1012.4,17.791666666666668,11.317380952380953,22.205652173913045,63.285714285714285,14.596955266955272,36.36793394037457,25.422247691399534,2021,12,5,Winter,Chennai,12.533333333333331
2021-12-11,130.33488372093024,225.14418604651163,45.89104651162791,10.80556407718951,19.50372093023256,1444.6190476190477,14.6,65,0.0,13.6,993.5,152.86666666666667,154.20454545454544,111.24270557029178,176.80197444831592,145.8020319473807,137.80689397130405,25.08890413389844,2021,12,5,Winter,Delhi,146.6086956521739
2021-12-11,95.92444444444445,194.7246511627907,53.35296924708378,13.610175109443404,28.15951971688574,1563.1912144702842,22.0,78,0.0,7.8,1015.6,56.52209302325581,49.12051282051282,46.17586206896552,72.31341158536586,67.1890167627377,44.06684317945264,28.47514801998783,2021,12,5,Winter,Kolkata,88.00713968957871
2021-12-11,78.97847826086957,173.48872159090908,20.772391304347824,14.270909090909091,19.795454545454547,981.2,25.4,71,0.0,14.6,1013.3,89.04166666666667,87.6151282051282,98.04166666666669,52.14515151515151,85.21175771088815,79.66904473545779,17.44313068579591,2021,12,5,Winter,Mumbai,78.66355555555556
2021-12-12,19.33090909090909,34.519090909090906,17.573170731707318,5.875862068965517,18.91851851851852,479.5652173913044,21.0,80,0.4,22.5,915.0,25.743589743589745,26.58823529411765,27.440416666666664,36.0175,23.887578042872168,36.868068725159056,18.30699514748712,2021,12,6,Winter,Bengaluru,25.537058823529414
2021-12-12,12.533333333333331,30.41111111111111,7.437638580931264,8.40169623059867,16.775853658536583,755.1219512195122,25.5,84,10.1,23.2,1012.6,14.681818181818182,17.791666666666668,11.317380952380953,72.06666666666666,15.002272727272732,27.863172035612667,21.075720266593976,2021,12,6,Winter,Chennai,24.232558139534884
2021-12-12,146.6086956521739,257.8533333333333,50.273809523809526,11.352,20.746511627906976,1800.0,14.5,65,0.0,8.0,994.0,130.33488372093024,152.86666666666667,154.20454545454544,172.70599868160843,143.27008201325688,134.07870782424195,20.570801570260656,2021,12,6,Winter,Delhi,195.3930714675396
2021-12-12,88.00713968957871,177.2022727272727,35.559376385809315,13.27349848331648,42.13909090909091,832.0163847780127,20.4,75,0.0,13.6,1016.5,95.92444444444445,56.52209302325581,49.12051282051282,32.56488888888889,80.15122571909298,51.98716472240834,32.20853556654981,2021,12,6,Winter,Kolkata,96.19689440993788
2021-12-12,78.66355555555556,156.09567567567566,16.264758497316638,15.2728125,19.764227272727275,881.9021739130435,25.1,71,0.0,13.5,1013.2,78.97847826086957,89.04166666666667,87.6151282051282,47.40295454545455,82.2279001610306,84.13484487975792,10.375320754641665,2021,12,6,Winter,Mumbai,73.05395202020202
2021-12-13,25.537058823529414,43.90450980392157,19.431275060144348,6.611525974025974,18.2789393939394,326.1666666666667,20.7,84,1.2,18.1,914.1,19.33090909090909,25.743589743589745,26.58823529411765,61.90134615384615,23.537185886009425,31.673170535113808,14.85313919746355,2021,12,0,Winter,Bengaluru,28.09090909090909
2021-12-13,24.232558139534884,41.07665697674419,8.914444444444444,8.887370507399577,22.29636363636364,599.0909090909091,25.4,83,4.5,21.0,1011.6,12.533333333333331,14.681818181818182,17.791666666666668,59.175,17.149236551562137,22.87139462697479,15.934458485954337,2021,12,0,Winter,Chennai,28.93177777777778
2021-12-13,195.3930714675396,324.0518292682927,56.24761904761905,11.88827380952381,20.67888888888889,2449.868421052632,14.6,66,0.0,7.1,992.9,146.6086956521739,130.33488372093024,152.86666666666667,141.38631484794274,157.44555028021452,141.79395876989864,31.167081063056308,2021,12,0,Winter,Delhi,226.95555555555555
2021-12-13,96.19689440993788,199.02587991718423,41.82509302325582,19.373284237726097,36.84911369509044,1541.6666666666663,19.0,74,0.0,13.2,1015.2,88.00713968957871,95.92444444444445,56.52209302325581,8.604545454545455,93.37615951465368,64.50035743032154,29.441261245449134,2021,12,0,Winter,Kolkata,105.10166666666666
2021-12-13,73.05395202020202,135.21276889534886,21.409333333333333,11.056928147659852,13.911111111111111,859.7674418604652,24.3,71,0.0,15.7,1012.8,78.66355555555556,78.97847826086957,89.04166666666667,66.22444444444444,76.8986619455424,85.11048881915187,8.575393671299057,2021,12,0,Winter,Mumbai,63.36236842105263
2021-12-14,28.09090909090909,55.0,24.69756097560976,5.836363636363636,20.752352941176472,337.0,20.8,82,0.8,19.6,913.6,25.537058823529414,19.33090909090909,25.743589743589745,64.12555555555555,24.31962566844921,26.52536389730717,4.038778185567405,2021,12,1,Winter,Bengaluru,40.91176470588236
2021-12-14,28.93177777777778,54.27071794871795,7.025661450924609,9.999431524547804,38.73432432432433,464.6666666666667,26.2,77,6.1,24.5,1011.1,24.232558139534884,12.533333333333331,14.681818181818182,57.33735294117647,21.899223083548673,18.813455317917835,6.544713704076175,2021,12,1,Winter,Chennai,52.78787878787879
2021-12-14,226.95555555555555,347.0,56.61033681765389,13.158333333333331,26.80263157894737,2455.909090909091,14.9,71,0.0,9.4,992.1,195.3930714675396,146.6086956521739,130.33488372093024,101.90714285714286,189.6524408917563,159.65801772681473,39.276772012769136,2021,12,1,Winter,Delhi,199.2532258064516
2021-12-14,105.10166666666666,217.04883720930232,42.11818181818182,17.755454545454544,34.01348837209302,1449.0,18.2,77,0.0,11.1,1014.1,96.19689440993788,88.00713968957871,95.92444444444445,19.55555555555556,96.43523358872774,76.72123044619455,25.112115660206126,2021,12,1,Winter,Kolkata,124.77409090909092
2021-12-14,63.36236842105263,132.44846153846154,26.162663461538465,12.916,19.770625,912.6339285714286,23.5,73,0.0,17.1,1012.6,73.05395202020202,78.66355555555556,78.97847826086957,90.37897435897436,71.69329199893674,81.25097368516306,11.417654905065627,2021,12,1,Winter,Mumbai,93.075
2021-12-15,40.91176470588236,87.05714285714286,23.41935483870968,6.076470588235294,22.6975,286.4516129032258,20.5,78,0.0,16.1,914.0,28.09090909090909,25.537058823529414,19.33090909090909,32.94642857142857,31.513244206773635,27.663269059371995,6.513384104596184,2021,12,2,Winter,Bengaluru,50.44444444444444
2021-12-15,52.78787878787879,70.17378787878788,11.505513513513511,9.247233483483484,38.40133333333333,807.5675675675676,26.3,72,0.0,24.2,1011.7,28.93177777777778,24.232558139534884,12.533333333333331,22.205652173913045,35.31740490173049,23.182344834198656,14.526663680843727,2021,12,2,Winter,Chennai,72.73529411764706
2021-12-15,199.2532258064516,291.72222222222223,51.122580645161285,11.171729166666664,19.94608695652174,1940.7407407407409,14.0,67,0.0,11.3,992.4,226.95555555555555,195.3930714675396,146.6086956521739,111.24270557029178,207.20061760984888,172.2309491891233,35.05513925998844,2021,12,2,Winter,Delhi,214.97435897435895
2021-12-15,124.77409090909092,236.76924242424244,51.81109625668449,15.487820136852395,27.46318670576735,1367.048681541582,17.8,75,0.0,10.3,1013.8,105.10166666666666,96.19689440993788,88.00713968957871,46.17586206896552,108.69088399523183,87.94954885192674,26.69969427856137,2021,12,2,Winter,Kolkata,120.2200432900433
2021-12-15,93.075,168.264,29.67487946428572,15.44,20.834027777777777,991.0028050490884,22.9,80,0.0,14.3,1012.7,63.36236842105263,73.05395202020202,78.66355555555556,98.04166666666669,76.49710681375156,80.54144987563924,10.299945958012659,2021,12,2,Winter,Mumbai,115.9217261904762
2021-12-16,50.44444444444444,101.39473684210526,26.148717948717948,5.8125,23.896,253.75,20.7,76,0.0,14.0,914.8,40.91176470588236,28.09090909090909,25.537058823529414,27.440416666666664,39.81570608041198,30.94955874191168,10.784861493142182,2021,12,3,Winter,Bengaluru,59.67741935483871
2021-12-16,72.73529411764706,92.65745011086474,14.191926406926406,9.728664343786296,39.09583333333333,773.170731707317,25.9,69,0.0,23.5,1012.6,52.78787878787879,28.93177777777778,24.232558139534884,11.317380952380953,51.48498356110122,31.956332429236674,22.516590745211513,2021,12,3,Winter,Chennai,70.86842105263158
2021-12-16,214.97435897435895,314.2959401709402,50.47638680659671,12.31111111111111,23.708571428571428,1570.75,13.6,70,0.0,16.2,993.2,199.2532258064516,226.95555555555555,195.3930714675396,154.20454545454544,213.7277134454553,180.91235112052522,37.299815466987305,2021,12,3,Winter,Delhi,152.00327540106952
2021-12-16,120.2200432900433,240.9442857142857,44.10140625,21.55549783549784,33.45076109936575,1428.6489898989898,17.5,77,0.0,10.6,1014.5,124.77409090909092,105.10166666666666,96.19689440993788,49.12051282051282,116.69860028860029,98.10662463328825,22.68909246225775,2021,12,3,Winter,Kolkata,89.14868421052631
2021-12-16,115.9217261904762,207.65710714285711,33.52794117647059,13.54558823529412,25.30909090909091,1242.9032258064517,23.3,81,0.0,16.7,1013.6,93.075,63.36236842105263,73.05395202020202,87.6151282051282,90.78636487050962,84.58524958783183,16.94989741683176,2021,12,3,Winter,Mumbai,107.79241379310344
2021-12-17,59.67741935483871,114.025,28.33030303030303,5.525925925925925,24.283846153846152,295.8333333333333,20.5,75,0.0,13.0,915.1,50.44444444444444,40.91176470588236,28.09090909090909,26.58823529411765,50.34454283505519,35.67658503630041,14.987410353483105,2021,12,4,Winter,Bengaluru,71.17391304347827
2021-12-17,70.86842105263158,109.34012836970476,14.65580357142857,10.155238095238095,31.76826086956521,646.829268292683,25.5,70,0.0,21.9,1013.0,72.73529411764706,52.78787878787879,28.93177777777778,17.791666666666668,65.46386465271915,39.53872591294594,25.667895644822888,2021,12,4,Winter,Chennai,68.88350713012477
2021-12-17,152.00327540106952,236.20363636363635,31.783870967741933,13.15271794871795,25.99913961038961,1248.3516483516482,12.3,57,0.0,18.3,995.1,214.97435897435895,199.2532258064516,226.95555555555555,152.86666666666667,188.74362006062663,180.7890095111542,37.409279494147434,2021,12,4,Winter,Delhi,140.6551724137931
2021-12-17,89.14868421052631,185.79142857142853,41.328125,20.67135135135135,35.32333333333334,1416.3333333333333,17.7,75,0.0,9.4,1014.2,120.2200432900433,124.77409090909092,105.10166666666666,56.52209302325581,111.38093946988685,102.76756623146976,14.649631917364825,2021,12,4,Winter,Kolkata,123.5821212121212
2021-12-17,107.79241379310344,205.94636363636363,28.016492063492063,10.948214285714286,15.320492424242424,1129.8529411764707,23.6,76,0.0,17.0,1014.1,115.9217261904762,93.075,63.36236842105263,89.04166666666667,105.59637999452656,87.26392774875136,19.11491448707056,2021,12,4,Winter,Mumbai,103.0
2021-12-18,71.17391304347827,131.52631578947367,22.1027027027027,5.836666666666667,24.401621621621626,296.1111111111111,19.7,73,0.0,13.7,914.4,59.67741935483871,50.44444444444444,40.91176470588236,25.743589743589745,60.43192561425382,42.16663122199876,19.210612597983577,2021,12,5,Winter,Bengaluru,53.371428571428574
2021-12-18,68.88350713012477,102.78514705882353,14.833245778611632,10.245168579626974,25.28,760.2564102564103,25.2,71,0.0,21.4,1012.6,70.86842105263158,72.73529411764706,52.78787878787879,14.681818181818182,70.82907410013446,47.281824334132594,25.088531615096283,2021,12,5,Winter,Chennai,54.89054263565892
2021-12-18,140.6551724137931,223.30475609756095,36.56037499999999,7.704418604651163,22.092666666666663,1253.8461538461538,11.2,65,0.0,22.0,994.9,152.00327540106952,214.97435897435895,199.2532258064516,130.33488372093024,169.21093559640713,182.26333646727744,35.22928645486676,2021,12,5,Winter,Delhi,144.12280701754383
2021-12-18,123.5821212121212,248.82432432432432,48.4264705882353,16.636969696969697,25.69857142857143,1860.5405405405409,18.7,73,0.0,13.6,1013.7,89.14868421052631,120.2200432900433,124.77409090909092,95.92444444444445,110.9836162375636,106.71866291256642,16.149352516703452,2021,12,5,Winter,Kolkata,83.76944444444445
2021-12-18,103.0,191.48894736842104,22.76281306715064,10.48,18.62,1203.9285714285716,23.6,72,0.0,15.9,1013.9,107.79241379310344,115.9217261904762,93.075,78.97847826086957,108.9047133278599,90.69557371148427,19.53126414100229,2021,12,5,Winter,Mumbai,91.11028130671504
2021-12-19,53.371428571428574,101.0625,21.49705882352941,5.754838709677419,24.16941176470588,275.5882352941176,18.5,67,0.0,16.0,914.9,71.17391304347827,59.67741935483871,50.44444444444444,19.33090909090909,61.40758698991519,47.02956257635869,16.59732100486784,2021,12,6,Winter,Bengaluru,47.91363636363637
2021-12-19,54.89054263565892,85.97140692640693,14.7217104276069,10.764308445532436,34.350967741935484,678.0,24.9,63,0.0,21.1,1013.5,68.88350713012477,70.86842105263158,72.73529411764706,12.533333333333331,64.88082360613842,53.332854234464826,19.877695787768697,2021,12,6,Winter,Chennai,80.25416666666666
2021-12-19,144.12280701754383,229.8809523809524,42.375757575757575,9.00039393939394,24.745833333333334,1242.888888888889,11.1,63,0.0,17.5,994.5,140.6551724137931,152.00327540106952,214.97435897435895,146.6086956521739,145.59375161080206,181.90820951947316,35.65851818224949,2021,12,6,Winter,Delhi,162.53571428571428
2021-12-19,83.76944444444445,176.8638888888889,31.422222222222224,15.494444444444444,40.66263157894737,545.5263157894736,17.5,64,0.0,13.4,1015.2,123.5821212121212,89.14868421052631,120.2200432900433,88.00713968957871,98.83341662236398,106.11327787754725,17.023462289544895,2021,12,6,Winter,Kolkata,68.4076923076923
2021-12-19,91.11028130671504,177.21728333333334,21.872558139534885,14.471126704089816,24.23809523809524,974.0625,23.6,68,0.0,17.0,1014.3,103.0,107.79241379310344,115.9217261904762,78.66355555555556,100.6342316999395,92.47367739022134,18.806437844136372,2021,12,6,Winter,Mumbai,95.4200909090909
2021-12-20,47.91363636363637,92.1153846153846,17.830000000000002,5.74375,23.76681818181818,272.85714285714283,18.3,76,0.0,13.8,914.9,53.371428571428574,71.17391304347827,59.67741935483871,25.537058823529414,57.486325992847746,50.22621651065968,13.663516394020244,2021,12,0,Winter,Bengaluru,77.5
2021-12-20,80.25416666666666,124.2488768115942,14.679285714285715,11.55912037037037,20.78782608695652,829.6428571428571,25.2,64,0.0,22.1,1013.5,54.89054263565892,68.88350713012477,70.86842105263158,24.232558139534884,68.00940547748345,61.33594116691222,17.322051293596466,2021,12,0,Winter,Chennai,69.0
2021-12-20,162.53571428571428,250.06666666666663,45.440909090909095,10.775,24.941905797101448,1094.4444444444443,11.6,67,0.0,13.3,993.4,144.12280701754383,140.6551724137931,152.00327540106952,195.3930714675396,149.1045645723503,177.21430135064097,35.75006332456977,2021,12,0,Winter,Delhi,192.405
2021-12-20,68.4076923076923,130.87384615384616,25.58230769230769,16.68846153846154,55.24111111111111,661.2,15.0,62,0.0,10.9,1015.4,83.76944444444445,123.5821212121212,89.14868421052631,96.19689440993788,91.91975265475264,102.14339186294073,22.180495062282155,2021,12,0,Winter,Kolkata,124.65
2021-12-20,95.4200909090909,178.76783281733748,28.90809523809524,9.86060606060606,19.347826086956523,906.190476190476,23.2,70,0.0,14.7,1014.2,91.11028130671504,103.0,107.79241379310344,73.05395202020202,96.51012407193532,95.66884008863403,16.744077524128244,2021,12,0,Winter,Mumbai,73.0
2021-12-21,77.5,140.0,17.15,6.7,70.635,0.41,18.9,78,0.0,10.9,914.9,47.91363636363637,53.371428571428574,71.17391304347827,28.09090909090909,59.59502164502165,57.28465806910125,13.07214807722231,2021,12,1,Winter,Bengaluru,66.5
2021-12-21,69.0,108.0,11.35,13.89,31.56,885.0,24.3,73,0.0,13.8,1013.5,80.25416666666666,54.89054263565892,68.88350713012477,28.93177777777778,68.04823643410853,67.05997291294396,9.829182595280386,2021,12,1,Winter,Chennai,95.61458333333334
2021-12-21,192.405,309.0,56.9,13.87,41.95,1150.0,12.1,71,0.0,10.6,991.9,162.53571428571428,144.12280701754383,140.6551724137931,226.95555555555555,166.35450710108594,172.27850769984732,29.592884023865405,2021,12,1,Winter,Delhi,314.97
2021-12-21,124.65,239.9,26.0,19.34,76.42,660.0,15.5,73,0.0,10.2,1013.8,68.4076923076923,83.76944444444445,123.5821212121212,105.10166666666666,92.27571225071226,104.93601091055977,23.787430641876288,2021,12,1,Winter,Kolkata,110.56666666666666
2021-12-21,73.0,171.905,33.150000000000006,17.105,25.69,1040.0,22.9,73,0.0,13.0,1014.0,95.4200909090909,91.11028130671504,103.0,63.36236842105263,86.51012407193532,97.04564459991222,13.77850897547814,2021,12,1,Winter,Mumbai,92.31
2021-12-22,66.5,130.595,22.8,5.475,21.2025,177.5,19.2,73,0.0,11.0,913.7,77.5,47.91363636363637,53.371428571428574,40.91176470588236,63.971212121212126,60.94012025397519,11.16990297959731,2021,12,2,Winter,Bengaluru,83.84615384615384
2021-12-22,95.61458333333334,186.28875,14.745,10.79125,26.85,992.5,23.4,72,0.0,14.3,1012.3,69.0,80.25416666666666,54.89054263565892,52.78787878787879,81.62291666666667,73.17807356229461,12.445427537885639,2021,12,2,Winter,Chennai,76.09311688311688
2021-12-22,314.97,456.0,38.475,12.785,19.6,2502.5,13.3,67,0.0,10.5,989.7,192.405,162.53571428571428,144.12280701754383,199.2532258064516,223.30357142857133,188.8094754417828,61.87992270736809,2021,12,2,Winter,Delhi,367.83333333333337
2021-12-22,110.56666666666666,220.8,37.4,18.4,14.8675,1080.0,17.1,74,0.0,9.2,1012.2,124.65,68.4076923076923,83.76944444444445,124.77409090909092,101.20811965811966,102.90637887592776,22.376960480577917,2021,12,2,Winter,Kolkata,120.28888888888888
2021-12-22,92.31,192.14,39.045,7.93,14.89,1303.3333333333337,22.9,76,0.0,12.5,1012.6,73.0,95.4200909090909,91.11028130671504,93.075,86.9100303030303,96.93635888562652,13.818228089438161,2021,12,2,Winter,Mumbai,93.5
2021-12-23,83.84615384615384,140.375,30.276666666666667,5.415333333333333,25.84916666666667,340.5,19.5,70,0.0,11.5,913.3,66.5,77.5,47.91363636363637,50.44444444444444,75.94871794871796,65.71179302564796,12.934099198046777,2021,12,3,Winter,Bengaluru,51.06785714285714
2021-12-23,76.09311688311688,130.5083116883117,14.11345238095238,10.721590909090908,30.14583333333333,815.7142857142857,23.0,70,0.0,11.8,1011.9,95.61458333333334,69.0,80.25416666666666,72.73529411764706,80.23590007215007,73.6577625287903,12.490147537147012,2021,12,3,Winter,Chennai,45.18333333333334
2021-12-23,367.83333333333337,492.9,59.825,13.98,20.615384615384613,2445.833333333333,14.2,72,0.0,9.9,989.0,314.97,192.405,162.53571428571428,214.97435897435895,291.73611111111103,210.64647177877916,92.19698902039949,2021,12,3,Winter,Delhi,277.2
2021-12-23,120.28888888888888,231.5111111111111,46.41428571428571,15.183333333333334,24.680833333333336,1476.6666666666667,17.7,72,0.0,9.9,1012.4,110.56666666666666,124.65,68.4076923076923,120.2200432900433,118.50185185185184,102.91621396147711,22.385851796390668,2021,12,3,Winter,Kolkata,126.75714285714288
2021-12-23,93.5,194.2357142857143,39.1225,13.656,21.1515,1232.0833333333337,22.5,75,0.0,12.9,1012.2,92.31,73.0,95.4200909090909,115.9217261904762,86.27000000000002,93.73325514412991,10.993981996450506,2021,12,3,Winter,Mumbai,65.45833333333333
2021-12-24,51.06785714285714,105.51666666666668,25.285,5.4825,21.08833333333333,383.0,19.6,64,0.0,11.8,913.2,83.84615384615384,66.5,77.5,59.67741935483871,67.13800366300366,64.48185556679344,13.971324811084571,2021,12,4,Winter,Bengaluru,52.85714285714286
2021-12-24,45.18333333333334,98.05583333333334,15.026,10.742833333333332,26.52333333333333,883.3333333333334,23.5,75,0.0,9.8,1011.9,76.09311688311688,95.61458333333334,69.0,70.86842105263158,72.29701118326119,69.98846428317627,16.556917777914897,2021,12,4,Winter,Chennai,55.75
2021-12-24,277.2,387.25,50.24944444444444,9.8,25.950000000000003,1762.5,14.5,75,0.0,10.4,988.9,367.83333333333337,314.97,192.405,152.00327540106952,320.001111111111,228.53171815005493,91.06122672826197,2021,12,4,Winter,Delhi,351.2208333333333
2021-12-24,126.75714285714288,236.12833333333333,34.13333333333333,11.445,30.396666666666665,1462.857142857143,18.8,70,0.0,9.7,1012.7,120.28888888888888,110.56666666666666,124.65,89.14868421052631,119.2042328042328,108.28885091099377,23.03456310462425,2021,12,4,Winter,Kolkata,122.56880952380952
2021-12-24,65.45833333333333,131.8569642857143,27.9975,10.48857142857143,26.875,890.0,21.7,83,0.0,14.6,1012.7,93.5,92.31,73.0,107.79241379310344,83.75611111111112,87.68552936416275,13.360340518062914,2021,12,4,Winter,Mumbai,46.96125000000001
2021-12-25,52.85714285714286,101.96253968253968,28.77500000000001,5.2785714285714285,25.25,187.5,19.8,64,0.0,11.9,913.8,51.06785714285714,83.84615384615384,66.5,71.17391304347827,62.590384615384615,61.865174111602684,14.22209936042055,2021,12,5,Winter,Bengaluru,49.41666666666666
2021-12-25,55.75,110.375,19.04,9.48857142857143,22.460857142857144,876.4285714285714,23.6,79,0.0,11.9,1012.5,45.18333333333334,76.09311688311688,95.61458333333334,68.88350713012477,59.00881673881674,68.11224897887273,17.424412020612028,2021,12,5,Winter,Chennai,57.04166666666666
2021-12-25,351.2208333333333,496.375,54.6,10.930625,15.075625000000002,2700.0,15.5,72,0.0,10.1,990.9,277.2,367.83333333333337,314.97,140.6551724137931,332.0847222222221,258.6125268528464,91.96849859957166,2021,12,5,Winter,Delhi,411.1428571428572
2021-12-25,122.56880952380952,240.775,48.37166666666667,11.435,16.87297619047619,1747.5,19.6,72,0.0,9.0,1013.2,126.75714285714288,120.28888888888888,110.56666666666666,123.5821212121212,123.2049470899471,108.14409209837781,22.925360775820142,2021,12,5,Winter,Kolkata,141.07999999999998
2021-12-25,46.96125000000001,105.68791666666668,28.15,8.50625,12.30952380952381,873.8571428571429,21.5,82,0.0,14.8,1013.4,65.45833333333333,93.5,92.31,103.0,68.63986111111113,79.67999364987703,18.467565698259026,2021,12,5,Winter,Mumbai,78.57142857142857
2021-12-26,49.41666666666666,79.43333333333334,23.5775,5.406666666666666,19.759,258.33333333333337,20.4,67,0.0,13.4,914.9,52.85714285714286,51.06785714285714,83.84615384615384,53.371428571428574,51.11388888888889,61.30020812520812,14.686705891445776,2021,12,6,Winter,Bengaluru,49.32666666666667
2021-12-26,57.04166666666666,108.375,17.48,9.445,16.042250000000003,862.0833333333333,24.0,77,0.0,11.4,1013.6,55.75,45.18333333333334,76.09311688311688,54.89054263565892,52.65833333333334,68.41955241187384,17.169469181708866,2021,12,6,Winter,Chennai,40.9975
2021-12-26,411.1428571428572,580.8571428571429,43.31339285714286,9.2,9.125,2636.666666666667,15.0,80,4.6,14.0,992.6,351.2208333333333,277.2,367.83333333333337,144.12280701754383,346.5212301587301,296.75824829931975,91.94306360067506,2021,12,6,Winter,Delhi,94.32142857142856
2021-12-26,141.07999999999998,229.7,30.682,8.4225,10.895,2426.0,19.8,78,0.0,9.2,1015.2,122.56880952380952,126.75714285714288,120.28888888888888,83.76944444444445,130.13531746031745,116.33131432060001,23.003149520762992,2021,12,6,Winter,Kolkata,108.9
2021-12-26,78.57142857142857,157.02,26.437142857142856,12.908,11.375,1041.428571428571,22.6,78,0.0,17.8,1013.9,46.96125000000001,65.45833333333333,93.5,91.11028130671504,63.66367063492064,77.88872897340755,17.76899422000769,2021,12,6,Winter,Mumbai,90.17272727272729
2021-12-27,49.32666666666667,88.71428571428571,19.0,5.35,35.67107142857143,100.0,19.8,74,0.0,13.5,915.5,49.41666666666666,52.85714285714286,51.06785714285714,47.91363636363637,50.53349206349207,61.50206959706959,14.480309243969405,2021,12,0,Winter,Bengaluru,38.5625
2021-12-27,40.9975,70.3,17.47,10.724761904761904,19.84142857142857,880.0,25.1,74,0.0,13.0,1014.0,57.04166666666666,55.75,45.18333333333334,80.25416666666666,51.26305555555556,62.8114571737786,18.975860851851085,2021,12,0,Winter,Chennai,33.48916666666666
2021-12-27,94.32142857142856,136.25,29.14125,8.330208333333335,18.584375,790.0,14.9,72,3.2,13.2,993.9,411.1428571428572,351.2208333333333,277.2,162.53571428571428,285.5617063492063,287.01335034013607,110.31877881585679,2021,12,0,Winter,Delhi,139.14166666666665
2021-12-27,108.9,174.45,29.433333333333334,10.166666666666666,25.57,1062.5,20.3,80,0.5,8.2,1016.1,141.07999999999998,122.56880952380952,126.75714285714288,68.4076923076923,124.1829365079365,122.11592970521542,10.794966318516792,2021,12,0,Winter,Kolkata,120.51428571428572
2021-12-27,90.17272727272729,181.668,28.501,15.479285714285716,16.53,1199.107142857143,23.0,73,0.0,13.8,1013.5,78.57142857142857,46.96125000000001,65.45833333333333,95.4200909090909,71.90180194805197,77.13910559678416,17.000183087221448,2021,12,0,Winter,Mumbai,87.58333333333333
2021-12-28,38.5625,76.71428571428571,17.943392857142854,5.800000000000001,22.19,241.0,20.1,73,0.0,17.0,914.8,49.32666666666667,49.41666666666666,52.85714285714286,77.5,45.76861111111111,55.93956959706959,14.78612168655521,2021,12,1,Winter,Bengaluru,27.15
2021-12-28,33.48916666666666,56.78066666666667,13.845476190476193,10.632857142857144,16.854285714285712,741.6666666666666,24.9,80,1.0,17.7,1013.0,40.9975,57.04166666666666,55.75,69.0,43.842777777777776,57.73848098330241,21.60961520820616,2021,12,1,Winter,Chennai,40.625
2021-12-28,139.14166666666665,216.225,44.55,9.708333333333332,9.185,1218.3333333333333,13.9,78,1.7,8.3,993.0,94.32142857142856,411.1428571428572,351.2208333333333,192.405,214.86865079365074,279.4043027210884,119.39528842964847,2021,12,1,Winter,Delhi,132.26190476190476
2021-12-28,120.51428571428572,195.394,31.815,8.36,25.352,1311.428571428571,20.2,77,0.0,8.4,1015.6,108.9,141.07999999999998,122.56880952380952,124.65,123.49809523809523,121.52511337868482,10.746224845656089,2021,12,1,Winter,Kolkata,102.56
2021-12-28,87.58333333333333,181.0,31.908,11.044285714285715,14.218,1268.3333333333333,22.8,75,0.0,21.5,1012.9,90.17272727272729,78.57142857142857,46.96125000000001,73.0,85.44249639249641,79.2224389301175,17.299350196955523,2021,12,1,Winter,Mumbai,52.833333333333336
2021-12-29,27.15,59.8,17.39,5.8425,23.21,207.0,20.7,73,0.0,17.1,914.2,38.5625,49.32666666666667,49.41666666666666,66.5,38.34638888888889,50.31814102564102,17.358426292828568,2021,12,2,Winter,Bengaluru,27.666666666666668
2021-12-29,40.625,76.55199999999999,10.357142857142858,9.4925,22.85589285714285,845.5,25.2,79,0.8,16.6,1012.2,33.48916666666666,40.9975,57.04166666666666,95.61458333333334,38.37055555555556,49.88282622139764,14.307024711941247,2021,12,2,Winter,Chennai,30.09875
2021-12-29,132.26190476190476,205.25,32.385714285714286,8.310416666666667,16.0335,1212.0833333333337,13.0,72,0.0,14.8,993.7,139.14166666666665,94.32142857142856,411.1428571428572,314.97,121.90833333333325,253.3031462585034,129.83867122230757,2021,12,2,Winter,Delhi,140.56666666666666
2021-12-29,102.56,186.10333333333327,27.375,15.403333333333334,29.77,900.0,19.5,76,0.0,14.1,1015.7,120.51428571428572,108.9,141.07999999999998,110.56666666666666,110.65809523809524,120.38130385487527,12.405092772320726,2021,12,2,Winter,Kolkata,101.852
2021-12-29,52.833333333333336,101.75,27.215000000000003,10.058,19.268,742.5,22.8,66,0.0,20.8,1013.2,87.58333333333333,90.17272727272729,78.57142857142857,92.31,76.86313131313133,73.5829151205937,18.699715422408826,2021,12,2,Winter,Mumbai,68.82027777777779
2021-12-30,27.666666666666668,63.0,20.92,5.335000000000001,20.068,289.44444444444446,20.1,78,0.6,19.8,915.1,27.15,38.5625,49.32666666666667,83.84615384615384,31.126388888888894,42.2925,11.150299173990865,2021,12,3,Winter,Bengaluru,15.708000000000002
2021-12-30,30.09875,59.1875,14.21,10.271249999999998,17.855,723.75,24.3,84,11.7,19.3,1013.6,40.625,33.48916666666666,40.9975,76.09311688311688,34.73763888888889,43.31220238095238,10.249913726811364,2021,12,3,Winter,Chennai,38.58916666666667
2021-12-30,140.56666666666666,249.13,33.7,12.0125,18.73333333333333,1192.75,10.7,67,0.0,11.5,997.6,132.26190476190476,139.14166666666665,94.32142857142856,367.83333333333337,137.32341269841262,220.8364795918367,124.7412269706777,2021,12,3,Winter,Delhi,201.66666666666663
2021-12-30,101.852,185.884,30.058,19.968,21.063333333333336,1062.0,19.1,82,2.5,11.7,1018.0,102.56,120.51428571428572,108.9,120.28888888888888,108.30876190476191,117.747462585034,14.248302133451004,2021,12,3,Winter,Kolkata,82.5
2021-12-30,68.82027777777779,131.2957142857143,25.36380952380952,11.152857142857142,20.793555555555557,841.0416666666667,23.2,66,0.0,20.8,1013.9,52.833333333333336,87.58333333333333,90.17272727272729,93.5,69.74564814814816,70.0572405174191,16.51794940757811,2021,12,3,Winter,Mumbai,75.85
